case,system,pathway,commissioning_year,operation_year,period,view,contributor,score_total_kg_co2eq,score_per_net_tonne_kg_co2eq,denominator_net_stored_tonnes,rank,unit,provenance_id
BECCS,new CHP+CCS vs standing forest and Northern European energy,SSP2-NPi,2030,2030,annual,activity,"forest carbon regrowth differential, existing spruce forest vs standing stock, LCSS 2026 | SE",-8538779.455058046,-1143.1183516397093,7469.724760178917,1,kg CO2-Eq,9442100c7f96bb12c288
BECCS,new CHP+CCS vs standing forest and Northern European energy,SSP2-NPi,2030,2030,annual,activity,"operation of new Nordic spruce CHP with post-combustion capture, excluding capture equipment, LCSS 2026 | ENC",912907.8167427152,122.21438487391455,7469.724760178917,2,kg CO2-Eq,9442100c7f96bb12c288
BECCS,new CHP+CCS vs standing forest and Northern European energy,SSP2-NPi,2030,2030,annual,activity,supply of forest residue | ENC,596083.1900473287,79.79988676758836,7469.724760178917,3,kg CO2-Eq,9442100c7f96bb12c288
BECCS,new CHP+CCS vs standing forest and Northern European energy,SSP2-NPi,2030,2030,annual,activity,"heat and power co-generation, wood chips, 6667 kW, state-of-the-art 2014 | FI",-288752.6094562156,-38.65639213315529,7469.724760178917,4,kg CO2-Eq,9442100c7f96bb12c288
BECCS,new CHP+CCS vs standing forest and Northern European energy,SSP2-NPi,2030,2030,annual,activity,"heat and power co-generation, wood chips, 6667 kW, state-of-the-art 2014 | SE",-228716.64261835028,-30.619152641023415,7469.724760178917,5,kg CO2-Eq,9442100c7f96bb12c288
BECCS,new CHP+CCS vs standing forest and Northern European energy,SSP2-NPi,2030,2030,annual,activity,"carbon dioxide transport extension, pipeline 50 to 2000 km, LCSS 2026 | ENC",215177.25951671123,28.806584770542102,7469.724760178917,6,kg CO2-Eq,9442100c7f96bb12c288
BECCS,new CHP+CCS vs standing forest and Northern European energy,SSP2-NPi,2030,2030,annual,activity,"heat and power co-generation, wood chips, 6667 kW, state-of-the-art 2014 | DK",-212534.36759890482,-28.452770941698546,7469.724760178917,7,kg CO2-Eq,9442100c7f96bb12c288
BECCS,new CHP+CCS vs standing forest and Northern European energy,SSP2-NPi,2030,2030,annual,activity,"wood chipping, mobile chipper, at forest road | FI",64967.03618241011,8.69738019381239,7469.724760178917,8,kg CO2-Eq,9442100c7f96bb12c288
BECCS,new CHP+CCS vs standing forest and Northern European energy,SSP2-NPi,2030,2030,annual,activity,"hydrogen production, gaseous, 25 bar, from gasification of woody biomass in entrained flow gasifier, at gasification plant | ENC",52302.56711343685,7.0019403381851095,7469.724760178917,9,kg CO2-Eq,9442100c7f96bb12c288
BECCS,new CHP+CCS vs standing forest and Northern European energy,SSP2-NPi,2030,2030,annual,activity,"harvesting, forestry harvester | FI",45361.2017198458,6.072673783332185,7469.724760178917,10,kg CO2-Eq,9442100c7f96bb12c288
BECCS,new CHP+CCS vs standing forest and Northern European energy,SSP2-NPi,2030,2030,annual,activity,treatment of sewage sludge by anaerobic digestion | RoW,41658.96580897982,5.577041610831989,7469.724760178917,11,kg CO2-Eq,9442100c7f96bb12c288
BECCS,new CHP+CCS vs standing forest and Northern European energy,SSP2-NPi,2030,2030,annual,activity,"heat production, softwood chips from forest, at furnace 1000kW | ENC",-35421.58607442024,-4.7420202499632405,7469.724760178917,12,kg CO2-Eq,9442100c7f96bb12c288
BECCS,new CHP+CCS vs standing forest and Northern European energy,SSP2-NPi,2030,2030,annual,activity,"heat production, softwood chips from forest, at furnace 1000kW, state-of-the-art 2014 | ENC",-33201.95406561518,-4.444869808672832,7469.724760178917,13,kg CO2-Eq,9442100c7f96bb12c288
BECCS,new CHP+CCS vs standing forest and Northern European energy,SSP2-NPi,2030,2030,annual,activity,"heat production, light fuel oil, at industrial furnace 1MW | ENC",-25968.884105983823,-3.476551672214735,7469.724760178917,14,kg CO2-Eq,9442100c7f96bb12c288
BECCS,new CHP+CCS vs standing forest and Northern European energy,SSP2-NPi,2030,2030,annual,activity,Other activities,226394.98212784613,30.308343265170517,7469.724760178917,15,kg CO2-Eq,9442100c7f96bb12c288
BECCS,new CHP+CCS vs standing forest and Northern European energy,SSP2-NPi,2030,2030,annual,location,SE,-8776342.898303812,-1174.9218585791104,7469.724760178917,1,kg CO2-Eq,9442100c7f96bb12c288
BECCS,new CHP+CCS vs standing forest and Northern European energy,SSP2-NPi,2030,2030,annual,location,ENC,1638630.8464671997,219.36964199842228,7469.724760178917,2,kg CO2-Eq,9442100c7f96bb12c288
BECCS,new CHP+CCS vs standing forest and Northern European energy,SSP2-NPi,2030,2030,annual,location,DK,-212728.47707747537,-28.478757103813294,7469.724760178917,3,kg CO2-Eq,9442100c7f96bb12c288
BECCS,new CHP+CCS vs standing forest and Northern European energy,SSP2-NPi,2030,2030,annual,location,FI,-165631.25603737083,-22.17367591913836,7469.724760178917,4,kg CO2-Eq,9442100c7f96bb12c288
BECCS,new CHP+CCS vs standing forest and Northern European energy,SSP2-NPi,2030,2030,annual,location,RoW,87811.33880020928,11.755632452259995,7469.724760178917,5,kg CO2-Eq,9442100c7f96bb12c288
BECCS,new CHP+CCS vs standing forest and Northern European energy,SSP2-NPi,2030,2030,annual,location,GLO,48967.74365382288,6.555495045128007,7469.724760178917,6,kg CO2-Eq,9442100c7f96bb12c288
BECCS,new CHP+CCS vs standing forest and Northern European energy,SSP2-NPi,2030,2030,annual,location,CHA,41315.829701821305,5.531104696397367,7469.724760178917,7,kg CO2-Eq,9442100c7f96bb12c288
BECCS,new CHP+CCS vs standing forest and Northern European energy,SSP2-NPi,2030,2030,annual,location,OAS,11220.858044745464,1.5021782468564076,7469.724760178917,8,kg CO2-Eq,9442100c7f96bb12c288
BECCS,new CHP+CCS vs standing forest and Northern European energy,SSP2-NPi,2030,2030,annual,location,Other locations,118233.53503260051,15.828365679938193,7469.724760178917,9,kg CO2-Eq,9442100c7f96bb12c288
BECCS,new CHP+CCS vs standing forest and Northern European energy,SSP2-NPi,2030,2030,annual,process,Forest regrowth,-8538779.819222614,-1143.1184003917824,7469.724760178917,1,kg CO2-Eq,9442100c7f96bb12c288
BECCS,new CHP+CCS vs standing forest and Northern European energy,SSP2-NPi,2030,2030,annual,process,Harvesting and biomass supply,180831.45840711714,24.208583878636222,7469.724760178917,2,kg CO2-Eq,9442100c7f96bb12c288
BECCS,new CHP+CCS vs standing forest and Northern European energy,SSP2-NPi,2030,2030,annual,process,Residual biogenic stack emissions,853878.0018494421,114.31184270690449,7469.724760178917,3,kg CO2-Eq,9442100c7f96bb12c288
BECCS,new CHP+CCS vs standing forest and Northern European energy,SSP2-NPi,2030,2030,annual,process,New CHP infrastructure and end-of-life,20996.402244439778,2.8108669219475857,7469.724760178917,4,kg CO2-Eq,9442100c7f96bb12c288
BECCS,new CHP+CCS vs standing forest and Northern European energy,SSP2-NPi,2030,2030,annual,process,Other CHP operating emissions,71077.88435862117,9.515462301574644,7469.724760178917,5,kg CO2-Eq,9442100c7f96bb12c288
BECCS,new CHP+CCS vs standing forest and Northern European energy,SSP2-NPi,2030,2030,annual,process,Avoided Northern European electricity,-182464.2885079222,-24.42717695311062,7469.724760178917,6,kg CO2-Eq,9442100c7f96bb12c288
BECCS,new CHP+CCS vs standing forest and Northern European energy,SSP2-NPi,2030,2030,annual,process,Avoided Northern European heat,-70911.34809838976,-9.493167469358172,7469.724760178917,7,kg CO2-Eq,9442100c7f96bb12c288
BECCS,new CHP+CCS vs standing forest and Northern European energy,SSP2-NPi,2030,2030,annual,process,Capture electricity,0.0,0.0,7469.724760178917,8,kg CO2-Eq,9442100c7f96bb12c288
BECCS,new CHP+CCS vs standing forest and Northern European energy,SSP2-NPi,2030,2030,annual,process,Compression and recompression,47591.52676958738,6.371255742018459,7469.724760178917,9,kg CO2-Eq,9442100c7f96bb12c288
BECCS,new CHP+CCS vs standing forest and Northern European energy,SSP2-NPi,2030,2030,annual,process,Pipeline and geological storage,166257.02965299046,22.257450574257604,7469.724760178917,10,kg CO2-Eq,9442100c7f96bb12c288
BECCS,new CHP+CCS vs standing forest and Northern European energy,SSP2-NPi,2030,2030,annual,process,Transport losses,215177.25646605933,28.80658436213992,7469.724760178917,11,kg CO2-Eq,9442100c7f96bb12c288
BECCS,new CHP+CCS vs standing forest and Northern European energy,SSP2-NPi,2030,2030,annual,process,Capture chemicals and operating materials,16382.585441021267,2.193198004879214,7469.724760178917,12,kg CO2-Eq,9442100c7f96bb12c288
BECCS,new CHP+CCS vs standing forest and Northern European energy,SSP2-NPi,2030,2030,annual,process,CCS infrastructure and end-of-life,11440.710260838874,1.5316106855542082,7469.724760178917,13,kg CO2-Eq,9442100c7f96bb12c288
BECCS,new CHP+CCS vs standing forest and Northern European energy,SSP2-NPi,2030,2030,annual,process,Other CHP and CCS supply-chain GHG emissions,0.12066048382119857,1.615327039417025e-05,7469.724760178917,14,kg CO2-Eq,9442100c7f96bb12c288
BECCS,new CHP+CCS vs standing forest and Northern European energy,SSP2-NPi,2030,2031,annual,activity,"forest carbon regrowth differential, existing spruce forest vs standing stock, LCSS 2026 | SE",-8538779.455058046,-1143.1183516397093,7469.724760178917,1,kg CO2-Eq,2c731982945ddbc6fc0c
BECCS,new CHP+CCS vs standing forest and Northern European energy,SSP2-NPi,2030,2031,annual,activity,"operation of new Nordic spruce CHP with post-combustion capture, excluding capture equipment, LCSS 2026 | ENC",912907.8167427152,122.21438487391455,7469.724760178917,2,kg CO2-Eq,2c731982945ddbc6fc0c
BECCS,new CHP+CCS vs standing forest and Northern European energy,SSP2-NPi,2030,2031,annual,activity,supply of forest residue | ENC,574378.3310912832,76.89417609512101,7469.724760178917,3,kg CO2-Eq,2c731982945ddbc6fc0c
BECCS,new CHP+CCS vs standing forest and Northern European energy,SSP2-NPi,2030,2031,annual,activity,"heat and power co-generation, wood chips, 6667 kW, state-of-the-art 2014 | FI",-282274.9483661155,-37.789203408259766,7469.724760178917,4,kg CO2-Eq,2c731982945ddbc6fc0c
BECCS,new CHP+CCS vs standing forest and Northern European energy,SSP2-NPi,2030,2031,annual,activity,"heat and power co-generation, wood chips, 6667 kW, state-of-the-art 2014 | SE",-223590.41631786822,-29.932885547514168,7469.724760178917,5,kg CO2-Eq,2c731982945ddbc6fc0c
BECCS,new CHP+CCS vs standing forest and Northern European energy,SSP2-NPi,2030,2031,annual,activity,"carbon dioxide transport extension, pipeline 50 to 2000 km, LCSS 2026 | ENC",215177.25951671123,28.806584770542102,7469.724760178917,6,kg CO2-Eq,2c731982945ddbc6fc0c
BECCS,new CHP+CCS vs standing forest and Northern European energy,SSP2-NPi,2030,2031,annual,activity,"heat and power co-generation, wood chips, 6667 kW, state-of-the-art 2014 | DK",-207770.83462079382,-27.8150589601935,7469.724760178917,7,kg CO2-Eq,2c731982945ddbc6fc0c
BECCS,new CHP+CCS vs standing forest and Northern European energy,SSP2-NPi,2030,2031,annual,activity,"wood chipping, mobile chipper, at forest road | FI",64967.0360983343,8.697380182556845,7469.724760178917,8,kg CO2-Eq,2c731982945ddbc6fc0c
BECCS,new CHP+CCS vs standing forest and Northern European energy,SSP2-NPi,2030,2031,annual,activity,"hydrogen production, gaseous, 25 bar, from gasification of woody biomass in entrained flow gasifier, at gasification plant | ENC",57489.79209786713,7.6963735537278515,7469.724760178917,9,kg CO2-Eq,2c731982945ddbc6fc0c
BECCS,new CHP+CCS vs standing forest and Northern European energy,SSP2-NPi,2030,2031,annual,activity,"harvesting, forestry harvester | FI",45363.9429442488,6.073040761298712,7469.724760178917,10,kg CO2-Eq,2c731982945ddbc6fc0c
BECCS,new CHP+CCS vs standing forest and Northern European energy,SSP2-NPi,2030,2031,annual,activity,treatment of sewage sludge by anaerobic digestion | RoW,41230.441126275065,5.51967340832616,7469.724760178917,11,kg CO2-Eq,2c731982945ddbc6fc0c
BECCS,new CHP+CCS vs standing forest and Northern European energy,SSP2-NPi,2030,2031,annual,activity,"heat production, softwood chips from forest, at furnace 1000kW | ENC",-34528.47124196084,-4.6224556259464915,7469.724760178917,12,kg CO2-Eq,2c731982945ddbc6fc0c
BECCS,new CHP+CCS vs standing forest and Northern European energy,SSP2-NPi,2030,2031,annual,activity,"heat production, softwood chips from forest, at furnace 1000kW, state-of-the-art 2014 | ENC",-32364.804718876843,-4.3327974936122855,7469.724760178917,13,kg CO2-Eq,2c731982945ddbc6fc0c
BECCS,new CHP+CCS vs standing forest and Northern European energy,SSP2-NPi,2030,2031,annual,activity,"heat production, light fuel oil, at industrial furnace 1MW | ENC",-26005.49802836026,-3.4814533149863167,7469.724760178917,14,kg CO2-Eq,2c731982945ddbc6fc0c
BECCS,new CHP+CCS vs standing forest and Northern European energy,SSP2-NPi,2030,2031,annual,activity,Other activities,219625.38826859646,29.40207240826581,7469.724760178917,15,kg CO2-Eq,2c731982945ddbc6fc0c
BECCS,new CHP+CCS vs standing forest and Northern European energy,SSP2-NPi,2030,2031,annual,location,SE,-8770974.75434823,-1174.2032050640303,7469.724760178917,1,kg CO2-Eq,2c731982945ddbc6fc0c
BECCS,new CHP+CCS vs standing forest and Northern European energy,SSP2-NPi,2030,2031,annual,location,ENC,1619048.0539875764,216.74802030440497,7469.724760178917,2,kg CO2-Eq,2c731982945ddbc6fc0c
BECCS,new CHP+CCS vs standing forest and Northern European energy,SSP2-NPi,2030,2031,annual,location,DK,-207937.85138362294,-27.837418119090422,7469.724760178917,3,kg CO2-Eq,2c731982945ddbc6fc0c
BECCS,new CHP+CCS vs standing forest and Northern European energy,SSP2-NPi,2030,2031,annual,location,FI,-159115.45109782842,-21.301380734411055,7469.724760178917,4,kg CO2-Eq,2c731982945ddbc6fc0c
BECCS,new CHP+CCS vs standing forest and Northern European energy,SSP2-NPi,2030,2031,annual,location,RoW,85887.69565960692,11.498107148134025,7469.724760178917,5,kg CO2-Eq,2c731982945ddbc6fc0c
BECCS,new CHP+CCS vs standing forest and Northern European energy,SSP2-NPi,2030,2031,annual,location,GLO,48513.58249397643,6.494694791513901,7469.724760178917,6,kg CO2-Eq,2c731982945ddbc6fc0c
BECCS,new CHP+CCS vs standing forest and Northern European energy,SSP2-NPi,2030,2031,annual,location,CHA,40264.55569390188,5.390366711843536,7469.724760178917,7,kg CO2-Eq,2c731982945ddbc6fc0c
BECCS,new CHP+CCS vs standing forest and Northern European energy,SSP2-NPi,2030,2031,annual,location,OAS,11349.681776310259,1.5194243617670335,7469.724760178917,8,kg CO2-Eq,2c731982945ddbc6fc0c
BECCS,new CHP+CCS vs standing forest and Northern European energy,SSP2-NPi,2030,2031,annual,location,Other locations,118790.06675232155,15.902870663399954,7469.724760178917,9,kg CO2-Eq,2c731982945ddbc6fc0c
BECCS,new CHP+CCS vs standing forest and Northern European energy,SSP2-NPi,2030,2031,annual,process,Forest regrowth,-8538779.819222614,-1143.1184003917824,7469.724760178917,1,kg CO2-Eq,2c731982945ddbc6fc0c
BECCS,new CHP+CCS vs standing forest and Northern European energy,SSP2-NPi,2030,2031,annual,process,Harvesting and biomass supply,174889.10443873148,23.413058720860082,7469.724760178917,2,kg CO2-Eq,2c731982945ddbc6fc0c
BECCS,new CHP+CCS vs standing forest and Northern European energy,SSP2-NPi,2030,2031,annual,process,Residual biogenic stack emissions,853878.0018494421,114.31184270690449,7469.724760178917,3,kg CO2-Eq,2c731982945ddbc6fc0c
BECCS,new CHP+CCS vs standing forest and Northern European energy,SSP2-NPi,2030,2031,annual,process,New CHP infrastructure and end-of-life,20617.067615257478,2.7600839759407214,7469.724760178917,4,kg CO2-Eq,2c731982945ddbc6fc0c
BECCS,new CHP+CCS vs standing forest and Northern European energy,SSP2-NPi,2030,2031,annual,process,Other CHP operating emissions,70978.00136778461,9.50209059190081,7469.724760178917,5,kg CO2-Eq,2c731982945ddbc6fc0c
BECCS,new CHP+CCS vs standing forest and Northern European energy,SSP2-NPi,2030,2031,annual,process,Avoided Northern European electricity,-178959.00696784203,-23.957911799089576,7469.724760178917,6,kg CO2-Eq,2c731982945ddbc6fc0c
BECCS,new CHP+CCS vs standing forest and Northern European energy,SSP2-NPi,2030,2031,annual,process,Avoided Northern European heat,-70748.57976072952,-9.471377063033168,7469.724760178917,7,kg CO2-Eq,2c731982945ddbc6fc0c
BECCS,new CHP+CCS vs standing forest and Northern European energy,SSP2-NPi,2030,2031,annual,process,Capture electricity,0.0,0.0,7469.724760178917,8,kg CO2-Eq,2c731982945ddbc6fc0c
BECCS,new CHP+CCS vs standing forest and Northern European energy,SSP2-NPi,2030,2031,annual,process,Compression and recompression,46699.00696432555,6.251770776518812,7469.724760178917,9,kg CO2-Eq,2c731982945ddbc6fc0c
BECCS,new CHP+CCS vs standing forest and Northern European energy,SSP2-NPi,2030,2031,annual,process,Pipeline and geological storage,164616.79164537785,22.0378657755838,7469.724760178917,10,kg CO2-Eq,2c731982945ddbc6fc0c
BECCS,new CHP+CCS vs standing forest and Northern European energy,SSP2-NPi,2030,2031,annual,process,Transport losses,215177.25646605933,28.80658436213992,7469.724760178917,11,kg CO2-Eq,2c731982945ddbc6fc0c
BECCS,new CHP+CCS vs standing forest and Northern European energy,SSP2-NPi,2030,2031,annual,process,Capture chemicals and operating materials,16239.048902771,2.173982231492829,7469.724760178917,12,kg CO2-Eq,2c731982945ddbc6fc0c
BECCS,new CHP+CCS vs standing forest and Northern European energy,SSP2-NPi,2030,2031,annual,process,CCS infrastructure and end-of-life,11218.585542006591,1.5018740184126784,7469.724760178917,13,kg CO2-Eq,2c731982945ddbc6fc0c
BECCS,new CHP+CCS vs standing forest and Northern European energy,SSP2-NPi,2030,2031,annual,process,Other CHP and CCS supply-chain GHG emissions,0.12069339578018701,1.6157676441252988e-05,7469.724760178917,14,kg CO2-Eq,2c731982945ddbc6fc0c
BECCS,new CHP+CCS vs standing forest and Northern European energy,SSP2-NPi,2030,2032,annual,activity,"forest carbon regrowth differential, existing spruce forest vs standing stock, LCSS 2026 | SE",-8538779.455058046,-1143.1183516397093,7469.724760178917,1,kg CO2-Eq,2bf05a0b33e5632afe17
BECCS,new CHP+CCS vs standing forest and Northern European energy,SSP2-NPi,2030,2032,annual,activity,"operation of new Nordic spruce CHP with post-combustion capture, excluding capture equipment, LCSS 2026 | ENC",912907.8167427152,122.21438487391455,7469.724760178917,2,kg CO2-Eq,2bf05a0b33e5632afe17
BECCS,new CHP+CCS vs standing forest and Northern European energy,SSP2-NPi,2030,2032,annual,activity,supply of forest residue | ENC,552661.2134413401,73.98682430543835,7469.724760178917,3,kg CO2-Eq,2bf05a0b33e5632afe17
BECCS,new CHP+CCS vs standing forest and Northern European energy,SSP2-NPi,2030,2032,annual,activity,"heat and power co-generation, wood chips, 6667 kW, state-of-the-art 2014 | FI",-275798.6665700107,-36.922199334611726,7469.724760178917,4,kg CO2-Eq,2bf05a0b33e5632afe17
BECCS,new CHP+CCS vs standing forest and Northern European energy,SSP2-NPi,2030,2032,annual,activity,"heat and power co-generation, wood chips, 6667 kW, state-of-the-art 2014 | SE",-218465.29681116965,-29.246766624629544,7469.724760178917,5,kg CO2-Eq,2bf05a0b33e5632afe17
BECCS,new CHP+CCS vs standing forest and Northern European energy,SSP2-NPi,2030,2032,annual,activity,"carbon dioxide transport extension, pipeline 50 to 2000 km, LCSS 2026 | ENC",215177.25951671123,28.806584770542102,7469.724760178917,6,kg CO2-Eq,2bf05a0b33e5632afe17
BECCS,new CHP+CCS vs standing forest and Northern European energy,SSP2-NPi,2030,2032,annual,activity,"heat and power co-generation, wood chips, 6667 kW, state-of-the-art 2014 | DK",-203008.3301305468,-27.177484666206666,7469.724760178917,7,kg CO2-Eq,2bf05a0b33e5632afe17
BECCS,new CHP+CCS vs standing forest and Northern European energy,SSP2-NPi,2030,2032,annual,activity,"wood chipping, mobile chipper, at forest road | FI",64967.03601529677,8.697380171440301,7469.724760178917,8,kg CO2-Eq,2bf05a0b33e5632afe17
BECCS,new CHP+CCS vs standing forest and Northern European energy,SSP2-NPi,2030,2032,annual,activity,"hydrogen production, gaseous, 25 bar, from gasification of woody biomass in entrained flow gasifier, at gasification plant | ENC",62669.98717798311,8.389865649679175,7469.724760178917,9,kg CO2-Eq,2bf05a0b33e5632afe17
BECCS,new CHP+CCS vs standing forest and Northern European energy,SSP2-NPi,2030,2032,annual,activity,"harvesting, forestry harvester | FI",45366.62711888235,6.0734001017991615,7469.724760178917,10,kg CO2-Eq,2bf05a0b33e5632afe17
BECCS,new CHP+CCS vs standing forest and Northern European energy,SSP2-NPi,2030,2032,annual,activity,treatment of sewage sludge by anaerobic digestion | RoW,40758.2916628692,5.456464993215218,7469.724760178917,11,kg CO2-Eq,2bf05a0b33e5632afe17
BECCS,new CHP+CCS vs standing forest and Northern European energy,SSP2-NPi,2030,2032,annual,activity,"heat production, softwood chips from forest, at furnace 1000kW | ENC",-33635.28640550193,-4.502881630232422,7469.724760178917,12,kg CO2-Eq,2bf05a0b33e5632afe17
BECCS,new CHP+CCS vs standing forest and Northern European energy,SSP2-NPi,2030,2032,annual,activity,"heat production, softwood chips from forest, at furnace 1000kW, state-of-the-art 2014 | ENC",-31527.589754817738,-4.220716394115515,7469.724760178917,13,kg CO2-Eq,2bf05a0b33e5632afe17
BECCS,new CHP+CCS vs standing forest and Northern European energy,SSP2-NPi,2030,2032,annual,activity,"heat production, light fuel oil, at industrial furnace 1MW | ENC",-26042.143345904184,-3.4863591607464284,7469.724760178917,14,kg CO2-Eq,2bf05a0b33e5632afe17
BECCS,new CHP+CCS vs standing forest and Northern European energy,SSP2-NPi,2030,2032,annual,activity,Other activities,213032.15336605924,28.519411384704973,7469.724760178917,15,kg CO2-Eq,2bf05a0b33e5632afe17
BECCS,new CHP+CCS vs standing forest and Northern European energy,SSP2-NPi,2030,2032,annual,location,SE,-8765607.746594077,-1173.4847036564865,7469.724760178917,1,kg CO2-Eq,2bf05a0b33e5632afe17
BECCS,new CHP+CCS vs standing forest and Northern European energy,SSP2-NPi,2030,2032,annual,location,ENC,1599538.4905925891,214.13620206191862,7469.724760178917,2,kg CO2-Eq,2bf05a0b33e5632afe17
BECCS,new CHP+CCS vs standing forest and Northern European energy,SSP2-NPi,2030,2032,annual,location,DK,-203148.24820015798,-27.196216021658625,7469.724760178917,3,kg CO2-Eq,2bf05a0b33e5632afe17
BECCS,new CHP+CCS vs standing forest and Northern European energy,SSP2-NPi,2030,2032,annual,location,FI,-152601.13077546915,-20.429284300940427,7469.724760178917,4,kg CO2-Eq,2bf05a0b33e5632afe17
BECCS,new CHP+CCS vs standing forest and Northern European energy,SSP2-NPi,2030,2032,annual,location,RoW,83924.93969888467,11.235345664446474,7469.724760178917,5,kg CO2-Eq,2bf05a0b33e5632afe17
BECCS,new CHP+CCS vs standing forest and Northern European energy,SSP2-NPi,2030,2032,annual,location,GLO,48064.17861081806,6.434531412328346,7469.724760178917,6,kg CO2-Eq,2bf05a0b33e5632afe17
BECCS,new CHP+CCS vs standing forest and Northern European energy,SSP2-NPi,2030,2032,annual,location,CHA,39233.35005544704,5.2523153549913815,7469.724760178917,7,kg CO2-Eq,2bf05a0b33e5632afe17
BECCS,new CHP+CCS vs standing forest and Northern European energy,SSP2-NPi,2030,2032,annual,location,OAS,11476.24104751189,1.536367324896856,7469.724760178917,8,kg CO2-Eq,2bf05a0b33e5632afe17
BECCS,new CHP+CCS vs standing forest and Northern European energy,SSP2-NPi,2030,2032,annual,location,Other locations,119403.54253031344,15.984998960986275,7469.724760178917,9,kg CO2-Eq,2bf05a0b33e5632afe17
BECCS,new CHP+CCS vs standing forest and Northern European energy,SSP2-NPi,2030,2032,annual,process,Forest regrowth,-8538779.819222614,-1143.1184003917824,7469.724760178917,1,kg CO2-Eq,2bf05a0b33e5632afe17
BECCS,new CHP+CCS vs standing forest and Northern European energy,SSP2-NPi,2030,2032,annual,process,Harvesting and biomass supply,168982.0854747322,22.6222639923194,7469.724760178917,2,kg CO2-Eq,2bf05a0b33e5632afe17
BECCS,new CHP+CCS vs standing forest and Northern European energy,SSP2-NPi,2030,2032,annual,process,Residual biogenic stack emissions,853878.0018494421,114.31184270690449,7469.724760178917,3,kg CO2-Eq,2bf05a0b33e5632afe17
BECCS,new CHP+CCS vs standing forest and Northern European energy,SSP2-NPi,2030,2032,annual,process,New CHP infrastructure and end-of-life,20239.426203215906,2.709527707247292,7469.724760178917,4,kg CO2-Eq,2bf05a0b33e5632afe17
BECCS,new CHP+CCS vs standing forest and Northern European energy,SSP2-NPi,2030,2032,annual,process,Other CHP operating emissions,70877.5016238327,9.488636315179974,7469.724760178917,5,kg CO2-Eq,2bf05a0b33e5632afe17
BECCS,new CHP+CCS vs standing forest and Northern European energy,SSP2-NPi,2030,2032,annual,process,Avoided Northern European electricity,-175419.75369563414,-23.484098722190726,7469.724760178917,6,kg CO2-Eq,2bf05a0b33e5632afe17
BECCS,new CHP+CCS vs standing forest and Northern European energy,SSP2-NPi,2030,2032,annual,process,Avoided Northern European heat,-70559.83504955334,-9.446109102400618,7469.724760178917,7,kg CO2-Eq,2bf05a0b33e5632afe17
BECCS,new CHP+CCS vs standing forest and Northern European energy,SSP2-NPi,2030,2032,annual,process,Capture electricity,0.0,0.0,7469.724760178917,8,kg CO2-Eq,2bf05a0b33e5632afe17
BECCS,new CHP+CCS vs standing forest and Northern European energy,SSP2-NPi,2030,2032,annual,process,Compression and recompression,45798.12489548346,6.131166323508082,7469.724760178917,9,kg CO2-Eq,2bf05a0b33e5632afe17
BECCS,new CHP+CCS vs standing forest and Northern European energy,SSP2-NPi,2030,2032,annual,process,Pipeline and geological storage,162997.68155263152,21.821109449918655,7469.724760178917,10,kg CO2-Eq,2bf05a0b33e5632afe17
BECCS,new CHP+CCS vs standing forest and Northern European energy,SSP2-NPi,2030,2032,annual,process,Transport losses,215177.25646605933,28.80658436213992,7469.724760178917,11,kg CO2-Eq,2bf05a0b33e5632afe17
BECCS,new CHP+CCS vs standing forest and Northern European energy,SSP2-NPi,2030,2032,annual,process,Capture chemicals and operating materials,16094.823259655115,2.1546742050599477,7469.724760178917,12,kg CO2-Eq,2bf05a0b33e5632afe17
BECCS,new CHP+CCS vs standing forest and Northern European energy,SSP2-NPi,2030,2032,annual,process,CCS infrastructure and end-of-life,10998.002883547622,1.4723437926626088,7469.724760178917,13,kg CO2-Eq,2bf05a0b33e5632afe17
BECCS,new CHP+CCS vs standing forest and Northern European energy,SSP2-NPi,2030,2032,annual,process,Other CHP and CCS supply-chain GHG emissions,0.12072501694090777,1.616190968434239e-05,7469.724760178917,14,kg CO2-Eq,2bf05a0b33e5632afe17
BECCS,new CHP+CCS vs standing forest and Northern European energy,SSP2-NPi,2030,2033,annual,activity,"forest carbon regrowth differential, existing spruce forest vs standing stock, LCSS 2026 | SE",-8538779.455058046,-1143.1183516397093,7469.724760178917,1,kg CO2-Eq,aabae9e22b3f89e6d5e5
BECCS,new CHP+CCS vs standing forest and Northern European energy,SSP2-NPi,2030,2033,annual,activity,"operation of new Nordic spruce CHP with post-combustion capture, excluding capture equipment, LCSS 2026 | ENC",912907.8167427152,122.21438487391455,7469.724760178917,2,kg CO2-Eq,aabae9e22b3f89e6d5e5
BECCS,new CHP+CCS vs standing forest and Northern European energy,SSP2-NPi,2030,2033,annual,activity,supply of forest residue | ENC,530932.3904178814,71.07790547361003,7469.724760178917,3,kg CO2-Eq,aabae9e22b3f89e6d5e5
BECCS,new CHP+CCS vs standing forest and Northern European energy,SSP2-NPi,2030,2033,annual,activity,"heat and power co-generation, wood chips, 6667 kW, state-of-the-art 2014 | FI",-269323.5282043267,-36.055348336272004,7469.724760178917,4,kg CO2-Eq,aabae9e22b3f89e6d5e5
BECCS,new CHP+CCS vs standing forest and Northern European energy,SSP2-NPi,2030,2033,annual,activity,"carbon dioxide transport extension, pipeline 50 to 2000 km, LCSS 2026 | ENC",215177.25951671123,28.806584770542102,7469.724760178917,5,kg CO2-Eq,aabae9e22b3f89e6d5e5
BECCS,new CHP+CCS vs standing forest and Northern European energy,SSP2-NPi,2030,2033,annual,activity,"heat and power co-generation, wood chips, 6667 kW, state-of-the-art 2014 | SE",-213341.06657514267,-28.560766751736736,7469.724760178917,6,kg CO2-Eq,aabae9e22b3f89e6d5e5
BECCS,new CHP+CCS vs standing forest and Northern European energy,SSP2-NPi,2030,2033,annual,activity,"heat and power co-generation, wood chips, 6667 kW, state-of-the-art 2014 | DK",-198246.65199533515,-26.54002099946005,7469.724760178917,7,kg CO2-Eq,aabae9e22b3f89e6d5e5
BECCS,new CHP+CCS vs standing forest and Northern European energy,SSP2-NPi,2030,2033,annual,activity,"hydrogen production, gaseous, 25 bar, from gasification of woody biomass in entrained flow gasifier, at gasification plant | ENC",67842.49278205502,9.082328326703974,7469.724760178917,8,kg CO2-Eq,aabae9e22b3f89e6d5e5
BECCS,new CHP+CCS vs standing forest and Northern European energy,SSP2-NPi,2030,2033,annual,activity,"wood chipping, mobile chipper, at forest road | FI",64967.03396503997,8.697379896964753,7469.724760178917,9,kg CO2-Eq,aabae9e22b3f89e6d5e5
BECCS,new CHP+CCS vs standing forest and Northern European energy,SSP2-NPi,2030,2033,annual,activity,"harvesting, forestry harvester | FI",45369.25128368742,6.07375140855936,7469.724760178917,10,kg CO2-Eq,aabae9e22b3f89e6d5e5
BECCS,new CHP+CCS vs standing forest and Northern European energy,SSP2-NPi,2030,2033,annual,activity,treatment of sewage sludge by anaerobic digestion | RoW,40242.4901368379,5.387412713165887,7469.724760178917,11,kg CO2-Eq,aabae9e22b3f89e6d5e5
BECCS,new CHP+CCS vs standing forest and Northern European energy,SSP2-NPi,2030,2033,annual,activity,"heat production, softwood chips from forest, at furnace 1000kW | ENC",-32742.02833469116,-4.383297830361679,7469.724760178917,12,kg CO2-Eq,aabae9e22b3f89e6d5e5
BECCS,new CHP+CCS vs standing forest and Northern European energy,SSP2-NPi,2030,2033,annual,activity,"heat production, softwood chips from forest, at furnace 1000kW, state-of-the-art 2014 | ENC",-30690.306145509883,-4.108626104822473,7469.724760178917,13,kg CO2-Eq,aabae9e22b3f89e6d5e5
BECCS,new CHP+CCS vs standing forest and Northern European energy,SSP2-NPi,2030,2033,annual,activity,"heat production, light fuel oil, at industrial furnace 1MW | ENC",-26078.817541051263,-3.4912688724593135,7469.724760178917,14,kg CO2-Eq,aabae9e22b3f89e6d5e5
BECCS,new CHP+CCS vs standing forest and Northern European energy,SSP2-NPi,2030,2033,annual,activity,Other activities,206615.8709643947,27.660439654465367,7469.724760178917,15,kg CO2-Eq,aabae9e22b3f89e6d5e5
BECCS,new CHP+CCS vs standing forest and Northern European energy,SSP2-NPi,2030,2033,annual,location,SE,-8760241.646343783,-1172.7663237398797,7469.724760178917,1,kg CO2-Eq,aabae9e22b3f89e6d5e5
BECCS,new CHP+CCS vs standing forest and Northern European energy,SSP2-NPi,2030,2033,annual,location,ENC,1580102.5430953708,211.5342390550845,7469.724760178917,2,kg CO2-Eq,aabae9e22b3f89e6d5e5
BECCS,new CHP+CCS vs standing forest and Northern European energy,SSP2-NPi,2030,2033,annual,location,DK,-198359.46432865717,-26.555123608584744,7469.724760178917,3,kg CO2-Eq,aabae9e22b3f89e6d5e5
BECCS,new CHP+CCS vs standing forest and Northern European energy,SSP2-NPi,2030,2033,annual,location,FI,-146088.06535091644,-19.55735586533409,7469.724760178917,4,kg CO2-Eq,aabae9e22b3f89e6d5e5
BECCS,new CHP+CCS vs standing forest and Northern European energy,SSP2-NPi,2030,2033,annual,location,RoW,81923.07734858755,10.967348862078461,7469.724760178917,5,kg CO2-Eq,aabae9e22b3f89e6d5e5
BECCS,new CHP+CCS vs standing forest and Northern European energy,SSP2-NPi,2030,2033,annual,location,GLO,47619.658877927555,6.375021892612139,7469.724760178917,6,kg CO2-Eq,aabae9e22b3f89e6d5e5
BECCS,new CHP+CCS vs standing forest and Northern European energy,SSP2-NPi,2030,2033,annual,location,CHA,38222.15124233329,5.1169423866988355,7469.724760178917,7,kg CO2-Eq,aabae9e22b3f89e6d5e5
BECCS,new CHP+CCS vs standing forest and Northern European energy,SSP2-NPi,2030,2033,annual,location,OAS,11600.538909742305,1.55300754474713,7469.724760178917,8,kg CO2-Eq,aabae9e22b3f89e6d5e5
BECCS,new CHP+CCS vs standing forest and Northern European energy,SSP2-NPi,2030,2033,annual,location,Other locations,120073.95850461668,16.07475005568219,7469.724760178917,9,kg CO2-Eq,aabae9e22b3f89e6d5e5
BECCS,new CHP+CCS vs standing forest and Northern European energy,SSP2-NPi,2030,2033,annual,process,Forest regrowth,-8538779.819222614,-1143.1184003917824,7469.724760178917,1,kg CO2-Eq,aabae9e22b3f89e6d5e5
BECCS,new CHP+CCS vs standing forest and Northern European energy,SSP2-NPi,2030,2033,annual,process,Harvesting and biomass supply,163110.44851396754,21.836205984925833,7469.724760178917,2,kg CO2-Eq,aabae9e22b3f89e6d5e5
BECCS,new CHP+CCS vs standing forest and Northern European energy,SSP2-NPi,2030,2033,annual,process,Residual biogenic stack emissions,853878.0018494421,114.31184270690449,7469.724760178917,3,kg CO2-Eq,aabae9e22b3f89e6d5e5
BECCS,new CHP+CCS vs standing forest and Northern European energy,SSP2-NPi,2030,2033,annual,process,New CHP infrastructure and end-of-life,19863.425799603687,2.659191126491776,7469.724760178917,4,kg CO2-Eq,aabae9e22b3f89e6d5e5
BECCS,new CHP+CCS vs standing forest and Northern European energy,SSP2-NPi,2030,2033,annual,process,Other CHP operating emissions,70776.33744532704,9.475093088119593,7469.724760178917,5,kg CO2-Eq,aabae9e22b3f89e6d5e5
BECCS,new CHP+CCS vs standing forest and Northern European energy,SSP2-NPi,2030,2033,annual,process,Avoided Northern European electricity,-171846.21387926582,-23.005695577349456,7469.724760178917,6,kg CO2-Eq,aabae9e22b3f89e6d5e5
BECCS,new CHP+CCS vs standing forest and Northern European energy,SSP2-NPi,2030,2033,annual,process,Avoided Northern European heat,-70344.90356876391,-9.417335420947825,7469.724760178917,7,kg CO2-Eq,aabae9e22b3f89e6d5e5
BECCS,new CHP+CCS vs standing forest and Northern European energy,SSP2-NPi,2030,2033,annual,process,Capture electricity,0.0,0.0,7469.724760178917,8,kg CO2-Eq,aabae9e22b3f89e6d5e5
BECCS,new CHP+CCS vs standing forest and Northern European energy,SSP2-NPi,2030,2033,annual,process,Compression and recompression,44888.80169273808,6.009431824321047,7469.724760178917,9,kg CO2-Eq,aabae9e22b3f89e6d5e5
BECCS,new CHP+CCS vs standing forest and Northern European energy,SSP2-NPi,2030,2033,annual,process,Pipeline and geological storage,161400.46516844662,21.60728411692919,7469.724760178917,10,kg CO2-Eq,aabae9e22b3f89e6d5e5
BECCS,new CHP+CCS vs standing forest and Northern European energy,SSP2-NPi,2030,2033,annual,process,Transport losses,215177.25646605933,28.80658436213992,7469.724760178917,11,kg CO2-Eq,aabae9e22b3f89e6d5e5
BECCS,new CHP+CCS vs standing forest and Northern European energy,SSP2-NPi,2030,2033,annual,process,Capture chemicals and operating materials,15949.872645917954,2.1352691240976753,7469.724760178917,12,kg CO2-Eq,aabae9e22b3f89e6d5e5
BECCS,new CHP+CCS vs standing forest and Northern European energy,SSP2-NPi,2030,2033,annual,process,CCS infrastructure and end-of-life,10778.958289108203,1.443019473297169,7469.724760178917,13,kg CO2-Eq,aabae9e22b3f89e6d5e5
BECCS,new CHP+CCS vs standing forest and Northern European energy,SSP2-NPi,2030,2033,annual,process,Other CHP and CCS supply-chain GHG emissions,0.12075513754864235,1.616594204278954e-05,7469.724760178917,14,kg CO2-Eq,aabae9e22b3f89e6d5e5
BECCS,new CHP+CCS vs standing forest and Northern European energy,SSP2-NPi,2030,2034,annual,activity,"forest carbon regrowth differential, existing spruce forest vs standing stock, LCSS 2026 | SE",-8538779.455058046,-1143.1183516397093,7469.724760178917,1,kg CO2-Eq,73708b874c90aa902b1a
BECCS,new CHP+CCS vs standing forest and Northern European energy,SSP2-NPi,2030,2034,annual,activity,"operation of new Nordic spruce CHP with post-combustion capture, excluding capture equipment, LCSS 2026 | ENC",912907.8167427152,122.21438487391455,7469.724760178917,2,kg CO2-Eq,73708b874c90aa902b1a
BECCS,new CHP+CCS vs standing forest and Northern European energy,SSP2-NPi,2030,2034,annual,activity,supply of forest residue | ENC,509192.35380524205,68.1674854366449,7469.724760178917,3,kg CO2-Eq,73708b874c90aa902b1a
BECCS,new CHP+CCS vs standing forest and Northern European energy,SSP2-NPi,2030,2034,annual,activity,"heat and power co-generation, wood chips, 6667 kW, state-of-the-art 2014 | FI",-262849.21558635705,-35.188607883868166,7469.724760178917,4,kg CO2-Eq,73708b874c90aa902b1a
BECCS,new CHP+CCS vs standing forest and Northern European energy,SSP2-NPi,2030,2034,annual,activity,"carbon dioxide transport extension, pipeline 50 to 2000 km, LCSS 2026 | ENC",215177.25951671123,28.806584770542102,7469.724760178917,5,kg CO2-Eq,73708b874c90aa902b1a
BECCS,new CHP+CCS vs standing forest and Northern European energy,SSP2-NPi,2030,2034,annual,activity,"heat and power co-generation, wood chips, 6667 kW, state-of-the-art 2014 | SE",-208217.50507761072,-27.8748564053682,7469.724760178917,6,kg CO2-Eq,73708b874c90aa902b1a
BECCS,new CHP+CCS vs standing forest and Northern European energy,SSP2-NPi,2030,2034,annual,activity,"heat and power co-generation, wood chips, 6667 kW, state-of-the-art 2014 | DK",-193485.59528616827,-25.902640525342978,7469.724760178917,7,kg CO2-Eq,73708b874c90aa902b1a
BECCS,new CHP+CCS vs standing forest and Northern European energy,SSP2-NPi,2030,2034,annual,activity,"hydrogen production, gaseous, 25 bar, from gasification of woody biomass in entrained flow gasifier, at gasification plant | ENC",73006.73423183602,9.773684650475307,7469.724760178917,8,kg CO2-Eq,73708b874c90aa902b1a
BECCS,new CHP+CCS vs standing forest and Northern European energy,SSP2-NPi,2030,2034,annual,activity,"wood chipping, mobile chipper, at forest road | FI",64967.033884056145,8.697379886123144,7469.724760178917,9,kg CO2-Eq,73708b874c90aa902b1a
BECCS,new CHP+CCS vs standing forest and Northern European energy,SSP2-NPi,2030,2034,annual,activity,"harvesting, forestry harvester | FI",45371.81863316637,6.074095109239288,7469.724760178917,10,kg CO2-Eq,73708b874c90aa902b1a
BECCS,new CHP+CCS vs standing forest and Northern European energy,SSP2-NPi,2030,2034,annual,activity,treatment of sewage sludge by anaerobic digestion | RoW,39683.00453216766,5.312512282074656,7469.724760178917,11,kg CO2-Eq,73708b874c90aa902b1a
BECCS,new CHP+CCS vs standing forest and Northern European energy,SSP2-NPi,2030,2034,annual,activity,"heat production, softwood chips from forest, at furnace 1000kW | ENC",-31848.700974110656,-4.263704754410229,7469.724760178917,12,kg CO2-Eq,73708b874c90aa902b1a
BECCS,new CHP+CCS vs standing forest and Northern European energy,SSP2-NPi,2030,2034,annual,activity,"heat production, softwood chips from forest, at furnace 1000kW, state-of-the-art 2014 | ENC",-29852.957588355068,-3.9965271207181696,7469.724760178917,13,kg CO2-Eq,73708b874c90aa902b1a
BECCS,new CHP+CCS vs standing forest and Northern European energy,SSP2-NPi,2030,2034,annual,activity,"heat production, light fuel oil, at industrial furnace 1MW | ENC",-26115.524603978556,-3.4961829843049035,7469.724760178917,14,kg CO2-Eq,73708b874c90aa902b1a
BECCS,new CHP+CCS vs standing forest and Northern European energy,SSP2-NPi,2030,2034,annual,activity,Other activities,200377.08219126653,26.82522966033183,7469.724760178917,15,kg CO2-Eq,73708b874c90aa902b1a
BECCS,new CHP+CCS vs standing forest and Northern European energy,SSP2-NPi,2030,2034,annual,location,SE,-8754876.223998552,-1172.04803457696,7469.724760178917,1,kg CO2-Eq,73708b874c90aa902b1a
BECCS,new CHP+CCS vs standing forest and Northern European energy,SSP2-NPi,2030,2034,annual,location,ENC,1560740.559489501,208.9421778711051,7469.724760178917,2,kg CO2-Eq,73708b874c90aa902b1a
BECCS,new CHP+CCS vs standing forest and Northern European energy,SSP2-NPi,2030,2034,annual,location,DK,-193571.29377012618,-25.914113302012712,7469.724760178917,3,kg CO2-Eq,73708b874c90aa902b1a
BECCS,new CHP+CCS vs standing forest and Northern European energy,SSP2-NPi,2030,2034,annual,location,FI,-139575.92667220475,-18.685551496660715,7469.724760178917,4,kg CO2-Eq,73708b874c90aa902b1a
BECCS,new CHP+CCS vs standing forest and Northern European energy,SSP2-NPi,2030,2034,annual,location,RoW,79882.10494939912,10.694116251143605,7469.724760178917,5,kg CO2-Eq,73708b874c90aa902b1a
BECCS,new CHP+CCS vs standing forest and Northern European energy,SSP2-NPi,2030,2034,annual,location,GLO,47180.130396292814,6.316180570375225,7469.724760178917,6,kg CO2-Eq,73708b874c90aa902b1a
BECCS,new CHP+CCS vs standing forest and Northern European energy,SSP2-NPi,2030,2034,annual,location,CHA,37230.896775294015,4.984239442632723,7469.724760178917,7,kg CO2-Eq,73708b874c90aa902b1a
BECCS,new CHP+CCS vs standing forest and Northern European energy,SSP2-NPi,2030,2034,annual,location,OAS,11722.576216735519,1.5693451356104233,7469.724760178917,8,kg CO2-Eq,73708b874c90aa902b1a
BECCS,new CHP+CCS vs standing forest and Northern European energy,SSP2-NPi,2030,2034,annual,location,Other locations,120801.32597619564,16.17212546039008,7469.724760178917,9,kg CO2-Eq,73708b874c90aa902b1a
BECCS,new CHP+CCS vs standing forest and Northern European energy,SSP2-NPi,2030,2034,annual,process,Forest regrowth,-8538779.819222614,-1143.1184003917824,7469.724760178917,1,kg CO2-Eq,73708b874c90aa902b1a
BECCS,new CHP+CCS vs standing forest and Northern European energy,SSP2-NPi,2030,2034,annual,process,Harvesting and biomass supply,157274.22277217588,21.05488860989957,7469.724760178917,2,kg CO2-Eq,73708b874c90aa902b1a
BECCS,new CHP+CCS vs standing forest and Northern European energy,SSP2-NPi,2030,2034,annual,process,Residual biogenic stack emissions,853878.0018494421,114.31184270690449,7469.724760178917,3,kg CO2-Eq,73708b874c90aa902b1a
BECCS,new CHP+CCS vs standing forest and Northern European energy,SSP2-NPi,2030,2034,annual,process,New CHP infrastructure and end-of-life,19489.02102323497,2.6090681583250417,7469.724760178917,4,kg CO2-Eq,73708b874c90aa902b1a
BECCS,new CHP+CCS vs standing forest and Northern European energy,SSP2-NPi,2030,2034,annual,process,Other CHP operating emissions,70674.46401297489,9.461454910593261,7469.724760178917,5,kg CO2-Eq,73708b874c90aa902b1a
BECCS,new CHP+CCS vs standing forest and Northern European energy,SSP2-NPi,2030,2034,annual,process,Avoided Northern European electricity,-168237.95781106173,-22.5226448379916,7469.724760178917,6,kg CO2-Eq,73708b874c90aa902b1a
BECCS,new CHP+CCS vs standing forest and Northern European energy,SSP2-NPi,2030,2034,annual,process,Avoided Northern European heat,-70103.5765555739,-9.385028070819407,7469.724760178917,7,kg CO2-Eq,73708b874c90aa902b1a
BECCS,new CHP+CCS vs standing forest and Northern European energy,SSP2-NPi,2030,2034,annual,process,Capture electricity,0.0,0.0,7469.724760178917,8,kg CO2-Eq,73708b874c90aa902b1a
BECCS,new CHP+CCS vs standing forest and Northern European energy,SSP2-NPi,2030,2034,annual,process,Compression and recompression,43970.93003582074,5.886552911591823,7469.724760178917,9,kg CO2-Eq,73708b874c90aa902b1a
BECCS,new CHP+CCS vs standing forest and Northern European energy,SSP2-NPi,2030,2034,annual,process,Pipeline and geological storage,159825.87311011058,21.396487587085122,7469.724760178917,10,kg CO2-Eq,73708b874c90aa902b1a
BECCS,new CHP+CCS vs standing forest and Northern European energy,SSP2-NPi,2030,2034,annual,process,Transport losses,215177.25646605933,28.80658436213992,7469.724760178917,11,kg CO2-Eq,73708b874c90aa902b1a
BECCS,new CHP+CCS vs standing forest and Northern European energy,SSP2-NPi,2030,2034,annual,process,Capture chemicals and operating materials,15804.162809180722,2.1157624031119155,7469.724760178917,12,kg CO2-Eq,73708b874c90aa902b1a
BECCS,new CHP+CCS vs standing forest and Northern European energy,SSP2-NPi,2030,2034,annual,process,CCS infrastructure and end-of-life,10561.450088667592,1.4139008367444348,7469.724760178917,13,kg CO2-Eq,73708b874c90aa902b1a
BECCS,new CHP+CCS vs standing forest and Northern European energy,SSP2-NPi,2030,2034,annual,process,Other CHP and CCS supply-chain GHG emissions,0.12078409898556418,1.6169819218703196e-05,7469.724760178917,14,kg CO2-Eq,73708b874c90aa902b1a
BECCS,new CHP+CCS vs standing forest and Northern European energy,SSP2-NPi,2030,2035,annual,activity,"forest carbon regrowth differential, existing spruce forest vs standing stock, LCSS 2026 | SE",-8538779.455058046,-1143.1183516397093,7469.724760178917,1,kg CO2-Eq,527a46ed042e3639cf3f
BECCS,new CHP+CCS vs standing forest and Northern European energy,SSP2-NPi,2030,2035,annual,activity,"operation of new Nordic spruce CHP with post-combustion capture, excluding capture equipment, LCSS 2026 | ENC",912907.8167427152,122.21438487391455,7469.724760178917,2,kg CO2-Eq,527a46ed042e3639cf3f
BECCS,new CHP+CCS vs standing forest and Northern European energy,SSP2-NPi,2030,2035,annual,activity,supply of forest residue | ENC,487441.4855604582,65.25561532856037,7469.724760178917,3,kg CO2-Eq,527a46ed042e3639cf3f
BECCS,new CHP+CCS vs standing forest and Northern European energy,SSP2-NPi,2030,2035,annual,activity,"heat and power co-generation, wood chips, 6667 kW, state-of-the-art 2014 | FI",-256375.4962659748,-34.32194685843204,7469.724760178917,4,kg CO2-Eq,527a46ed042e3639cf3f
BECCS,new CHP+CCS vs standing forest and Northern European energy,SSP2-NPi,2030,2035,annual,activity,"carbon dioxide transport extension, pipeline 50 to 2000 km, LCSS 2026 | ENC",215177.25951671123,28.806584770542102,7469.724760178917,5,kg CO2-Eq,527a46ed042e3639cf3f
BECCS,new CHP+CCS vs standing forest and Northern European energy,SSP2-NPi,2030,2035,annual,activity,"heat and power co-generation, wood chips, 6667 kW, state-of-the-art 2014 | SE",-203094.39748515355,-27.18900682497021,7469.724760178917,6,kg CO2-Eq,527a46ed042e3639cf3f
BECCS,new CHP+CCS vs standing forest and Northern European energy,SSP2-NPi,2030,2035,annual,activity,"heat and power co-generation, wood chips, 6667 kW, state-of-the-art 2014 | DK",-188724.96036961535,-25.26531651818118,7469.724760178917,7,kg CO2-Eq,527a46ed042e3639cf3f
BECCS,new CHP+CCS vs standing forest and Northern European energy,SSP2-NPi,2030,2035,annual,activity,"hydrogen production, gaseous, 25 bar, from gasification of woody biomass in entrained flow gasifier, at gasification plant | ENC",78162.1781907635,10.463863221232176,7469.724760178917,8,kg CO2-Eq,527a46ed042e3639cf3f
BECCS,new CHP+CCS vs standing forest and Northern European energy,SSP2-NPi,2030,2035,annual,activity,"wood chipping, mobile chipper, at forest road | FI",64967.033804087514,8.697379875417445,7469.724760178917,9,kg CO2-Eq,527a46ed042e3639cf3f
BECCS,new CHP+CCS vs standing forest and Northern European energy,SSP2-NPi,2030,2035,annual,activity,"harvesting, forestry harvester | FI",45374.328267000914,6.074431083309968,7469.724760178917,10,kg CO2-Eq,527a46ed042e3639cf3f
BECCS,new CHP+CCS vs standing forest and Northern European energy,SSP2-NPi,2030,2035,annual,activity,treatment of sewage sludge by anaerobic digestion | RoW,39079.80688761684,5.231759956665497,7469.724760178917,11,kg CO2-Eq,527a46ed042e3639cf3f
BECCS,new CHP+CCS vs standing forest and Northern European energy,SSP2-NPi,2030,2035,annual,activity,"heat production, softwood chips from forest, at furnace 1000kW | ENC",-30955.30119846722,-4.144101983983379,7469.724760178917,12,kg CO2-Eq,527a46ed042e3639cf3f
BECCS,new CHP+CCS vs standing forest and Northern European energy,SSP2-NPi,2030,2035,annual,activity,"heat production, softwood chips from forest, at furnace 1000kW, state-of-the-art 2014 | ENC",-29015.541153901126,-3.8844190496258846,7469.724760178917,13,kg CO2-Eq,527a46ed042e3639cf3f
BECCS,new CHP+CCS vs standing forest and Northern European energy,SSP2-NPi,2030,2035,annual,activity,"carbon monoxide, from RWGS, for Fischer Tropsch process, hydrogen from wood gasification | ENC",-27396.57581310238,-3.6676821024455215,7469.724760178917,14,kg CO2-Eq,527a46ed042e3639cf3f
BECCS,new CHP+CCS vs standing forest and Northern European energy,SSP2-NPi,2030,2035,annual,activity,Other activities,195560.7057843318,26.180443331307924,7469.724760178917,15,kg CO2-Eq,527a46ed042e3639cf3f
BECCS,new CHP+CCS vs standing forest and Northern European energy,SSP2-NPi,2030,2035,annual,location,SE,-8749511.253604949,-1171.3298059184951,7469.724760178917,1,kg CO2-Eq,527a46ed042e3639cf3f
BECCS,new CHP+CCS vs standing forest and Northern European energy,SSP2-NPi,2030,2035,annual,location,ENC,1541452.8215468614,206.36005623183632,7469.724760178917,2,kg CO2-Eq,527a46ed042e3639cf3f
BECCS,new CHP+CCS vs standing forest and Northern European energy,SSP2-NPi,2030,2035,annual,location,DK,-188783.53584545213,-25.27315823627889,7469.724760178917,3,kg CO2-Eq,527a46ed042e3639cf3f
BECCS,new CHP+CCS vs standing forest and Northern European energy,SSP2-NPi,2030,2035,annual,location,FI,-133064.48390803608,-17.81384029267082,7469.724760178917,4,kg CO2-Eq,527a46ed042e3639cf3f
BECCS,new CHP+CCS vs standing forest and Northern European energy,SSP2-NPi,2030,2035,annual,location,RoW,77802.0198989533,10.415647483253421,7469.724760178917,5,kg CO2-Eq,527a46ed042e3639cf3f
BECCS,new CHP+CCS vs standing forest and Northern European energy,SSP2-NPi,2030,2035,annual,location,GLO,46745.70580505214,6.258022525040464,7469.724760178917,6,kg CO2-Eq,527a46ed042e3639cf3f
BECCS,new CHP+CCS vs standing forest and Northern European energy,SSP2-NPi,2030,2035,annual,location,CHA,36259.53125941989,4.854199106869286,7469.724760178917,7,kg CO2-Eq,527a46ed042e3639cf3f
BECCS,new CHP+CCS vs standing forest and Northern European energy,SSP2-NPi,2030,2035,annual,location,MEA,12099.289341741864,1.6197771310454627,7469.724760178917,8,kg CO2-Eq,527a46ed042e3639cf3f
BECCS,new CHP+CCS vs standing forest and Northern European energy,SSP2-NPi,2030,2035,annual,location,Other locations,121328.79291583534,16.242739433002782,7469.724760178917,9,kg CO2-Eq,527a46ed042e3639cf3f
BECCS,new CHP+CCS vs standing forest and Northern European energy,SSP2-NPi,2030,2035,annual,process,Forest regrowth,-8538779.819222614,-1143.1184003917824,7469.724760178917,1,kg CO2-Eq,527a46ed042e3639cf3f
BECCS,new CHP+CCS vs standing forest and Northern European energy,SSP2-NPi,2030,2035,annual,process,Harvesting and biomass supply,151473.4215785881,20.278313651674626,7469.724760178917,2,kg CO2-Eq,527a46ed042e3639cf3f
BECCS,new CHP+CCS vs standing forest and Northern European energy,SSP2-NPi,2030,2035,annual,process,Residual biogenic stack emissions,853878.0018494421,114.31184270690449,7469.724760178917,3,kg CO2-Eq,527a46ed042e3639cf3f
BECCS,new CHP+CCS vs standing forest and Northern European energy,SSP2-NPi,2030,2035,annual,process,New CHP infrastructure and end-of-life,19116.176363355647,2.55915404878958,7469.724760178917,4,kg CO2-Eq,527a46ed042e3639cf3f
BECCS,new CHP+CCS vs standing forest and Northern European energy,SSP2-NPi,2030,2035,annual,process,Other CHP operating emissions,70571.83974221542,9.447716215520245,7469.724760178917,5,kg CO2-Eq,527a46ed042e3639cf3f
BECCS,new CHP+CCS vs standing forest and Northern European energy,SSP2-NPi,2030,2035,annual,process,Avoided Northern European electricity,-164594.67857954616,-22.03490541672967,7469.724760178917,6,kg CO2-Eq,527a46ed042e3639cf3f
BECCS,new CHP+CCS vs standing forest and Northern European energy,SSP2-NPi,2030,2035,annual,process,Avoided Northern European heat,-69835.67036395888,-9.349162466635004,7469.724760178917,7,kg CO2-Eq,527a46ed042e3639cf3f
BECCS,new CHP+CCS vs standing forest and Northern European energy,SSP2-NPi,2030,2035,annual,process,Capture electricity,0.0,0.0,7469.724760178917,8,kg CO2-Eq,527a46ed042e3639cf3f
BECCS,new CHP+CCS vs standing forest and Northern European energy,SSP2-NPi,2030,2035,annual,process,Compression and recompression,43044.43319490656,5.762519313211689,7469.724760178917,9,kg CO2-Eq,527a46ed042e3639cf3f
BECCS,new CHP+CCS vs standing forest and Northern European energy,SSP2-NPi,2030,2035,annual,process,Pipeline and geological storage,158274.6625308124,21.188821223316584,7469.724760178917,10,kg CO2-Eq,527a46ed042e3639cf3f
BECCS,new CHP+CCS vs standing forest and Northern European energy,SSP2-NPi,2030,2035,annual,process,Transport losses,215177.25646605933,28.80658436213992,7469.724760178917,11,kg CO2-Eq,527a46ed042e3639cf3f
BECCS,new CHP+CCS vs standing forest and Northern European energy,SSP2-NPi,2030,2035,annual,process,Capture chemicals and operating materials,15657.661883796272,2.0961497761292662,7469.724760178917,12,kg CO2-Eq,527a46ed042e3639cf3f
BECCS,new CHP+CCS vs standing forest and Northern European energy,SSP2-NPi,2030,2035,annual,process,CCS infrastructure and end-of-life,10345.481154656241,1.3849882675474168,7469.724760178917,13,kg CO2-Eq,527a46ed042e3639cf3f
BECCS,new CHP+CCS vs standing forest and Northern European energy,SSP2-NPi,2030,2035,annual,process,Other CHP and CCS supply-chain GHG emissions,0.12081165752857927,1.6173508583960938e-05,7469.724760178917,14,kg CO2-Eq,527a46ed042e3639cf3f
BECCS,new CHP+CCS vs standing forest and Northern European energy,SSP2-NPi,2030,2036,annual,activity,"forest carbon regrowth differential, existing spruce forest vs standing stock, LCSS 2026 | SE",-8538779.455058046,-1143.1183516397093,7469.724760178917,1,kg CO2-Eq,b90570e2a36196a2ea92
BECCS,new CHP+CCS vs standing forest and Northern European energy,SSP2-NPi,2030,2036,annual,activity,"operation of new Nordic spruce CHP with post-combustion capture, excluding capture equipment, LCSS 2026 | ENC",912907.8167427152,122.21438487391455,7469.724760178917,2,kg CO2-Eq,b90570e2a36196a2ea92
BECCS,new CHP+CCS vs standing forest and Northern European energy,SSP2-NPi,2030,2036,annual,activity,supply of forest residue | ENC,459716.0927145902,61.543913259740904,7469.724760178917,3,kg CO2-Eq,b90570e2a36196a2ea92
BECCS,new CHP+CCS vs standing forest and Northern European energy,SSP2-NPi,2030,2036,annual,activity,"heat and power co-generation, wood chips, 6667 kW, state-of-the-art 2014 | FI",-247791.8357066585,-33.17282010545236,7469.724760178917,4,kg CO2-Eq,b90570e2a36196a2ea92
BECCS,new CHP+CCS vs standing forest and Northern European energy,SSP2-NPi,2030,2036,annual,activity,"carbon dioxide transport extension, pipeline 50 to 2000 km, LCSS 2026 | ENC",215177.25951671123,28.806584770542102,7469.724760178917,5,kg CO2-Eq,b90570e2a36196a2ea92
BECCS,new CHP+CCS vs standing forest and Northern European energy,SSP2-NPi,2030,2036,annual,activity,"heat and power co-generation, wood chips, 6667 kW, state-of-the-art 2014 | SE",-196301.53935757722,-26.2796214934264,7469.724760178917,6,kg CO2-Eq,b90570e2a36196a2ea92
BECCS,new CHP+CCS vs standing forest and Northern European energy,SSP2-NPi,2030,2036,annual,activity,"heat and power co-generation, wood chips, 6667 kW, state-of-the-art 2014 | DK",-182412.71124630782,-24.42027211213317,7469.724760178917,7,kg CO2-Eq,b90570e2a36196a2ea92
BECCS,new CHP+CCS vs standing forest and Northern European energy,SSP2-NPi,2030,2036,annual,activity,"hydrogen production, gaseous, 25 bar, from gasification of woody biomass in entrained flow gasifier, at gasification plant | ENC",82269.99333991324,11.013791803748159,7469.724760178917,8,kg CO2-Eq,b90570e2a36196a2ea92
BECCS,new CHP+CCS vs standing forest and Northern European energy,SSP2-NPi,2030,2036,annual,activity,"wood chipping, mobile chipper, at forest road | FI",64967.03373921834,8.697379866733167,7469.724760178917,9,kg CO2-Eq,b90570e2a36196a2ea92
BECCS,new CHP+CCS vs standing forest and Northern European energy,SSP2-NPi,2030,2036,annual,activity,"harvesting, forestry harvester | FI",45376.63313415037,6.074739644498426,7469.724760178917,10,kg CO2-Eq,b90570e2a36196a2ea92
BECCS,new CHP+CCS vs standing forest and Northern European energy,SSP2-NPi,2030,2036,annual,activity,treatment of sewage sludge by anaerobic digestion | RoW,38594.5561367111,5.166797623181322,7469.724760178917,11,kg CO2-Eq,b90570e2a36196a2ea92
BECCS,new CHP+CCS vs standing forest and Northern European energy,SSP2-NPi,2030,2036,annual,activity,"heat production, softwood chips from forest, at furnace 1000kW | ENC",-30204.000460861786,-4.043522543411403,7469.724760178917,12,kg CO2-Eq,b90570e2a36196a2ea92
BECCS,new CHP+CCS vs standing forest and Northern European energy,SSP2-NPi,2030,2036,annual,activity,"carbon monoxide, from RWGS, for Fischer Tropsch process, hydrogen from wood gasification | ENC",-28835.150174667917,-3.8602694343422166,7469.724760178917,13,kg CO2-Eq,b90570e2a36196a2ea92
BECCS,new CHP+CCS vs standing forest and Northern European energy,SSP2-NPi,2030,2036,annual,activity,"heat production, softwood chips from forest, at furnace 1000kW, state-of-the-art 2014 | ENC",-28311.319368715387,-3.790142244550021,7469.724760178917,14,kg CO2-Eq,b90570e2a36196a2ea92
BECCS,new CHP+CCS vs standing forest and Northern European energy,SSP2-NPi,2030,2036,annual,activity,Other activities,192420.7092862913,25.760080252499478,7469.724760178917,15,kg CO2-Eq,b90570e2a36196a2ea92
BECCS,new CHP+CCS vs standing forest and Northern European energy,SSP2-NPi,2030,2036,annual,location,SE,-8742646.70949152,-1170.4108237158277,7469.724760178917,1,kg CO2-Eq,b90570e2a36196a2ea92
BECCS,new CHP+CCS vs standing forest and Northern European energy,SSP2-NPi,2030,2036,annual,location,ENC,1515597.0022773282,202.8986409722848,7469.724760178917,2,kg CO2-Eq,b90570e2a36196a2ea92
BECCS,new CHP+CCS vs standing forest and Northern European energy,SSP2-NPi,2030,2036,annual,location,DK,-182466.94817907343,-24.427533013238218,7469.724760178917,3,kg CO2-Eq,b90570e2a36196a2ea92
BECCS,new CHP+CCS vs standing forest and Northern European energy,SSP2-NPi,2030,2036,annual,location,FI,-124451.0627043078,-16.660729370880716,7469.724760178917,4,kg CO2-Eq,b90570e2a36196a2ea92
BECCS,new CHP+CCS vs standing forest and Northern European energy,SSP2-NPi,2030,2036,annual,location,RoW,75424.31883483811,10.097335746147563,7469.724760178917,5,kg CO2-Eq,b90570e2a36196a2ea92
BECCS,new CHP+CCS vs standing forest and Northern European energy,SSP2-NPi,2030,2036,annual,location,GLO,46430.080471196445,6.2157685807534815,7469.724760178917,6,kg CO2-Eq,b90570e2a36196a2ea92
BECCS,new CHP+CCS vs standing forest and Northern European energy,SSP2-NPi,2030,2036,annual,location,CHA,35055.50182563804,4.693011181953963,7469.724760178917,7,kg CO2-Eq,b90570e2a36196a2ea92
BECCS,new CHP+CCS vs standing forest and Northern European energy,SSP2-NPi,2030,2036,annual,location,MEA,13175.360590818342,1.7638348150464866,7469.724760178917,8,kg CO2-Eq,b90570e2a36196a2ea92
BECCS,new CHP+CCS vs standing forest and Northern European energy,SSP2-NPi,2030,2036,annual,location,Other locations,122676.53961254982,16.423167325593862,7469.724760178917,9,kg CO2-Eq,b90570e2a36196a2ea92
BECCS,new CHP+CCS vs standing forest and Northern European energy,SSP2-NPi,2030,2036,annual,process,Forest regrowth,-8538779.819222614,-1143.1184003917824,7469.724760178917,1,kg CO2-Eq,b90570e2a36196a2ea92
BECCS,new CHP+CCS vs standing forest and Northern European energy,SSP2-NPi,2030,2036,annual,process,Harvesting and biomass supply,143856.7942985825,19.258647261741515,7469.724760178917,2,kg CO2-Eq,b90570e2a36196a2ea92
BECCS,new CHP+CCS vs standing forest and Northern European energy,SSP2-NPi,2030,2036,annual,process,Residual biogenic stack emissions,853878.0018494421,114.31184270690449,7469.724760178917,3,kg CO2-Eq,b90570e2a36196a2ea92
BECCS,new CHP+CCS vs standing forest and Northern European energy,SSP2-NPi,2030,2036,annual,process,New CHP infrastructure and end-of-life,18808.07665508041,2.5179075881545487,7469.724760178917,4,kg CO2-Eq,b90570e2a36196a2ea92
BECCS,new CHP+CCS vs standing forest and Northern European energy,SSP2-NPi,2030,2036,annual,process,Other CHP operating emissions,70478.6850674044,9.435245250685284,7469.724760178917,5,kg CO2-Eq,b90570e2a36196a2ea92
BECCS,new CHP+CCS vs standing forest and Northern European energy,SSP2-NPi,2030,2036,annual,process,Avoided Northern European electricity,-160536.8829163727,-21.49167312993839,7469.724760178917,6,kg CO2-Eq,b90570e2a36196a2ea92
BECCS,new CHP+CCS vs standing forest and Northern European energy,SSP2-NPi,2030,2036,annual,process,Avoided Northern European heat,-68864.74991324704,-9.219181713409956,7469.724760178917,7,kg CO2-Eq,b90570e2a36196a2ea92
BECCS,new CHP+CCS vs standing forest and Northern European energy,SSP2-NPi,2030,2036,annual,process,Capture electricity,0.0,0.0,7469.724760178917,8,kg CO2-Eq,b90570e2a36196a2ea92
BECCS,new CHP+CCS vs standing forest and Northern European energy,SSP2-NPi,2030,2036,annual,process,Compression and recompression,42023.712531689336,5.625871619221853,7469.724760178917,9,kg CO2-Eq,b90570e2a36196a2ea92
BECCS,new CHP+CCS vs standing forest and Northern European energy,SSP2-NPi,2030,2036,annual,process,Pipeline and geological storage,157016.86551240683,21.020435230687927,7469.724760178917,10,kg CO2-Eq,b90570e2a36196a2ea92
BECCS,new CHP+CCS vs standing forest and Northern European energy,SSP2-NPi,2030,2036,annual,process,Transport losses,215177.25646605933,28.80658436213992,7469.724760178917,11,kg CO2-Eq,b90570e2a36196a2ea92
BECCS,new CHP+CCS vs standing forest and Northern European energy,SSP2-NPi,2030,2036,annual,process,Capture chemicals and operating materials,15556.637978279765,2.082625327938743,7469.724760178917,12,kg CO2-Eq,b90570e2a36196a2ea92
BECCS,new CHP+CCS vs standing forest and Northern European energy,SSP2-NPi,2030,2036,annual,process,CCS infrastructure and end-of-life,10179.384062165169,1.3627522283593954,7469.724760178917,13,kg CO2-Eq,b90570e2a36196a2ea92
BECCS,new CHP+CCS vs standing forest and Northern European energy,SSP2-NPi,2030,2036,annual,process,Other CHP and CCS supply-chain GHG emissions,0.12086854861301816,1.6181124806280422e-05,7469.724760178917,14,kg CO2-Eq,b90570e2a36196a2ea92
BECCS,new CHP+CCS vs standing forest and Northern European energy,SSP2-NPi,2030,2037,annual,activity,"forest carbon regrowth differential, existing spruce forest vs standing stock, LCSS 2026 | SE",-8538779.455058046,-1143.1183516397093,7469.724760178917,1,kg CO2-Eq,29653485b5e4b89050a0
BECCS,new CHP+CCS vs standing forest and Northern European energy,SSP2-NPi,2030,2037,annual,activity,"operation of new Nordic spruce CHP with post-combustion capture, excluding capture equipment, LCSS 2026 | ENC",912907.8167427152,122.21438487391455,7469.724760178917,2,kg CO2-Eq,29653485b5e4b89050a0
BECCS,new CHP+CCS vs standing forest and Northern European energy,SSP2-NPi,2030,2037,annual,activity,supply of forest residue | ENC,431978.11122732534,57.830525902399984,7469.724760178917,3,kg CO2-Eq,29653485b5e4b89050a0
BECCS,new CHP+CCS vs standing forest and Northern European energy,SSP2-NPi,2030,2037,annual,activity,"heat and power co-generation, wood chips, 6667 kW, state-of-the-art 2014 | FI",-239194.09028193308,-32.0218077588449,7469.724760178917,4,kg CO2-Eq,29653485b5e4b89050a0
BECCS,new CHP+CCS vs standing forest and Northern European energy,SSP2-NPi,2030,2037,annual,activity,"carbon dioxide transport extension, pipeline 50 to 2000 km, LCSS 2026 | ENC",215177.25951671123,28.806584770542102,7469.724760178917,5,kg CO2-Eq,29653485b5e4b89050a0
BECCS,new CHP+CCS vs standing forest and Northern European energy,SSP2-NPi,2030,2037,annual,activity,"heat and power co-generation, wood chips, 6667 kW, state-of-the-art 2014 | SE",-189497.53500479413,-25.368743975012976,7469.724760178917,6,kg CO2-Eq,29653485b5e4b89050a0
BECCS,new CHP+CCS vs standing forest and Northern European energy,SSP2-NPi,2030,2037,annual,activity,"heat and power co-generation, wood chips, 6667 kW, state-of-the-art 2014 | DK",-176090.12407695802,-23.57384371318392,7469.724760178917,7,kg CO2-Eq,29653485b5e4b89050a0
BECCS,new CHP+CCS vs standing forest and Northern European energy,SSP2-NPi,2030,2037,annual,activity,"hydrogen production, gaseous, 25 bar, from gasification of woody biomass in entrained flow gasifier, at gasification plant | ENC",86380.97489864346,11.564144285361117,7469.724760178917,8,kg CO2-Eq,29653485b5e4b89050a0
BECCS,new CHP+CCS vs standing forest and Northern European energy,SSP2-NPi,2030,2037,annual,activity,"wood chipping, mobile chipper, at forest road | FI",64967.03367619644,8.69737985829619,7469.724760178917,9,kg CO2-Eq,29653485b5e4b89050a0
BECCS,new CHP+CCS vs standing forest and Northern European energy,SSP2-NPi,2030,2037,annual,activity,"harvesting, forestry harvester | FI",45378.94442545822,6.075049065713004,7469.724760178917,10,kg CO2-Eq,29653485b5e4b89050a0
BECCS,new CHP+CCS vs standing forest and Northern European energy,SSP2-NPi,2030,2037,annual,activity,treatment of sewage sludge by anaerobic digestion | RoW,38074.3918985078,5.097161290531384,7469.724760178917,11,kg CO2-Eq,29653485b5e4b89050a0
BECCS,new CHP+CCS vs standing forest and Northern European energy,SSP2-NPi,2030,2037,annual,activity,"carbon monoxide, from RWGS, for Fischer Tropsch process, hydrogen from wood gasification | ENC",-30270.376412796235,-4.052408540428093,7469.724760178917,12,kg CO2-Eq,29653485b5e4b89050a0
BECCS,new CHP+CCS vs standing forest and Northern European energy,SSP2-NPi,2030,2037,annual,activity,"heat production, softwood chips from forest, at furnace 1000kW | ENC",-29452.941013808017,-3.9429754053083146,7469.724760178917,13,kg CO2-Eq,29653485b5e4b89050a0
BECCS,new CHP+CCS vs standing forest and Northern European energy,SSP2-NPi,2030,2037,annual,activity,"heat production, softwood chips from forest, at furnace 1000kW, state-of-the-art 2014 | ENC",-27607.323754029072,-3.695895717765083,7469.724760178917,14,kg CO2-Eq,29653485b5e4b89050a0
BECCS,new CHP+CCS vs standing forest and Northern European energy,SSP2-NPi,2030,2037,annual,activity,Other activities,189418.60486127003,25.358177301399394,7469.724760178917,15,kg CO2-Eq,29653485b5e4b89050a0
BECCS,new CHP+CCS vs standing forest and Northern European energy,SSP2-NPi,2030,2037,annual,location,SE,-8735770.998877605,-1169.4903466119633,7469.724760178917,1,kg CO2-Eq,29653485b5e4b89050a0
BECCS,new CHP+CCS vs standing forest and Northern European energy,SSP2-NPi,2030,2037,annual,location,ENC,1489752.5011131817,199.43874090984562,7469.724760178917,2,kg CO2-Eq,29653485b5e4b89050a0
BECCS,new CHP+CCS vs standing forest and Northern European energy,SSP2-NPi,2030,2037,annual,location,DK,-176140.01363069811,-23.58052261439405,7469.724760178917,3,kg CO2-Eq,29653485b5e4b89050a0
BECCS,new CHP+CCS vs standing forest and Northern European energy,SSP2-NPi,2030,2037,annual,location,FI,-115823.5422881484,-15.505730934773313,7469.724760178917,4,kg CO2-Eq,29653485b5e4b89050a0
BECCS,new CHP+CCS vs standing forest and Northern European energy,SSP2-NPi,2030,2037,annual,location,RoW,73018.84309918791,9.775305709850405,7469.724760178917,5,kg CO2-Eq,29653485b5e4b89050a0
BECCS,new CHP+CCS vs standing forest and Northern European energy,SSP2-NPi,2030,2037,annual,location,GLO,46122.14701254727,6.174544376577878,7469.724760178917,6,kg CO2-Eq,29653485b5e4b89050a0
BECCS,new CHP+CCS vs standing forest and Northern European energy,SSP2-NPi,2030,2037,annual,location,CHA,33883.873001103326,4.536160847818405,7469.724760178917,7,kg CO2-Eq,29653485b5e4b89050a0
BECCS,new CHP+CCS vs standing forest and Northern European energy,SSP2-NPi,2030,2037,annual,location,MEA,14294.766269843767,1.9136938413111455,7469.724760178917,8,kg CO2-Eq,29653485b5e4b89050a0
BECCS,new CHP+CCS vs standing forest and Northern European energy,SSP2-NPi,2030,2037,annual,location,Other locations,124053.71594505005,16.607535073632175,7469.724760178917,9,kg CO2-Eq,29653485b5e4b89050a0
BECCS,new CHP+CCS vs standing forest and Northern European energy,SSP2-NPi,2030,2037,annual,process,Forest regrowth,-8538779.819222614,-1143.1184003917824,7469.724760178917,1,kg CO2-Eq,29653485b5e4b89050a0
BECCS,new CHP+CCS vs standing forest and Northern European energy,SSP2-NPi,2030,2037,annual,process,Harvesting and biomass supply,136303.708369377,18.2474873901662,7469.724760178917,2,kg CO2-Eq,29653485b5e4b89050a0
BECCS,new CHP+CCS vs standing forest and Northern European energy,SSP2-NPi,2030,2037,annual,process,Residual biogenic stack emissions,853878.0018494421,114.31184270690449,7469.724760178917,3,kg CO2-Eq,29653485b5e4b89050a0
BECCS,new CHP+CCS vs standing forest and Northern European energy,SSP2-NPi,2030,2037,annual,process,New CHP infrastructure and end-of-life,18503.354177966172,2.477113250090218,7469.724760178917,4,kg CO2-Eq,29653485b5e4b89050a0
BECCS,new CHP+CCS vs standing forest and Northern European energy,SSP2-NPi,2030,2037,annual,process,Other CHP operating emissions,70385.50172304414,9.422770447750507,7469.724760178917,5,kg CO2-Eq,29653485b5e4b89050a0
BECCS,new CHP+CCS vs standing forest and Northern European energy,SSP2-NPi,2030,2037,annual,process,Avoided Northern European electricity,-156467.28304279316,-20.94686056933715,7469.724760178917,6,kg CO2-Eq,29653485b5e4b89050a0
BECCS,new CHP+CCS vs standing forest and Northern European energy,SSP2-NPi,2030,2037,annual,process,Avoided Northern European heat,-67887.42442380646,-9.08834349368723,7469.724760178917,7,kg CO2-Eq,29653485b5e4b89050a0
BECCS,new CHP+CCS vs standing forest and Northern European energy,SSP2-NPi,2030,2037,annual,process,Capture electricity,0.0,0.0,7469.724760178917,8,kg CO2-Eq,29653485b5e4b89050a0
BECCS,new CHP+CCS vs standing forest and Northern European energy,SSP2-NPi,2030,2037,annual,process,Compression and recompression,41000.05864418976,5.488831243523318,7469.724760178917,9,kg CO2-Eq,29653485b5e4b89050a0
BECCS,new CHP+CCS vs standing forest and Northern European energy,SSP2-NPi,2030,2037,annual,process,Pipeline and geological storage,155806.43013333937,20.858389717910764,7469.724760178917,10,kg CO2-Eq,29653485b5e4b89050a0
BECCS,new CHP+CCS vs standing forest and Northern European energy,SSP2-NPi,2030,2037,annual,process,Transport losses,215177.25646605933,28.80658436213992,7469.724760178917,11,kg CO2-Eq,29653485b5e4b89050a0
BECCS,new CHP+CCS vs standing forest and Northern European energy,SSP2-NPi,2030,2037,annual,process,Capture chemicals and operating materials,15455.01246842653,2.06902034072489,7469.724760178917,12,kg CO2-Eq,29653485b5e4b89050a0
BECCS,new CHP+CCS vs standing forest and Northern European energy,SSP2-NPi,2030,2037,annual,process,CCS infrastructure and end-of-life,10016.373578487302,1.3409294050410752,7469.724760178917,13,kg CO2-Eq,29653485b5e4b89050a0
BECCS,new CHP+CCS vs standing forest and Northern European energy,SSP2-NPi,2030,2037,annual,process,Other CHP and CCS supply-chain GHG emissions,0.1209232241101673,1.618844441964029e-05,7469.724760178917,14,kg CO2-Eq,29653485b5e4b89050a0
BECCS,new CHP+CCS vs standing forest and Northern European energy,SSP2-NPi,2030,2038,annual,activity,"forest carbon regrowth differential, existing spruce forest vs standing stock, LCSS 2026 | SE",-8538779.455058046,-1143.1183516397093,7469.724760178917,1,kg CO2-Eq,9fb3a679f7d109452964
BECCS,new CHP+CCS vs standing forest and Northern European energy,SSP2-NPi,2030,2038,annual,activity,"operation of new Nordic spruce CHP with post-combustion capture, excluding capture equipment, LCSS 2026 | ENC",912907.8167427152,122.21438487391455,7469.724760178917,2,kg CO2-Eq,9fb3a679f7d109452964
BECCS,new CHP+CCS vs standing forest and Northern European energy,SSP2-NPi,2030,2038,annual,activity,supply of forest residue | ENC,404227.2711075191,54.11541711181296,7469.724760178917,3,kg CO2-Eq,9fb3a679f7d109452964
BECCS,new CHP+CCS vs standing forest and Northern European energy,SSP2-NPi,2030,2038,annual,activity,"heat and power co-generation, wood chips, 6667 kW, state-of-the-art 2014 | FI",-230581.62666875674,-30.868825033284597,7469.724760178917,4,kg CO2-Eq,9fb3a679f7d109452964
BECCS,new CHP+CCS vs standing forest and Northern European energy,SSP2-NPi,2030,2038,annual,activity,"carbon dioxide transport extension, pipeline 50 to 2000 km, LCSS 2026 | ENC",215177.25951671123,28.806584770542102,7469.724760178917,5,kg CO2-Eq,9fb3a679f7d109452964
BECCS,new CHP+CCS vs standing forest and Northern European energy,SSP2-NPi,2030,2038,annual,activity,"heat and power co-generation, wood chips, 6667 kW, state-of-the-art 2014 | SE",-182681.9183055414,-24.45631186833258,7469.724760178917,6,kg CO2-Eq,9fb3a679f7d109452964
BECCS,new CHP+CCS vs standing forest and Northern European energy,SSP2-NPi,2030,2038,annual,activity,"heat and power co-generation, wood chips, 6667 kW, state-of-the-art 2014 | DK",-169756.7084310043,-22.72596566555931,7469.724760178917,7,kg CO2-Eq,9fb3a679f7d109452964
BECCS,new CHP+CCS vs standing forest and Northern European energy,SSP2-NPi,2030,2038,annual,activity,"hydrogen production, gaseous, 25 bar, from gasification of woody biomass in entrained flow gasifier, at gasification plant | ENC",90494.71726390361,12.114866366473196,7469.724760178917,8,kg CO2-Eq,9fb3a679f7d109452964
BECCS,new CHP+CCS vs standing forest and Northern European energy,SSP2-NPi,2030,2038,annual,activity,"wood chipping, mobile chipper, at forest road | FI",64967.03164676172,8.69737958660817,7469.724760178917,9,kg CO2-Eq,9fb3a679f7d109452964
BECCS,new CHP+CCS vs standing forest and Northern European energy,SSP2-NPi,2030,2038,annual,activity,"harvesting, forestry harvester | FI",45381.2621698256,6.0753593508228025,7469.724760178917,10,kg CO2-Eq,9fb3a679f7d109452964
BECCS,new CHP+CCS vs standing forest and Northern European energy,SSP2-NPi,2030,2038,annual,activity,treatment of sewage sludge by anaerobic digestion | RoW,37519.27936614556,5.022846298990927,7469.724760178917,11,kg CO2-Eq,9fb3a679f7d109452964
BECCS,new CHP+CCS vs standing forest and Northern European energy,SSP2-NPi,2030,2038,annual,activity,"carbon monoxide, from RWGS, for Fischer Tropsch process, hydrogen from wood gasification | ENC",-31702.114323850965,-4.24408065111781,7469.724760178917,12,kg CO2-Eq,9fb3a679f7d109452964
BECCS,new CHP+CCS vs standing forest and Northern European energy,SSP2-NPi,2030,2038,annual,activity,"heat production, softwood chips from forest, at furnace 1000kW | ENC",-28702.12079340033,-3.8424602933713516,7469.724760178917,13,kg CO2-Eq,9fb3a679f7d109452964
BECCS,new CHP+CCS vs standing forest and Northern European energy,SSP2-NPi,2030,2038,annual,activity,"heat production, softwood chips from forest, at furnace 1000kW, state-of-the-art 2014 | ENC",-26903.552375267653,-3.601679210282341,7469.724760178917,14,kg CO2-Eq,9fb3a679f7d109452964
BECCS,new CHP+CCS vs standing forest and Northern European energy,SSP2-NPi,2030,2038,annual,activity,Other activities,186555.28498432692,24.974853956982813,7469.724760178917,15,kg CO2-Eq,9fb3a679f7d109452964
BECCS,new CHP+CCS vs standing forest and Northern European energy,SSP2-NPi,2030,2038,annual,location,SE,-8728883.649474522,-1168.5683113798486,7469.724760178917,1,kg CO2-Eq,9fb3a679f7d109452964
BECCS,new CHP+CCS vs standing forest and Northern European energy,SSP2-NPi,2030,2038,annual,location,ENC,1463919.1091229012,195.98032807407446,7469.724760178917,2,kg CO2-Eq,9fb3a679f7d109452964
BECCS,new CHP+CCS vs standing forest and Northern European energy,SSP2-NPi,2030,2038,annual,location,DK,-169802.24147125677,-22.7320613440099,7469.724760178917,3,kg CO2-Eq,9fb3a679f7d109452964
BECCS,new CHP+CCS vs standing forest and Northern European energy,SSP2-NPi,2030,2038,annual,location,FI,-107181.28907486405,-14.348760163995228,7469.724760178917,4,kg CO2-Eq,9fb3a679f7d109452964
BECCS,new CHP+CCS vs standing forest and Northern European energy,SSP2-NPi,2030,2038,annual,location,RoW,70585.57700156177,9.449555273823917,7469.724760178917,5,kg CO2-Eq,9fb3a679f7d109452964
BECCS,new CHP+CCS vs standing forest and Northern European energy,SSP2-NPi,2030,2038,annual,location,GLO,45822.10000668087,6.134375961341758,7469.724760178917,6,kg CO2-Eq,9fb3a679f7d109452964
BECCS,new CHP+CCS vs standing forest and Northern European energy,SSP2-NPi,2030,2038,annual,location,CHA,32744.526917516334,4.383632324992391,7469.724760178917,7,kg CO2-Eq,9fb3a679f7d109452964
BECCS,new CHP+CCS vs standing forest and Northern European energy,SSP2-NPi,2030,2038,annual,location,MEA,15458.07922409656,2.069430898780038,7469.724760178917,8,kg CO2-Eq,9fb3a679f7d109452964
BECCS,new CHP+CCS vs standing forest and Northern European energy,SSP2-NPi,2030,2038,annual,location,Other locations,125460.21458992992,16.795828309331824,7469.724760178917,9,kg CO2-Eq,9fb3a679f7d109452964
BECCS,new CHP+CCS vs standing forest and Northern European energy,SSP2-NPi,2030,2038,annual,process,Forest regrowth,-8538779.819222614,-1143.1184003917824,7469.724760178917,1,kg CO2-Eq,9fb3a679f7d109452964
BECCS,new CHP+CCS vs standing forest and Northern European energy,SSP2-NPi,2030,2038,annual,process,Harvesting and biomass supply,128813.72724159596,17.244775594450495,7469.724760178917,2,kg CO2-Eq,9fb3a679f7d109452964
BECCS,new CHP+CCS vs standing forest and Northern European energy,SSP2-NPi,2030,2038,annual,process,Residual biogenic stack emissions,853878.0018494421,114.31184270690449,7469.724760178917,3,kg CO2-Eq,9fb3a679f7d109452964
BECCS,new CHP+CCS vs standing forest and Northern European energy,SSP2-NPi,2030,2038,annual,process,New CHP infrastructure and end-of-life,18201.955189448203,2.436763839878382,7469.724760178917,4,kg CO2-Eq,9fb3a679f7d109452964
BECCS,new CHP+CCS vs standing forest and Northern European energy,SSP2-NPi,2030,2038,annual,process,Other CHP operating emissions,70292.21947119362,9.410282403699966,7469.724760178917,5,kg CO2-Eq,9fb3a679f7d109452964
BECCS,new CHP+CCS vs standing forest and Northern European energy,SSP2-NPi,2030,2038,annual,process,Avoided Northern European electricity,-152383.53699229882,-20.400154207107477,7469.724760178917,6,kg CO2-Eq,9fb3a679f7d109452964
BECCS,new CHP+CCS vs standing forest and Northern European energy,SSP2-NPi,2030,2038,annual,process,Avoided Northern European heat,-66903.11510562823,-8.956570322682913,7469.724760178917,7,kg CO2-Eq,9fb3a679f7d109452964
BECCS,new CHP+CCS vs standing forest and Northern European energy,SSP2-NPi,2030,2038,annual,process,Capture electricity,0.0,0.0,7469.724760178917,8,kg CO2-Eq,9fb3a679f7d109452964
BECCS,new CHP+CCS vs standing forest and Northern European energy,SSP2-NPi,2030,2038,annual,process,Compression and recompression,39972.88813259772,5.351320084200838,7469.724760178917,9,kg CO2-Eq,9fb3a679f7d109452964
BECCS,new CHP+CCS vs standing forest and Northern European energy,SSP2-NPi,2030,2038,annual,process,Pipeline and geological storage,154643.55647266045,20.702711470316128,7469.724760178917,10,kg CO2-Eq,9fb3a679f7d109452964
BECCS,new CHP+CCS vs standing forest and Northern European energy,SSP2-NPi,2030,2038,annual,process,Transport losses,215177.25646605933,28.80658436213992,7469.724760178917,11,kg CO2-Eq,9fb3a679f7d109452964
BECCS,new CHP+CCS vs standing forest and Northern European energy,SSP2-NPi,2030,2038,annual,process,Capture chemicals and operating materials,15352.74273143232,2.0553291084134386,7469.724760178917,12,kg CO2-Eq,9fb3a679f7d109452964
BECCS,new CHP+CCS vs standing forest and Northern European energy,SSP2-NPi,2030,2038,annual,process,CCS infrastructure and end-of-life,9856.429632310106,1.3195171105707544,7469.724760178917,13,kg CO2-Eq,9fb3a679f7d109452964
BECCS,new CHP+CCS vs standing forest and Northern European energy,SSP2-NPi,2030,2038,annual,process,Other CHP and CCS supply-chain GHG emissions,0.12097580970301593,1.6195484249692527e-05,7469.724760178917,14,kg CO2-Eq,9fb3a679f7d109452964
BECCS,new CHP+CCS vs standing forest and Northern European energy,SSP2-NPi,2030,2039,annual,activity,"forest carbon regrowth differential, existing spruce forest vs standing stock, LCSS 2026 | SE",-8538779.455058046,-1143.1183516397093,7469.724760178917,1,kg CO2-Eq,b1c3d6b2f7c67f2b2e0d
BECCS,new CHP+CCS vs standing forest and Northern European energy,SSP2-NPi,2030,2039,annual,activity,"operation of new Nordic spruce CHP with post-combustion capture, excluding capture equipment, LCSS 2026 | ENC",912907.8167427152,122.21438487391455,7469.724760178917,2,kg CO2-Eq,b1c3d6b2f7c67f2b2e0d
BECCS,new CHP+CCS vs standing forest and Northern European energy,SSP2-NPi,2030,2039,annual,activity,supply of forest residue | ENC,376463.4035417532,50.39856428829595,7469.724760178917,3,kg CO2-Eq,b1c3d6b2f7c67f2b2e0d
BECCS,new CHP+CCS vs standing forest and Northern European energy,SSP2-NPi,2030,2039,annual,activity,"heat and power co-generation, wood chips, 6667 kW, state-of-the-art 2014 | FI",-221953.88478385014,-29.71379694832743,7469.724760178917,4,kg CO2-Eq,b1c3d6b2f7c67f2b2e0d
BECCS,new CHP+CCS vs standing forest and Northern European energy,SSP2-NPi,2030,2039,annual,activity,"carbon dioxide transport extension, pipeline 50 to 2000 km, LCSS 2026 | ENC",215177.25951671123,28.806584770542102,7469.724760178917,5,kg CO2-Eq,b1c3d6b2f7c67f2b2e0d
BECCS,new CHP+CCS vs standing forest and Northern European energy,SSP2-NPi,2030,2039,annual,activity,"heat and power co-generation, wood chips, 6667 kW, state-of-the-art 2014 | SE",-175854.17591504517,-23.54225644999978,7469.724760178917,6,kg CO2-Eq,b1c3d6b2f7c67f2b2e0d
BECCS,new CHP+CCS vs standing forest and Northern European energy,SSP2-NPi,2030,2039,annual,activity,"heat and power co-generation, wood chips, 6667 kW, state-of-the-art 2014 | DK",-163412.05298939688,-21.876582904439278,7469.724760178917,7,kg CO2-Eq,b1c3d6b2f7c67f2b2e0d
BECCS,new CHP+CCS vs standing forest and Northern European energy,SSP2-NPi,2030,2039,annual,activity,"hydrogen production, gaseous, 25 bar, from gasification of woody biomass in entrained flow gasifier, at gasification plant | ENC",94610.83852917401,12.665906919829784,7469.724760178917,8,kg CO2-Eq,b1c3d6b2f7c67f2b2e0d
BECCS,new CHP+CCS vs standing forest and Northern European energy,SSP2-NPi,2030,2039,annual,activity,"wood chipping, mobile chipper, at forest road | FI",64967.031587399564,8.697379578661137,7469.724760178917,9,kg CO2-Eq,b1c3d6b2f7c67f2b2e0d
BECCS,new CHP+CCS vs standing forest and Northern European energy,SSP2-NPi,2030,2039,annual,activity,"harvesting, forestry harvester | FI",45383.586383989634,6.075670502068485,7469.724760178917,10,kg CO2-Eq,b1c3d6b2f7c67f2b2e0d
BECCS,new CHP+CCS vs standing forest and Northern European energy,SSP2-NPi,2030,2039,annual,activity,treatment of sewage sludge by anaerobic digestion | RoW,36929.16606161001,4.943845623131832,7469.724760178917,11,kg CO2-Eq,b1c3d6b2f7c67f2b2e0d
BECCS,new CHP+CCS vs standing forest and Northern European energy,SSP2-NPi,2030,2039,annual,activity,"carbon monoxide, from RWGS, for Fischer Tropsch process, hydrogen from wood gasification | ENC",-33130.23188491019,-4.435268092008874,7469.724760178917,12,kg CO2-Eq,b1c3d6b2f7c67f2b2e0d
BECCS,new CHP+CCS vs standing forest and Northern European energy,SSP2-NPi,2030,2039,annual,activity,"heat production, softwood chips from forest, at furnace 1000kW | ENC",-27951.542693205978,-3.7419775949731884,7469.724760178917,13,kg CO2-Eq,b1c3d6b2f7c67f2b2e0d
BECCS,new CHP+CCS vs standing forest and Northern European energy,SSP2-NPi,2030,2039,annual,activity,"heat production, softwood chips from forest, at furnace 1000kW, state-of-the-art 2014 | ENC",-26200.007944678022,-3.507493085200434,7469.724760178917,14,kg CO2-Eq,b1c3d6b2f7c67f2b2e0d
BECCS,new CHP+CCS vs standing forest and Northern European energy,SSP2-NPi,2030,2039,annual,activity,Other activities,183831.6865639311,24.610235646691745,7469.724760178917,15,kg CO2-Eq,b1c3d6b2f7c67f2b2e0d
BECCS,new CHP+CCS vs standing forest and Northern European energy,SSP2-NPi,2030,2039,annual,location,SE,-8721984.139672728,-1167.6446481896633,7469.724760178917,1,kg CO2-Eq,b1c3d6b2f7c67f2b2e0d
BECCS,new CHP+CCS vs standing forest and Northern European energy,SSP2-NPi,2030,2039,annual,location,ENC,1438096.7504087817,192.52339230426156,7469.724760178917,2,kg CO2-Eq,b1c3d6b2f7c67f2b2e0d
BECCS,new CHP+CCS vs standing forest and Northern European energy,SSP2-NPi,2030,2039,annual,location,DK,-163453.22008488266,-21.882094097529716,7469.724760178917,3,kg CO2-Eq,b1c3d6b2f7c67f2b2e0d
BECCS,new CHP+CCS vs standing forest and Northern European energy,SSP2-NPi,2030,2039,annual,location,FI,-98523.73637744212,-13.189741194035944,7469.724760178917,4,kg CO2-Eq,b1c3d6b2f7c67f2b2e0d
BECCS,new CHP+CCS vs standing forest and Northern European energy,SSP2-NPi,2030,2039,annual,location,RoW,68124.48203044676,9.12007928238778,7469.724760178917,5,kg CO2-Eq,b1c3d6b2f7c67f2b2e0d
BECCS,new CHP+CCS vs standing forest and Northern European energy,SSP2-NPi,2030,2039,annual,location,GLO,45530.12671733472,6.095288404742262,7469.724760178917,6,kg CO2-Eq,b1c3d6b2f7c67f2b2e0d
BECCS,new CHP+CCS vs standing forest and Northern European energy,SSP2-NPi,2030,2039,annual,location,CHA,31637.35967481194,4.235411703985483,7469.724760178917,7,kg CO2-Eq,b1c3d6b2f7c67f2b2e0d
BECCS,new CHP+CCS vs standing forest and Northern European energy,SSP2-NPi,2030,2039,annual,location,MEA,16665.869917548483,2.231122357599331,7469.724760178917,8,kg CO2-Eq,b1c3d6b2f7c67f2b2e0d
BECCS,new CHP+CCS vs standing forest and Northern European energy,SSP2-NPi,2030,2039,annual,location,Other locations,126895.94504428278,16.988034916730097,7469.724760178917,9,kg CO2-Eq,b1c3d6b2f7c67f2b2e0d
BECCS,new CHP+CCS vs standing forest and Northern European energy,SSP2-NPi,2030,2039,annual,process,Forest regrowth,-8538779.819222614,-1143.1184003917824,7469.724760178917,1,kg CO2-Eq,b1c3d6b2f7c67f2b2e0d
BECCS,new CHP+CCS vs standing forest and Northern European energy,SSP2-NPi,2030,2039,annual,process,Harvesting and biomass supply,121386.38553384936,16.250449572246605,7469.724760178917,2,kg CO2-Eq,b1c3d6b2f7c67f2b2e0d
BECCS,new CHP+CCS vs standing forest and Northern European energy,SSP2-NPi,2030,2039,annual,process,Residual biogenic stack emissions,853878.0018494421,114.31184270690449,7469.724760178917,3,kg CO2-Eq,b1c3d6b2f7c67f2b2e0d
BECCS,new CHP+CCS vs standing forest and Northern European energy,SSP2-NPi,2030,2039,annual,process,New CHP infrastructure and end-of-life,17903.831457389577,2.3968529005024197,7469.724760178917,4,kg CO2-Eq,b1c3d6b2f7c67f2b2e0d
BECCS,new CHP+CCS vs standing forest and Northern European energy,SSP2-NPi,2030,2039,annual,process,Other CHP operating emissions,70198.7704307429,9.397772031035515,7469.724760178917,5,kg CO2-Eq,b1c3d6b2f7c67f2b2e0d
BECCS,new CHP+CCS vs standing forest and Northern European energy,SSP2-NPi,2030,2039,annual,process,Avoided Northern European electricity,-148283.26249973965,-19.851235120501002,7469.724760178917,6,kg CO2-Eq,b1c3d6b2f7c67f2b2e0d
BECCS,new CHP+CCS vs standing forest and Northern European energy,SSP2-NPi,2030,2039,annual,process,Avoided Northern European heat,-65911.2503727939,-8.82378568005164,7469.724760178917,7,kg CO2-Eq,b1c3d6b2f7c67f2b2e0d
BECCS,new CHP+CCS vs standing forest and Northern European energy,SSP2-NPi,2030,2039,annual,process,Capture electricity,0.0,0.0,7469.724760178917,8,kg CO2-Eq,b1c3d6b2f7c67f2b2e0d
BECCS,new CHP+CCS vs standing forest and Northern European energy,SSP2-NPi,2030,2039,annual,process,Compression and recompression,38941.60770466359,5.213258715001281,7469.724760178917,9,kg CO2-Eq,b1c3d6b2f7c67f2b2e0d
BECCS,new CHP+CCS vs standing forest and Northern European energy,SSP2-NPi,2030,2039,annual,process,Pipeline and geological storage,153528.47236841836,20.55343098943595,7469.724760178917,10,kg CO2-Eq,b1c3d6b2f7c67f2b2e0d
BECCS,new CHP+CCS vs standing forest and Northern European energy,SSP2-NPi,2030,2039,annual,process,Transport losses,215177.25646605933,28.80658436213992,7469.724760178917,11,kg CO2-Eq,b1c3d6b2f7c67f2b2e0d
BECCS,new CHP+CCS vs standing forest and Northern European energy,SSP2-NPi,2030,2039,annual,process,Capture chemicals and operating materials,15249.787625374038,2.04154612318122,7469.724760178917,12,kg CO2-Eq,b1c3d6b2f7c67f2b2e0d
BECCS,new CHP+CCS vs standing forest and Northern European energy,SSP2-NPi,2030,2039,annual,process,CCS infrastructure and end-of-life,9699.535291231314,1.2985130781443932,7469.724760178917,13,kg CO2-Eq,b1c3d6b2f7c67f2b2e0d
BECCS,new CHP+CCS vs standing forest and Northern European energy,SSP2-NPi,2030,2039,annual,process,Other CHP and CCS supply-chain GHG emissions,0.1210261499862463,1.6202223491745826e-05,7469.724760178917,14,kg CO2-Eq,b1c3d6b2f7c67f2b2e0d
BECCS,new CHP+CCS vs standing forest and Northern European energy,SSP2-NPi,2030,2040,annual,activity,"forest carbon regrowth differential, existing spruce forest vs standing stock, LCSS 2026 | SE",-8538779.455058046,-1143.1183516397093,7469.724760178917,1,kg CO2-Eq,dac03a07e872097a9952
BECCS,new CHP+CCS vs standing forest and Northern European energy,SSP2-NPi,2030,2040,annual,activity,"operation of new Nordic spruce CHP with post-combustion capture, excluding capture equipment, LCSS 2026 | ENC",912907.8167427152,122.21438487391455,7469.724760178917,2,kg CO2-Eq,dac03a07e872097a9952
BECCS,new CHP+CCS vs standing forest and Northern European energy,SSP2-NPi,2030,2040,annual,activity,supply of forest residue | ENC,348686.09281421854,46.67991177841829,7469.724760178917,3,kg CO2-Eq,dac03a07e872097a9952
BECCS,new CHP+CCS vs standing forest and Northern European energy,SSP2-NPi,2030,2040,annual,activity,"carbon dioxide transport extension, pipeline 50 to 2000 km, LCSS 2026 | ENC",215177.25951671123,28.806584770542102,7469.724760178917,4,kg CO2-Eq,dac03a07e872097a9952
BECCS,new CHP+CCS vs standing forest and Northern European energy,SSP2-NPi,2030,2040,annual,activity,"heat and power co-generation, wood chips, 6667 kW, state-of-the-art 2014 | FI",-213310.2519941545,-28.55664148849378,7469.724760178917,5,kg CO2-Eq,dac03a07e872097a9952
BECCS,new CHP+CCS vs standing forest and Northern European energy,SSP2-NPi,2030,2040,annual,activity,"heat and power co-generation, wood chips, 6667 kW, state-of-the-art 2014 | SE",-169013.85804677889,-22.626517505409478,7469.724760178917,6,kg CO2-Eq,dac03a07e872097a9952
BECCS,new CHP+CCS vs standing forest and Northern European energy,SSP2-NPi,2030,2040,annual,activity,"heat and power co-generation, wood chips, 6667 kW, state-of-the-art 2014 | DK",-157055.71183647873,-21.025635733426526,7469.724760178917,7,kg CO2-Eq,dac03a07e872097a9952
BECCS,new CHP+CCS vs standing forest and Northern European energy,SSP2-NPi,2030,2040,annual,activity,"hydrogen production, gaseous, 25 bar, from gasification of woody biomass in entrained flow gasifier, at gasification plant | ENC",98729.03906155602,13.21722583245373,7469.724760178917,8,kg CO2-Eq,dac03a07e872097a9952
BECCS,new CHP+CCS vs standing forest and Northern European energy,SSP2-NPi,2030,2040,annual,activity,"wood chipping, mobile chipper, at forest road | FI",64967.03152984236,8.697379570955738,7469.724760178917,9,kg CO2-Eq,dac03a07e872097a9952
BECCS,new CHP+CCS vs standing forest and Northern European energy,SSP2-NPi,2030,2040,annual,activity,"harvesting, forestry harvester | FI",45385.91710954438,6.075982525018404,7469.724760178917,10,kg CO2-Eq,dac03a07e872097a9952
BECCS,new CHP+CCS vs standing forest and Northern European energy,SSP2-NPi,2030,2040,annual,activity,treatment of sewage sludge by anaerobic digestion | RoW,36304.01718347077,4.8601546039564125,7469.724760178917,11,kg CO2-Eq,dac03a07e872097a9952
BECCS,new CHP+CCS vs standing forest and Northern European energy,SSP2-NPi,2030,2040,annual,activity,"carbon monoxide, from RWGS, for Fischer Tropsch process, hydrogen from wood gasification | ENC",-34554.625564725306,-4.625957002985696,7469.724760178917,12,kg CO2-Eq,dac03a07e872097a9952
BECCS,new CHP+CCS vs standing forest and Northern European energy,SSP2-NPi,2030,2040,annual,activity,"heat production, softwood chips from forest, at furnace 1000kW | ENC",-27201.204612580197,-3.6415270288926505,7469.724760178917,13,kg CO2-Eq,dac03a07e872097a9952
BECCS,new CHP+CCS vs standing forest and Northern European energy,SSP2-NPi,2030,2040,annual,activity,"heat production, softwood chips from forest, at furnace 1000kW, state-of-the-art 2014 | ENC",-25496.68849324866,-3.413337078920423,7469.724760178917,14,kg CO2-Eq,dac03a07e872097a9952
BECCS,new CHP+CCS vs standing forest and Northern European energy,SSP2-NPi,2030,2040,annual,activity,Other activities,181248.70298556038,24.2644419713825,7469.724760178917,15,kg CO2-Eq,dac03a07e872097a9952
BECCS,new CHP+CCS vs standing forest and Northern European energy,SSP2-NPi,2030,2040,annual,location,SE,-8715072.013648799,-1166.7192960186196,7469.724760178917,1,kg CO2-Eq,dac03a07e872097a9952
BECCS,new CHP+CCS vs standing forest and Northern European energy,SSP2-NPi,2030,2040,annual,location,ENC,1412285.1369696686,189.0678950446149,7469.724760178917,2,kg CO2-Eq,dac03a07e872097a9952
BECCS,new CHP+CCS vs standing forest and Northern European energy,SSP2-NPi,2030,2040,annual,location,DK,-157092.50326857847,-21.03056114008888,7469.724760178917,3,kg CO2-Eq,dac03a07e872097a9952
BECCS,new CHP+CCS vs standing forest and Northern European energy,SSP2-NPi,2030,2040,annual,location,FI,-89850.27134012055,-12.028591979601728,7469.724760178917,4,kg CO2-Eq,dac03a07e872097a9952
BECCS,new CHP+CCS vs standing forest and Northern European energy,SSP2-NPi,2030,2040,annual,location,RoW,65635.53048916547,8.786874027684167,7469.724760178917,5,kg CO2-Eq,dac03a07e872097a9952
BECCS,new CHP+CCS vs standing forest and Northern European energy,SSP2-NPi,2030,2040,annual,location,GLO,45246.40647429972,6.057305714329422,7469.724760178917,6,kg CO2-Eq,dac03a07e872097a9952
BECCS,new CHP+CCS vs standing forest and Northern European energy,SSP2-NPi,2030,2040,annual,location,CHA,30562.26061465794,4.091484170552745,7469.724760178917,7,kg CO2-Eq,dac03a07e872097a9952
BECCS,new CHP+CCS vs standing forest and Northern European energy,SSP2-NPi,2030,2040,annual,location,MEA,17918.710562329896,2.3988448219477236,7469.724760178917,8,kg CO2-Eq,dac03a07e872097a9952
BECCS,new CHP+CCS vs standing forest and Northern European energy,SSP2-NPi,2030,2040,annual,location,Other locations,128360.8244849837,17.184143807985393,7469.724760178917,9,kg CO2-Eq,dac03a07e872097a9952
BECCS,new CHP+CCS vs standing forest and Northern European energy,SSP2-NPi,2030,2040,annual,process,Forest regrowth,-8538779.819222614,-1143.1184003917824,7469.724760178917,1,kg CO2-Eq,dac03a07e872097a9952
BECCS,new CHP+CCS vs standing forest and Northern European energy,SSP2-NPi,2030,2040,annual,process,Harvesting and biomass supply,114021.1901694198,15.264443313529632,7469.724760178917,2,kg CO2-Eq,dac03a07e872097a9952
BECCS,new CHP+CCS vs standing forest and Northern European energy,SSP2-NPi,2030,2040,annual,process,Residual biogenic stack emissions,853878.0018494421,114.31184270690449,7469.724760178917,3,kg CO2-Eq,dac03a07e872097a9952
BECCS,new CHP+CCS vs standing forest and Northern European energy,SSP2-NPi,2030,2040,annual,process,New CHP infrastructure and end-of-life,17608.93760382737,2.3573743570446624,7469.724760178917,4,kg CO2-Eq,dac03a07e872097a9952
BECCS,new CHP+CCS vs standing forest and Northern European energy,SSP2-NPi,2030,2040,annual,process,Other CHP operating emissions,70105.08893854974,9.385230539186637,7469.724760178917,5,kg CO2-Eq,dac03a07e872097a9952
BECCS,new CHP+CCS vs standing forest and Northern European energy,SSP2-NPi,2030,2040,annual,process,Avoided Northern European electricity,-144164.2893884346,-19.299812779846196,7469.724760178917,6,kg CO2-Eq,dac03a07e872097a9952
BECCS,new CHP+CCS vs standing forest and Northern European energy,SSP2-NPi,2030,2040,annual,process,Avoided Northern European heat,-64911.268199306134,-8.689914325270449,7469.724760178917,7,kg CO2-Eq,dac03a07e872097a9952
BECCS,new CHP+CCS vs standing forest and Northern European energy,SSP2-NPi,2030,2040,annual,process,Capture electricity,0.0,0.0,7469.724760178917,8,kg CO2-Eq,dac03a07e872097a9952
BECCS,new CHP+CCS vs standing forest and Northern European energy,SSP2-NPi,2030,2040,annual,process,Compression and recompression,37905.676828252355,5.07457477286545,7469.724760178917,9,kg CO2-Eq,dac03a07e872097a9952
BECCS,new CHP+CCS vs standing forest and Northern European energy,SSP2-NPi,2030,2040,annual,process,Pipeline and geological storage,152461.40279944582,20.41057839402827,7469.724760178917,10,kg CO2-Eq,dac03a07e872097a9952
BECCS,new CHP+CCS vs standing forest and Northern European energy,SSP2-NPi,2030,2040,annual,process,Transport losses,215177.25646605933,28.80658436213992,7469.724760178917,11,kg CO2-Eq,dac03a07e872097a9952
BECCS,new CHP+CCS vs standing forest and Northern European energy,SSP2-NPi,2030,2040,annual,process,Capture chemicals and operating materials,15146.107461562568,2.027666071754936,7469.724760178917,12,kg CO2-Eq,dac03a07e872097a9952
BECCS,new CHP+CCS vs standing forest and Northern European energy,SSP2-NPi,2030,2040,annual,process,CCS infrastructure and end-of-life,9545.674957271125,1.2779152196020787,7469.724760178917,13,kg CO2-Eq,dac03a07e872097a9952
BECCS,new CHP+CCS vs standing forest and Northern European energy,SSP2-NPi,2030,2040,annual,process,Other CHP and CCS supply-chain GHG emissions,0.12107408191165618,1.6208640317927347e-05,7469.724760178917,14,kg CO2-Eq,dac03a07e872097a9952
BECCS,new CHP+CCS vs standing forest and Northern European energy,SSP2-NPi,2030,2041,annual,activity,"forest carbon regrowth differential, existing spruce forest vs standing stock, LCSS 2026 | SE",-8538779.455058046,-1143.1183516397093,7469.724760178917,1,kg CO2-Eq,6eeed367cddb2bd5ac01
BECCS,new CHP+CCS vs standing forest and Northern European energy,SSP2-NPi,2030,2041,annual,activity,"operation of new Nordic spruce CHP with post-combustion capture, excluding capture equipment, LCSS 2026 | ENC",912907.8167427152,122.21438487391455,7469.724760178917,2,kg CO2-Eq,6eeed367cddb2bd5ac01
BECCS,new CHP+CCS vs standing forest and Northern European energy,SSP2-NPi,2030,2041,annual,activity,supply of forest residue | ENC,317499.95364856784,42.504906652137876,7469.724760178917,3,kg CO2-Eq,6eeed367cddb2bd5ac01
BECCS,new CHP+CCS vs standing forest and Northern European energy,SSP2-NPi,2030,2041,annual,activity,"carbon dioxide transport extension, pipeline 50 to 2000 km, LCSS 2026 | ENC",215177.25951671123,28.806584770542102,7469.724760178917,4,kg CO2-Eq,6eeed367cddb2bd5ac01
BECCS,new CHP+CCS vs standing forest and Northern European energy,SSP2-NPi,2030,2041,annual,activity,"heat and power co-generation, wood chips, 6667 kW, state-of-the-art 2014 | FI",-202388.67505060014,-27.094529122349144,7469.724760178917,5,kg CO2-Eq,6eeed367cddb2bd5ac01
BECCS,new CHP+CCS vs standing forest and Northern European energy,SSP2-NPi,2030,2041,annual,activity,"heat and power co-generation, wood chips, 6667 kW, state-of-the-art 2014 | SE",-160370.8435807314,-21.469444822875932,7469.724760178917,6,kg CO2-Eq,6eeed367cddb2bd5ac01
BECCS,new CHP+CCS vs standing forest and Northern European energy,SSP2-NPi,2030,2041,annual,activity,"heat and power co-generation, wood chips, 6667 kW, state-of-the-art 2014 | DK",-149024.2098193322,-19.950428510268527,7469.724760178917,7,kg CO2-Eq,6eeed367cddb2bd5ac01
BECCS,new CHP+CCS vs standing forest and Northern European energy,SSP2-NPi,2030,2041,annual,activity,"hydrogen production, gaseous, 25 bar, from gasification of woody biomass in entrained flow gasifier, at gasification plant | ENC",100837.4537181512,13.499487190708203,7469.724760178917,8,kg CO2-Eq,6eeed367cddb2bd5ac01
BECCS,new CHP+CCS vs standing forest and Northern European energy,SSP2-NPi,2030,2041,annual,activity,"wood chipping, mobile chipper, at forest road | FI",64967.03349557359,8.697379834115532,7469.724760178917,9,kg CO2-Eq,6eeed367cddb2bd5ac01
BECCS,new CHP+CCS vs standing forest and Northern European energy,SSP2-NPi,2030,2041,annual,activity,"harvesting, forestry harvester | FI",45388.32273201685,6.0763045746989075,7469.724760178917,10,kg CO2-Eq,6eeed367cddb2bd5ac01
BECCS,new CHP+CCS vs standing forest and Northern European energy,SSP2-NPi,2030,2041,annual,activity,treatment of sewage sludge by anaerobic digestion | RoW,35592.537488038884,4.7649061552820005,7469.724760178917,11,kg CO2-Eq,6eeed367cddb2bd5ac01
BECCS,new CHP+CCS vs standing forest and Northern European energy,SSP2-NPi,2030,2041,annual,activity,"carbon monoxide, from RWGS, for Fischer Tropsch process, hydrogen from wood gasification | ENC",-35294.185129491605,-4.724964608822646,7469.724760178917,12,kg CO2-Eq,6eeed367cddb2bd5ac01
BECCS,new CHP+CCS vs standing forest and Northern European energy,SSP2-NPi,2030,2041,annual,activity,"heat production, softwood chips from forest, at furnace 1000kW | ENC",-27045.707096316073,-3.620709994630146,7469.724760178917,13,kg CO2-Eq,6eeed367cddb2bd5ac01
BECCS,new CHP+CCS vs standing forest and Northern European energy,SSP2-NPi,2030,2041,annual,activity,"heat production, softwood chips from forest, at furnace 1000kW, state-of-the-art 2014 | ENC",-25350.9349580605,-3.393824507859549,7469.724760178917,14,kg CO2-Eq,6eeed367cddb2bd5ac01
BECCS,new CHP+CCS vs standing forest and Northern European energy,SSP2-NPi,2030,2041,annual,activity,Other activities,179766.85578555657,24.066061542708134,7469.724760178917,15,kg CO2-Eq,6eeed367cddb2bd5ac01
BECCS,new CHP+CCS vs standing forest and Northern European energy,SSP2-NPi,2030,2041,annual,location,SE,-8706335.69474215,-1165.5497323215445,7469.724760178917,1,kg CO2-Eq,6eeed367cddb2bd5ac01
BECCS,new CHP+CCS vs standing forest and Northern European energy,SSP2-NPi,2030,2041,annual,location,ENC,1380753.1270320385,184.84658690408915,7469.724760178917,2,kg CO2-Eq,6eeed367cddb2bd5ac01
BECCS,new CHP+CCS vs standing forest and Northern European energy,SSP2-NPi,2030,2041,annual,location,DK,-149057.6819930308,-19.954909555390437,7469.724760178917,3,kg CO2-Eq,6eeed367cddb2bd5ac01
BECCS,new CHP+CCS vs standing forest and Northern European energy,SSP2-NPi,2030,2041,annual,location,FI,-78892.91594782559,-10.561689818666883,7469.724760178917,4,kg CO2-Eq,6eeed367cddb2bd5ac01
BECCS,new CHP+CCS vs standing forest and Northern European energy,SSP2-NPi,2030,2041,annual,location,RoW,62962.010466934524,8.42895989991289,7469.724760178917,5,kg CO2-Eq,6eeed367cddb2bd5ac01
BECCS,new CHP+CCS vs standing forest and Northern European energy,SSP2-NPi,2030,2041,annual,location,GLO,45144.968104517626,6.043725780257036,7469.724760178917,6,kg CO2-Eq,6eeed367cddb2bd5ac01
BECCS,new CHP+CCS vs standing forest and Northern European energy,SSP2-NPi,2030,2041,annual,location,CHA,29693.6590550328,3.9752012300814106,7469.724760178917,7,kg CO2-Eq,6eeed367cddb2bd5ac01
BECCS,new CHP+CCS vs standing forest and Northern European energy,SSP2-NPi,2030,2041,annual,location,MEA,19243.52117192827,2.5762021747461743,7469.724760178917,8,kg CO2-Eq,6eeed367cddb2bd5ac01
BECCS,new CHP+CCS vs standing forest and Northern European energy,SSP2-NPi,2030,2041,annual,location,Other locations,130372.22928730858,17.453418094107377,7469.724760178917,9,kg CO2-Eq,6eeed367cddb2bd5ac01
BECCS,new CHP+CCS vs standing forest and Northern European energy,SSP2-NPi,2030,2041,annual,process,Forest regrowth,-8538779.819222614,-1143.1184003917824,7469.724760178917,1,kg CO2-Eq,6eeed367cddb2bd5ac01
BECCS,new CHP+CCS vs standing forest and Northern European energy,SSP2-NPi,2030,2041,annual,process,Harvesting and biomass supply,106386.11698657178,14.242307501571664,7469.724760178917,2,kg CO2-Eq,6eeed367cddb2bd5ac01
BECCS,new CHP+CCS vs standing forest and Northern European energy,SSP2-NPi,2030,2041,annual,process,Residual biogenic stack emissions,853878.0018494421,114.31184270690449,7469.724760178917,3,kg CO2-Eq,6eeed367cddb2bd5ac01
BECCS,new CHP+CCS vs standing forest and Northern European energy,SSP2-NPi,2030,2041,annual,process,New CHP infrastructure and end-of-life,17396.363956317466,2.3289163275543214,7469.724760178917,4,kg CO2-Eq,6eeed367cddb2bd5ac01
BECCS,new CHP+CCS vs standing forest and Northern European energy,SSP2-NPi,2030,2041,annual,process,Other CHP operating emissions,70015.17681912675,9.373193667372789,7469.724760178917,5,kg CO2-Eq,6eeed367cddb2bd5ac01
BECCS,new CHP+CCS vs standing forest and Northern European energy,SSP2-NPi,2030,2041,annual,process,Avoided Northern European electricity,-139272.2987309796,-18.64490368821082,7469.724760178917,6,kg CO2-Eq,6eeed367cddb2bd5ac01
BECCS,new CHP+CCS vs standing forest and Northern European energy,SSP2-NPi,2030,2041,annual,process,Avoided Northern European heat,-63919.24408721771,-8.557108345942147,7469.724760178917,7,kg CO2-Eq,6eeed367cddb2bd5ac01
BECCS,new CHP+CCS vs standing forest and Northern European energy,SSP2-NPi,2030,2041,annual,process,Capture electricity,0.0,0.0,7469.724760178917,8,kg CO2-Eq,6eeed367cddb2bd5ac01
BECCS,new CHP+CCS vs standing forest and Northern European energy,SSP2-NPi,2030,2041,annual,process,Compression and recompression,36682.844354249646,4.910869614608265,7469.724760178917,9,kg CO2-Eq,6eeed367cddb2bd5ac01
BECCS,new CHP+CCS vs standing forest and Northern European energy,SSP2-NPi,2030,2041,annual,process,Pipeline and geological storage,151800.6044505596,20.32211484682919,7469.724760178917,10,kg CO2-Eq,6eeed367cddb2bd5ac01
BECCS,new CHP+CCS vs standing forest and Northern European energy,SSP2-NPi,2030,2041,annual,process,Transport losses,215177.25646605933,28.80658436213992,7469.724760178917,11,kg CO2-Eq,6eeed367cddb2bd5ac01
BECCS,new CHP+CCS vs standing forest and Northern European energy,SSP2-NPi,2030,2041,annual,process,Capture chemicals and operating materials,15073.07577940189,2.0178890472318898,7469.724760178917,12,kg CO2-Eq,6eeed367cddb2bd5ac01
BECCS,new CHP+CCS vs standing forest and Northern European energy,SSP2-NPi,2030,2041,annual,process,CCS infrastructure and end-of-life,9445.022722047428,1.264440528304178,7469.724760178917,13,kg CO2-Eq,6eeed367cddb2bd5ac01
BECCS,new CHP+CCS vs standing forest and Northern European energy,SSP2-NPi,2030,2041,annual,process,Other CHP and CCS supply-chain GHG emissions,0.12109173187954801,1.6211003185162554e-05,7469.724760178917,14,kg CO2-Eq,6eeed367cddb2bd5ac01
BECCS,new CHP+CCS vs standing forest and Northern European energy,SSP2-NPi,2030,2042,annual,activity,"forest carbon regrowth differential, existing spruce forest vs standing stock, LCSS 2026 | SE",-8538779.455058046,-1143.1183516397093,7469.724760178917,1,kg CO2-Eq,fc5577405e4538c0a5d7
BECCS,new CHP+CCS vs standing forest and Northern European energy,SSP2-NPi,2030,2042,annual,activity,"operation of new Nordic spruce CHP with post-combustion capture, excluding capture equipment, LCSS 2026 | ENC",912907.8167427152,122.21438487391455,7469.724760178917,2,kg CO2-Eq,fc5577405e4538c0a5d7
BECCS,new CHP+CCS vs standing forest and Northern European energy,SSP2-NPi,2030,2042,annual,activity,supply of forest residue | ENC,286280.2411052983,38.325406932188116,7469.724760178917,3,kg CO2-Eq,fc5577405e4538c0a5d7
BECCS,new CHP+CCS vs standing forest and Northern European energy,SSP2-NPi,2030,2042,annual,activity,"carbon dioxide transport extension, pipeline 50 to 2000 km, LCSS 2026 | ENC",215177.25951671123,28.806584770542102,7469.724760178917,4,kg CO2-Eq,fc5577405e4538c0a5d7
BECCS,new CHP+CCS vs standing forest and Northern European energy,SSP2-NPi,2030,2042,annual,activity,"heat and power co-generation, wood chips, 6667 kW, state-of-the-art 2014 | FI",-191438.6425219117,-25.628607300562212,7469.724760178917,5,kg CO2-Eq,fc5577405e4538c0a5d7
BECCS,new CHP+CCS vs standing forest and Northern European energy,SSP2-NPi,2030,2042,annual,activity,"heat and power co-generation, wood chips, 6667 kW, state-of-the-art 2014 | SE",-151705.3202424404,-20.309358793403078,7469.724760178917,6,kg CO2-Eq,fc5577405e4538c0a5d7
BECCS,new CHP+CCS vs standing forest and Northern European energy,SSP2-NPi,2030,2042,annual,activity,"heat and power co-generation, wood chips, 6667 kW, state-of-the-art 2014 | DK",-140971.79217975776,-18.87242123448484,7469.724760178917,7,kg CO2-Eq,fc5577405e4538c0a5d7
BECCS,new CHP+CCS vs standing forest and Northern European energy,SSP2-NPi,2030,2042,annual,activity,"hydrogen production, gaseous, 25 bar, from gasification of woody biomass in entrained flow gasifier, at gasification plant | ENC",102951.63732890031,13.782520860438556,7469.724760178917,8,kg CO2-Eq,fc5577405e4538c0a5d7
BECCS,new CHP+CCS vs standing forest and Northern European energy,SSP2-NPi,2030,2042,annual,activity,"wood chipping, mobile chipper, at forest road | FI",64967.033493728304,8.697379833868498,7469.724760178917,9,kg CO2-Eq,fc5577405e4538c0a5d7
BECCS,new CHP+CCS vs standing forest and Northern European energy,SSP2-NPi,2030,2042,annual,activity,"harvesting, forestry harvester | FI",45390.78051739279,6.076633607622456,7469.724760178917,10,kg CO2-Eq,fc5577405e4538c0a5d7
BECCS,new CHP+CCS vs standing forest and Northern European energy,SSP2-NPi,2030,2042,annual,activity,"carbon monoxide, from RWGS, for Fischer Tropsch process, hydrogen from wood gasification | ENC",-36031.74132001154,-4.8237040154540445,7469.724760178917,11,kg CO2-Eq,fc5577405e4538c0a5d7
BECCS,new CHP+CCS vs standing forest and Northern European energy,SSP2-NPi,2030,2042,annual,activity,treatment of sewage sludge by anaerobic digestion | RoW,34873.23361792659,4.66861025507067,7469.724760178917,12,kg CO2-Eq,fc5577405e4538c0a5d7
BECCS,new CHP+CCS vs standing forest and Northern European energy,SSP2-NPi,2030,2042,annual,activity,"heat production, softwood chips from forest, at furnace 1000kW | ENC",-26891.76960529946,-3.600101806784022,7469.724760178917,13,kg CO2-Eq,fc5577405e4538c0a5d7
BECCS,new CHP+CCS vs standing forest and Northern European energy,SSP2-NPi,2030,2042,annual,activity,"heat production, softwood chips from forest, at furnace 1000kW, state-of-the-art 2014 | ENC",-25206.643691854304,-3.374507696218053,7469.724760178917,14,kg CO2-Eq,fc5577405e4538c0a5d7
BECCS,new CHP+CCS vs standing forest and Northern European energy,SSP2-NPi,2030,2042,annual,activity,Other activities,178355.70905018292,23.877146049744262,7469.724760178917,15,kg CO2-Eq,fc5577405e4538c0a5d7
BECCS,new CHP+CCS vs standing forest and Northern European energy,SSP2-NPi,2030,2042,annual,location,SE,-8697576.711461306,-1164.377134459902,7469.724760178917,1,kg CO2-Eq,fc5577405e4538c0a5d7
BECCS,new CHP+CCS vs standing forest and Northern European energy,SSP2-NPi,2030,2042,annual,location,ENC,1349140.1918887512,180.61444500351794,7469.724760178917,2,kg CO2-Eq,fc5577405e4538c0a5d7
BECCS,new CHP+CCS vs standing forest and Northern European energy,SSP2-NPi,2030,2042,annual,location,DK,-141001.93496112825,-18.876456561399586,7469.724760178917,3,kg CO2-Eq,fc5577405e4538c0a5d7
BECCS,new CHP+CCS vs standing forest and Northern European energy,SSP2-NPi,2030,2042,annual,location,FI,-67906.98480400466,-9.090962114965283,7469.724760178917,4,kg CO2-Eq,fc5577405e4538c0a5d7
BECCS,new CHP+CCS vs standing forest and Northern European energy,SSP2-NPi,2030,2042,annual,location,RoW,60283.69659040953,8.070404000932104,7469.724760178917,5,kg CO2-Eq,fc5577405e4538c0a5d7
BECCS,new CHP+CCS vs standing forest and Northern European energy,SSP2-NPi,2030,2042,annual,location,GLO,45051.88320550309,6.031264156569002,7469.724760178917,6,kg CO2-Eq,fc5577405e4538c0a5d7
BECCS,new CHP+CCS vs standing forest and Northern European energy,SSP2-NPi,2030,2042,annual,location,CHA,28846.593854866394,3.861801442624434,7469.724760178917,7,kg CO2-Eq,fc5577405e4538c0a5d7
BECCS,new CHP+CCS vs standing forest and Northern European energy,SSP2-NPi,2030,2042,annual,location,MEA,20626.833983830715,2.76139143624037,7469.724760178917,8,kg CO2-Eq,fc5577405e4538c0a5d7
BECCS,new CHP+CCS vs standing forest and Northern European energy,SSP2-NPi,2030,2042,annual,location,Other locations,132414.77845661418,17.72686179315696,7469.724760178917,9,kg CO2-Eq,fc5577405e4538c0a5d7
BECCS,new CHP+CCS vs standing forest and Northern European energy,SSP2-NPi,2030,2042,annual,process,Forest regrowth,-8538779.819222614,-1143.1184003917824,7469.724760178917,1,kg CO2-Eq,fc5577405e4538c0a5d7
BECCS,new CHP+CCS vs standing forest and Northern European energy,SSP2-NPi,2030,2042,annual,process,Harvesting and biomass supply,98814.60881429625,13.228681375393734,7469.724760178917,2,kg CO2-Eq,fc5577405e4538c0a5d7
BECCS,new CHP+CCS vs standing forest and Northern European energy,SSP2-NPi,2030,2042,annual,process,Residual biogenic stack emissions,853878.0018494421,114.31184270690449,7469.724760178917,3,kg CO2-Eq,fc5577405e4538c0a5d7
BECCS,new CHP+CCS vs standing forest and Northern European energy,SSP2-NPi,2030,2042,annual,process,New CHP infrastructure and end-of-life,17187.53340192238,2.3009593999432316,7469.724760178917,4,kg CO2-Eq,fc5577405e4538c0a5d7
BECCS,new CHP+CCS vs standing forest and Northern European energy,SSP2-NPi,2030,2042,annual,process,Other CHP operating emissions,69925.59309179208,9.361200758636414,7469.724760178917,5,kg CO2-Eq,fc5577405e4538c0a5d7
BECCS,new CHP+CCS vs standing forest and Northern European energy,SSP2-NPi,2030,2042,annual,process,Avoided Northern European electricity,-134371.0113808754,-17.988750013548948,7469.724760178917,6,kg CO2-Eq,fc5577405e4538c0a5d7
BECCS,new CHP+CCS vs standing forest and Northern European energy,SSP2-NPi,2030,2042,annual,process,Avoided Northern European heat,-62947.64565375175,-8.42703682862928,7469.724760178917,7,kg CO2-Eq,fc5577405e4538c0a5d7
BECCS,new CHP+CCS vs standing forest and Northern European energy,SSP2-NPi,2030,2042,annual,process,Capture electricity,0.0,0.0,7469.724760178917,8,kg CO2-Eq,fc5577405e4538c0a5d7
BECCS,new CHP+CCS vs standing forest and Northern European energy,SSP2-NPi,2030,2042,annual,process,Compression and recompression,35457.74557362148,4.746861057404234,7469.724760178917,9,kg CO2-Eq,fc5577405e4538c0a5d7
BECCS,new CHP+CCS vs standing forest and Northern European energy,SSP2-NPi,2030,2042,annual,process,Pipeline and geological storage,151188.16433253884,20.240125196917905,7469.724760178917,10,kg CO2-Eq,fc5577405e4538c0a5d7
BECCS,new CHP+CCS vs standing forest and Northern European energy,SSP2-NPi,2030,2042,annual,process,Transport losses,215177.25646605933,28.80658436213992,7469.724760178917,11,kg CO2-Eq,fc5577405e4538c0a5d7
BECCS,new CHP+CCS vs standing forest and Northern European energy,SSP2-NPi,2030,2042,annual,process,Capture chemicals and operating materials,14999.783640691348,2.008077154416071,7469.724760178917,12,kg CO2-Eq,fc5577405e4538c0a5d7
BECCS,new CHP+CCS vs standing forest and Northern European energy,SSP2-NPi,2030,2042,annual,process,CCS infrastructure and end-of-life,9348.014733704522,1.2514537059703676,7469.724760178917,13,kg CO2-Eq,fc5577405e4538c0a5d7
BECCS,new CHP+CCS vs standing forest and Northern European energy,SSP2-NPi,2030,2042,annual,process,Other CHP and CCS supply-chain GHG emissions,0.12110675609201636,1.6213014532695524e-05,7469.724760178917,14,kg CO2-Eq,fc5577405e4538c0a5d7
BECCS,new CHP+CCS vs standing forest and Northern European energy,SSP2-NPi,2030,2043,annual,activity,"forest carbon regrowth differential, existing spruce forest vs standing stock, LCSS 2026 | SE",-8538779.455058046,-1143.1183516397093,7469.724760178917,1,kg CO2-Eq,5b3263f7a1d7b1ac2023
BECCS,new CHP+CCS vs standing forest and Northern European energy,SSP2-NPi,2030,2043,annual,activity,"operation of new Nordic spruce CHP with post-combustion capture, excluding capture equipment, LCSS 2026 | ENC",912907.8167427152,122.21438487391455,7469.724760178917,2,kg CO2-Eq,5b3263f7a1d7b1ac2023
BECCS,new CHP+CCS vs standing forest and Northern European energy,SSP2-NPi,2030,2043,annual,activity,supply of forest residue | ENC,255026.506006258,34.14135248540932,7469.724760178917,3,kg CO2-Eq,5b3263f7a1d7b1ac2023
BECCS,new CHP+CCS vs standing forest and Northern European energy,SSP2-NPi,2030,2043,annual,activity,"carbon dioxide transport extension, pipeline 50 to 2000 km, LCSS 2026 | ENC",215177.25951671123,28.806584770542102,7469.724760178917,4,kg CO2-Eq,5b3263f7a1d7b1ac2023
BECCS,new CHP+CCS vs standing forest and Northern European energy,SSP2-NPi,2030,2043,annual,activity,"heat and power co-generation, wood chips, 6667 kW, state-of-the-art 2014 | FI",-180459.34234473837,-24.15876730917405,7469.724760178917,5,kg CO2-Eq,5b3263f7a1d7b1ac2023
BECCS,new CHP+CCS vs standing forest and Northern European energy,SSP2-NPi,2030,2043,annual,activity,"heat and power co-generation, wood chips, 6667 kW, state-of-the-art 2014 | SE",-143016.64132027054,-19.146172839284773,7469.724760178917,6,kg CO2-Eq,5b3263f7a1d7b1ac2023
BECCS,new CHP+CCS vs standing forest and Northern European energy,SSP2-NPi,2030,2043,annual,activity,"heat and power co-generation, wood chips, 6667 kW, state-of-the-art 2014 | DK",-132897.8565709779,-17.791533267658806,7469.724760178917,7,kg CO2-Eq,5b3263f7a1d7b1ac2023
BECCS,new CHP+CCS vs standing forest and Northern European energy,SSP2-NPi,2030,2043,annual,activity,"hydrogen production, gaseous, 25 bar, from gasification of woody biomass in entrained flow gasifier, at gasification plant | ENC",105071.30357721633,14.066288511372088,7469.724760178917,8,kg CO2-Eq,5b3263f7a1d7b1ac2023
BECCS,new CHP+CCS vs standing forest and Northern European energy,SSP2-NPi,2030,2043,annual,activity,"wood chipping, mobile chipper, at forest road | FI",64967.03152430932,8.69737957021501,7469.724760178917,9,kg CO2-Eq,5b3263f7a1d7b1ac2023
BECCS,new CHP+CCS vs standing forest and Northern European energy,SSP2-NPi,2030,2043,annual,activity,"harvesting, forestry harvester | FI",45393.29069183529,6.076969654066346,7469.724760178917,10,kg CO2-Eq,5b3263f7a1d7b1ac2023
BECCS,new CHP+CCS vs standing forest and Northern European energy,SSP2-NPi,2030,2043,annual,activity,"carbon monoxide, from RWGS, for Fischer Tropsch process, hydrogen from wood gasification | ENC",-36767.194967252806,-4.922161946750518,7469.724760178917,11,kg CO2-Eq,5b3263f7a1d7b1ac2023
BECCS,new CHP+CCS vs standing forest and Northern European energy,SSP2-NPi,2030,2043,annual,activity,treatment of sewage sludge by anaerobic digestion | RoW,34146.09189401876,4.571265072048101,7469.724760178917,12,kg CO2-Eq,5b3263f7a1d7b1ac2023
BECCS,new CHP+CCS vs standing forest and Northern European energy,SSP2-NPi,2030,2043,annual,activity,"heat production, softwood chips from forest, at furnace 1000kW | ENC",-26739.38708335142,-3.5797017884646865,7469.724760178917,13,kg CO2-Eq,5b3263f7a1d7b1ac2023
BECCS,new CHP+CCS vs standing forest and Northern European energy,SSP2-NPi,2030,2043,annual,activity,"heat production, softwood chips from forest, at furnace 1000kW, state-of-the-art 2014 | ENC",-25063.809955287805,-3.355386009522454,7469.724760178917,14,kg CO2-Eq,5b3263f7a1d7b1ac2023
BECCS,new CHP+CCS vs standing forest and Northern European energy,SSP2-NPi,2030,2043,annual,activity,Other activities,177016.45189534704,23.69785468388625,7469.724760178917,15,kg CO2-Eq,5b3263f7a1d7b1ac2023
BECCS,new CHP+CCS vs standing forest and Northern European energy,SSP2-NPi,2030,2043,annual,location,SE,-8688794.408020053,-1163.2014146411382,7469.724760178917,1,kg CO2-Eq,5b3263f7a1d7b1ac2023
BECCS,new CHP+CCS vs standing forest and Northern European energy,SSP2-NPi,2030,2043,annual,location,ENC,1317445.4498973365,176.37135131412535,7469.724760178917,2,kg CO2-Eq,5b3263f7a1d7b1ac2023
BECCS,new CHP+CCS vs standing forest and Northern European energy,SSP2-NPi,2030,2043,annual,location,DK,-132924.65960538582,-17.795121490152734,7469.724760178917,3,kg CO2-Eq,5b3263f7a1d7b1ac2023
BECCS,new CHP+CCS vs standing forest and Northern European energy,SSP2-NPi,2030,2043,annual,location,RoW,57600.57305249102,7.711204214586262,7469.724760178917,4,kg CO2-Eq,5b3263f7a1d7b1ac2023
BECCS,new CHP+CCS vs standing forest and Northern European energy,SSP2-NPi,2030,2043,annual,location,FI,-56891.66396907292,-7.616299903359523,7469.724760178917,5,kg CO2-Eq,5b3263f7a1d7b1ac2023
BECCS,new CHP+CCS vs standing forest and Northern European energy,SSP2-NPi,2030,2043,annual,location,GLO,44967.358744389174,6.0199485507297466,7469.724760178917,6,kg CO2-Eq,5b3263f7a1d7b1ac2023
BECCS,new CHP+CCS vs standing forest and Northern European energy,SSP2-NPi,2030,2043,annual,location,CHA,28021.004117087614,3.7512766556630726,7469.724760178917,7,kg CO2-Eq,5b3263f7a1d7b1ac2023
BECCS,new CHP+CCS vs standing forest and Northern European energy,SSP2-NPi,2030,2043,annual,location,MEA,22069.56947642695,2.954535834316114,7469.724760178917,8,kg CO2-Eq,5b3263f7a1d7b1ac2023
BECCS,new CHP+CCS vs standing forest and Northern European energy,SSP2-NPi,2030,2043,annual,location,Other locations,134488.84085527036,18.00452428611962,7469.724760178917,9,kg CO2-Eq,5b3263f7a1d7b1ac2023
BECCS,new CHP+CCS vs standing forest and Northern European energy,SSP2-NPi,2030,2043,annual,process,Forest regrowth,-8538779.819222614,-1143.1184003917824,7469.724760178917,1,kg CO2-Eq,5b3263f7a1d7b1ac2023
BECCS,new CHP+CCS vs standing forest and Northern European energy,SSP2-NPi,2030,2043,annual,process,Harvesting and biomass supply,91307.15304127254,12.2236301835418,7469.724760178917,2,kg CO2-Eq,5b3263f7a1d7b1ac2023
BECCS,new CHP+CCS vs standing forest and Northern European energy,SSP2-NPi,2030,2043,annual,process,Residual biogenic stack emissions,853878.0018494421,114.31184270690449,7469.724760178917,3,kg CO2-Eq,5b3263f7a1d7b1ac2023
BECCS,new CHP+CCS vs standing forest and Northern European energy,SSP2-NPi,2030,2043,annual,process,New CHP infrastructure and end-of-life,16982.448760954932,2.2735039517772226,7469.724760178917,4,kg CO2-Eq,5b3263f7a1d7b1ac2023
BECCS,new CHP+CCS vs standing forest and Northern European energy,SSP2-NPi,2030,2043,annual,process,Other CHP operating emissions,69836.321518515,9.349249639131585,7469.724760178917,5,kg CO2-Eq,5b3263f7a1d7b1ac2023
BECCS,new CHP+CCS vs standing forest and Northern European energy,SSP2-NPi,2030,2043,annual,process,Avoided Northern European electricity,-129458.63558406878,-17.331111887042,7469.724760178917,6,kg CO2-Eq,5b3263f7a1d7b1ac2023
BECCS,new CHP+CCS vs standing forest and Northern European energy,SSP2-NPi,2030,2043,annual,process,Avoided Northern European heat,-61995.88761509418,-8.299621419197946,7469.724760178917,7,kg CO2-Eq,5b3263f7a1d7b1ac2023
BECCS,new CHP+CCS vs standing forest and Northern European energy,SSP2-NPi,2030,2043,annual,process,Capture electricity,0.0,0.0,7469.724760178917,8,kg CO2-Eq,5b3263f7a1d7b1ac2023
BECCS,new CHP+CCS vs standing forest and Northern European energy,SSP2-NPi,2030,2043,annual,process,Compression and recompression,34229.93529315215,4.582489501571978,7469.724760178917,9,kg CO2-Eq,5b3263f7a1d7b1ac2023
BECCS,new CHP+CCS vs standing forest and Northern European energy,SSP2-NPi,2030,2043,annual,process,Pipeline and geological storage,150624.30173838788,20.164638801869334,7469.724760178917,10,kg CO2-Eq,5b3263f7a1d7b1ac2023
BECCS,new CHP+CCS vs standing forest and Northern European energy,SSP2-NPi,2030,2043,annual,process,Transport losses,215177.25646605933,28.80658436213992,7469.724760178917,11,kg CO2-Eq,5b3263f7a1d7b1ac2023
BECCS,new CHP+CCS vs standing forest and Northern European energy,SSP2-NPi,2030,2043,annual,process,Capture chemicals and operating materials,14926.210565575628,1.9982276515926285,7469.724760178917,12,kg CO2-Eq,5b3263f7a1d7b1ac2023
BECCS,new CHP+CCS vs standing forest and Northern European energy,SSP2-NPi,2030,2043,annual,process,CCS infrastructure and end-of-life,9254.656618315388,1.238955505784087,7469.724760178917,13,kg CO2-Eq,5b3263f7a1d7b1ac2023
BECCS,new CHP+CCS vs standing forest and Northern European energy,SSP2-NPi,2030,2043,annual,process,Other CHP and CCS supply-chain GHG emissions,0.1211185864279816,1.6214598304031824e-05,7469.724760178917,14,kg CO2-Eq,5b3263f7a1d7b1ac2023
BECCS,new CHP+CCS vs standing forest and Northern European energy,SSP2-NPi,2030,2044,annual,activity,"forest carbon regrowth differential, existing spruce forest vs standing stock, LCSS 2026 | SE",-8538779.455058046,-1143.1183516397093,7469.724760178917,1,kg CO2-Eq,2827bf122d4af03e3617
BECCS,new CHP+CCS vs standing forest and Northern European energy,SSP2-NPi,2030,2044,annual,activity,"operation of new Nordic spruce CHP with post-combustion capture, excluding capture equipment, LCSS 2026 | ENC",912907.8167427152,122.21438487391455,7469.724760178917,2,kg CO2-Eq,2827bf122d4af03e3617
BECCS,new CHP+CCS vs standing forest and Northern European energy,SSP2-NPi,2030,2044,annual,activity,supply of forest residue | ENC,223738.48670430577,29.952708284119794,7469.724760178917,3,kg CO2-Eq,2827bf122d4af03e3617
BECCS,new CHP+CCS vs standing forest and Northern European energy,SSP2-NPi,2030,2044,annual,activity,"carbon dioxide transport extension, pipeline 50 to 2000 km, LCSS 2026 | ENC",215177.25951671123,28.806584770542102,7469.724760178917,4,kg CO2-Eq,2827bf122d4af03e3617
BECCS,new CHP+CCS vs standing forest and Northern European energy,SSP2-NPi,2030,2044,annual,activity,"heat and power co-generation, wood chips, 6667 kW, state-of-the-art 2014 | FI",-169450.04761268495,-22.684911834505968,7469.724760178917,5,kg CO2-Eq,2827bf122d4af03e3617
BECCS,new CHP+CCS vs standing forest and Northern European energy,SSP2-NPi,2030,2044,annual,activity,"heat and power co-generation, wood chips, 6667 kW, state-of-the-art 2014 | SE",-134304.220084785,-17.97980841285618,7469.724760178917,6,kg CO2-Eq,2827bf122d4af03e3617
BECCS,new CHP+CCS vs standing forest and Northern European energy,SSP2-NPi,2030,2044,annual,activity,"heat and power co-generation, wood chips, 6667 kW, state-of-the-art 2014 | DK",-124801.85916952984,-16.707691806108873,7469.724760178917,7,kg CO2-Eq,2827bf122d4af03e3617
BECCS,new CHP+CCS vs standing forest and Northern European energy,SSP2-NPi,2030,2044,annual,activity,"hydrogen production, gaseous, 25 bar, from gasification of woody biomass in entrained flow gasifier, at gasification plant | ENC",107196.16571274785,14.350751755166447,7469.724760178917,8,kg CO2-Eq,2827bf122d4af03e3617
BECCS,new CHP+CCS vs standing forest and Northern European energy,SSP2-NPi,2030,2044,annual,activity,"wood chipping, mobile chipper, at forest road | FI",64967.03349206894,8.697379833646352,7469.724760178917,9,kg CO2-Eq,2827bf122d4af03e3617
BECCS,new CHP+CCS vs standing forest and Northern European energy,SSP2-NPi,2030,2044,annual,activity,"harvesting, forestry harvester | FI",45395.85346016834,6.077312741451133,7469.724760178917,10,kg CO2-Eq,2827bf122d4af03e3617
BECCS,new CHP+CCS vs standing forest and Northern European energy,SSP2-NPi,2030,2044,annual,activity,"carbon monoxide, from RWGS, for Fischer Tropsch process, hydrogen from wood gasification | ENC",-37500.446706047216,-5.020325100325249,7469.724760178917,11,kg CO2-Eq,2827bf122d4af03e3617
BECCS,new CHP+CCS vs standing forest and Northern European energy,SSP2-NPi,2030,2044,annual,activity,treatment of sewage sludge by anaerobic digestion | RoW,33411.0892217515,4.472867514458622,7469.724760178917,12,kg CO2-Eq,2827bf122d4af03e3617
BECCS,new CHP+CCS vs standing forest and Northern European energy,SSP2-NPi,2030,2044,annual,activity,"heat production, softwood chips from forest, at furnace 1000kW | ENC",-26588.564567112073,-3.559510613945997,7469.724760178917,13,kg CO2-Eq,2827bf122d4af03e3617
BECCS,new CHP+CCS vs standing forest and Northern European energy,SSP2-NPi,2030,2044,annual,activity,"methanol production, biomass gasification | ENC",-26534.365644243833,-3.552254801368113,7469.724760178917,14,kg CO2-Eq,2827bf122d4af03e3617
BECCS,new CHP+CCS vs standing forest and Northern European energy,SSP2-NPi,2030,2044,annual,activity,Other activities,177362.21434493212,23.744143196607407,7469.724760178917,15,kg CO2-Eq,2827bf122d4af03e3617
BECCS,new CHP+CCS vs standing forest and Northern European energy,SSP2-NPi,2030,2044,annual,location,SE,-8679988.186596349,-1162.0224928325797,7469.724760178917,1,kg CO2-Eq,2827bf122d4af03e3617
BECCS,new CHP+CCS vs standing forest and Northern European energy,SSP2-NPi,2030,2044,annual,location,ENC,1285668.1924141806,172.11721096713956,7469.724760178917,2,kg CO2-Eq,2827bf122d4af03e3617
BECCS,new CHP+CCS vs standing forest and Northern European energy,SSP2-NPi,2030,2044,annual,location,DK,-124825.31188551626,-16.710831508941222,7469.724760178917,3,kg CO2-Eq,2827bf122d4af03e3617
BECCS,new CHP+CCS vs standing forest and Northern European energy,SSP2-NPi,2030,2044,annual,location,RoW,54912.61123937422,7.351356710238269,7469.724760178917,4,kg CO2-Eq,2827bf122d4af03e3617
BECCS,new CHP+CCS vs standing forest and Northern European energy,SSP2-NPi,2030,2044,annual,location,FI,-45846.215521725666,-6.1376043955637725,7469.724760178917,5,kg CO2-Eq,2827bf122d4af03e3617
BECCS,new CHP+CCS vs standing forest and Northern European energy,SSP2-NPi,2030,2044,annual,location,GLO,44891.59395546424,6.009805634978843,7469.724760178917,6,kg CO2-Eq,2827bf122d4af03e3617
BECCS,new CHP+CCS vs standing forest and Northern European energy,SSP2-NPi,2030,2044,annual,location,CHA,27216.827548995665,3.643618529840417,7469.724760178917,7,kg CO2-Eq,2827bf122d4af03e3617
BECCS,new CHP+CCS vs standing forest and Northern European energy,SSP2-NPi,2030,2044,annual,location,MEA,23572.651460778587,3.1557590430164617,7469.724760178917,8,kg CO2-Eq,2827bf122d4af03e3617
BECCS,new CHP+CCS vs standing forest and Northern European energy,SSP2-NPi,2030,2044,annual,location,Other locations,136594.79773774868,18.286456612957842,7469.724760178917,9,kg CO2-Eq,2827bf122d4af03e3617
BECCS,new CHP+CCS vs standing forest and Northern European energy,SSP2-NPi,2030,2044,annual,process,Forest regrowth,-8538779.819222614,-1143.1184003917824,7469.724760178917,1,kg CO2-Eq,2827bf122d4af03e3617
BECCS,new CHP+CCS vs standing forest and Northern European energy,SSP2-NPi,2030,2044,annual,process,Harvesting and biomass supply,83864.23568459765,11.22721899094297,7469.724760178917,2,kg CO2-Eq,2827bf122d4af03e3617
BECCS,new CHP+CCS vs standing forest and Northern European energy,SSP2-NPi,2030,2044,annual,process,Residual biogenic stack emissions,853878.0018494421,114.31184270690449,7469.724760178917,3,kg CO2-Eq,2827bf122d4af03e3617
BECCS,new CHP+CCS vs standing forest and Northern European energy,SSP2-NPi,2030,2044,annual,process,New CHP infrastructure and end-of-life,16781.115029130502,2.246550651851402,7469.724760178917,4,kg CO2-Eq,2827bf122d4af03e3617
BECCS,new CHP+CCS vs standing forest and Northern European energy,SSP2-NPi,2030,2044,annual,process,Other CHP operating emissions,69747.34655013237,9.337338227233658,7469.724760178917,5,kg CO2-Eq,2827bf122d4af03e3617
BECCS,new CHP+CCS vs standing forest and Northern European energy,SSP2-NPi,2030,2044,annual,process,Avoided Northern European electricity,-124533.38472233772,-16.671750127424357,7469.724760178917,6,kg CO2-Eq,2827bf122d4af03e3617
BECCS,new CHP+CCS vs standing forest and Northern European energy,SSP2-NPi,2030,2044,annual,process,Avoided Northern European heat,-61063.39971811834,-8.1747857757286,7469.724760178917,7,kg CO2-Eq,2827bf122d4af03e3617
BECCS,new CHP+CCS vs standing forest and Northern European energy,SSP2-NPi,2030,2044,annual,process,Capture electricity,0.0,0.0,7469.724760178917,8,kg CO2-Eq,2827bf122d4af03e3617
BECCS,new CHP+CCS vs standing forest and Northern European energy,SSP2-NPi,2030,2044,annual,process,Compression and recompression,32998.96961903692,4.417695521387126,7469.724760178917,9,kg CO2-Eq,2827bf122d4af03e3617
BECCS,new CHP+CCS vs standing forest and Northern European energy,SSP2-NPi,2030,2044,annual,process,Pipeline and geological storage,150109.22633436418,20.095683730489785,7469.724760178917,10,kg CO2-Eq,2827bf122d4af03e3617
BECCS,new CHP+CCS vs standing forest and Northern European energy,SSP2-NPi,2030,2044,annual,process,Transport losses,215177.25646605933,28.80658436213992,7469.724760178917,11,kg CO2-Eq,2827bf122d4af03e3617
BECCS,new CHP+CCS vs standing forest and Northern European energy,SSP2-NPi,2030,2044,annual,process,Capture chemicals and operating materials,14852.33653977475,1.9883378593750223,7469.724760178917,12,kg CO2-Eq,2827bf122d4af03e3617
BECCS,new CHP+CCS vs standing forest and Northern European energy,SSP2-NPi,2030,2044,annual,process,CCS infrastructure and end-of-life,9164.954816021365,1.2269467899111512,7469.724760178917,13,kg CO2-Eq,2827bf122d4af03e3617
BECCS,new CHP+CCS vs standing forest and Northern European energy,SSP2-NPi,2030,2044,annual,process,Other CHP and CCS supply-chain GHG emissions,0.12112737064987694,1.6215774280681217e-05,7469.724760178917,14,kg CO2-Eq,2827bf122d4af03e3617
BECCS,new CHP+CCS vs standing forest and Northern European energy,SSP2-NPi,2030,2045,annual,activity,"forest carbon regrowth differential, existing spruce forest vs standing stock, LCSS 2026 | SE",-8538779.455058046,-1143.1183516397093,7469.724760178917,1,kg CO2-Eq,82ecb3386b91ddc75514
BECCS,new CHP+CCS vs standing forest and Northern European energy,SSP2-NPi,2030,2045,annual,activity,"operation of new Nordic spruce CHP with post-combustion capture, excluding capture equipment, LCSS 2026 | ENC",912907.8167427152,122.21438487391455,7469.724760178917,2,kg CO2-Eq,82ecb3386b91ddc75514
BECCS,new CHP+CCS vs standing forest and Northern European energy,SSP2-NPi,2030,2045,annual,activity,"carbon dioxide transport extension, pipeline 50 to 2000 km, LCSS 2026 | ENC",215177.25951671123,28.806584770542102,7469.724760178917,3,kg CO2-Eq,82ecb3386b91ddc75514
BECCS,new CHP+CCS vs standing forest and Northern European energy,SSP2-NPi,2030,2045,annual,activity,supply of forest residue | ENC,192415.83384108683,25.759427558409534,7469.724760178917,4,kg CO2-Eq,82ecb3386b91ddc75514
BECCS,new CHP+CCS vs standing forest and Northern European energy,SSP2-NPi,2030,2045,annual,activity,"heat and power co-generation, wood chips, 6667 kW, state-of-the-art 2014 | FI",-158409.99393100574,-21.206938544173543,7469.724760178917,5,kg CO2-Eq,82ecb3386b91ddc75514
BECCS,new CHP+CCS vs standing forest and Northern European energy,SSP2-NPi,2030,2045,annual,activity,"heat and power co-generation, wood chips, 6667 kW, state-of-the-art 2014 | SE",-125567.44746650837,-16.81018397570793,7469.724760178917,6,kg CO2-Eq,82ecb3386b91ddc75514
BECCS,new CHP+CCS vs standing forest and Northern European energy,SSP2-NPi,2030,2045,annual,activity,"heat and power co-generation, wood chips, 6667 kW, state-of-the-art 2014 | DK",-116683.23260340586,-15.62082089362166,7469.724760178917,7,kg CO2-Eq,82ecb3386b91ddc75514
BECCS,new CHP+CCS vs standing forest and Northern European energy,SSP2-NPi,2030,2045,annual,activity,"hydrogen production, gaseous, 25 bar, from gasification of woody biomass in entrained flow gasifier, at gasification plant | ENC",109325.93551885622,14.635872007181911,7469.724760178917,8,kg CO2-Eq,82ecb3386b91ddc75514
BECCS,new CHP+CCS vs standing forest and Northern European energy,SSP2-NPi,2030,2045,annual,activity,"wood chipping, mobile chipper, at forest road | FI",64967.03447638532,8.697379965420469,7469.724760178917,9,kg CO2-Eq,82ecb3386b91ddc75514
BECCS,new CHP+CCS vs standing forest and Northern European energy,SSP2-NPi,2030,2045,annual,activity,"harvesting, forestry harvester | FI",45398.469043392215,6.0776628993629505,7469.724760178917,10,kg CO2-Eq,82ecb3386b91ddc75514
BECCS,new CHP+CCS vs standing forest and Northern European energy,SSP2-NPi,2030,2045,annual,activity,"carbon monoxide, from RWGS, for Fischer Tropsch process, hydrogen from wood gasification | ENC",-38231.3967028473,-5.118180111087731,7469.724760178917,11,kg CO2-Eq,82ecb3386b91ddc75514
BECCS,new CHP+CCS vs standing forest and Northern European energy,SSP2-NPi,2030,2045,annual,activity,treatment of sewage sludge by anaerobic digestion | RoW,32668.215500306465,4.373416230067892,7469.724760178917,12,kg CO2-Eq,82ecb3386b91ddc75514
BECCS,new CHP+CCS vs standing forest and Northern European energy,SSP2-NPi,2030,2045,annual,activity,"methanol production, biomass gasification | ENC",-28164.354003745313,-3.770467441302444,7469.724760178917,13,kg CO2-Eq,82ecb3386b91ddc75514
BECCS,new CHP+CCS vs standing forest and Northern European energy,SSP2-NPi,2030,2045,annual,activity,"heat production, softwood chips from forest, at furnace 1000kW | ENC",-26439.29703983043,-3.53952761161673,7469.724760178917,14,kg CO2-Eq,82ecb3386b91ddc75514
BECCS,new CHP+CCS vs standing forest and Northern European energy,SSP2-NPi,2030,2045,annual,activity,Other activities,177940.26825639512,23.821529436398276,7469.724760178917,15,kg CO2-Eq,82ecb3386b91ddc75514
BECCS,new CHP+CCS vs standing forest and Northern European energy,SSP2-NPi,2030,2045,annual,location,SE,-8671157.429453779,-1160.8402863355416,7469.724760178917,1,kg CO2-Eq,82ecb3386b91ddc75514
BECCS,new CHP+CCS vs standing forest and Northern European energy,SSP2-NPi,2030,2045,annual,location,ENC,1253807.6386543554,167.8519194359611,7469.724760178917,2,kg CO2-Eq,82ecb3386b91ddc75514
BECCS,new CHP+CCS vs standing forest and Northern European energy,SSP2-NPi,2030,2045,annual,location,DK,-116703.3242229175,-15.623510633894117,7469.724760178917,3,kg CO2-Eq,82ecb3386b91ddc75514
BECCS,new CHP+CCS vs standing forest and Northern European energy,SSP2-NPi,2030,2045,annual,location,RoW,52219.79915593955,6.990859882056587,7469.724760178917,4,kg CO2-Eq,82ecb3386b91ddc75514
BECCS,new CHP+CCS vs standing forest and Northern European energy,SSP2-NPi,2030,2045,annual,location,GLO,44824.79861633432,6.000863493029249,7469.724760178917,5,kg CO2-Eq,82ecb3386b91ddc75514
BECCS,new CHP+CCS vs standing forest and Northern European energy,SSP2-NPi,2030,2045,annual,location,FI,-34769.87801613398,-4.654773653976129,7469.724760178917,6,kg CO2-Eq,82ecb3386b91ddc75514
BECCS,new CHP+CCS vs standing forest and Northern European energy,SSP2-NPi,2030,2045,annual,location,CHA,26434.004912733824,3.5388191347629614,7469.724760178917,7,kg CO2-Eq,82ecb3386b91ddc75514
BECCS,new CHP+CCS vs standing forest and Northern European energy,SSP2-NPi,2030,2045,annual,location,MEA,25137.014917040076,3.3651862316327152,7469.724760178917,8,kg CO2-Eq,82ecb3386b91ddc75514
BECCS,new CHP+CCS vs standing forest and Northern European energy,SSP2-NPi,2030,2045,annual,location,Other locations,138733.03152688633,18.572709970047594,7469.724760178917,9,kg CO2-Eq,82ecb3386b91ddc75514
BECCS,new CHP+CCS vs standing forest and Northern European energy,SSP2-NPi,2030,2045,annual,process,Forest regrowth,-8538779.819222614,-1143.1184003917824,7469.724760178917,1,kg CO2-Eq,82ecb3386b91ddc75514
BECCS,new CHP+CCS vs standing forest and Northern European energy,SSP2-NPi,2030,2045,annual,process,Harvesting and biomass supply,76486.33087526896,10.239511271287718,7469.724760178917,2,kg CO2-Eq,82ecb3386b91ddc75514
BECCS,new CHP+CCS vs standing forest and Northern European energy,SSP2-NPi,2030,2045,annual,process,Residual biogenic stack emissions,853878.0018494421,114.31184270690449,7469.724760178917,3,kg CO2-Eq,82ecb3386b91ddc75514
BECCS,new CHP+CCS vs standing forest and Northern European energy,SSP2-NPi,2030,2045,annual,process,New CHP infrastructure and end-of-life,16583.536286235223,2.2201000463420035,7469.724760178917,4,kg CO2-Eq,82ecb3386b91ddc75514
BECCS,new CHP+CCS vs standing forest and Northern European energy,SSP2-NPi,2030,2045,annual,process,Other CHP operating emissions,69658.65297508423,9.325464486514193,7469.724760178917,5,kg CO2-Eq,82ecb3386b91ddc75514
BECCS,new CHP+CCS vs standing forest and Northern European energy,SSP2-NPi,2030,2045,annual,process,Avoided Northern European electricity,-119593.44759114445,-16.010422261968312,7469.724760178917,6,kg CO2-Eq,82ecb3386b91ddc75514
BECCS,new CHP+CCS vs standing forest and Northern European energy,SSP2-NPi,2030,2045,annual,process,Avoided Northern European heat,-60149.59293923632,-8.052451043429825,7469.724760178917,7,kg CO2-Eq,82ecb3386b91ddc75514
BECCS,new CHP+CCS vs standing forest and Northern European energy,SSP2-NPi,2030,2045,annual,process,Capture electricity,0.0,0.0,7469.724760178917,8,kg CO2-Eq,82ecb3386b91ddc75514
BECCS,new CHP+CCS vs standing forest and Northern European energy,SSP2-NPi,2030,2045,annual,process,Compression and recompression,31764.398575999327,4.25241887697593,7469.724760178917,9,kg CO2-Eq,82ecb3386b91ddc75514
BECCS,new CHP+CCS vs standing forest and Northern European energy,SSP2-NPi,2030,2045,annual,process,Pipeline and geological storage,149643.16001870067,20.03328968912589,7469.724760178917,10,kg CO2-Eq,82ecb3386b91ddc75514
BECCS,new CHP+CCS vs standing forest and Northern European energy,SSP2-NPi,2030,2045,annual,process,Transport losses,215177.25646605933,28.80658436213992,7469.724760178917,11,kg CO2-Eq,82ecb3386b91ddc75514
BECCS,new CHP+CCS vs standing forest and Northern European energy,SSP2-NPi,2030,2045,annual,process,Capture chemicals and operating materials,14778.141914836828,1.9784051473514879,7469.724760178917,12,kg CO2-Eq,82ecb3386b91ddc75514
BECCS,new CHP+CCS vs standing forest and Northern European energy,SSP2-NPi,2030,2045,annual,process,CCS infrastructure and end-of-life,9078.915748509313,1.2154284180468053,7469.724760178917,13,kg CO2-Eq,82ecb3386b91ddc75514
BECCS,new CHP+CCS vs standing forest and Northern European energy,SSP2-NPi,2030,2045,annual,process,Other CHP and CCS supply-chain GHG emissions,0.12113323274227289,1.621655906092201e-05,7469.724760178917,14,kg CO2-Eq,82ecb3386b91ddc75514
BECCS,new CHP+CCS vs standing forest and Northern European energy,SSP2-NPi,2030,2046,annual,activity,"forest carbon regrowth differential, existing spruce forest vs standing stock, LCSS 2026 | SE",-8538779.455058046,-1143.1183516397093,7469.724760178917,1,kg CO2-Eq,a66e548e99fe20f3fb80
BECCS,new CHP+CCS vs standing forest and Northern European energy,SSP2-NPi,2030,2046,annual,activity,"operation of new Nordic spruce CHP with post-combustion capture, excluding capture equipment, LCSS 2026 | ENC",912907.8167427152,122.21438487391455,7469.724760178917,2,kg CO2-Eq,a66e548e99fe20f3fb80
BECCS,new CHP+CCS vs standing forest and Northern European energy,SSP2-NPi,2030,2046,annual,activity,"carbon dioxide transport extension, pipeline 50 to 2000 km, LCSS 2026 | ENC",215177.25951671123,28.806584770542102,7469.724760178917,3,kg CO2-Eq,a66e548e99fe20f3fb80
BECCS,new CHP+CCS vs standing forest and Northern European energy,SSP2-NPi,2030,2046,annual,activity,supply of forest residue | ENC,163894.43261460427,21.94116086958452,7469.724760178917,4,kg CO2-Eq,a66e548e99fe20f3fb80
BECCS,new CHP+CCS vs standing forest and Northern European energy,SSP2-NPi,2030,2046,annual,activity,"heat and power co-generation, wood chips, 6667 kW, state-of-the-art 2014 | FI",-147989.49862231663,-19.81190785117656,7469.724760178917,5,kg CO2-Eq,a66e548e99fe20f3fb80
BECCS,new CHP+CCS vs standing forest and Northern European energy,SSP2-NPi,2030,2046,annual,activity,"heat and power co-generation, wood chips, 6667 kW, state-of-the-art 2014 | SE",-117320.97766258377,-15.706198210678604,7469.724760178917,6,kg CO2-Eq,a66e548e99fe20f3fb80
BECCS,new CHP+CCS vs standing forest and Northern European energy,SSP2-NPi,2030,2046,annual,activity,"hydrogen production, gaseous, 25 bar, from gasification of woody biomass in entrained flow gasifier, at gasification plant | ENC",109776.16644223193,14.696146105335552,7469.724760178917,7,kg CO2-Eq,a66e548e99fe20f3fb80
BECCS,new CHP+CCS vs standing forest and Northern European energy,SSP2-NPi,2030,2046,annual,activity,"heat and power co-generation, wood chips, 6667 kW, state-of-the-art 2014 | DK",-109020.21722004816,-14.594944354741777,7469.724760178917,8,kg CO2-Eq,a66e548e99fe20f3fb80
BECCS,new CHP+CCS vs standing forest and Northern European energy,SSP2-NPi,2030,2046,annual,activity,"wood chipping, mobile chipper, at forest road | FI",64967.033513109825,8.697379836463174,7469.724760178917,9,kg CO2-Eq,a66e548e99fe20f3fb80
BECCS,new CHP+CCS vs standing forest and Northern European energy,SSP2-NPi,2030,2046,annual,activity,"harvesting, forestry harvester | FI",45400.676319389226,6.077958395658714,7469.724760178917,10,kg CO2-Eq,a66e548e99fe20f3fb80
BECCS,new CHP+CCS vs standing forest and Northern European energy,SSP2-NPi,2030,2046,annual,activity,"carbon monoxide, from RWGS, for Fischer Tropsch process, hydrogen from wood gasification | ENC",-38392.78728452707,-5.1397860720650534,7469.724760178917,11,kg CO2-Eq,a66e548e99fe20f3fb80
BECCS,new CHP+CCS vs standing forest and Northern European energy,SSP2-NPi,2030,2046,annual,activity,treatment of sewage sludge by anaerobic digestion | RoW,32040.223862946204,4.289344640079987,7469.724760178917,12,kg CO2-Eq,a66e548e99fe20f3fb80
BECCS,new CHP+CCS vs standing forest and Northern European energy,SSP2-NPi,2030,2046,annual,activity,"methanol production, biomass gasification | ENC",-29755.35381778354,-3.983460538788424,7469.724760178917,13,kg CO2-Eq,a66e548e99fe20f3fb80
BECCS,new CHP+CCS vs standing forest and Northern European energy,SSP2-NPi,2030,2046,annual,activity,"heat production, softwood chips from forest, at furnace 1000kW | ENC",-26337.965823816558,-3.5259620226201887,7469.724760178917,14,kg CO2-Eq,a66e548e99fe20f3fb80
BECCS,new CHP+CCS vs standing forest and Northern European energy,SSP2-NPi,2030,2046,annual,activity,Other activities,179564.37255748542,24.038954355419175,7469.724760178917,15,kg CO2-Eq,a66e548e99fe20f3fb80
BECCS,new CHP+CCS vs standing forest and Northern European energy,SSP2-NPi,2030,2046,annual,location,SE,-8662834.320505131,-1159.7260406014796,7469.724760178917,1,kg CO2-Eq,a66e548e99fe20f3fb80
BECCS,new CHP+CCS vs standing forest and Northern European energy,SSP2-NPi,2030,2046,annual,location,ENC,1223871.836896405,163.84430165631574,7469.724760178917,2,kg CO2-Eq,a66e548e99fe20f3fb80
BECCS,new CHP+CCS vs standing forest and Northern European energy,SSP2-NPi,2030,2046,annual,location,DK,-109038.6905719682,-14.597417451477352,7469.724760178917,3,kg CO2-Eq,a66e548e99fe20f3fb80
BECCS,new CHP+CCS vs standing forest and Northern European energy,SSP2-NPi,2030,2046,annual,location,RoW,49899.372914314175,6.680215739718765,7469.724760178917,4,kg CO2-Eq,a66e548e99fe20f3fb80
BECCS,new CHP+CCS vs standing forest and Northern European energy,SSP2-NPi,2030,2046,annual,location,GLO,44833.92415566677,6.00208516312091,7469.724760178917,5,kg CO2-Eq,a66e548e99fe20f3fb80
BECCS,new CHP+CCS vs standing forest and Northern European energy,SSP2-NPi,2030,2046,annual,location,MEA,26474.067147783022,3.5441824160531596,7469.724760178917,6,kg CO2-Eq,a66e548e99fe20f3fb80
BECCS,new CHP+CCS vs standing forest and Northern European energy,SSP2-NPi,2030,2046,annual,location,CHA,26062.982573707286,3.48914898613788,7469.724760178917,7,kg CO2-Eq,a66e548e99fe20f3fb80
BECCS,new CHP+CCS vs standing forest and Northern European energy,SSP2-NPi,2030,2046,annual,location,FI,-24319.425104156104,-3.2557324245470056,7469.724760178917,8,kg CO2-Eq,a66e548e99fe20f3fb80
BECCS,new CHP+CCS vs standing forest and Northern European energy,SSP2-NPi,2030,2046,annual,location,Other locations,141181.9785734494,18.900559673375135,7469.724760178917,9,kg CO2-Eq,a66e548e99fe20f3fb80
BECCS,new CHP+CCS vs standing forest and Northern European energy,SSP2-NPi,2030,2046,annual,process,Forest regrowth,-8538779.819222614,-1143.1184003917824,7469.724760178917,1,kg CO2-Eq,a66e548e99fe20f3fb80
BECCS,new CHP+CCS vs standing forest and Northern European energy,SSP2-NPi,2030,2046,annual,process,Harvesting and biomass supply,69756.67608187831,9.338587206552907,7469.724760178917,2,kg CO2-Eq,a66e548e99fe20f3fb80
BECCS,new CHP+CCS vs standing forest and Northern European energy,SSP2-NPi,2030,2046,annual,process,Residual biogenic stack emissions,853878.0018494421,114.31184270690449,7469.724760178917,3,kg CO2-Eq,a66e548e99fe20f3fb80
BECCS,new CHP+CCS vs standing forest and Northern European energy,SSP2-NPi,2030,2046,annual,process,New CHP infrastructure and end-of-life,16513.128625441794,2.210674309376597,7469.724760178917,4,kg CO2-Eq,a66e548e99fe20f3fb80
BECCS,new CHP+CCS vs standing forest and Northern European energy,SSP2-NPi,2030,2046,annual,process,Other CHP operating emissions,69581.70299356032,9.315162904595923,7469.724760178917,5,kg CO2-Eq,a66e548e99fe20f3fb80
BECCS,new CHP+CCS vs standing forest and Northern European energy,SSP2-NPi,2030,2046,annual,process,Avoided Northern European electricity,-115044.96254651716,-15.401499551873925,7469.724760178917,6,kg CO2-Eq,a66e548e99fe20f3fb80
BECCS,new CHP+CCS vs standing forest and Northern European energy,SSP2-NPi,2030,2046,annual,process,Avoided Northern European heat,-59158.30503836019,-7.919743623450888,7469.724760178917,7,kg CO2-Eq,a66e548e99fe20f3fb80
BECCS,new CHP+CCS vs standing forest and Northern European energy,SSP2-NPi,2030,2046,annual,process,Capture electricity,0.0,0.0,7469.724760178917,8,kg CO2-Eq,a66e548e99fe20f3fb80
BECCS,new CHP+CCS vs standing forest and Northern European energy,SSP2-NPi,2030,2046,annual,process,Compression and recompression,30631.556349008137,4.100761049765165,7469.724760178917,9,kg CO2-Eq,a66e548e99fe20f3fb80
BECCS,new CHP+CCS vs standing forest and Northern European energy,SSP2-NPi,2030,2046,annual,process,Pipeline and geological storage,149770.71368656246,20.05036577585693,7469.724760178917,10,kg CO2-Eq,a66e548e99fe20f3fb80
BECCS,new CHP+CCS vs standing forest and Northern European energy,SSP2-NPi,2030,2046,annual,process,Transport losses,215177.25646605933,28.80658436213992,7469.724760178917,11,kg CO2-Eq,a66e548e99fe20f3fb80
BECCS,new CHP+CCS vs standing forest and Northern European energy,SSP2-NPi,2030,2046,annual,process,Capture chemicals and operating materials,14741.979640564954,1.9735639684014075,7469.724760178917,12,kg CO2-Eq,a66e548e99fe20f3fb80
BECCS,new CHP+CCS vs standing forest and Northern European energy,SSP2-NPi,2030,2046,annual,process,CCS infrastructure and end-of-life,9063.676066025335,1.213388224736709,7469.724760178917,13,kg CO2-Eq,a66e548e99fe20f3fb80
BECCS,new CHP+CCS vs standing forest and Northern European energy,SSP2-NPi,2030,2046,annual,process,Other CHP and CCS supply-chain GHG emissions,0.12112899179059604,1.6215991308854427e-05,7469.724760178917,14,kg CO2-Eq,a66e548e99fe20f3fb80
BECCS,new CHP+CCS vs standing forest and Northern European energy,SSP2-NPi,2030,2047,annual,activity,"forest carbon regrowth differential, existing spruce forest vs standing stock, LCSS 2026 | SE",-8538779.455058046,-1143.1183516397093,7469.724760178917,1,kg CO2-Eq,8a53c501d9d7a9a6a65e
BECCS,new CHP+CCS vs standing forest and Northern European energy,SSP2-NPi,2030,2047,annual,activity,"operation of new Nordic spruce CHP with post-combustion capture, excluding capture equipment, LCSS 2026 | ENC",912907.8167427152,122.21438487391455,7469.724760178917,2,kg CO2-Eq,8a53c501d9d7a9a6a65e
BECCS,new CHP+CCS vs standing forest and Northern European energy,SSP2-NPi,2030,2047,annual,activity,"carbon dioxide transport extension, pipeline 50 to 2000 km, LCSS 2026 | ENC",215177.25951671123,28.806584770542102,7469.724760178917,3,kg CO2-Eq,8a53c501d9d7a9a6a65e
BECCS,new CHP+CCS vs standing forest and Northern European energy,SSP2-NPi,2030,2047,annual,activity,"heat and power co-generation, wood chips, 6667 kW, state-of-the-art 2014 | FI",-137534.37317213393,-18.412241091576668,7469.724760178917,4,kg CO2-Eq,8a53c501d9d7a9a6a65e
BECCS,new CHP+CCS vs standing forest and Northern European energy,SSP2-NPi,2030,2047,annual,activity,supply of forest residue | ENC,135388.28674846241,18.12493647292294,7469.724760178917,5,kg CO2-Eq,8a53c501d9d7a9a6a65e
BECCS,new CHP+CCS vs standing forest and Northern European energy,SSP2-NPi,2030,2047,annual,activity,"hydrogen production, gaseous, 25 bar, from gasification of woody biomass in entrained flow gasifier, at gasification plant | ENC",110231.32318054873,14.757079640764225,7469.724760178917,6,kg CO2-Eq,8a53c501d9d7a9a6a65e
BECCS,new CHP+CCS vs standing forest and Northern European energy,SSP2-NPi,2030,2047,annual,activity,"heat and power co-generation, wood chips, 6667 kW, state-of-the-art 2014 | SE",-109047.10313894508,-14.598543673292342,7469.724760178917,7,kg CO2-Eq,8a53c501d9d7a9a6a65e
BECCS,new CHP+CCS vs standing forest and Northern European energy,SSP2-NPi,2030,2047,annual,activity,"heat and power co-generation, wood chips, 6667 kW, state-of-the-art 2014 | DK",-101331.74597513044,-13.565659944437272,7469.724760178917,8,kg CO2-Eq,8a53c501d9d7a9a6a65e
BECCS,new CHP+CCS vs standing forest and Northern European energy,SSP2-NPi,2030,2047,annual,activity,"wood chipping, mobile chipper, at forest road | FI",64967.03255041006,8.697379707582954,7469.724760178917,9,kg CO2-Eq,8a53c501d9d7a9a6a65e
BECCS,new CHP+CCS vs standing forest and Northern European energy,SSP2-NPi,2030,2047,annual,activity,"harvesting, forestry harvester | FI",45402.99891023335,6.078269329584487,7469.724760178917,10,kg CO2-Eq,8a53c501d9d7a9a6a65e
BECCS,new CHP+CCS vs standing forest and Northern European energy,SSP2-NPi,2030,2047,annual,activity,"carbon monoxide, from RWGS, for Fischer Tropsch process, hydrogen from wood gasification | ENC",-38552.855734927216,-5.161215034381506,7469.724760178917,11,kg CO2-Eq,8a53c501d9d7a9a6a65e
BECCS,new CHP+CCS vs standing forest and Northern European energy,SSP2-NPi,2030,2047,annual,activity,treatment of sewage sludge by anaerobic digestion | RoW,31408.341966302272,4.2047522465272165,7469.724760178917,12,kg CO2-Eq,8a53c501d9d7a9a6a65e
BECCS,new CHP+CCS vs standing forest and Northern European energy,SSP2-NPi,2030,2047,annual,activity,"methanol production, biomass gasification | ENC",-31346.365683844913,-4.196455249723833,7469.724760178917,13,kg CO2-Eq,8a53c501d9d7a9a6a65e
BECCS,new CHP+CCS vs standing forest and Northern European energy,SSP2-NPi,2030,2047,annual,activity,"heat production, softwood chips from forest, at furnace 1000kW | ENC",-26241.625955149804,-3.51306464396705,7469.724760178917,14,kg CO2-Eq,8a53c501d9d7a9a6a65e
BECCS,new CHP+CCS vs standing forest and Northern European energy,SSP2-NPi,2030,2047,annual,activity,Other activities,181139.34435845187,24.2498017228299,7469.724760178917,15,kg CO2-Eq,8a53c501d9d7a9a6a65e
BECCS,new CHP+CCS vs standing forest and Northern European energy,SSP2-NPi,2030,2047,annual,location,SE,-8654483.587648582,-1158.6080967515177,7469.724760178917,1,kg CO2-Eq,8a53c501d9d7a9a6a65e
BECCS,new CHP+CCS vs standing forest and Northern European energy,SSP2-NPi,2030,2047,annual,location,ENC,1193823.0870921395,159.82156309913952,7469.724760178917,2,kg CO2-Eq,8a53c501d9d7a9a6a65e
BECCS,new CHP+CCS vs standing forest and Northern European energy,SSP2-NPi,2030,2047,annual,location,DK,-101348.59339426333,-13.567915371467556,7469.724760178917,3,kg CO2-Eq,8a53c501d9d7a9a6a65e
BECCS,new CHP+CCS vs standing forest and Northern European energy,SSP2-NPi,2030,2047,annual,location,RoW,47576.04249609933,6.369182804395564,7469.724760178917,4,kg CO2-Eq,8a53c501d9d7a9a6a65e
BECCS,new CHP+CCS vs standing forest and Northern European energy,SSP2-NPi,2030,2047,annual,location,GLO,44846.05280021911,6.003708870143824,7469.724760178917,5,kg CO2-Eq,8a53c501d9d7a9a6a65e
BECCS,new CHP+CCS vs standing forest and Northern European energy,SSP2-NPi,2030,2047,annual,location,MEA,27855.134378374423,3.729071053175891,7469.724760178917,6,kg CO2-Eq,8a53c501d9d7a9a6a65e
BECCS,new CHP+CCS vs standing forest and Northern European energy,SSP2-NPi,2030,2047,annual,location,CHA,25698.205446660537,3.4403149074056385,7469.724760178917,7,kg CO2-Eq,8a53c501d9d7a9a6a65e
BECCS,new CHP+CCS vs standing forest and Northern European energy,SSP2-NPi,2030,2047,annual,location,REF,14896.205539090111,1.9942107664397146,7469.724760178917,8,kg CO2-Eq,8a53c501d9d7a9a6a65e
BECCS,new CHP+CCS vs standing forest and Northern European energy,SSP2-NPi,2030,2047,annual,location,Other locations,114926.33254591993,15.385618109865561,7469.724760178917,9,kg CO2-Eq,8a53c501d9d7a9a6a65e
BECCS,new CHP+CCS vs standing forest and Northern European energy,SSP2-NPi,2030,2047,annual,process,Forest regrowth,-8538779.819222614,-1143.1184003917824,7469.724760178917,1,kg CO2-Eq,8a53c501d9d7a9a6a65e
BECCS,new CHP+CCS vs standing forest and Northern European energy,SSP2-NPi,2030,2047,annual,process,Harvesting and biomass supply,63071.76767692999,8.443653508247776,7469.724760178917,2,kg CO2-Eq,8a53c501d9d7a9a6a65e
BECCS,new CHP+CCS vs standing forest and Northern European energy,SSP2-NPi,2030,2047,annual,process,Residual biogenic stack emissions,853878.0018494421,114.31184270690449,7469.724760178917,3,kg CO2-Eq,8a53c501d9d7a9a6a65e
BECCS,new CHP+CCS vs standing forest and Northern European energy,SSP2-NPi,2030,2047,annual,process,New CHP infrastructure and end-of-life,16443.99156901015,2.2014186729707936,7469.724760178917,4,kg CO2-Eq,8a53c501d9d7a9a6a65e
BECCS,new CHP+CCS vs standing forest and Northern European energy,SSP2-NPi,2030,2047,annual,process,Other CHP operating emissions,69505.26585267101,9.304929978572089,7469.724760178917,5,kg CO2-Eq,8a53c501d9d7a9a6a65e
BECCS,new CHP+CCS vs standing forest and Northern European energy,SSP2-NPi,2030,2047,annual,process,Avoided Northern European electricity,-110492.64247422248,-14.792063432277782,7469.724760178917,6,kg CO2-Eq,8a53c501d9d7a9a6a65e
BECCS,new CHP+CCS vs standing forest and Northern European energy,SSP2-NPi,2030,2047,annual,process,Avoided Northern European heat,-58196.54300764067,-7.7909889421744545,7469.724760178917,7,kg CO2-Eq,8a53c501d9d7a9a6a65e
BECCS,new CHP+CCS vs standing forest and Northern European energy,SSP2-NPi,2030,2047,annual,process,Capture electricity,0.0,0.0,7469.724760178917,8,kg CO2-Eq,8a53c501d9d7a9a6a65e
BECCS,new CHP+CCS vs standing forest and Northern European energy,SSP2-NPi,2030,2047,annual,process,Compression and recompression,29497.7879463298,3.9489792319500756,7469.724760178917,9,kg CO2-Eq,8a53c501d9d7a9a6a65e
BECCS,new CHP+CCS vs standing forest and Northern European energy,SSP2-NPi,2030,2047,annual,process,Pipeline and geological storage,149927.70655248873,20.07138299817323,7469.724760178917,10,kg CO2-Eq,8a53c501d9d7a9a6a65e
BECCS,new CHP+CCS vs standing forest and Northern European energy,SSP2-NPi,2030,2047,annual,process,Transport losses,215177.25646605933,28.80658436213992,7469.724760178917,11,kg CO2-Eq,8a53c501d9d7a9a6a65e
BECCS,new CHP+CCS vs standing forest and Northern European energy,SSP2-NPi,2030,2047,annual,process,Capture chemicals and operating materials,14705.71537920073,1.9687091360577114,7469.724760178917,12,kg CO2-Eq,8a53c501d9d7a9a6a65e
BECCS,new CHP+CCS vs standing forest and Northern European energy,SSP2-NPi,2030,2047,annual,process,CCS infrastructure and end-of-life,9050.269545425466,1.211593443666416,7469.724760178917,13,kg CO2-Eq,8a53c501d9d7a9a6a65e
BECCS,new CHP+CCS vs standing forest and Northern European energy,SSP2-NPi,2030,2047,annual,process,Other CHP and CCS supply-chain GHG emissions,0.12112246986250667,1.6215118193940725e-05,7469.724760178917,14,kg CO2-Eq,8a53c501d9d7a9a6a65e
BECCS,new CHP+CCS vs standing forest and Northern European energy,SSP2-NPi,2030,2048,annual,activity,"forest carbon regrowth differential, existing spruce forest vs standing stock, LCSS 2026 | SE",-8538779.455058046,-1143.1183516397093,7469.724760178917,1,kg CO2-Eq,8fbc7b2e61b518a804c2
BECCS,new CHP+CCS vs standing forest and Northern European energy,SSP2-NPi,2030,2048,annual,activity,"operation of new Nordic spruce CHP with post-combustion capture, excluding capture equipment, LCSS 2026 | ENC",912907.8167427152,122.21438487391455,7469.724760178917,2,kg CO2-Eq,8fbc7b2e61b518a804c2
BECCS,new CHP+CCS vs standing forest and Northern European energy,SSP2-NPi,2030,2048,annual,activity,"carbon dioxide transport extension, pipeline 50 to 2000 km, LCSS 2026 | ENC",215177.25951671123,28.806584770542102,7469.724760178917,3,kg CO2-Eq,8fbc7b2e61b518a804c2
BECCS,new CHP+CCS vs standing forest and Northern European energy,SSP2-NPi,2030,2048,annual,activity,"heat and power co-generation, wood chips, 6667 kW, state-of-the-art 2014 | FI",-127044.11584945825,-17.00787109676786,7469.724760178917,4,kg CO2-Eq,8fbc7b2e61b518a804c2
BECCS,new CHP+CCS vs standing forest and Northern European energy,SSP2-NPi,2030,2048,annual,activity,"hydrogen production, gaseous, 25 bar, from gasification of woody biomass in entrained flow gasifier, at gasification plant | ENC",110691.3505260295,14.81866522259626,7469.724760178917,5,kg CO2-Eq,8fbc7b2e61b518a804c2
BECCS,new CHP+CCS vs standing forest and Northern European energy,SSP2-NPi,2030,2048,annual,activity,supply of forest residue | ENC,106897.50930294716,14.310769504228256,7469.724760178917,6,kg CO2-Eq,8fbc7b2e61b518a804c2
BECCS,new CHP+CCS vs standing forest and Northern European energy,SSP2-NPi,2030,2048,annual,activity,"heat and power co-generation, wood chips, 6667 kW, state-of-the-art 2014 | SE",-100745.43470529382,-13.487168261187811,7469.724760178917,7,kg CO2-Eq,8fbc7b2e61b518a804c2
BECCS,new CHP+CCS vs standing forest and Northern European energy,SSP2-NPi,2030,2048,annual,activity,"heat and power co-generation, wood chips, 6667 kW, state-of-the-art 2014 | DK",-93617.43739416913,-12.532916593291823,7469.724760178917,8,kg CO2-Eq,8fbc7b2e61b518a804c2
BECCS,new CHP+CCS vs standing forest and Northern European energy,SSP2-NPi,2030,2048,annual,activity,"wood chipping, mobile chipper, at forest road | FI",64967.03552479324,8.697380105774759,7469.724760178917,9,kg CO2-Eq,8fbc7b2e61b518a804c2
BECCS,new CHP+CCS vs standing forest and Northern European energy,SSP2-NPi,2030,2048,annual,activity,"harvesting, forestry harvester | FI",45405.43275495637,6.07859515748326,7469.724760178917,10,kg CO2-Eq,8fbc7b2e61b518a804c2
BECCS,new CHP+CCS vs standing forest and Northern European energy,SSP2-NPi,2030,2048,annual,activity,"carbon monoxide, from RWGS, for Fischer Tropsch process, hydrogen from wood gasification | ENC",-38711.58315807232,-5.182464468362163,7469.724760178917,11,kg CO2-Eq,8fbc7b2e61b518a804c2
BECCS,new CHP+CCS vs standing forest and Northern European energy,SSP2-NPi,2030,2048,annual,activity,"methanol production, biomass gasification | ENC",-32937.393843260885,-4.409452141911579,7469.724760178917,12,kg CO2-Eq,8fbc7b2e61b518a804c2
BECCS,new CHP+CCS vs standing forest and Northern European energy,SSP2-NPi,2030,2048,annual,activity,treatment of sewage sludge by anaerobic digestion | RoW,30772.548576172514,4.119636206707494,7469.724760178917,13,kg CO2-Eq,8fbc7b2e61b518a804c2
BECCS,new CHP+CCS vs standing forest and Northern European energy,SSP2-NPi,2030,2048,annual,activity,"heat production, softwood chips from forest, at furnace 1000kW | ENC",-26150.273931310883,-3.5008350067619527,7469.724760178917,14,kg CO2-Eq,8fbc7b2e61b518a804c2
BECCS,new CHP+CCS vs standing forest and Northern European energy,SSP2-NPi,2030,2048,annual,activity,Other activities,182665.51504192615,24.454115902063158,7469.724760178917,15,kg CO2-Eq,8fbc7b2e61b518a804c2
BECCS,new CHP+CCS vs standing forest and Northern European energy,SSP2-NPi,2030,2048,annual,location,SE,-8646104.835168373,-1157.4864018097073,7469.724760178917,1,kg CO2-Eq,8fbc7b2e61b518a804c2
BECCS,new CHP+CCS vs standing forest and Northern European energy,SSP2-NPi,2030,2048,annual,location,ENC,1163660.8778302274,155.7836352998842,7469.724760178917,2,kg CO2-Eq,8fbc7b2e61b518a804c2
BECCS,new CHP+CCS vs standing forest and Northern European energy,SSP2-NPi,2030,2048,annual,location,DK,-93632.65113568646,-12.534953313787662,7469.724760178917,3,kg CO2-Eq,8fbc7b2e61b518a804c2
BECCS,new CHP+CCS vs standing forest and Northern European energy,SSP2-NPi,2030,2048,annual,location,RoW,45249.75684513441,6.057754241007747,7469.724760178917,4,kg CO2-Eq,8fbc7b2e61b518a804c2
BECCS,new CHP+CCS vs standing forest and Northern European energy,SSP2-NPi,2030,2048,annual,location,GLO,44861.30107753353,6.005750214076027,7469.724760178917,5,kg CO2-Eq,8fbc7b2e61b518a804c2
BECCS,new CHP+CCS vs standing forest and Northern European energy,SSP2-NPi,2030,2048,annual,location,MEA,29280.80192869356,3.919930501962996,7469.724760178917,6,kg CO2-Eq,8fbc7b2e61b518a804c2
BECCS,new CHP+CCS vs standing forest and Northern European energy,SSP2-NPi,2030,2048,annual,location,CHA,25339.672731675582,3.392316791478223,7469.724760178917,7,kg CO2-Eq,8fbc7b2e61b518a804c2
BECCS,new CHP+CCS vs standing forest and Northern European energy,SSP2-NPi,2030,2048,annual,location,REF,15498.577256622297,2.0748525219088623,7469.724760178917,8,kg CO2-Eq,8fbc7b2e61b518a804c2
BECCS,new CHP+CCS vs standing forest and Northern European energy,SSP2-NPi,2030,2048,annual,location,Other locations,127345.272680811,17.048188088494012,7469.724760178917,9,kg CO2-Eq,8fbc7b2e61b518a804c2
BECCS,new CHP+CCS vs standing forest and Northern European energy,SSP2-NPi,2030,2048,annual,process,Forest regrowth,-8538779.819222614,-1143.1184003917824,7469.724760178917,1,kg CO2-Eq,8fbc7b2e61b518a804c2
BECCS,new CHP+CCS vs standing forest and Northern European energy,SSP2-NPi,2030,2048,annual,process,Harvesting and biomass supply,56431.84001444473,7.554741550221866,7469.724760178917,2,kg CO2-Eq,8fbc7b2e61b518a804c2
BECCS,new CHP+CCS vs standing forest and Northern European energy,SSP2-NPi,2030,2048,annual,process,Residual biogenic stack emissions,853878.0018494421,114.31184270690449,7469.724760178917,3,kg CO2-Eq,8fbc7b2e61b518a804c2
BECCS,new CHP+CCS vs standing forest and Northern European energy,SSP2-NPi,2030,2048,annual,process,New CHP infrastructure and end-of-life,16376.10851499521,2.192330914560092,7469.724760178917,4,kg CO2-Eq,8fbc7b2e61b518a804c2
BECCS,new CHP+CCS vs standing forest and Northern European energy,SSP2-NPi,2030,2048,annual,process,Other CHP operating emissions,69429.3326510528,9.294764516783857,7469.724760178917,5,kg CO2-Eq,8fbc7b2e61b518a804c2
BECCS,new CHP+CCS vs standing forest and Northern European energy,SSP2-NPi,2030,2048,annual,process,Avoided Northern European electricity,-105935.19648029126,-14.18194108637463,7469.724760178917,6,kg CO2-Eq,8fbc7b2e61b518a804c2
BECCS,new CHP+CCS vs standing forest and Northern European energy,SSP2-NPi,2030,2048,annual,process,Avoided Northern European heat,-57263.86187559546,-7.666127429603425,7469.724760178917,7,kg CO2-Eq,8fbc7b2e61b518a804c2
BECCS,new CHP+CCS vs standing forest and Northern European energy,SSP2-NPi,2030,2048,annual,process,Capture electricity,0.0,0.0,7469.724760178917,8,kg CO2-Eq,8fbc7b2e61b518a804c2
BECCS,new CHP+CCS vs standing forest and Northern European energy,SSP2-NPi,2030,2048,annual,process,Compression and recompression,28362.772226789202,3.7970304311600698,7469.724760178917,9,kg CO2-Eq,8fbc7b2e61b518a804c2
BECCS,new CHP+CCS vs standing forest and Northern European energy,SSP2-NPi,2030,2048,annual,process,Pipeline and geological storage,150114.19090638158,20.096348356319627,7469.724760178917,10,kg CO2-Eq,8fbc7b2e61b518a804c2
BECCS,new CHP+CCS vs standing forest and Northern European energy,SSP2-NPi,2030,2048,annual,process,Transport losses,215177.25646605933,28.80658436213992,7469.724760178917,11,kg CO2-Eq,8fbc7b2e61b518a804c2
BECCS,new CHP+CCS vs standing forest and Northern European energy,SSP2-NPi,2030,2048,annual,process,Capture chemicals and operating materials,14669.339561198629,1.9638393692095377,7469.724760178917,12,kg CO2-Eq,8fbc7b2e61b518a804c2
BECCS,new CHP+CCS vs standing forest and Northern European energy,SSP2-NPi,2030,2048,annual,process,CCS infrastructure and end-of-life,9038.68832108369,1.2100430218351437,7469.724760178917,13,kg CO2-Eq,8fbc7b2e61b518a804c2
BECCS,new CHP+CCS vs standing forest and Northern European energy,SSP2-NPi,2030,2048,annual,process,Other CHP and CCS supply-chain GHG emissions,0.12111364148172321,1.621393630557577e-05,7469.724760178917,14,kg CO2-Eq,8fbc7b2e61b518a804c2
BECCS,new CHP+CCS vs standing forest and Northern European energy,SSP2-NPi,2030,2049,annual,activity,"forest carbon regrowth differential, existing spruce forest vs standing stock, LCSS 2026 | SE",-8538779.455058046,-1143.1183516397093,7469.724760178917,1,kg CO2-Eq,3cfe13cb0c74744ead7b
BECCS,new CHP+CCS vs standing forest and Northern European energy,SSP2-NPi,2030,2049,annual,activity,"operation of new Nordic spruce CHP with post-combustion capture, excluding capture equipment, LCSS 2026 | ENC",912907.8167427152,122.21438487391455,7469.724760178917,2,kg CO2-Eq,3cfe13cb0c74744ead7b
BECCS,new CHP+CCS vs standing forest and Northern European energy,SSP2-NPi,2030,2049,annual,activity,"carbon dioxide transport extension, pipeline 50 to 2000 km, LCSS 2026 | ENC",215177.25951671123,28.806584770542102,7469.724760178917,3,kg CO2-Eq,3cfe13cb0c74744ead7b
BECCS,new CHP+CCS vs standing forest and Northern European energy,SSP2-NPi,2030,2049,annual,activity,"heat and power co-generation, wood chips, 6667 kW, state-of-the-art 2014 | FI",-116518.28521991245,-15.59873877027854,7469.724760178917,4,kg CO2-Eq,3cfe13cb0c74744ead7b
BECCS,new CHP+CCS vs standing forest and Northern European energy,SSP2-NPi,2030,2049,annual,activity,"hydrogen production, gaseous, 25 bar, from gasification of woody biomass in entrained flow gasifier, at gasification plant | ENC",111156.19291091803,14.880895411768236,7469.724760178917,5,kg CO2-Eq,3cfe13cb0c74744ead7b
BECCS,new CHP+CCS vs standing forest and Northern European energy,SSP2-NPi,2030,2049,annual,activity,"heat and power co-generation, wood chips, 6667 kW, state-of-the-art 2014 | SE",-92415.60731331575,-12.372023103981435,7469.724760178917,6,kg CO2-Eq,3cfe13cb0c74744ead7b
BECCS,new CHP+CCS vs standing forest and Northern European energy,SSP2-NPi,2030,2049,annual,activity,"heat and power co-generation, wood chips, 6667 kW, state-of-the-art 2014 | DK",-85876.97211146473,-11.4966715466244,7469.724760178917,7,kg CO2-Eq,3cfe13cb0c74744ead7b
BECCS,new CHP+CCS vs standing forest and Northern European energy,SSP2-NPi,2030,2049,annual,activity,supply of forest residue | ENC,78422.29752683992,10.498686369932797,7469.724760178917,8,kg CO2-Eq,3cfe13cb0c74744ead7b
BECCS,new CHP+CCS vs standing forest and Northern European energy,SSP2-NPi,2030,2049,annual,activity,"wood chipping, mobile chipper, at forest road | FI",64967.03456326606,8.697379977051519,7469.724760178917,9,kg CO2-Eq,3cfe13cb0c74744ead7b
BECCS,new CHP+CCS vs standing forest and Northern European energy,SSP2-NPi,2030,2049,annual,activity,"harvesting, forestry harvester | FI",45407.9875766537,6.078937181022193,7469.724760178917,10,kg CO2-Eq,3cfe13cb0c74744ead7b
BECCS,new CHP+CCS vs standing forest and Northern European energy,SSP2-NPi,2030,2049,annual,activity,"carbon monoxide, from RWGS, for Fischer Tropsch process, hydrogen from wood gasification | ENC",-38868.9506079127,-5.203531837628473,7469.724760178917,11,kg CO2-Eq,3cfe13cb0c74744ead7b
BECCS,new CHP+CCS vs standing forest and Northern European energy,SSP2-NPi,2030,2049,annual,activity,"methanol production, biomass gasification | ENC",-34528.433993149956,-4.62245063930882,7469.724760178917,12,kg CO2-Eq,3cfe13cb0c74744ead7b
BECCS,new CHP+CCS vs standing forest and Northern European energy,SSP2-NPi,2030,2049,annual,activity,treatment of sewage sludge by anaerobic digestion | RoW,30132.818419598738,4.033993137235353,7469.724760178917,13,kg CO2-Eq,3cfe13cb0c74744ead7b
BECCS,new CHP+CCS vs standing forest and Northern European energy,SSP2-NPi,2030,2049,annual,activity,"heat production, softwood chips from forest, at furnace 1000kW | ENC",-26063.91312346478,-3.4892735623153657,7469.724760178917,14,kg CO2-Eq,3cfe13cb0c74744ead7b
BECCS,new CHP+CCS vs standing forest and Northern European energy,SSP2-NPi,2030,2049,annual,activity,Other activities,184143.2145241232,24.651941060236947,7469.724760178917,15,kg CO2-Eq,3cfe13cb0c74744ead7b
BECCS,new CHP+CCS vs standing forest and Northern European energy,SSP2-NPi,2030,2049,annual,location,SE,-8637697.689533863,-1156.3609057701037,7469.724760178917,1,kg CO2-Eq,3cfe13cb0c74744ead7b
BECCS,new CHP+CCS vs standing forest and Northern European energy,SSP2-NPi,2030,2049,annual,location,ENC,1133384.790457082,151.73046221182784,7469.724760178917,2,kg CO2-Eq,3cfe13cb0c74744ead7b
BECCS,new CHP+CCS vs standing forest and Northern European energy,SSP2-NPi,2030,2049,annual,location,DK,-85890.54435297813,-11.498488513373397,7469.724760178917,3,kg CO2-Eq,3cfe13cb0c74744ead7b
BECCS,new CHP+CCS vs standing forest and Northern European energy,SSP2-NPi,2030,2049,annual,location,GLO,44879.778879777514,6.008223906593118,7469.724760178917,4,kg CO2-Eq,3cfe13cb0c74744ead7b
BECCS,new CHP+CCS vs standing forest and Northern European energy,SSP2-NPi,2030,2049,annual,location,RoW,42920.47625338175,5.745924733691755,7469.724760178917,5,kg CO2-Eq,3cfe13cb0c74744ead7b
BECCS,new CHP+CCS vs standing forest and Northern European energy,SSP2-NPi,2030,2049,annual,location,MEA,30751.65561482331,4.116839187805192,7469.724760178917,6,kg CO2-Eq,3cfe13cb0c74744ead7b
BECCS,new CHP+CCS vs standing forest and Northern European energy,SSP2-NPi,2030,2049,annual,location,CHA,24987.382646659757,3.3451543997802204,7469.724760178917,7,kg CO2-Eq,3cfe13cb0c74744ead7b
BECCS,new CHP+CCS vs standing forest and Northern European energy,SSP2-NPi,2030,2049,annual,location,REF,16110.726928871847,2.15680328875812,7469.724760178917,8,kg CO2-Eq,3cfe13cb0c74744ead7b
BECCS,new CHP+CCS vs standing forest and Northern European energy,SSP2-NPi,2030,2049,annual,location,Other locations,139816.4274598045,18.71774823687822,7469.724760178917,9,kg CO2-Eq,3cfe13cb0c74744ead7b
BECCS,new CHP+CCS vs standing forest and Northern European energy,SSP2-NPi,2030,2049,annual,process,Forest regrowth,-8538779.819222614,-1143.1184003917824,7469.724760178917,1,kg CO2-Eq,3cfe13cb0c74744ead7b
BECCS,new CHP+CCS vs standing forest and Northern European energy,SSP2-NPi,2030,2049,annual,process,Harvesting and biomass supply,49837.140464747295,6.671884448866036,7469.724760178917,2,kg CO2-Eq,3cfe13cb0c74744ead7b
BECCS,new CHP+CCS vs standing forest and Northern European energy,SSP2-NPi,2030,2049,annual,process,Residual biogenic stack emissions,853878.0018494421,114.31184270690449,7469.724760178917,3,kg CO2-Eq,3cfe13cb0c74744ead7b
BECCS,new CHP+CCS vs standing forest and Northern European energy,SSP2-NPi,2030,2049,annual,process,New CHP infrastructure and end-of-life,16309.4647927498,2.183409070130069,7469.724760178917,4,kg CO2-Eq,3cfe13cb0c74744ead7b
BECCS,new CHP+CCS vs standing forest and Northern European energy,SSP2-NPi,2030,2049,annual,process,Other CHP operating emissions,69353.89447279602,9.284665325625042,7469.724760178917,5,kg CO2-Eq,3cfe13cb0c74744ead7b
BECCS,new CHP+CCS vs standing forest and Northern European energy,SSP2-NPi,2030,2049,annual,process,Avoided Northern European electricity,-101371.40059949597,-13.570968657360261,7469.724760178917,6,kg CO2-Eq,3cfe13cb0c74744ead7b
BECCS,new CHP+CCS vs standing forest and Northern European energy,SSP2-NPi,2030,2049,annual,process,Avoided Northern European heat,-56359.83080165407,-7.5451014074987315,7469.724760178917,7,kg CO2-Eq,3cfe13cb0c74744ead7b
BECCS,new CHP+CCS vs standing forest and Northern European energy,SSP2-NPi,2030,2049,annual,process,Capture electricity,0.0,0.0,7469.724760178917,8,kg CO2-Eq,3cfe13cb0c74744ead7b
BECCS,new CHP+CCS vs standing forest and Northern European energy,SSP2-NPi,2030,2049,annual,process,Compression and recompression,27226.204656638183,3.644873878322935,7469.724760178917,9,kg CO2-Eq,3cfe13cb0c74744ead7b
BECCS,new CHP+CCS vs standing forest and Northern European energy,SSP2-NPi,2030,2049,annual,process,Pipeline and geological storage,150330.2035253442,20.125266773784507,7469.724760178917,10,kg CO2-Eq,3cfe13cb0c74744ead7b
BECCS,new CHP+CCS vs standing forest and Northern European energy,SSP2-NPi,2030,2049,annual,process,Transport losses,215177.25646605933,28.80658436213992,7469.724760178917,11,kg CO2-Eq,3cfe13cb0c74744ead7b
BECCS,new CHP+CCS vs standing forest and Northern European energy,SSP2-NPi,2030,2049,annual,process,Capture chemicals and operating materials,14632.842554330806,1.958953378354508,7469.724760178917,12,kg CO2-Eq,3cfe13cb0c74744ead7b
BECCS,new CHP+CCS vs standing forest and Northern European energy,SSP2-NPi,2030,2049,annual,process,CCS infrastructure and end-of-life,9028.925092574329,1.2087359819075938,7469.724760178917,13,kg CO2-Eq,3cfe13cb0c74744ead7b
BECCS,new CHP+CCS vs standing forest and Northern European energy,SSP2-NPi,2030,2049,annual,process,Other CHP and CCS supply-chain GHG emissions,0.12110261619625652,1.621246030936163e-05,7469.724760178917,14,kg CO2-Eq,3cfe13cb0c74744ead7b
BECCS,new CHP+CCS vs standing forest and Northern European energy,SSP2-NPi,2030,,lifetime,activity,"forest carbon regrowth differential, existing spruce forest vs standing stock, LCSS 2026 | SE",-170775589.10116082,-1143.1183516397086,149394.49520357835,1,kg CO2-Eq,13c237f876536b1be85b
BECCS,new CHP+CCS vs standing forest and Northern European energy,SSP2-NPi,2030,,lifetime,activity,"operation of new Nordic spruce CHP with post-combustion capture, excluding capture equipment, LCSS 2026 | ENC",18258156.334854297,122.2143848739145,149394.49520357835,2,kg CO2-Eq,13c237f876536b1be85b
BECCS,new CHP+CCS vs standing forest and Northern European energy,SSP2-NPi,2030,,lifetime,activity,supply of forest residue | ENC,7031323.483267309,47.0654790438282,149394.49520357835,3,kg CO2-Eq,13c237f876536b1be85b
BECCS,new CHP+CCS vs standing forest and Northern European energy,SSP2-NPi,2030,,lifetime,activity,"carbon dioxide transport extension, pipeline 50 to 2000 km, LCSS 2026 | ENC",4303545.190334226,28.806584770542106,149394.49520357835,4,kg CO2-Eq,13c237f876536b1be85b
BECCS,new CHP+CCS vs standing forest and Northern European energy,SSP2-NPi,2030,,lifetime,activity,"heat and power co-generation, wood chips, 6667 kW, state-of-the-art 2014 | FI",-4219439.128209116,-28.24360511047833,149394.49520357835,5,kg CO2-Eq,13c237f876536b1be85b
BECCS,new CHP+CCS vs standing forest and Northern European energy,SSP2-NPi,2030,,lifetime,activity,"heat and power co-generation, wood chips, 6667 kW, state-of-the-art 2014 | SE",-3343267.947029906,-22.378789409034574,149394.49520357835,6,kg CO2-Eq,13c237f876536b1be85b
BECCS,new CHP+CCS vs standing forest and Northern European energy,SSP2-NPi,2030,,lifetime,activity,"heat and power co-generation, wood chips, 6667 kW, state-of-the-art 2014 | DK",-3106723.3716253256,-20.79543404455315,149394.49520357835,7,kg CO2-Eq,13c237f876536b1be85b
BECCS,new CHP+CCS vs standing forest and Northern European energy,SSP2-NPi,2030,,lifetime,activity,"hydrogen production, gaseous, 25 bar, from gasification of woody biomass in entrained flow gasifier, at gasification plant | ENC",1811196.843602732,12.123584882660051,149394.49520357835,8,kg CO2-Eq,13c237f876536b1be85b
BECCS,new CHP+CCS vs standing forest and Northern European energy,SSP2-NPi,2030,,lifetime,activity,"wood chipping, mobile chipper, at forest road | FI",1299340.6747622879,8.697379866585376,149394.49520357835,9,kg CO2-Eq,13c237f876536b1be85b
BECCS,new CHP+CCS vs standing forest and Northern European energy,SSP2-NPi,2030,,lifetime,activity,"harvesting, forestry harvester | FI",907697.3251958382,6.0758418438305135,149394.49520357835,10,kg CO2-Eq,13c237f876536b1be85b
BECCS,new CHP+CCS vs standing forest and Northern European energy,SSP2-NPi,2030,,lifetime,activity,treatment of sewage sludge by anaerobic digestion | RoW,725119.5113482537,4.853723093077431,149394.49520357835,11,kg CO2-Eq,13c237f876536b1be85b
BECCS,new CHP+CCS vs standing forest and Northern European energy,SSP2-NPi,2030,,lifetime,activity,"carbon monoxide, from RWGS, for Fischer Tropsch process, hydrogen from wood gasification | ENC",-633918.2921860381,-4.24325067213624,149394.49520357835,12,kg CO2-Eq,13c237f876536b1be85b
BECCS,new CHP+CCS vs standing forest and Northern European energy,SSP2-NPi,2030,,lifetime,activity,"heat production, softwood chips from forest, at furnace 1000kW | ENC",-581141.6880286598,-3.8899805995980237,149394.49520357835,13,kg CO2-Eq,13c237f876536b1be85b
BECCS,new CHP+CCS vs standing forest and Northern European energy,SSP2-NPi,2030,,lifetime,activity,"heat production, softwood chips from forest, at furnace 1000kW, state-of-the-art 2014 | ENC",-544725.456138611,-3.6462217392703735,149394.49520357835,14,kg CO2-Eq,13c237f876536b1be85b
BECCS,new CHP+CCS vs standing forest and Northern European energy,SSP2-NPi,2030,,lifetime,activity,"heat production, light fuel oil, at industrial furnace 1MW | ENC",-419443.42442324443,-2.8076230242063014,149394.49520357835,15,kg CO2-Eq,13c237f876536b1be85b
BECCS,new CHP+CCS vs standing forest and Northern European energy,SSP2-NPi,2030,,lifetime,activity,"methanol production, biomass gasification | ENC",-397929.5908918403,-2.66361615499678,149394.49520357835,16,kg CO2-Eq,13c237f876536b1be85b
BECCS,new CHP+CCS vs standing forest and Northern European energy,SSP2-NPi,2030,,lifetime,activity,farming and supply of rapeseed | ENC,-376719.4327258315,-2.5216419936523082,149394.49520357835,17,kg CO2-Eq,13c237f876536b1be85b
BECCS,new CHP+CCS vs standing forest and Northern European energy,SSP2-NPi,2030,,lifetime,activity,natural gas venting from petroleum/natural gas production | GLO,329325.5576574953,2.2044022251872586,149394.49520357835,18,kg CO2-Eq,13c237f876536b1be85b
BECCS,new CHP+CCS vs standing forest and Northern European energy,SSP2-NPi,2030,,lifetime,activity,"diesel, burned in building machine | GLO",311605.40093959053,2.085789041389839,149394.49520357835,19,kg CO2-Eq,13c237f876536b1be85b
BECCS,new CHP+CCS vs standing forest and Northern European energy,SSP2-NPi,2030,,lifetime,activity,"forwarding, forwarder | FI",298975.32765594294,2.0012472832317703,149394.49520357835,20,kg CO2-Eq,13c237f876536b1be85b
BECCS,new CHP+CCS vs standing forest and Northern European energy,SSP2-NPi,2030,,lifetime,activity,"biomethane production, from biogas upgrading, using amine scrubbing | ENC",-285682.13885914074,-1.9122668373412597,149394.49520357835,21,kg CO2-Eq,13c237f876536b1be85b
BECCS,new CHP+CCS vs standing forest and Northern European energy,SSP2-NPi,2030,,lifetime,activity,"heat, residential, by combustion of biomethane using boiler, distributed by pipeline | ENC",-242893.03994118542,-1.6258499994273388,149394.49520357835,22,kg CO2-Eq,13c237f876536b1be85b
BECCS,new CHP+CCS vs standing forest and Northern European energy,SSP2-NPi,2030,,lifetime,activity,"wood chipping, terrain chipper, diesel | RoW",241590.34293422048,1.6171301533233053,149394.49520357835,23,kg CO2-Eq,13c237f876536b1be85b
BECCS,new CHP+CCS vs standing forest and Northern European energy,SSP2-NPi,2030,,lifetime,activity,pig iron production | CHA,224330.28280860427,1.501596712133949,149394.49520357835,24,kg CO2-Eq,13c237f876536b1be85b
BECCS,new CHP+CCS vs standing forest and Northern European energy,SSP2-NPi,2030,,lifetime,activity,Other activities,4074008.796003638,27.27013997705891,149394.49520357835,25,kg CO2-Eq,13c237f876536b1be85b
BECCS,new CHP+CCS vs standing forest and Northern European energy,SSP2-NPi,2030,,lifetime,location,SE,-174266884.8974881,-1166.4879931487194,149394.49520357835,1,kg CO2-Eq,13c237f876536b1be85b
BECCS,new CHP+CCS vs standing forest and Northern European energy,SSP2-NPi,2030,,lifetime,location,ENC,28160719.00723345,188.49904053599246,149394.49520357835,2,kg CO2-Eq,13c237f876536b1be85b
BECCS,new CHP+CCS vs standing forest and Northern European energy,SSP2-NPi,2030,,lifetime,location,DK,-3107907.189362855,-20.80335815002917,149394.49520357835,3,kg CO2-Eq,13c237f876536b1be85b
BECCS,new CHP+CCS vs standing forest and Northern European energy,SSP2-NPi,2030,,lifetime,location,FI,-1750437.9386725842,-11.716883786696963,149394.49520357835,4,kg CO2-Eq,13c237f876536b1be85b
BECCS,new CHP+CCS vs standing forest and Northern European energy,SSP2-NPi,2030,,lifetime,location,RoW,1323644.2668249197,8.860060506387489,149394.49520357835,5,kg CO2-Eq,13c237f876536b1be85b
BECCS,new CHP+CCS vs standing forest and Northern European energy,SSP2-NPi,2030,,lifetime,location,GLO,920543.5200593538,6.161830252212028,149394.49520357835,6,kg CO2-Eq,13c237f876536b1be85b
BECCS,new CHP+CCS vs standing forest and Northern European energy,SSP2-NPi,2030,,lifetime,location,CHA,638710.1696493647,4.27532600032552,149394.49520357835,7,kg CO2-Eq,13c237f876536b1be85b
BECCS,new CHP+CCS vs standing forest and Northern European energy,SSP2-NPi,2030,,lifetime,location,MEA,364062.90550810535,2.4369231611379023,149394.49520357835,8,kg CO2-Eq,13c237f876536b1be85b
BECCS,new CHP+CCS vs standing forest and Northern European energy,SSP2-NPi,2030,,lifetime,location,Other locations,2606292.616393027,17.445707171749927,149394.49520357835,9,kg CO2-Eq,13c237f876536b1be85b
BECCS,new CHP+CCS vs standing forest and Northern European energy,SSP2-NPi,2030,,lifetime,process,Forest regrowth,-170775596.38445234,-1143.1184003917826,149394.49520357835,1,kg CO2-Eq,13c237f876536b1be85b
BECCS,new CHP+CCS vs standing forest and Northern European energy,SSP2-NPi,2030,,lifetime,process,Harvesting and biomass supply,2336898.4164381446,15.642466700353832,149394.49520357835,2,kg CO2-Eq,13c237f876536b1be85b
BECCS,new CHP+CCS vs standing forest and Northern European energy,SSP2-NPi,2030,,lifetime,process,Residual biogenic stack emissions,17077560.036988847,114.3118427069045,149394.49520357835,3,kg CO2-Eq,13c237f876536b1be85b
BECCS,new CHP+CCS vs standing forest and Northern European energy,SSP2-NPi,2030,,lifetime,process,New CHP infrastructure and end-of-life,361921.3652695766,2.4225883609458974,149394.49520357835,4,kg CO2-Eq,13c237f876536b1be85b
BECCS,new CHP+CCS vs standing forest and Northern European energy,SSP2-NPi,2030,,lifetime,process,Other CHP operating emissions,1403469.5811064213,9.394386179985599,149394.49520357835,5,kg CO2-Eq,13c237f876536b1be85b
BECCS,new CHP+CCS vs standing forest and Northern European energy,SSP2-NPi,2030,,lifetime,process,Avoided Northern European electricity,-2883430.1343908445,-19.300778990963646,149394.49520357835,6,kg CO2-Eq,13c237f876536b1be85b
BECCS,new CHP+CCS vs standing forest and Northern European energy,SSP2-NPi,2030,,lifetime,process,Avoided Northern European heat,-1298036.03214842,-8.688646997197585,149394.49520357835,7,kg CO2-Eq,13c237f876536b1be85b
BECCS,new CHP+CCS vs standing forest and Northern European energy,SSP2-NPi,2030,,lifetime,process,Capture electricity,0.0,0.0,149394.49520357835,8,kg CO2-Eq,13c237f876536b1be85b
BECCS,new CHP+CCS vs standing forest and Northern European energy,SSP2-NPi,2030,,lifetime,process,Compression and recompression,758688.9819890793,5.07842662445642,149394.49520357835,9,kg CO2-Eq,13c237f876536b1be85b
BECCS,new CHP+CCS vs standing forest and Northern European energy,SSP2-NPi,2030,,lifetime,process,Pipeline and geological storage,3100337.5024919687,20.75268903494182,149394.49520357835,10,kg CO2-Eq,13c237f876536b1be85b
BECCS,new CHP+CCS vs standing forest and Northern European energy,SSP2-NPi,2030,,lifetime,process,Transport losses,4303545.129321188,28.806584362139922,149394.49520357835,11,kg CO2-Eq,13c237f876536b1be85b
BECCS,new CHP+CCS vs standing forest and Northern European energy,SSP2-NPi,2030,,lifetime,process,Capture chemicals and operating materials,306267.86878299306,2.0500612714387163,149394.49520357835,12,kg CO2-Eq,13c237f876536b1be85b
BECCS,new CHP+CCS vs standing forest and Northern European energy,SSP2-NPi,2030,,lifetime,process,CCS infrastructure and end-of-life,197113.70940399697,1.319417486804933,149394.49520357835,13,kg CO2-Eq,13c237f876536b1be85b
BECCS,new CHP+CCS vs standing forest and Northern European energy,SSP2-NPi,2030,,lifetime,process,Other CHP and CCS supply-chain GHG emissions,2.4193430020519617,1.619432495658657e-05,149394.49520357835,14,kg CO2-Eq,13c237f876536b1be85b
DACCS,not applicable,SSP2-NPi,2030,2030,annual,activity,"carbon dioxide, captured and stored, with a sorbent-based direct air capture system, 100ktCO2, with heat pump heat, and grid electricity | ENC",-99999998.33106995,-1028.8065671920776,97200.0,1,kg CO2-Eq,4a5bc26d30286e992d55
DACCS,not applicable,SSP2-NPi,2030,2030,annual,activity,supply of forest residue | ENC,-22732817.773801748,-233.8767260679192,97200.0,2,kg CO2-Eq,4a5bc26d30286e992d55
DACCS,not applicable,SSP2-NPi,2030,2030,annual,activity,"heat and power co-generation, wood chips, 6667 kW, state-of-the-art 2014 | FI",10969125.635569122,112.85108678569055,97200.0,3,kg CO2-Eq,4a5bc26d30286e992d55
DACCS,not applicable,SSP2-NPi,2030,2030,annual,activity,"heat and power co-generation, wood chips, 6667 kW, state-of-the-art 2014 | SE",8680634.69136743,89.30694126921225,97200.0,4,kg CO2-Eq,4a5bc26d30286e992d55
DACCS,not applicable,SSP2-NPi,2030,2030,annual,activity,"heat and power co-generation, wood chips, 6667 kW, state-of-the-art 2014 | DK",8066457.440815882,82.98824527588356,97200.0,5,kg CO2-Eq,4a5bc26d30286e992d55
DACCS,not applicable,SSP2-NPi,2030,2030,annual,activity,"carbon dioxide transport extension, pipeline 50 to 2000 km, LCSS 2026 | ENC",2800000.039696692,28.8065847705421,97200.0,6,kg CO2-Eq,4a5bc26d30286e992d55
DACCS,not applicable,SSP2-NPi,2030,2030,annual,activity,treatment of sewage sludge by anaerobic digestion | RoW,-919224.9447509642,-9.457046756697162,97200.0,7,kg CO2-Eq,4a5bc26d30286e992d55
DACCS,not applicable,SSP2-NPi,2030,2030,annual,activity,plywood production | ENC,-597967.2520795666,-6.151926461723936,97200.0,8,kg CO2-Eq,4a5bc26d30286e992d55
DACCS,not applicable,SSP2-NPi,2030,2030,annual,activity,three and five layered board production | ENC,-457133.117522117,-4.703015612367459,97200.0,9,kg CO2-Eq,4a5bc26d30286e992d55
DACCS,not applicable,SSP2-NPi,2030,2030,annual,activity,"electricity production, natural gas, subcritical, steam cycle | ENC",416375.5887557382,4.283699472795661,97200.0,10,kg CO2-Eq,4a5bc26d30286e992d55
DACCS,not applicable,SSP2-NPi,2030,2030,annual,activity,"electricity production, at biomass-fired IGCC power plant | ENC",412794.2524000806,4.2468544485605,97200.0,11,kg CO2-Eq,4a5bc26d30286e992d55
DACCS,not applicable,SSP2-NPi,2030,2030,annual,activity,"treatment of spent anion exchange resin from potable water production, municipal incineration | GLO",392680.6244772614,4.039924120136434,97200.0,12,kg CO2-Eq,4a5bc26d30286e992d55
DACCS,not applicable,SSP2-NPi,2030,2030,annual,activity,natural gas venting from petroleum/natural gas production | GLO,372666.57871885644,3.8340182995767123,97200.0,13,kg CO2-Eq,4a5bc26d30286e992d55
DACCS,not applicable,SSP2-NPi,2030,2030,annual,activity,"biomethane production, from biogas upgrading, using amine scrubbing | ENC",354200.72995147156,3.6440404315995014,97200.0,14,kg CO2-Eq,4a5bc26d30286e992d55
DACCS,not applicable,SSP2-NPi,2030,2030,annual,activity,Other activities,6628091.692682846,68.19024375188114,97200.0,15,kg CO2-Eq,4a5bc26d30286e992d55
DACCS,not applicable,SSP2-NPi,2030,2030,annual,location,ENC,-120335588.59690873,-1238.0204588159336,97200.0,1,kg CO2-Eq,4a5bc26d30286e992d55
DACCS,not applicable,SSP2-NPi,2030,2030,annual,location,FI,11063868.444703465,113.82580704427434,97200.0,2,kg CO2-Eq,4a5bc26d30286e992d55
DACCS,not applicable,SSP2-NPi,2030,2030,annual,location,SE,9016712.278799238,92.76452961727611,97200.0,3,kg CO2-Eq,4a5bc26d30286e992d55
DACCS,not applicable,SSP2-NPi,2030,2030,annual,location,DK,8073784.339148554,83.06362488835961,97200.0,4,kg CO2-Eq,4a5bc26d30286e992d55
DACCS,not applicable,SSP2-NPi,2030,2030,annual,location,GLO,1299889.4331907965,13.373348078094615,97200.0,5,kg CO2-Eq,4a5bc26d30286e992d55
DACCS,not applicable,SSP2-NPi,2030,2030,annual,location,CHA,1086107.1247767697,11.17394161292973,97200.0,6,kg CO2-Eq,4a5bc26d30286e992d55
DACCS,not applicable,SSP2-NPi,2030,2030,annual,location,CN,380340.169323201,3.9129647049712037,97200.0,7,kg CO2-Eq,4a5bc26d30286e992d55
DACCS,not applicable,SSP2-NPi,2030,2030,annual,location,RoW,316538.3998207223,3.2565678993901472,97200.0,8,kg CO2-Eq,4a5bc26d30286e992d55
DACCS,not applicable,SSP2-NPi,2030,2030,annual,location,Other locations,3484234.2623570333,35.84603150573079,97200.0,9,kg CO2-Eq,4a5bc26d30286e992d55
DACCS,not applicable,SSP2-NPi,2030,2030,annual,process,Gross atmospheric CO2 capture,-99999999.99999999,-1028.8065843621398,97200.0,1,kg CO2-Eq,4a5bc26d30286e992d55
DACCS,not applicable,SSP2-NPi,2030,2030,annual,process,Direct-capture electricity,1978651.0535128166,20.356492320090705,97200.0,2,kg CO2-Eq,4a5bc26d30286e992d55
DACCS,not applicable,SSP2-NPi,2030,2030,annual,process,Heat-pump electricity,3114543.3249738785,32.042626800142784,97200.0,3,kg CO2-Eq,4a5bc26d30286e992d55
DACCS,not applicable,SSP2-NPi,2030,2030,annual,process,Compression and recompression,619286.0581241942,6.371255742018459,97200.0,4,kg CO2-Eq,4a5bc26d30286e992d55
DACCS,not applicable,SSP2-NPi,2030,2030,annual,process,Pipeline and geological storage,2163424.195817839,22.2574505742576,97200.0,5,kg CO2-Eq,4a5bc26d30286e992d55
DACCS,not applicable,SSP2-NPi,2030,2030,annual,process,Transport losses,2800000.0,28.80658436213992,97200.0,6,kg CO2-Eq,4a5bc26d30286e992d55
DACCS,not applicable,SSP2-NPi,2030,2030,annual,process,Other supply-chain GHG emissions,3709981.222781178,38.16853109857179,97200.0,7,kg CO2-Eq,4a5bc26d30286e992d55
DACCS,not applicable,SSP2-NPi,2030,2031,annual,activity,"carbon dioxide, captured and stored, with a sorbent-based direct air capture system, 100ktCO2, with heat pump heat, and grid electricity | ENC",-99999998.33106995,-1028.8065671920776,97200.0,1,kg CO2-Eq,649442262caf9b1e11ba
DACCS,not applicable,SSP2-NPi,2030,2031,annual,activity,supply of forest residue | ENC,-22237416.97302836,-228.78001001057984,97200.0,2,kg CO2-Eq,649442262caf9b1e11ba
DACCS,not applicable,SSP2-NPi,2030,2031,annual,activity,"heat and power co-generation, wood chips, 6667 kW, state-of-the-art 2014 | FI",10723481.331256384,110.32388200881053,97200.0,3,kg CO2-Eq,649442262caf9b1e11ba
DACCS,not applicable,SSP2-NPi,2030,2031,annual,activity,"heat and power co-generation, wood chips, 6667 kW, state-of-the-art 2014 | SE",8486239.145847872,87.30698709720033,97200.0,4,kg CO2-Eq,649442262caf9b1e11ba
DACCS,not applicable,SSP2-NPi,2030,2031,annual,activity,"heat and power co-generation, wood chips, 6667 kW, state-of-the-art 2014 | DK",7885815.862956048,81.12979282876593,97200.0,5,kg CO2-Eq,649442262caf9b1e11ba
DACCS,not applicable,SSP2-NPi,2030,2031,annual,activity,"carbon dioxide transport extension, pipeline 50 to 2000 km, LCSS 2026 | ENC",2800000.039696692,28.8065847705421,97200.0,6,kg CO2-Eq,649442262caf9b1e11ba
DACCS,not applicable,SSP2-NPi,2030,2031,annual,activity,treatment of sewage sludge by anaerobic digestion | RoW,-891093.8807413725,-9.167632517915354,97200.0,7,kg CO2-Eq,649442262caf9b1e11ba
DACCS,not applicable,SSP2-NPi,2030,2031,annual,activity,plywood production | ENC,-576444.2099267815,-5.930495986901044,97200.0,8,kg CO2-Eq,649442262caf9b1e11ba
DACCS,not applicable,SSP2-NPi,2030,2031,annual,activity,three and five layered board production | ENC,-440679.21419606404,-4.5337367715644445,97200.0,9,kg CO2-Eq,649442262caf9b1e11ba
DACCS,not applicable,SSP2-NPi,2030,2031,annual,activity,"electricity production, natural gas, subcritical, steam cycle | ENC",402802.58904519334,4.144059558078121,97200.0,10,kg CO2-Eq,649442262caf9b1e11ba
DACCS,not applicable,SSP2-NPi,2030,2031,annual,activity,"treatment of spent anion exchange resin from potable water production, municipal incineration | GLO",392679.06518053316,4.039908077989025,97200.0,11,kg CO2-Eq,649442262caf9b1e11ba
DACCS,not applicable,SSP2-NPi,2030,2031,annual,activity,"electricity production, at biomass-fired IGCC power plant | ENC",384480.9223116518,3.9555650443585577,97200.0,12,kg CO2-Eq,649442262caf9b1e11ba
DACCS,not applicable,SSP2-NPi,2030,2031,annual,activity,natural gas venting from petroleum/natural gas production | GLO,370293.225486735,3.8096010852544753,97200.0,13,kg CO2-Eq,649442262caf9b1e11ba
DACCS,not applicable,SSP2-NPi,2030,2031,annual,activity,"biomethane production, from biogas upgrading, using amine scrubbing | ENC",343235.8360968563,3.5312328816549,97200.0,14,kg CO2-Eq,649442262caf9b1e11ba
DACCS,not applicable,SSP2-NPi,2030,2031,annual,activity,Other activities,6562344.032300295,67.5138274928014,97200.0,15,kg CO2-Eq,649442262caf9b1e11ba
DACCS,not applicable,SSP2-NPi,2030,2031,annual,location,ENC,-119824975.8731873,-1232.7672414936965,97200.0,1,kg CO2-Eq,649442262caf9b1e11ba
DACCS,not applicable,SSP2-NPi,2030,2031,annual,location,FI,10816817.222429723,111.28412780277492,97200.0,2,kg CO2-Eq,649442262caf9b1e11ba
DACCS,not applicable,SSP2-NPi,2030,2031,annual,location,SE,8813141.397142919,90.67017898295184,97200.0,3,kg CO2-Eq,649442262caf9b1e11ba
DACCS,not applicable,SSP2-NPi,2030,2031,annual,location,DK,7892114.352434411,81.19459210323468,97200.0,4,kg CO2-Eq,649442262caf9b1e11ba
DACCS,not applicable,SSP2-NPi,2030,2031,annual,location,GLO,1296203.1581548906,13.335423437807517,97200.0,5,kg CO2-Eq,649442262caf9b1e11ba
DACCS,not applicable,SSP2-NPi,2030,2031,annual,location,CHA,1060305.938095402,10.90849730550825,97200.0,6,kg CO2-Eq,649442262caf9b1e11ba
DACCS,not applicable,SSP2-NPi,2030,2031,annual,location,CN,378042.5235321622,3.889326373787677,97200.0,7,kg CO2-Eq,649442262caf9b1e11ba
DACCS,not applicable,SSP2-NPi,2030,2031,annual,location,RoW,344050.6420381518,3.539615658828722,97200.0,8,kg CO2-Eq,649442262caf9b1e11ba
DACCS,not applicable,SSP2-NPi,2030,2031,annual,location,Other locations,3430040.080575307,35.288478195219206,97200.0,9,kg CO2-Eq,649442262caf9b1e11ba
DACCS,not applicable,SSP2-NPi,2030,2031,annual,process,Gross atmospheric CO2 capture,-99999999.99999999,-1028.8065843621398,97200.0,1,kg CO2-Eq,649442262caf9b1e11ba
DACCS,not applicable,SSP2-NPi,2030,2031,annual,process,Direct-capture electricity,1941543.9175826677,19.974731662373124,97200.0,2,kg CO2-Eq,649442262caf9b1e11ba
DACCS,not applicable,SSP2-NPi,2030,2031,annual,process,Heat-pump electricity,3056133.944343089,31.44170724632808,97200.0,3,kg CO2-Eq,649442262caf9b1e11ba
DACCS,not applicable,SSP2-NPi,2030,2031,annual,process,Compression and recompression,607672.1194776286,6.251770776518813,97200.0,4,kg CO2-Eq,649442262caf9b1e11ba
DACCS,not applicable,SSP2-NPi,2030,2031,annual,process,Pipeline and geological storage,2142080.5533867455,22.0378657755838,97200.0,5,kg CO2-Eq,649442262caf9b1e11ba
DACCS,not applicable,SSP2-NPi,2030,2031,annual,process,Transport losses,2800000.0,28.80658436213992,97200.0,6,kg CO2-Eq,649442262caf9b1e11ba
DACCS,not applicable,SSP2-NPi,2030,2031,annual,process,Other supply-chain GHG emissions,3658308.9064248367,37.63692290560532,97200.0,7,kg CO2-Eq,649442262caf9b1e11ba
DACCS,not applicable,SSP2-NPi,2030,2032,annual,activity,"carbon dioxide, captured and stored, with a sorbent-based direct air capture system, 100ktCO2, with heat pump heat, and grid electricity | ENC",-99999998.33106995,-1028.8065671920776,97200.0,1,kg CO2-Eq,a2f16ee3d1c79b19c947
DACCS,not applicable,SSP2-NPi,2030,2032,annual,activity,supply of forest residue | ENC,-21739835.99200803,-223.66086411530895,97200.0,2,kg CO2-Eq,a2f16ee3d1c79b19c947
DACCS,not applicable,SSP2-NPi,2030,2032,annual,activity,"heat and power co-generation, wood chips, 6667 kW, state-of-the-art 2014 | FI",10477675.30070931,107.79501338178304,97200.0,3,kg CO2-Eq,a2f16ee3d1c79b19c947
DACCS,not applicable,SSP2-NPi,2030,2032,annual,activity,"heat and power co-generation, wood chips, 6667 kW, state-of-the-art 2014 | SE",8291716.193257871,85.30572215285875,97200.0,4,kg CO2-Eq,a2f16ee3d1c79b19c947
DACCS,not applicable,SSP2-NPi,2030,2032,annual,activity,"heat and power co-generation, wood chips, 6667 kW, state-of-the-art 2014 | DK",7705055.892561324,79.27012235145395,97200.0,5,kg CO2-Eq,a2f16ee3d1c79b19c947
DACCS,not applicable,SSP2-NPi,2030,2032,annual,activity,"carbon dioxide transport extension, pipeline 50 to 2000 km, LCSS 2026 | ENC",2800000.039696692,28.8065847705421,97200.0,6,kg CO2-Eq,a2f16ee3d1c79b19c947
DACCS,not applicable,SSP2-NPi,2030,2032,annual,activity,treatment of sewage sludge by anaerobic digestion | RoW,-863165.6823479888,-8.880305373950502,97200.0,7,kg CO2-Eq,a2f16ee3d1c79b19c947
DACCS,not applicable,SSP2-NPi,2030,2032,annual,activity,plywood production | ENC,-555263.2225025805,-5.712584593647947,97200.0,8,kg CO2-Eq,a2f16ee3d1c79b19c947
DACCS,not applicable,SSP2-NPi,2030,2032,annual,activity,three and five layered board production | ENC,-424486.8043613306,-4.367148193017805,97200.0,9,kg CO2-Eq,a2f16ee3d1c79b19c947
DACCS,not applicable,SSP2-NPi,2030,2032,annual,activity,"treatment of spent anion exchange resin from potable water production, municipal incineration | GLO",392677.5042406495,4.039892018936723,97200.0,10,kg CO2-Eq,a2f16ee3d1c79b19c947
DACCS,not applicable,SSP2-NPi,2030,2032,annual,activity,"electricity production, natural gas, subcritical, steam cycle | ENC",389338.29717697063,4.005538036800109,97200.0,11,kg CO2-Eq,a2f16ee3d1c79b19c947
DACCS,not applicable,SSP2-NPi,2030,2032,annual,activity,natural gas venting from petroleum/natural gas production | GLO,367935.246936666,3.785342046673519,97200.0,12,kg CO2-Eq,a2f16ee3d1c79b19c947
DACCS,not applicable,SSP2-NPi,2030,2032,annual,activity,"electricity production, at biomass-fired IGCC power plant | ENC",356154.8304691873,3.664144346390816,97200.0,13,kg CO2-Eq,a2f16ee3d1c79b19c947
DACCS,not applicable,SSP2-NPi,2030,2032,annual,activity,"biomethane production, from biogas upgrading, using amine scrubbing | ENC",332353.10284446727,3.419270605395754,97200.0,14,kg CO2-Eq,a2f16ee3d1c79b19c947
DACCS,not applicable,SSP2-NPi,2030,2032,annual,activity,Other activities,6494566.263642981,66.8165253461212,97200.0,15,kg CO2-Eq,a2f16ee3d1c79b19c947
DACCS,not applicable,SSP2-NPi,2030,2032,annual,location,ENC,-119313188.1303714,-1227.5019354976482,97200.0,1,kg CO2-Eq,a2f16ee3d1c79b19c947
DACCS,not applicable,SSP2-NPi,2030,2032,annual,location,FI,10569605.207844958,108.74079431939256,97200.0,2,kg CO2-Eq,a2f16ee3d1c79b19c947
DACCS,not applicable,SSP2-NPi,2030,2032,annual,location,SE,8609437.66275386,88.57446155096564,97200.0,3,kg CO2-Eq,a2f16ee3d1c79b19c947
DACCS,not applicable,SSP2-NPi,2030,2032,annual,location,DK,7710325.601442393,79.3243374633991,97200.0,4,kg CO2-Eq,a2f16ee3d1c79b19c947
DACCS,not applicable,SSP2-NPi,2030,2032,annual,location,GLO,1292443.4907127852,13.296743731613017,97200.0,5,kg CO2-Eq,a2f16ee3d1c79b19c947
DACCS,not applicable,SSP2-NPi,2030,2032,annual,location,CHA,1034791.1004147886,10.645998975460788,97200.0,6,kg CO2-Eq,a2f16ee3d1c79b19c947
DACCS,not applicable,SSP2-NPi,2030,2032,annual,location,CN,375771.6802192499,3.865963788263888,97200.0,7,kg CO2-Eq,a2f16ee3d1c79b19c947
DACCS,not applicable,SSP2-NPi,2030,2032,annual,location,RoW,371436.3935097279,3.8213620731453486,97200.0,8,kg CO2-Eq,a2f16ee3d1c79b19c947
DACCS,not applicable,SSP2-NPi,2030,2032,annual,location,Other locations,3374099.6327198604,34.712959184360706,97200.0,9,kg CO2-Eq,a2f16ee3d1c79b19c947
DACCS,not applicable,SSP2-NPi,2030,2032,annual,process,Gross atmospheric CO2 capture,-99999999.99999999,-1028.8065843621398,97200.0,1,kg CO2-Eq,a2f16ee3d1c79b19c947
DACCS,not applicable,SSP2-NPi,2030,2032,annual,process,Direct-capture electricity,1904089.1146881261,19.58939418403422,97200.0,2,kg CO2-Eq,a2f16ee3d1c79b19c947
DACCS,not applicable,SSP2-NPi,2030,2032,annual,process,Heat-pump electricity,2997177.310157236,30.835157511905724,97200.0,3,kg CO2-Eq,a2f16ee3d1c79b19c947
DACCS,not applicable,SSP2-NPi,2030,2032,annual,process,Compression and recompression,595949.3666449856,6.131166323508083,97200.0,4,kg CO2-Eq,a2f16ee3d1c79b19c947
DACCS,not applicable,SSP2-NPi,2030,2032,annual,process,Pipeline and geological storage,2121011.8385320934,21.821109449918655,97200.0,5,kg CO2-Eq,a2f16ee3d1c79b19c947
DACCS,not applicable,SSP2-NPi,2030,2032,annual,process,Transport losses,2800000.0,28.80658436213992,97200.0,6,kg CO2-Eq,a2f16ee3d1c79b19c947
DACCS,not applicable,SSP2-NPi,2030,2032,annual,process,Other supply-chain GHG emissions,3606495.009223499,37.10385811958332,97200.0,7,kg CO2-Eq,a2f16ee3d1c79b19c947
DACCS,not applicable,SSP2-NPi,2030,2033,annual,activity,"carbon dioxide, captured and stored, with a sorbent-based direct air capture system, 100ktCO2, with heat pump heat, and grid electricity | ENC",-99999998.33106995,-1028.8065671920776,97200.0,1,kg CO2-Eq,c435a86ac81aa4e020e5
DACCS,not applicable,SSP2-NPi,2030,2033,annual,activity,supply of forest residue | ENC,-21240143.546777237,-218.51999533721437,97200.0,2,kg CO2-Eq,c435a86ac81aa4e020e5
DACCS,not applicable,SSP2-NPi,2030,2033,annual,activity,"heat and power co-generation, wood chips, 6667 kW, state-of-the-art 2014 | FI",10231715.730714226,105.2645651308048,97200.0,3,kg CO2-Eq,c435a86ac81aa4e020e5
DACCS,not applicable,SSP2-NPi,2030,2033,annual,activity,"heat and power co-generation, wood chips, 6667 kW, state-of-the-art 2014 | SE",8097071.140817374,83.30320103721579,97200.0,4,kg CO2-Eq,c435a86ac81aa4e020e5
DACCS,not applicable,SSP2-NPi,2030,2033,annual,activity,"heat and power co-generation, wood chips, 6667 kW, state-of-the-art 2014 | DK",7524182.461350329,77.40928458179351,97200.0,5,kg CO2-Eq,c435a86ac81aa4e020e5
DACCS,not applicable,SSP2-NPi,2030,2033,annual,activity,"carbon dioxide transport extension, pipeline 50 to 2000 km, LCSS 2026 | ENC",2800000.039696692,28.8065847705421,97200.0,6,kg CO2-Eq,c435a86ac81aa4e020e5
DACCS,not applicable,SSP2-NPi,2030,2033,annual,activity,treatment of sewage sludge by anaerobic digestion | RoW,-835442.44360056,-8.595086868318518,97200.0,7,kg CO2-Eq,c435a86ac81aa4e020e5
DACCS,not applicable,SSP2-NPi,2030,2033,annual,activity,plywood production | ENC,-534427.2015226628,-5.498222237887477,97200.0,8,kg CO2-Eq,c435a86ac81aa4e020e5
DACCS,not applicable,SSP2-NPi,2030,2033,annual,activity,three and five layered board production | ENC,-408558.11396201316,-4.2032727773869665,97200.0,9,kg CO2-Eq,c435a86ac81aa4e020e5
DACCS,not applicable,SSP2-NPi,2030,2033,annual,activity,"treatment of spent anion exchange resin from potable water production, municipal incineration | GLO",392675.941755943,4.039875943991183,97200.0,10,kg CO2-Eq,c435a86ac81aa4e020e5
DACCS,not applicable,SSP2-NPi,2030,2033,annual,activity,"electricity production, natural gas, subcritical, steam cycle | ENC",375982.99513794354,3.8681378100611474,97200.0,11,kg CO2-Eq,c435a86ac81aa4e020e5
DACCS,not applicable,SSP2-NPi,2030,2033,annual,activity,natural gas venting from petroleum/natural gas production | GLO,365588.0269723476,3.761193693131148,97200.0,12,kg CO2-Eq,c435a86ac81aa4e020e5
DACCS,not applicable,SSP2-NPi,2030,2033,annual,activity,"electricity production, at biomass-fired IGCC power plant | ENC",327816.6615145718,3.372599398298064,97200.0,13,kg CO2-Eq,c435a86ac81aa4e020e5
DACCS,not applicable,SSP2-NPi,2030,2033,annual,activity,"biomethane production, from biogas upgrading, using amine scrubbing | ENC",321553.1930935772,3.3081604227734283,97200.0,14,kg CO2-Eq,c435a86ac81aa4e020e5
DACCS,not applicable,SSP2-NPi,2030,2033,annual,activity,Other activities,6424799.919234005,66.09876460117289,97200.0,15,kg CO2-Eq,c435a86ac81aa4e020e5
DACCS,not applicable,SSP2-NPi,2030,2033,annual,location,ENC,-118800281.67802893,-1222.2251201443305,97200.0,1,kg CO2-Eq,c435a86ac81aa4e020e5
DACCS,not applicable,SSP2-NPi,2030,2033,annual,location,FI,10322240.636851456,106.19589132563226,97200.0,2,kg CO2-Eq,c435a86ac81aa4e020e5
DACCS,not applicable,SSP2-NPi,2030,2033,annual,location,SE,8405606.579862885,86.47743394920664,97200.0,3,kg CO2-Eq,c435a86ac81aa4e020e5
DACCS,not applicable,SSP2-NPi,2030,2033,annual,location,DK,7528423.039378999,77.45291192776747,97200.0,4,kg CO2-Eq,c435a86ac81aa4e020e5
DACCS,not applicable,SSP2-NPi,2030,2033,annual,location,GLO,1288603.78578176,13.257240594462552,97200.0,5,kg CO2-Eq,c435a86ac81aa4e020e5
DACCS,not applicable,SSP2-NPi,2030,2033,annual,location,CHA,1009568.5256855254,10.386507465900467,97200.0,6,kg CO2-Eq,c435a86ac81aa4e020e5
DACCS,not applicable,SSP2-NPi,2030,2033,annual,location,RoW,398691.5626005699,4.101765047330966,97200.0,7,kg CO2-Eq,c435a86ac81aa4e020e5
DACCS,not applicable,SSP2-NPi,2030,2033,annual,location,CN,373529.5073830894,3.842896166492689,97200.0,8,kg CO2-Eq,c435a86ac81aa4e020e5
DACCS,not applicable,SSP2-NPi,2030,2033,annual,location,Other locations,3316434.5138393333,34.11969664443759,97200.0,9,kg CO2-Eq,c435a86ac81aa4e020e5
DACCS,not applicable,SSP2-NPi,2030,2033,annual,process,Gross atmospheric CO2 capture,-99999999.99999999,-1028.8065843621398,97200.0,1,kg CO2-Eq,c435a86ac81aa4e020e5
DACCS,not applicable,SSP2-NPi,2030,2033,annual,process,Direct-capture electricity,1866283.3657402785,19.200446149591343,97200.0,2,kg CO2-Eq,c435a86ac81aa4e020e5
DACCS,not applicable,SSP2-NPi,2030,2033,annual,process,Heat-pump electricity,2937668.260887476,30.22292449472712,97200.0,3,kg CO2-Eq,c435a86ac81aa4e020e5
DACCS,not applicable,SSP2-NPi,2030,2033,annual,process,Compression and recompression,584116.7733240058,6.009431824321047,97200.0,4,kg CO2-Eq,c435a86ac81aa4e020e5
DACCS,not applicable,SSP2-NPi,2030,2033,annual,process,Pipeline and geological storage,2100228.0161655173,21.60728411692919,97200.0,5,kg CO2-Eq,c435a86ac81aa4e020e5
DACCS,not applicable,SSP2-NPi,2030,2033,annual,process,Transport losses,2800000.0,28.80658436213992,97200.0,6,kg CO2-Eq,c435a86ac81aa4e020e5
DACCS,not applicable,SSP2-NPi,2030,2033,annual,process,Other supply-chain GHG emissions,3554520.057235956,36.56913639131642,97200.0,7,kg CO2-Eq,c435a86ac81aa4e020e5
DACCS,not applicable,SSP2-NPi,2030,2034,annual,activity,"carbon dioxide, captured and stored, with a sorbent-based direct air capture system, 100ktCO2, with heat pump heat, and grid electricity | ENC",-99999998.33106995,-1028.8065671920776,97200.0,1,kg CO2-Eq,ae6c65228e838dfe7a83
DACCS,not applicable,SSP2-NPi,2030,2034,annual,activity,supply of forest residue | ENC,-20738408.198081754,-213.3581090337629,97200.0,2,kg CO2-Eq,ae6c65228e838dfe7a83
DACCS,not applicable,SSP2-NPi,2030,2034,annual,activity,"heat and power co-generation, wood chips, 6667 kW, state-of-the-art 2014 | FI",9985607.675895091,102.73258925817996,97200.0,3,kg CO2-Eq,ae6c65228e838dfe7a83
DACCS,not applicable,SSP2-NPi,2030,2034,annual,activity,"heat and power co-generation, wood chips, 6667 kW, state-of-the-art 2014 | SE",7902309.160340888,81.2994769582396,97200.0,4,kg CO2-Eq,ae6c65228e838dfe7a83
DACCS,not applicable,SSP2-NPi,2030,2034,annual,activity,"heat and power co-generation, wood chips, 6667 kW, state-of-the-art 2014 | DK",7343200.375216597,75.54732896313371,97200.0,5,kg CO2-Eq,ae6c65228e838dfe7a83
DACCS,not applicable,SSP2-NPi,2030,2034,annual,activity,"carbon dioxide transport extension, pipeline 50 to 2000 km, LCSS 2026 | ENC",2800000.039696692,28.8065847705421,97200.0,6,kg CO2-Eq,ae6c65228e838dfe7a83
DACCS,not applicable,SSP2-NPi,2030,2034,annual,activity,treatment of sewage sludge by anaerobic digestion | RoW,-807926.224959713,-8.311998199174003,97200.0,7,kg CO2-Eq,ae6c65228e838dfe7a83
DACCS,not applicable,SSP2-NPi,2030,2034,annual,activity,plywood production | ENC,-513938.68453513365,-5.287435026081622,97200.0,8,kg CO2-Eq,ae6c65228e838dfe7a83
DACCS,not applicable,SSP2-NPi,2030,2034,annual,activity,three and five layered board production | ENC,-392895.0828991218,-4.042130482501253,97200.0,9,kg CO2-Eq,ae6c65228e838dfe7a83
DACCS,not applicable,SSP2-NPi,2030,2034,annual,activity,"treatment of spent anion exchange resin from potable water production, municipal incineration | GLO",392674.37781501724,4.039859854063963,97200.0,10,kg CO2-Eq,ae6c65228e838dfe7a83
DACCS,not applicable,SSP2-NPi,2030,2034,annual,activity,natural gas venting from petroleum/natural gas production | GLO,363247.0253452897,3.7371093142519514,97200.0,11,kg CO2-Eq,ae6c65228e838dfe7a83
DACCS,not applicable,SSP2-NPi,2030,2034,annual,activity,"electricity production, natural gas, subcritical, steam cycle | ENC",362737.21512840764,3.7318643531729183,97200.0,12,kg CO2-Eq,ae6c65228e838dfe7a83
DACCS,not applicable,SSP2-NPi,2030,2034,annual,activity,"biomethane production, from biogas upgrading, using amine scrubbing | ENC",310836.7519533339,3.197908970713312,97200.0,13,kg CO2-Eq,ae6c65228e838dfe7a83
DACCS,not applicable,SSP2-NPi,2030,2034,annual,activity,"electricity production, at biomass-fired IGCC power plant | ENC",299466.97278410743,3.080935933992875,97200.0,14,kg CO2-Eq,ae6c65228e838dfe7a83
DACCS,not applicable,SSP2-NPi,2030,2034,annual,activity,Other activities,6353086.256116856,65.36096971313638,97200.0,15,kg CO2-Eq,ae6c65228e838dfe7a83
DACCS,not applicable,SSP2-NPi,2030,2034,annual,location,ENC,-118286312.18947713,-1216.9373682044973,97200.0,1,kg CO2-Eq,ae6c65228e838dfe7a83
DACCS,not applicable,SSP2-NPi,2030,2034,annual,location,FI,10074728.627123911,103.64947147246822,97200.0,2,kg CO2-Eq,ae6c65228e838dfe7a83
DACCS,not applicable,SSP2-NPi,2030,2034,annual,location,SE,8201653.594630673,84.37915220813449,97200.0,3,kg CO2-Eq,ae6c65228e838dfe7a83
DACCS,not applicable,SSP2-NPi,2030,2034,annual,location,DK,7346411.492478512,75.58036514895589,97200.0,4,kg CO2-Eq,ae6c65228e838dfe7a83
DACCS,not applicable,SSP2-NPi,2030,2034,annual,location,GLO,1284677.57629345,13.216847492730968,97200.0,5,kg CO2-Eq,ae6c65228e838dfe7a83
DACCS,not applicable,SSP2-NPi,2030,2034,annual,location,CHA,984643.9296733915,10.13008158100197,97200.0,6,kg CO2-Eq,ae6c65228e838dfe7a83
DACCS,not applicable,SSP2-NPi,2030,2034,annual,location,RoW,425812.126853601,4.380783198082315,97200.0,7,kg CO2-Eq,ae6c65228e838dfe7a83
DACCS,not applicable,SSP2-NPi,2030,2034,annual,location,CN,371317.8342663565,3.8201423278431736,97200.0,8,kg CO2-Eq,ae6c65228e838dfe7a83
DACCS,not applicable,SSP2-NPi,2030,2034,annual,location,Other locations,3257066.33690391,33.50891293111019,97200.0,9,kg CO2-Eq,ae6c65228e838dfe7a83
DACCS,not applicable,SSP2-NPi,2030,2034,annual,process,Gross atmospheric CO2 capture,-99999999.99999999,-1028.8065843621398,97200.0,1,kg CO2-Eq,ae6c65228e838dfe7a83
DACCS,not applicable,SSP2-NPi,2030,2034,annual,process,Direct-capture electricity,1828122.2088237987,18.80784165456583,97200.0,2,kg CO2-Eq,ae6c65228e838dfe7a83
DACCS,not applicable,SSP2-NPi,2030,2034,annual,process,Heat-pump electricity,2877599.773148573,29.60493593774252,97200.0,3,kg CO2-Eq,ae6c65228e838dfe7a83
DACCS,not applicable,SSP2-NPi,2030,2034,annual,process,Compression and recompression,572172.9430067253,5.886552911591824,97200.0,4,kg CO2-Eq,ae6c65228e838dfe7a83
DACCS,not applicable,SSP2-NPi,2030,2034,annual,process,Pipeline and geological storage,2079738.593464674,21.396487587085122,97200.0,5,kg CO2-Eq,ae6c65228e838dfe7a83
DACCS,not applicable,SSP2-NPi,2030,2034,annual,process,Transport losses,2800000.0,28.80658436213992,97200.0,6,kg CO2-Eq,ae6c65228e838dfe7a83
DACCS,not applicable,SSP2-NPi,2030,2034,annual,process,Other supply-chain GHG emissions,3502365.810301897,36.03257006483433,97200.0,7,kg CO2-Eq,ae6c65228e838dfe7a83
DACCS,not applicable,SSP2-NPi,2030,2035,annual,activity,"carbon dioxide, captured and stored, with a sorbent-based direct air capture system, 100ktCO2, with heat pump heat, and grid electricity | ENC",-99999998.33106995,-1028.8065671920776,97200.0,1,kg CO2-Eq,7733c8a8e6e22b0ca965
DACCS,not applicable,SSP2-NPi,2030,2035,annual,activity,supply of forest residue | ENC,-20234694.83087974,-208.17587274567634,97200.0,2,kg CO2-Eq,7733c8a8e6e22b0ca965
DACCS,not applicable,SSP2-NPi,2030,2035,annual,activity,"heat and power co-generation, wood chips, 6667 kW, state-of-the-art 2014 | FI",9739358.993175618,100.19916659645698,97200.0,3,kg CO2-Eq,7733c8a8e6e22b0ca965
DACCS,not applicable,SSP2-NPi,2030,2035,annual,activity,"heat and power co-generation, wood chips, 6667 kW, state-of-the-art 2014 | SE",7707435.297625568,79.29460182742353,97200.0,4,kg CO2-Eq,7733c8a8e6e22b0ca965
DACCS,not applicable,SSP2-NPi,2030,2035,annual,activity,"heat and power co-generation, wood chips, 6667 kW, state-of-the-art 2014 | DK",7162114.322952427,73.68430373407847,97200.0,5,kg CO2-Eq,7733c8a8e6e22b0ca965
DACCS,not applicable,SSP2-NPi,2030,2035,annual,activity,"carbon dioxide transport extension, pipeline 50 to 2000 km, LCSS 2026 | ENC",2800000.039696692,28.8065847705421,97200.0,6,kg CO2-Eq,7733c8a8e6e22b0ca965
DACCS,not applicable,SSP2-NPi,2030,2035,annual,activity,treatment of sewage sludge by anaerobic digestion | RoW,-780619.0346535005,-8.031060027299388,97200.0,7,kg CO2-Eq,7733c8a8e6e22b0ca965
DACCS,not applicable,SSP2-NPi,2030,2035,annual,activity,plywood production | ENC,-493800.27456120786,-5.0802497382840315,97200.0,8,kg CO2-Eq,7733c8a8e6e22b0ca965
DACCS,not applicable,SSP2-NPi,2030,2035,annual,activity,"treatment of spent anion exchange resin from potable water production, municipal incineration | GLO",392672.81251094287,4.039843750112581,97200.0,9,kg CO2-Eq,7733c8a8e6e22b0ca965
DACCS,not applicable,SSP2-NPi,2030,2035,annual,activity,three and five layered board production | ENC,-377499.701126452,-3.8837417811363375,97200.0,10,kg CO2-Eq,7733c8a8e6e22b0ca965
DACCS,not applicable,SSP2-NPi,2030,2035,annual,activity,natural gas venting from petroleum/natural gas production | GLO,360907.7860461344,3.713043066318255,97200.0,11,kg CO2-Eq,7733c8a8e6e22b0ca965
DACCS,not applicable,SSP2-NPi,2030,2035,annual,activity,"electricity production, natural gas, subcritical, steam cycle | ENC",349601.21674698684,3.596720336903157,97200.0,12,kg CO2-Eq,7733c8a8e6e22b0ca965
DACCS,not applicable,SSP2-NPi,2030,2035,annual,activity,"biomethane production, from biogas upgrading, using amine scrubbing | ENC",300204.3980994112,3.0885226141914734,97200.0,13,kg CO2-Eq,7733c8a8e6e22b0ca965
DACCS,not applicable,SSP2-NPi,2030,2035,annual,activity,"electricity production, hydro, reservoir, non-alpine region | SE",289521.49070535187,2.978616159520081,97200.0,14,kg CO2-Eq,7733c8a8e6e22b0ca965
DACCS,not applicable,SSP2-NPi,2030,2035,annual,activity,Other activities,6261050.816594244,64.4141030513811,97200.0,15,kg CO2-Eq,7733c8a8e6e22b0ca965
DACCS,not applicable,SSP2-NPi,2030,2035,annual,location,ENC,-117771333.21682206,-1211.6392306257414,97200.0,1,kg CO2-Eq,7733c8a8e6e22b0ca965
DACCS,not applicable,SSP2-NPi,2030,2035,annual,location,FI,9827077.081319809,101.101616062961,97200.0,2,kg CO2-Eq,7733c8a8e6e22b0ca965
DACCS,not applicable,SSP2-NPi,2030,2035,annual,location,SE,7997583.934268665,82.2796701056447,97200.0,3,kg CO2-Eq,7733c8a8e6e22b0ca965
DACCS,not applicable,SSP2-NPi,2030,2035,annual,location,DK,7164295.669580075,73.70674557181147,97200.0,4,kg CO2-Eq,7733c8a8e6e22b0ca965
DACCS,not applicable,SSP2-NPi,2030,2035,annual,location,GLO,1280658.528748596,13.175499266960864,97200.0,5,kg CO2-Eq,7733c8a8e6e22b0ca965
DACCS,not applicable,SSP2-NPi,2030,2035,annual,location,CHA,960023.0496638353,9.876780346335755,97200.0,6,kg CO2-Eq,7733c8a8e6e22b0ca965
DACCS,not applicable,SSP2-NPi,2030,2035,annual,location,RoW,452794.19088920916,4.65837644947746,97200.0,7,kg CO2-Eq,7733c8a8e6e22b0ca965
DACCS,not applicable,SSP2-NPi,2030,2035,annual,location,CN,369138.46841551695,3.7977208684723966,97200.0,8,kg CO2-Eq,7733c8a8e6e22b0ca965
DACCS,not applicable,SSP2-NPi,2030,2035,annual,location,Other locations,3196017.295798882,32.880836376531704,97200.0,9,kg CO2-Eq,7733c8a8e6e22b0ca965
DACCS,not applicable,SSP2-NPi,2030,2035,annual,process,Gross atmospheric CO2 capture,-99999999.99999999,-1028.8065843621398,97200.0,1,kg CO2-Eq,7733c8a8e6e22b0ca965
DACCS,not applicable,SSP2-NPi,2030,2035,annual,process,Direct-capture electricity,1789602.453842485,18.41154787903791,97200.0,2,kg CO2-Eq,7733c8a8e6e22b0ca965
DACCS,not applicable,SSP2-NPi,2030,2035,annual,process,Heat-pump electricity,2816966.8254928016,28.981140179967095,97200.0,3,kg CO2-Eq,7733c8a8e6e22b0ca965
DACCS,not applicable,SSP2-NPi,2030,2035,annual,process,Compression and recompression,560116.8772441761,5.762519313211689,97200.0,4,kg CO2-Eq,7733c8a8e6e22b0ca965
DACCS,not applicable,SSP2-NPi,2030,2035,annual,process,Pipeline and geological storage,2059553.422906372,21.188821223316584,97200.0,5,kg CO2-Eq,7733c8a8e6e22b0ca965
DACCS,not applicable,SSP2-NPi,2030,2035,annual,process,Transport losses,2800000.0,28.80658436213992,97200.0,6,kg CO2-Eq,7733c8a8e6e22b0ca965
DACCS,not applicable,SSP2-NPi,2030,2035,annual,process,Other supply-chain GHG emissions,3450015.4223752534,35.4939858269059,97200.0,7,kg CO2-Eq,7733c8a8e6e22b0ca965
DACCS,not applicable,SSP2-NPi,2030,2036,annual,activity,"carbon dioxide, captured and stored, with a sorbent-based direct air capture system, 100ktCO2, with heat pump heat, and grid electricity | ENC",-99999998.33106995,-1028.8065671920776,97200.0,1,kg CO2-Eq,ae9b3440a19614396118
DACCS,not applicable,SSP2-NPi,2030,2036,annual,activity,supply of forest residue | ENC,-19535336.878531203,-200.98083208365435,97200.0,2,kg CO2-Eq,ae9b3440a19614396118
DACCS,not applicable,SSP2-NPi,2030,2036,annual,activity,"heat and power co-generation, wood chips, 6667 kW, state-of-the-art 2014 | FI",9408702.287792405,96.79734863983956,97200.0,3,kg CO2-Eq,ae9b3440a19614396118
DACCS,not applicable,SSP2-NPi,2030,2036,annual,activity,"heat and power co-generation, wood chips, 6667 kW, state-of-the-art 2014 | SE",7445763.1924162395,76.60250197959094,97200.0,4,kg CO2-Eq,ae9b3440a19614396118
DACCS,not applicable,SSP2-NPi,2030,2036,annual,activity,"heat and power co-generation, wood chips, 6667 kW, state-of-the-art 2014 | DK",6918956.067631262,71.18267559291422,97200.0,5,kg CO2-Eq,ae9b3440a19614396118
DACCS,not applicable,SSP2-NPi,2030,2036,annual,activity,"carbon dioxide transport extension, pipeline 50 to 2000 km, LCSS 2026 | ENC",2800000.039696692,28.8065847705421,97200.0,6,kg CO2-Eq,ae9b3440a19614396118
DACCS,not applicable,SSP2-NPi,2030,2036,annual,activity,treatment of sewage sludge by anaerobic digestion | RoW,-756610.2477678813,-7.784056046994663,97200.0,7,kg CO2-Eq,ae9b3440a19614396118
DACCS,not applicable,SSP2-NPi,2030,2036,annual,activity,plywood production | ENC,-477281.0135322804,-4.9102984931304565,97200.0,8,kg CO2-Eq,ae9b3440a19614396118
DACCS,not applicable,SSP2-NPi,2030,2036,annual,activity,"treatment of spent anion exchange resin from potable water production, municipal incineration | GLO",392671.3597392863,4.039828803902123,97200.0,9,kg CO2-Eq,ae9b3440a19614396118
DACCS,not applicable,SSP2-NPi,2030,2036,annual,activity,three and five layered board production | ENC,-364871.08096865384,-3.7538177054388253,97200.0,10,kg CO2-Eq,ae9b3440a19614396118
DACCS,not applicable,SSP2-NPi,2030,2036,annual,activity,natural gas venting from petroleum/natural gas production | GLO,359549.6010437011,3.6990699695854024,97200.0,11,kg CO2-Eq,ae9b3440a19614396118
DACCS,not applicable,SSP2-NPi,2030,2036,annual,activity,"electricity production, natural gas, subcritical, steam cycle | ENC",338108.6159974389,3.478483703677355,97200.0,12,kg CO2-Eq,ae9b3440a19614396118
DACCS,not applicable,SSP2-NPi,2030,2036,annual,activity,"biomethane production, from biogas upgrading, using amine scrubbing | ENC",290920.99817158317,2.993014384481308,97200.0,13,kg CO2-Eq,ae9b3440a19614396118
DACCS,not applicable,SSP2-NPi,2030,2036,annual,activity,"electricity production, hydro, reservoir, non-alpine region | SE",286673.6997970358,2.949317899146459,97200.0,14,kg CO2-Eq,ae9b3440a19614396118
DACCS,not applicable,SSP2-NPi,2030,2036,annual,activity,Other activities,6194215.601899705,63.72649796193112,97200.0,15,kg CO2-Eq,ae9b3440a19614396118
DACCS,not applicable,SSP2-NPi,2030,2036,annual,location,ENC,-117068557.62107445,-1204.4090290233996,97200.0,1,kg CO2-Eq,ae9b3440a19614396118
DACCS,not applicable,SSP2-NPi,2030,2036,annual,location,FI,9495287.426015912,97.68814224296206,97200.0,2,kg CO2-Eq,ae9b3440a19614396118
DACCS,not applicable,SSP2-NPi,2030,2036,annual,location,SE,7733042.120986943,79.55804651221135,97200.0,3,kg CO2-Eq,ae9b3440a19614396118
DACCS,not applicable,SSP2-NPi,2030,2036,annual,location,DK,6920971.898244191,71.20341459098962,97200.0,4,kg CO2-Eq,ae9b3440a19614396118
DACCS,not applicable,SSP2-NPi,2030,2036,annual,location,GLO,1276476.0263286151,13.132469406672996,97200.0,5,kg CO2-Eq,ae9b3440a19614396118
DACCS,not applicable,SSP2-NPi,2030,2036,annual,location,CHA,930306.1596694319,9.571051025405678,97200.0,6,kg CO2-Eq,ae9b3440a19614396118
DACCS,not applicable,SSP2-NPi,2030,2036,annual,location,RoW,476901.8834493762,4.906397977874241,97200.0,7,kg CO2-Eq,ae9b3440a19614396118
DACCS,not applicable,SSP2-NPi,2030,2036,annual,location,CN,366424.26049844606,3.769796918708293,97200.0,8,kg CO2-Eq,ae9b3440a19614396118
DACCS,not applicable,SSP2-NPi,2030,2036,annual,location,Other locations,3170611.75819697,32.61946253289064,97200.0,9,kg CO2-Eq,ae9b3440a19614396118
DACCS,not applicable,SSP2-NPi,2030,2036,annual,process,Gross atmospheric CO2 capture,-99999999.99999999,-1028.8065843621398,97200.0,1,kg CO2-Eq,ae9b3440a19614396118
DACCS,not applicable,SSP2-NPi,2030,2036,annual,process,Direct-capture electricity,1747165.277464532,17.974951414244156,97200.0,2,kg CO2-Eq,ae9b3440a19614396118
DACCS,not applicable,SSP2-NPi,2030,2036,annual,process,Heat-pump electricity,2750167.5663793567,28.293905003902847,97200.0,3,kg CO2-Eq,ae9b3440a19614396118
DACCS,not applicable,SSP2-NPi,2030,2036,annual,process,Compression and recompression,546834.7213883641,5.6258716192218525,97200.0,4,kg CO2-Eq,ae9b3440a19614396118
DACCS,not applicable,SSP2-NPi,2030,2036,annual,process,Pipeline and geological storage,2043186.3044228666,21.020435230687927,97200.0,5,kg CO2-Eq,ae9b3440a19614396118
DACCS,not applicable,SSP2-NPi,2030,2036,annual,process,Transport losses,2800000.0,28.80658436213992,97200.0,6,kg CO2-Eq,ae9b3440a19614396118
DACCS,not applicable,SSP2-NPi,2030,2036,annual,process,Other supply-chain GHG emissions,3414110.0426582904,35.124588916237556,97200.0,7,kg CO2-Eq,ae9b3440a19614396118
DACCS,not applicable,SSP2-NPi,2030,2037,annual,activity,"carbon dioxide, captured and stored, with a sorbent-based direct air capture system, 100ktCO2, with heat pump heat, and grid electricity | ENC",-99999998.33106995,-1028.8065671920776,97200.0,1,kg CO2-Eq,20ba1e2c90cb629d0d75
DACCS,not applicable,SSP2-NPi,2030,2037,annual,activity,supply of forest residue | ENC,-18834674.493416864,-193.77237133144922,97200.0,2,kg CO2-Eq,20ba1e2c90cb629d0d75
DACCS,not applicable,SSP2-NPi,2030,2037,annual,activity,"heat and power co-generation, wood chips, 6667 kW, state-of-the-art 2014 | FI",9077571.54637335,93.39065376927316,97200.0,3,kg CO2-Eq,20ba1e2c90cb629d0d75
DACCS,not applicable,SSP2-NPi,2030,2037,annual,activity,"heat and power co-generation, wood chips, 6667 kW, state-of-the-art 2014 | SE",7183715.950864638,73.9065427043687,97200.0,4,kg CO2-Eq,20ba1e2c90cb629d0d75
DACCS,not applicable,SSP2-NPi,2030,2037,annual,activity,"heat and power co-generation, wood chips, 6667 kW, state-of-the-art 2014 | DK",6675449.959303015,68.6774687171092,97200.0,5,kg CO2-Eq,20ba1e2c90cb629d0d75
DACCS,not applicable,SSP2-NPi,2030,2037,annual,activity,"carbon dioxide transport extension, pipeline 50 to 2000 km, LCSS 2026 | ENC",2800000.039696692,28.8065847705421,97200.0,6,kg CO2-Eq,20ba1e2c90cb629d0d75
DACCS,not applicable,SSP2-NPi,2030,2037,annual,activity,treatment of sewage sludge by anaerobic digestion | RoW,-732559.3271442596,-7.536618592019131,97200.0,7,kg CO2-Eq,20ba1e2c90cb629d0d75
DACCS,not applicable,SSP2-NPi,2030,2037,annual,activity,plywood production | ENC,-460690.7608448615,-4.739616881119974,97200.0,8,kg CO2-Eq,20ba1e2c90cb629d0d75
DACCS,not applicable,SSP2-NPi,2030,2037,annual,activity,"treatment of spent anion exchange resin from potable water production, municipal incineration | GLO",392669.9039665726,4.039813826816591,97200.0,9,kg CO2-Eq,20ba1e2c90cb629d0d75
DACCS,not applicable,SSP2-NPi,2030,2037,annual,activity,natural gas venting from petroleum/natural gas production | GLO,358221.1122135972,3.685402389028778,97200.0,10,kg CO2-Eq,20ba1e2c90cb629d0d75
DACCS,not applicable,SSP2-NPi,2030,2037,annual,activity,three and five layered board production | ENC,-352188.1892131194,-3.623335279970364,97200.0,11,kg CO2-Eq,20ba1e2c90cb629d0d75
DACCS,not applicable,SSP2-NPi,2030,2037,annual,activity,"electricity production, natural gas, subcritical, steam cycle | ENC",326599.4028747324,3.360076161262679,97200.0,12,kg CO2-Eq,20ba1e2c90cb629d0d75
DACCS,not applicable,SSP2-NPi,2030,2037,annual,activity,"electricity production, hydro, reservoir, non-alpine region | SE",283819.2746660307,2.919951385452991,97200.0,13,kg CO2-Eq,20ba1e2c90cb629d0d75
DACCS,not applicable,SSP2-NPi,2030,2037,annual,activity,"treatment of spent solvent mixture, hazardous waste incineration | RoW",282193.20406559587,2.90322226404934,97200.0,14,kg CO2-Eq,20ba1e2c90cb629d0d75
DACCS,not applicable,SSP2-NPi,2030,2037,annual,activity,Other activities,6126554.578628256,63.030396899467654,97200.0,15,kg CO2-Eq,20ba1e2c90cb629d0d75
DACCS,not applicable,SSP2-NPi,2030,2037,annual,location,ENC,-116364044.35342012,-1197.1609501380672,97200.0,1,kg CO2-Eq,20ba1e2c90cb629d0d75
DACCS,not applicable,SSP2-NPi,2030,2037,annual,location,FI,9163021.693869822,94.269770513064,97200.0,2,kg CO2-Eq,20ba1e2c90cb629d0d75
DACCS,not applicable,SSP2-NPi,2030,2037,annual,location,SE,7468118.5030609025,76.83249488745784,97200.0,3,kg CO2-Eq,20ba1e2c90cb629d0d75
DACCS,not applicable,SSP2-NPi,2030,2037,annual,location,DK,6677300.07207986,68.6965027991755,97200.0,4,kg CO2-Eq,20ba1e2c90cb629d0d75
DACCS,not applicable,SSP2-NPi,2030,2037,annual,location,GLO,1272319.3802643148,13.089705558274844,97200.0,5,kg CO2-Eq,20ba1e2c90cb629d0d75
DACCS,not applicable,SSP2-NPi,2030,2037,annual,location,CHA,901112.5818292961,9.270705574375475,97200.0,6,kg CO2-Eq,20ba1e2c90cb629d0d75
DACCS,not applicable,SSP2-NPi,2030,2037,annual,location,RoW,501193.0697721274,5.15630730218238,97200.0,7,kg CO2-Eq,20ba1e2c90cb629d0d75
DACCS,not applicable,SSP2-NPi,2030,2037,annual,location,CN,363772.81162492966,3.74251863811656,97200.0,8,kg CO2-Eq,20ba1e2c90cb629d0d75
DACCS,not applicable,SSP2-NPi,2030,2037,annual,location,Other locations,3143890.111882306,32.34454847615541,97200.0,9,kg CO2-Eq,20ba1e2c90cb629d0d75
DACCS,not applicable,SSP2-NPi,2030,2037,annual,process,Gross atmospheric CO2 capture,-99999999.99999999,-1028.8065843621398,97200.0,1,kg CO2-Eq,20ba1e2c90cb629d0d75
DACCS,not applicable,SSP2-NPi,2030,2037,annual,process,Direct-capture electricity,1704606.1502329204,17.537100311038277,97200.0,2,kg CO2-Eq,20ba1e2c90cb629d0d75
DACCS,not applicable,SSP2-NPi,2030,2037,annual,process,Heat-pump electricity,2683176.347588857,27.604694934041742,97200.0,3,kg CO2-Eq,20ba1e2c90cb629d0d75
DACCS,not applicable,SSP2-NPi,2030,2037,annual,process,Compression and recompression,533514.3968704665,5.488831243523318,97200.0,4,kg CO2-Eq,20ba1e2c90cb629d0d75
DACCS,not applicable,SSP2-NPi,2030,2037,annual,process,Pipeline and geological storage,2027435.4805809264,20.858389717910764,97200.0,5,kg CO2-Eq,20ba1e2c90cb629d0d75
DACCS,not applicable,SSP2-NPi,2030,2037,annual,process,Transport losses,2800000.0,28.80658436213992,97200.0,6,kg CO2-Eq,20ba1e2c90cb629d0d75
DACCS,not applicable,SSP2-NPi,2030,2037,annual,process,Other supply-chain GHG emissions,3377951.495689261,34.7525874042105,97200.0,7,kg CO2-Eq,20ba1e2c90cb629d0d75
DACCS,not applicable,SSP2-NPi,2030,2038,annual,activity,"carbon dioxide, captured and stored, with a sorbent-based direct air capture system, 100ktCO2, with heat pump heat, and grid electricity | ENC",-99999998.33106995,-1028.8065671920776,97200.0,1,kg CO2-Eq,c5b7af59825fe7ad5142
DACCS,not applicable,SSP2-NPi,2030,2038,annual,activity,supply of forest residue | ENC,-18132796.618099727,-186.55140553600543,97200.0,2,kg CO2-Eq,c5b7af59825fe7ad5142
DACCS,not applicable,SSP2-NPi,2030,2038,annual,activity,"heat and power co-generation, wood chips, 6667 kW, state-of-the-art 2014 | FI",8745979.293592168,89.97921083942559,97200.0,3,kg CO2-Eq,c5b7af59825fe7ad5142
DACCS,not applicable,SSP2-NPi,2030,2038,annual,activity,"heat and power co-generation, wood chips, 6667 kW, state-of-the-art 2014 | SE",6921304.813468336,71.20683964473596,97200.0,4,kg CO2-Eq,c5b7af59825fe7ad5142
DACCS,not applicable,SSP2-NPi,2030,2038,annual,activity,"heat and power co-generation, wood chips, 6667 kW, state-of-the-art 2014 | DK",6431604.271383827,66.16876822411345,97200.0,5,kg CO2-Eq,c5b7af59825fe7ad5142
DACCS,not applicable,SSP2-NPi,2030,2038,annual,activity,"carbon dioxide transport extension, pipeline 50 to 2000 km, LCSS 2026 | ENC",2800000.039696692,28.8065847705421,97200.0,6,kg CO2-Eq,c5b7af59825fe7ad5142
DACCS,not applicable,SSP2-NPi,2030,2038,annual,activity,treatment of sewage sludge by anaerobic digestion | RoW,-708467.9666851969,-7.288765089353877,97200.0,7,kg CO2-Eq,c5b7af59825fe7ad5142
DACCS,not applicable,SSP2-NPi,2030,2038,annual,activity,plywood production | ENC,-444031.5593390149,-4.568225919125667,97200.0,8,kg CO2-Eq,c5b7af59825fe7ad5142
DACCS,not applicable,SSP2-NPi,2030,2038,annual,activity,"treatment of spent anion exchange resin from potable water production, municipal incineration | GLO",392668.44530924666,4.039798820053978,97200.0,9,kg CO2-Eq,c5b7af59825fe7ad5142
DACCS,not applicable,SSP2-NPi,2030,2038,annual,activity,natural gas venting from petroleum/natural gas production | GLO,356916.37686172687,3.671979185820235,97200.0,10,kg CO2-Eq,c5b7af59825fe7ad5142
DACCS,not applicable,SSP2-NPi,2030,2038,annual,activity,three and five layered board production | ENC,-339452.58756718936,-3.4923105716789027,97200.0,11,kg CO2-Eq,c5b7af59825fe7ad5142
DACCS,not applicable,SSP2-NPi,2030,2038,annual,activity,"electricity production, natural gas, subcritical, steam cycle | ENC",315074.07529527287,3.2415028322558936,97200.0,12,kg CO2-Eq,c5b7af59825fe7ad5142
DACCS,not applicable,SSP2-NPi,2030,2038,annual,activity,"treatment of spent solvent mixture, hazardous waste incineration | RoW",282224.15393864864,2.903540678381159,97200.0,13,kg CO2-Eq,c5b7af59825fe7ad5142
DACCS,not applicable,SSP2-NPi,2030,2038,annual,activity,"electricity production, hydro, reservoir, non-alpine region | SE",280958.4114271938,2.890518636082241,97200.0,14,kg CO2-Eq,c5b7af59825fe7ad5142
DACCS,not applicable,SSP2-NPi,2030,2038,annual,activity,Other activities,6049844.380641053,62.24119733169808,97200.0,15,kg CO2-Eq,c5b7af59825fe7ad5142
DACCS,not applicable,SSP2-NPi,2030,2038,annual,location,ENC,-115657874.42036115,-1189.8958273699707,97200.0,1,kg CO2-Eq,c5b7af59825fe7ad5142
DACCS,not applicable,SSP2-NPi,2030,2038,annual,location,FI,8830292.481790273,90.84663047109333,97200.0,2,kg CO2-Eq,c5b7af59825fe7ad5142
DACCS,not applicable,SSP2-NPi,2030,2038,annual,location,SE,7202824.517243124,74.10313289344778,97200.0,3,kg CO2-Eq,c5b7af59825fe7ad5142
DACCS,not applicable,SSP2-NPi,2030,2038,annual,location,DK,6433288.470170958,66.1860953721292,97200.0,4,kg CO2-Eq,c5b7af59825fe7ad5142
DACCS,not applicable,SSP2-NPi,2030,2038,annual,location,GLO,1268179.2150092374,13.047111265527134,97200.0,5,kg CO2-Eq,c5b7af59825fe7ad5142
DACCS,not applicable,SSP2-NPi,2030,2038,annual,location,CHA,872444.9972304121,8.975771576444568,97200.0,6,kg CO2-Eq,c5b7af59825fe7ad5142
DACCS,not applicable,SSP2-NPi,2030,2038,annual,location,RoW,525661.3991916893,5.408039086334252,97200.0,7,kg CO2-Eq,c5b7af59825fe7ad5142
DACCS,not applicable,SSP2-NPi,2030,2038,annual,location,CN,361184.64311469276,3.7158913900688555,97200.0,8,kg CO2-Eq,c5b7af59825fe7ad5142
DACCS,not applicable,SSP2-NPi,2030,2038,annual,location,Other locations,3115825.895463926,32.05582196979348,97200.0,9,kg CO2-Eq,c5b7af59825fe7ad5142
DACCS,not applicable,SSP2-NPi,2030,2038,annual,process,Gross atmospheric CO2 capture,-99999999.99999999,-1028.8065843621398,97200.0,1,kg CO2-Eq,c5b7af59825fe7ad5142
DACCS,not applicable,SSP2-NPi,2030,2038,annual,process,Direct-capture electricity,1661900.8168919934,17.097745029753018,97200.0,2,kg CO2-Eq,c5b7af59825fe7ad5142
DACCS,not applicable,SSP2-NPi,2030,2038,annual,process,Heat-pump electricity,2615954.9895522124,26.91311717646309,97200.0,3,kg CO2-Eq,c5b7af59825fe7ad5142
DACCS,not applicable,SSP2-NPi,2030,2038,annual,process,Compression and recompression,520148.3121843214,5.351320084200838,97200.0,4,kg CO2-Eq,c5b7af59825fe7ad5142
DACCS,not applicable,SSP2-NPi,2030,2038,annual,process,Pipeline and geological storage,2012303.5549147276,20.702711470316128,97200.0,5,kg CO2-Eq,c5b7af59825fe7ad5142
DACCS,not applicable,SSP2-NPi,2030,2038,annual,process,Transport losses,2800000.0,28.80658436213992,97200.0,6,kg CO2-Eq,c5b7af59825fe7ad5142
DACCS,not applicable,SSP2-NPi,2030,2038,annual,process,Other supply-chain GHG emissions,3341519.525309511,34.37777289413077,97200.0,7,kg CO2-Eq,c5b7af59825fe7ad5142
DACCS,not applicable,SSP2-NPi,2030,2039,annual,activity,"carbon dioxide, captured and stored, with a sorbent-based direct air capture system, 100ktCO2, with heat pump heat, and grid electricity | ENC",-99999998.33106995,-1028.8065671920776,97200.0,1,kg CO2-Eq,43de3a3ed1024a6999ec
DACCS,not applicable,SSP2-NPi,2030,2039,annual,activity,supply of forest residue | ENC,-17429795.0312305,-179.3188789221245,97200.0,2,kg CO2-Eq,43de3a3ed1024a6999ec
DACCS,not applicable,SSP2-NPi,2030,2039,annual,activity,"heat and power co-generation, wood chips, 6667 kW, state-of-the-art 2014 | FI",8413940.062561775,86.56316936791949,97200.0,3,kg CO2-Eq,43de3a3ed1024a6999ec
DACCS,not applicable,SSP2-NPi,2030,2039,annual,activity,"heat and power co-generation, wood chips, 6667 kW, state-of-the-art 2014 | SE",6658538.624229634,68.50348378837072,97200.0,4,kg CO2-Eq,43de3a3ed1024a6999ec
DACCS,not applicable,SSP2-NPi,2030,2039,annual,activity,"heat and power co-generation, wood chips, 6667 kW, state-of-the-art 2014 | DK",6187429.712575984,63.65668428576115,97200.0,5,kg CO2-Eq,43de3a3ed1024a6999ec
DACCS,not applicable,SSP2-NPi,2030,2039,annual,activity,"carbon dioxide transport extension, pipeline 50 to 2000 km, LCSS 2026 | ENC",2800000.039696692,28.8065847705421,97200.0,6,kg CO2-Eq,43de3a3ed1024a6999ec
DACCS,not applicable,SSP2-NPi,2030,2039,annual,activity,treatment of sewage sludge by anaerobic digestion | RoW,-684337.5131320141,-7.040509394362285,97200.0,7,kg CO2-Eq,43de3a3ed1024a6999ec
DACCS,not applicable,SSP2-NPi,2030,2039,annual,activity,plywood production | ENC,-427305.5779428698,-4.396147921222941,97200.0,8,kg CO2-Eq,43de3a3ed1024a6999ec
DACCS,not applicable,SSP2-NPi,2030,2039,annual,activity,"treatment of spent anion exchange resin from potable water production, municipal incineration | GLO",392666.9838807001,4.039783784780865,97200.0,9,kg CO2-Eq,43de3a3ed1024a6999ec
DACCS,not applicable,SSP2-NPi,2030,2039,annual,activity,natural gas venting from petroleum/natural gas production | GLO,355629.58424275584,3.658740578629175,97200.0,10,kg CO2-Eq,43de3a3ed1024a6999ec
DACCS,not applicable,SSP2-NPi,2030,2039,annual,activity,three and five layered board production | ENC,-326665.93412982137,-3.3607606391956932,97200.0,11,kg CO2-Eq,43de3a3ed1024a6999ec
DACCS,not applicable,SSP2-NPi,2030,2039,annual,activity,"electricity production, natural gas, subcritical, steam cycle | ENC",303533.0194357974,3.1227676896686978,97200.0,12,kg CO2-Eq,43de3a3ed1024a6999ec
DACCS,not applicable,SSP2-NPi,2030,2039,annual,activity,"treatment of spent solvent mixture, hazardous waste incineration | RoW",282256.3152509291,2.9038715560795176,97200.0,13,kg CO2-Eq,43de3a3ed1024a6999ec
DACCS,not applicable,SSP2-NPi,2030,2039,annual,activity,"electricity production, hydro, reservoir, non-alpine region | SE",278091.21750438324,2.8610207562179344,97200.0,14,kg CO2-Eq,43de3a3ed1024a6999ec
DACCS,not applicable,SSP2-NPi,2030,2039,annual,activity,Other activities,5972823.042610629,61.44879673467726,97200.0,15,kg CO2-Eq,43de3a3ed1024a6999ec
DACCS,not applicable,SSP2-NPi,2030,2039,annual,location,ENC,-114950133.3159423,-1182.6145402874722,97200.0,1,kg CO2-Eq,43de3a3ed1024a6999ec
DACCS,not applicable,SSP2-NPi,2030,2039,annual,location,FI,8497114.375297504,87.41887217384263,97200.0,2,kg CO2-Eq,43de3a3ed1024a6999ec
DACCS,not applicable,SSP2-NPi,2030,2039,annual,location,SE,6937169.114996111,71.37005262341678,97200.0,3,kg CO2-Eq,43de3a3ed1024a6999ec
DACCS,not applicable,SSP2-NPi,2030,2039,annual,location,DK,6188947.806629072,63.67230253733613,97200.0,4,kg CO2-Eq,43de3a3ed1024a6999ec
DACCS,not applicable,SSP2-NPi,2030,2039,annual,location,GLO,1264046.37353577,13.004592320326852,97200.0,5,kg CO2-Eq,43de3a3ed1024a6999ec
DACCS,not applicable,SSP2-NPi,2030,2039,annual,location,CHA,844306.4164528324,8.68628000465877,97200.0,6,kg CO2-Eq,43de3a3ed1024a6999ec
DACCS,not applicable,SSP2-NPi,2030,2039,annual,location,RoW,550301.0595772692,5.661533534745568,97200.0,7,kg CO2-Eq,43de3a3ed1024a6999ec
DACCS,not applicable,SSP2-NPi,2030,2039,annual,location,CN,358660.3543239349,3.6899213407812232,97200.0,8,kg CO2-Eq,43de3a3ed1024a6999ec
DACCS,not applicable,SSP2-NPi,2030,2039,annual,location,Other locations,3086394.0296139224,31.753024996028007,97200.0,9,kg CO2-Eq,43de3a3ed1024a6999ec
DACCS,not applicable,SSP2-NPi,2030,2039,annual,process,Gross atmospheric CO2 capture,-99999999.99999999,-1028.8065843621398,97200.0,1,kg CO2-Eq,43de3a3ed1024a6999ec
DACCS,not applicable,SSP2-NPi,2030,2039,annual,process,Direct-capture electricity,1619024.6109009935,16.656631799392937,97200.0,2,kg CO2-Eq,43de3a3ed1024a6999ec
DACCS,not applicable,SSP2-NPi,2030,2039,annual,process,Heat-pump electricity,2548464.66530712,26.21877227682222,97200.0,3,kg CO2-Eq,43de3a3ed1024a6999ec
DACCS,not applicable,SSP2-NPi,2030,2039,annual,process,Compression and recompression,506728.7470981245,5.213258715001281,97200.0,4,kg CO2-Eq,43de3a3ed1024a6999ec
DACCS,not applicable,SSP2-NPi,2030,2039,annual,process,Pipeline and geological storage,1997793.4921731742,20.55343098943595,97200.0,5,kg CO2-Eq,43de3a3ed1024a6999ec
DACCS,not applicable,SSP2-NPi,2030,2039,annual,process,Transport losses,2800000.0,28.80658436213992,97200.0,6,kg CO2-Eq,43de3a3ed1024a6999ec
DACCS,not applicable,SSP2-NPi,2030,2039,annual,process,Other supply-chain GHG emissions,3304794.6990029095,33.9999454629929,97200.0,7,kg CO2-Eq,43de3a3ed1024a6999ec
DACCS,not applicable,SSP2-NPi,2030,2040,annual,activity,"carbon dioxide, captured and stored, with a sorbent-based direct air capture system, 100ktCO2, with heat pump heat, and grid electricity | ENC",-99999998.33106995,-1028.8065671920776,97200.0,1,kg CO2-Eq,caad48acf03f12129a92
DACCS,not applicable,SSP2-NPi,2030,2040,annual,activity,supply of forest residue | ENC,-16725753.921825686,-172.07565763195151,97200.0,2,kg CO2-Eq,caad48acf03f12129a92
DACCS,not applicable,SSP2-NPi,2030,2040,annual,activity,"heat and power co-generation, wood chips, 6667 kW, state-of-the-art 2014 | FI",8081465.928112735,83.14265358140673,97200.0,3,kg CO2-Eq,caad48acf03f12129a92
DACCS,not applicable,SSP2-NPi,2030,2040,annual,activity,"heat and power co-generation, wood chips, 6667 kW, state-of-the-art 2014 | SE",6395428.266959391,65.7965871086357,97200.0,4,kg CO2-Eq,caad48acf03f12129a92
DACCS,not applicable,SSP2-NPi,2030,2040,annual,activity,"heat and power co-generation, wood chips, 6667 kW, state-of-the-art 2014 | DK",5942935.336944052,61.14131005086473,97200.0,5,kg CO2-Eq,caad48acf03f12129a92
DACCS,not applicable,SSP2-NPi,2030,2040,annual,activity,"carbon dioxide transport extension, pipeline 50 to 2000 km, LCSS 2026 | ENC",2800000.039696692,28.8065847705421,97200.0,6,kg CO2-Eq,caad48acf03f12129a92
DACCS,not applicable,SSP2-NPi,2030,2040,annual,activity,treatment of sewage sludge by anaerobic digestion | RoW,-660169.6152165139,-6.791868469305698,97200.0,7,kg CO2-Eq,caad48acf03f12129a92
DACCS,not applicable,SSP2-NPi,2030,2040,annual,activity,plywood production | ENC,-410514.7623033021,-4.22340290435496,97200.0,8,kg CO2-Eq,caad48acf03f12129a92
DACCS,not applicable,SSP2-NPi,2030,2040,annual,activity,"treatment of spent anion exchange resin from potable water production, municipal incineration | GLO",392665.5197905637,4.039768722125141,97200.0,9,kg CO2-Eq,caad48acf03f12129a92
DACCS,not applicable,SSP2-NPi,2030,2040,annual,activity,natural gas venting from petroleum/natural gas production | GLO,354355.0520242845,3.645628107245725,97200.0,10,kg CO2-Eq,caad48acf03f12129a92
DACCS,not applicable,SSP2-NPi,2030,2040,annual,activity,three and five layered board production | ENC,-313829.71630625165,-3.228700785043741,97200.0,11,kg CO2-Eq,caad48acf03f12129a92
DACCS,not applicable,SSP2-NPi,2030,2040,annual,activity,"electricity production, natural gas, subcritical, steam cycle | ENC",291976.7175396586,3.0038756948524545,97200.0,12,kg CO2-Eq,caad48acf03f12129a92
DACCS,not applicable,SSP2-NPi,2030,2040,annual,activity,"treatment of spent solvent mixture, hazardous waste incineration | RoW",282289.17908318236,2.9042096613496127,97200.0,13,kg CO2-Eq,caad48acf03f12129a92
DACCS,not applicable,SSP2-NPi,2030,2040,annual,activity,"electricity production, hydro, reservoir, non-alpine region | SE",275217.88506374194,2.8314597228780034,97200.0,14,kg CO2-Eq,caad48acf03f12129a92
DACCS,not applicable,SSP2-NPi,2030,2040,annual,activity,Other activities,5895472.814619582,60.653012496086234,97200.0,15,kg CO2-Eq,caad48acf03f12129a92
DACCS,not applicable,SSP2-NPi,2030,2040,annual,location,ENC,-114240898.83750251,-1175.3178892747171,97200.0,1,kg CO2-Eq,caad48acf03f12129a92
DACCS,not applicable,SSP2-NPi,2030,2040,annual,location,FI,8163499.51947179,83.98662057069743,97200.0,2,kg CO2-Eq,caad48acf03f12129a92
DACCS,not applicable,SSP2-NPi,2030,2040,annual,location,SE,6671163.37239685,68.63336802877417,97200.0,3,kg CO2-Eq,caad48acf03f12129a92
DACCS,not applicable,SSP2-NPi,2030,2040,annual,location,DK,5944287.140959844,61.155217499586875,97200.0,4,kg CO2-Eq,caad48acf03f12129a92
DACCS,not applicable,SSP2-NPi,2030,2040,annual,location,GLO,1259911.885739066,12.962056437644712,97200.0,5,kg CO2-Eq,caad48acf03f12129a92
DACCS,not applicable,SSP2-NPi,2030,2040,annual,location,CHA,816699.7721552963,8.402261030404283,97200.0,6,kg CO2-Eq,caad48acf03f12129a92
DACCS,not applicable,SSP2-NPi,2030,2040,annual,location,RoW,575106.1171911606,5.916729600732104,97200.0,7,kg CO2-Eq,caad48acf03f12129a92
DACCS,not applicable,SSP2-NPi,2030,2040,annual,location,CN,356200.55230444676,3.6646147356424565,97200.0,8,kg CO2-Eq,caad48acf03f12129a92
DACCS,not applicable,SSP2-NPi,2030,2040,annual,location,Other locations,3055570.8703962658,31.435914304488332,97200.0,9,kg CO2-Eq,caad48acf03f12129a92
DACCS,not applicable,SSP2-NPi,2030,2040,annual,process,Gross atmospheric CO2 capture,-99999999.99999999,-1028.8065843621398,97200.0,1,kg CO2-Eq,caad48acf03f12129a92
DACCS,not applicable,SSP2-NPi,2030,2040,annual,process,Direct-capture electricity,1575955.0592578757,16.21352941623329,97200.0,2,kg CO2-Eq,caad48acf03f12129a92
DACCS,not applicable,SSP2-NPi,2030,2040,annual,process,Heat-pump electricity,2480670.000683694,25.521296303330185,97200.0,3,kg CO2-Eq,caad48acf03f12129a92
DACCS,not applicable,SSP2-NPi,2030,2040,annual,process,Compression and recompression,493248.66792252177,5.07457477286545,97200.0,4,kg CO2-Eq,caad48acf03f12129a92
DACCS,not applicable,SSP2-NPi,2030,2040,annual,process,Pipeline and geological storage,1983908.2198995482,20.410578394028274,97200.0,5,kg CO2-Eq,caad48acf03f12129a92
DACCS,not applicable,SSP2-NPi,2030,2040,annual,process,Transport losses,2800000.0,28.80658436213992,97200.0,6,kg CO2-Eq,caad48acf03f12129a92
DACCS,not applicable,SSP2-NPi,2030,2040,annual,process,Other supply-chain GHG emissions,3267758.4453471117,33.618914046780986,97200.0,7,kg CO2-Eq,caad48acf03f12129a92
DACCS,not applicable,SSP2-NPi,2030,2041,annual,activity,"carbon dioxide, captured and stored, with a sorbent-based direct air capture system, 100ktCO2, with heat pump heat, and grid electricity | ENC",-99999998.33106995,-1028.8065671920776,97200.0,1,kg CO2-Eq,716fe9d0f0622d4c5aa8
DACCS,not applicable,SSP2-NPi,2030,2041,annual,activity,supply of forest residue | ENC,-15845146.053128753,-163.01590589638636,97200.0,2,kg CO2-Eq,716fe9d0f0622d4c5aa8
DACCS,not applicable,SSP2-NPi,2030,2041,annual,activity,"heat and power co-generation, wood chips, 6667 kW, state-of-the-art 2014 | FI",7664425.870215098,78.85211800632817,97200.0,3,kg CO2-Eq,716fe9d0f0622d4c5aa8
DACCS,not applicable,SSP2-NPi,2030,2041,annual,activity,"heat and power co-generation, wood chips, 6667 kW, state-of-the-art 2014 | SE",6065395.002620364,62.40118315453049,97200.0,4,kg CO2-Eq,716fe9d0f0622d4c5aa8
DACCS,not applicable,SSP2-NPi,2030,2041,annual,activity,"heat and power co-generation, wood chips, 6667 kW, state-of-the-art 2014 | DK",5636252.6558128465,57.98613843428854,97200.0,5,kg CO2-Eq,716fe9d0f0622d4c5aa8
DACCS,not applicable,SSP2-NPi,2030,2041,annual,activity,"carbon dioxide transport extension, pipeline 50 to 2000 km, LCSS 2026 | ENC",2800000.039696692,28.8065847705421,97200.0,6,kg CO2-Eq,716fe9d0f0622d4c5aa8
DACCS,not applicable,SSP2-NPi,2030,2041,annual,activity,treatment of sewage sludge by anaerobic digestion | RoW,-638203.0292221395,-6.565874786236003,97200.0,7,kg CO2-Eq,716fe9d0f0622d4c5aa8
DACCS,not applicable,SSP2-NPi,2030,2041,annual,activity,"treatment of spent anion exchange resin from potable water production, municipal incineration | GLO",392664.34206196025,4.039756605575723,97200.0,8,kg CO2-Eq,716fe9d0f0622d4c5aa8
DACCS,not applicable,SSP2-NPi,2030,2041,annual,activity,plywood production | ENC,-392538.2314326526,-4.038459171117825,97200.0,9,kg CO2-Eq,716fe9d0f0622d4c5aa8
DACCS,not applicable,SSP2-NPi,2030,2041,annual,activity,natural gas venting from petroleum/natural gas production | GLO,353014.6513613375,3.6318379769684928,97200.0,10,kg CO2-Eq,716fe9d0f0622d4c5aa8
DACCS,not applicable,SSP2-NPi,2030,2041,annual,activity,three and five layered board production | ENC,-300087.0446623551,-3.0873152743040646,97200.0,11,kg CO2-Eq,716fe9d0f0622d4c5aa8
DACCS,not applicable,SSP2-NPi,2030,2041,annual,activity,"treatment of spent solvent mixture, hazardous waste incineration | RoW",282292.3448928913,2.9042422314083467,97200.0,12,kg CO2-Eq,716fe9d0f0622d4c5aa8
DACCS,not applicable,SSP2-NPi,2030,2041,annual,activity,"electricity production, natural gas, subcritical, steam cycle | ENC",281545.57156402647,2.896559378230725,97200.0,13,kg CO2-Eq,716fe9d0f0622d4c5aa8
DACCS,not applicable,SSP2-NPi,2030,2041,annual,activity,"electricity production, hydro, reservoir, non-alpine region | SE",271575.75854683074,2.7939892854612216,97200.0,14,kg CO2-Eq,716fe9d0f0622d4c5aa8
DACCS,not applicable,SSP2-NPi,2030,2041,annual,activity,Other activities,5847762.735798394,60.16216806376949,97200.0,15,kg CO2-Eq,716fe9d0f0622d4c5aa8
DACCS,not applicable,SSP2-NPi,2030,2041,annual,location,ENC,-113342483.75525014,-1166.0749357536022,97200.0,1,kg CO2-Eq,716fe9d0f0622d4c5aa8
DACCS,not applicable,SSP2-NPi,2030,2041,annual,location,FI,7745106.486450219,79.68216549845904,97200.0,2,kg CO2-Eq,716fe9d0f0622d4c5aa8
DACCS,not applicable,SSP2-NPi,2030,2041,annual,location,SE,6337467.477484942,65.2002826901743,97200.0,3,kg CO2-Eq,716fe9d0f0622d4c5aa8
DACCS,not applicable,SSP2-NPi,2030,2041,annual,location,DK,5637479.674373134,57.99876208202813,97200.0,4,kg CO2-Eq,716fe9d0f0622d4c5aa8
DACCS,not applicable,SSP2-NPi,2030,2041,annual,location,GLO,1254647.6379287555,12.907897509555097,97200.0,5,kg CO2-Eq,716fe9d0f0622d4c5aa8
DACCS,not applicable,SSP2-NPi,2030,2041,annual,location,CHA,793341.1206789205,8.161945685997125,97200.0,6,kg CO2-Eq,716fe9d0f0622d4c5aa8
DACCS,not applicable,SSP2-NPi,2030,2041,annual,location,RoW,600116.0791941109,6.174033736564927,97200.0,7,kg CO2-Eq,716fe9d0f0622d4c5aa8
DACCS,not applicable,SSP2-NPi,2030,2041,annual,location,MEA,361150.1364765299,3.7155363835033937,97200.0,8,kg CO2-Eq,716fe9d0f0622d4c5aa8
DACCS,not applicable,SSP2-NPi,2030,2041,annual,location,Other locations,3032131.425718119,31.194767754301633,97200.0,9,kg CO2-Eq,716fe9d0f0622d4c5aa8
DACCS,not applicable,SSP2-NPi,2030,2041,annual,process,Gross atmospheric CO2 capture,-99999999.99999999,-1028.8065843621398,97200.0,1,kg CO2-Eq,716fe9d0f0622d4c5aa8
DACCS,not applicable,SSP2-NPi,2030,2041,annual,process,Direct-capture electricity,1525114.9428088001,15.690482950707821,97200.0,2,kg CO2-Eq,716fe9d0f0622d4c5aa8
DACCS,not applicable,SSP2-NPi,2030,2041,annual,process,Heat-pump electricity,2400643.891458297,24.697982422410465,97200.0,3,kg CO2-Eq,716fe9d0f0622d4c5aa8
DACCS,not applicable,SSP2-NPi,2030,2041,annual,process,Compression and recompression,477336.52653992333,4.910869614608265,97200.0,4,kg CO2-Eq,716fe9d0f0622d4c5aa8
DACCS,not applicable,SSP2-NPi,2030,2041,annual,process,Pipeline and geological storage,1975309.5631117974,20.32211484682919,97200.0,5,kg CO2-Eq,716fe9d0f0622d4c5aa8
DACCS,not applicable,SSP2-NPi,2030,2041,annual,process,Transport losses,2800000.0,28.80658436213992,97200.0,6,kg CO2-Eq,716fe9d0f0622d4c5aa8
DACCS,not applicable,SSP2-NPi,2030,2041,annual,process,Other supply-chain GHG emissions,3240551.3591334443,33.33900575240169,97200.0,7,kg CO2-Eq,716fe9d0f0622d4c5aa8
DACCS,not applicable,SSP2-NPi,2030,2042,annual,activity,"carbon dioxide, captured and stored, with a sorbent-based direct air capture system, 100ktCO2, with heat pump heat, and grid electricity | ENC",-99999998.33106995,-1028.8065671920776,97200.0,1,kg CO2-Eq,357e7fb33dac65f9da2e
DACCS,not applicable,SSP2-NPi,2030,2042,annual,activity,supply of forest residue | ENC,-14963815.996283323,-153.94872424159797,97200.0,2,kg CO2-Eq,357e7fb33dac65f9da2e
DACCS,not applicable,SSP2-NPi,2030,2042,annual,activity,"heat and power co-generation, wood chips, 6667 kW, state-of-the-art 2014 | FI",7246477.648562446,74.55223918274122,97200.0,3,kg CO2-Eq,357e7fb33dac65f9da2e
DACCS,not applicable,SSP2-NPi,2030,2042,annual,activity,"heat and power co-generation, wood chips, 6667 kW, state-of-the-art 2014 | SE",5734643.424729213,58.998389143304664,97200.0,4,kg CO2-Eq,357e7fb33dac65f9da2e
DACCS,not applicable,SSP2-NPi,2030,2042,annual,activity,"heat and power co-generation, wood chips, 6667 kW, state-of-the-art 2014 | DK",5328902.509847945,54.82409989555499,97200.0,5,kg CO2-Eq,357e7fb33dac65f9da2e
DACCS,not applicable,SSP2-NPi,2030,2042,annual,activity,"carbon dioxide transport extension, pipeline 50 to 2000 km, LCSS 2026 | ENC",2800000.039696692,28.8065847705421,97200.0,6,kg CO2-Eq,357e7fb33dac65f9da2e
DACCS,not applicable,SSP2-NPi,2030,2042,annual,activity,treatment of sewage sludge by anaerobic digestion | RoW,-616365.5128975492,-6.341208980427461,97200.0,7,kg CO2-Eq,357e7fb33dac65f9da2e
DACCS,not applicable,SSP2-NPi,2030,2042,annual,activity,"treatment of spent anion exchange resin from potable water production, municipal incineration | GLO",392663.1610553553,4.039744455302009,97200.0,8,kg CO2-Eq,357e7fb33dac65f9da2e
DACCS,not applicable,SSP2-NPi,2030,2042,annual,activity,plywood production | ENC,-374144.2946668721,-3.8492211385480672,97200.0,9,kg CO2-Eq,357e7fb33dac65f9da2e
DACCS,not applicable,SSP2-NPi,2030,2042,annual,activity,natural gas venting from petroleum/natural gas production | GLO,351677.7233333689,3.618083573388569,97200.0,10,kg CO2-Eq,357e7fb33dac65f9da2e
DACCS,not applicable,SSP2-NPi,2030,2042,annual,activity,three and five layered board production | ENC,-286025.2751791543,-2.942646863983069,97200.0,11,kg CO2-Eq,357e7fb33dac65f9da2e
DACCS,not applicable,SSP2-NPi,2030,2042,annual,activity,"treatment of spent solvent mixture, hazardous waste incineration | RoW",282294.76948938874,2.9042671758167566,97200.0,12,kg CO2-Eq,357e7fb33dac65f9da2e
DACCS,not applicable,SSP2-NPi,2030,2042,annual,activity,"electricity production, natural gas, subcritical, steam cycle | ENC",271181.4056079464,2.789932156460354,97200.0,13,kg CO2-Eq,357e7fb33dac65f9da2e
DACCS,not applicable,SSP2-NPi,2030,2042,annual,activity,"electricity production, hydro, reservoir, non-alpine region | SE",267922.4793096244,2.756404108123708,97200.0,14,kg CO2-Eq,357e7fb33dac65f9da2e
DACCS,not applicable,SSP2-NPi,2030,2042,annual,activity,Other activities,5801205.402102991,59.68318314920773,97200.0,15,kg CO2-Eq,357e7fb33dac65f9da2e
DACCS,not applicable,SSP2-NPi,2030,2042,annual,location,ENC,-112441498.25023368,-1156.8055375538445,97200.0,1,kg CO2-Eq,357e7fb33dac65f9da2e
DACCS,not applicable,SSP2-NPi,2030,2042,annual,location,FI,7325800.074922982,75.36831352801421,97200.0,2,kg CO2-Eq,357e7fb33dac65f9da2e
DACCS,not applicable,SSP2-NPi,2030,2042,annual,location,SE,6003042.025158377,61.75969161685573,97200.0,3,kg CO2-Eq,357e7fb33dac65f9da2e
DACCS,not applicable,SSP2-NPi,2030,2042,annual,location,DK,5330004.456432836,54.8354367945765,97200.0,4,kg CO2-Eq,357e7fb33dac65f9da2e
DACCS,not applicable,SSP2-NPi,2030,2042,annual,location,GLO,1249429.0510884142,12.85420834453101,97200.0,5,kg CO2-Eq,357e7fb33dac65f9da2e
DACCS,not applicable,SSP2-NPi,2030,2042,annual,location,CHA,770306.8367883089,7.924967456669845,97200.0,6,kg CO2-Eq,357e7fb33dac65f9da2e
DACCS,not applicable,SSP2-NPi,2030,2042,annual,location,RoW,625086.4556355757,6.43093061353473,97200.0,7,kg CO2-Eq,357e7fb33dac65f9da2e
DACCS,not applicable,SSP2-NPi,2030,2042,annual,location,MEA,377069.7395795427,3.8793183084315093,97200.0,8,kg CO2-Eq,357e7fb33dac65f9da2e
DACCS,not applicable,SSP2-NPi,2030,2042,annual,location,Other locations,2997378.7642658236,30.837230085039337,97200.0,9,kg CO2-Eq,357e7fb33dac65f9da2e
DACCS,not applicable,SSP2-NPi,2030,2042,annual,process,Gross atmospheric CO2 capture,-99999999.99999999,-1028.8065843621398,97200.0,1,kg CO2-Eq,357e7fb33dac65f9da2e
DACCS,not applicable,SSP2-NPi,2030,2042,annual,process,Direct-capture electricity,1474180.6030746894,15.166467109821907,97200.0,2,kg CO2-Eq,357e7fb33dac65f9da2e
DACCS,not applicable,SSP2-NPi,2030,2042,annual,process,Heat-pump electricity,2320469.4678027527,23.873142672867825,97200.0,3,kg CO2-Eq,357e7fb33dac65f9da2e
DACCS,not applicable,SSP2-NPi,2030,2042,annual,process,Compression and recompression,461394.8947796916,4.746861057404234,97200.0,4,kg CO2-Eq,357e7fb33dac65f9da2e
DACCS,not applicable,SSP2-NPi,2030,2042,annual,process,Pipeline and geological storage,1967340.1691404204,20.240125196917905,97200.0,5,kg CO2-Eq,357e7fb33dac65f9da2e
DACCS,not applicable,SSP2-NPi,2030,2042,annual,process,Transport losses,2800000.0,28.80658436213992,97200.0,6,kg CO2-Eq,357e7fb33dac65f9da2e
DACCS,not applicable,SSP2-NPi,2030,2042,annual,process,Other supply-chain GHG emissions,3213234.018839975,33.05796315678987,97200.0,7,kg CO2-Eq,357e7fb33dac65f9da2e
DACCS,not applicable,SSP2-NPi,2030,2043,annual,activity,"carbon dioxide, captured and stored, with a sorbent-based direct air capture system, 100ktCO2, with heat pump heat, and grid electricity | ENC",-99999998.33106995,-1028.8065671920776,97200.0,1,kg CO2-Eq,c251a8904b3bdfe174bc
DACCS,not applicable,SSP2-NPi,2030,2043,annual,activity,supply of forest residue | ENC,-14081833.490149999,-144.8748301455761,97200.0,2,kg CO2-Eq,c251a8904b3bdfe174bc
DACCS,not applicable,SSP2-NPi,2030,2043,annual,activity,"heat and power co-generation, wood chips, 6667 kW, state-of-the-art 2014 | FI",6827638.328166105,70.24319267660601,97200.0,3,kg CO2-Eq,c251a8904b3bdfe174bc
DACCS,not applicable,SSP2-NPi,2030,2043,annual,activity,"heat and power co-generation, wood chips, 6667 kW, state-of-the-art 2014 | SE",5403186.883720641,55.588342425109474,97200.0,4,kg CO2-Eq,c251a8904b3bdfe174bc
DACCS,not applicable,SSP2-NPi,2030,2043,annual,activity,"heat and power co-generation, wood chips, 6667 kW, state-of-the-art 2014 | DK",5020897.252298038,51.65532152569998,97200.0,5,kg CO2-Eq,c251a8904b3bdfe174bc
DACCS,not applicable,SSP2-NPi,2030,2043,annual,activity,"carbon dioxide transport extension, pipeline 50 to 2000 km, LCSS 2026 | ENC",2800000.039696692,28.8065847705421,97200.0,6,kg CO2-Eq,c251a8904b3bdfe174bc
DACCS,not applicable,SSP2-NPi,2030,2043,annual,activity,treatment of sewage sludge by anaerobic digestion | RoW,-594658.8187064192,-6.117889081341762,97200.0,7,kg CO2-Eq,c251a8904b3bdfe174bc
DACCS,not applicable,SSP2-NPi,2030,2043,annual,activity,"treatment of spent anion exchange resin from potable water production, municipal incineration | GLO",392661.97685335483,4.039732272153857,97200.0,8,kg CO2-Eq,c251a8904b3bdfe174bc
DACCS,not applicable,SSP2-NPi,2030,2043,annual,activity,plywood production | ENC,-355333.3327636686,-3.6556927239060557,97200.0,9,kg CO2-Eq,c251a8904b3bdfe174bc
DACCS,not applicable,SSP2-NPi,2030,2043,annual,activity,natural gas venting from petroleum/natural gas production | GLO,350340.2962545524,3.6043240355406625,97200.0,10,kg CO2-Eq,c251a8904b3bdfe174bc
DACCS,not applicable,SSP2-NPi,2030,2043,annual,activity,"treatment of spent solvent mixture, hazardous waste incineration | RoW",282296.4768268336,2.9042847410168067,97200.0,11,kg CO2-Eq,c251a8904b3bdfe174bc
DACCS,not applicable,SSP2-NPi,2030,2043,annual,activity,three and five layered board production | ENC,-271644.6989377367,-2.7946985487421467,97200.0,12,kg CO2-Eq,c251a8904b3bdfe174bc
DACCS,not applicable,SSP2-NPi,2030,2043,annual,activity,"electricity production, hydro, reservoir, non-alpine region | SE",264258.25990780536,2.7187063776523184,97200.0,13,kg CO2-Eq,c251a8904b3bdfe174bc
DACCS,not applicable,SSP2-NPi,2030,2043,annual,activity,"electricity production, natural gas, subcritical, steam cycle | ENC",260884.87835666878,2.6840008061385676,97200.0,14,kg CO2-Eq,c251a8904b3bdfe174bc
DACCS,not applicable,SSP2-NPi,2030,2043,annual,activity,Other activities,5755775.101470691,59.21579322500711,97200.0,15,kg CO2-Eq,c251a8904b3bdfe174bc
DACCS,not applicable,SSP2-NPi,2030,2043,annual,location,ENC,-111538003.77630274,-1147.5103269166948,97200.0,1,kg CO2-Eq,c251a8904b3bdfe174bc
DACCS,not applicable,SSP2-NPi,2030,2043,annual,location,FI,6905597.399473646,71.04524073532558,97200.0,2,kg CO2-Eq,c251a8904b3bdfe174bc
DACCS,not applicable,SSP2-NPi,2030,2043,annual,location,SE,5667900.579240893,58.31173435433018,97200.0,3,kg CO2-Eq,c251a8904b3bdfe174bc
DACCS,not applicable,SSP2-NPi,2030,2043,annual,location,DK,5021873.845647343,51.66536878238008,97200.0,4,kg CO2-Eq,c251a8904b3bdfe174bc
DACCS,not applicable,SSP2-NPi,2030,2043,annual,location,GLO,1244249.6521774991,12.800922347505136,97200.0,5,kg CO2-Eq,c251a8904b3bdfe174bc
DACCS,not applicable,SSP2-NPi,2030,2043,annual,location,CHA,747599.2352030942,7.691350156410434,97200.0,6,kg CO2-Eq,c251a8904b3bdfe174bc
DACCS,not applicable,SSP2-NPi,2030,2043,annual,location,RoW,650015.2006316701,6.687399183453396,97200.0,7,kg CO2-Eq,c251a8904b3bdfe174bc
DACCS,not applicable,SSP2-NPi,2030,2043,annual,location,MEA,393262.8566823242,4.045914163398397,97200.0,8,kg CO2-Eq,c251a8904b3bdfe174bc
DACCS,not applicable,SSP2-NPi,2030,2043,annual,location,Other locations,2961975.8291699234,30.473002357715263,97200.0,9,kg CO2-Eq,c251a8904b3bdfe174bc
DACCS,not applicable,SSP2-NPi,2030,2043,annual,process,Gross atmospheric CO2 capture,-99999999.99999999,-1028.8065843621398,97200.0,1,kg CO2-Eq,c251a8904b3bdfe174bc
DACCS,not applicable,SSP2-NPi,2030,2043,annual,process,Direct-capture electricity,1423133.5308358348,14.641291469504473,97200.0,2,kg CO2-Eq,c251a8904b3bdfe174bc
DACCS,not applicable,SSP2-NPi,2030,2043,annual,process,Heat-pump electricity,2240117.594834185,23.046477313108902,97200.0,3,kg CO2-Eq,c251a8904b3bdfe174bc
DACCS,not applicable,SSP2-NPi,2030,2043,annual,process,Compression and recompression,445417.9795527963,4.582489501571978,97200.0,4,kg CO2-Eq,c251a8904b3bdfe174bc
DACCS,not applicable,SSP2-NPi,2030,2043,annual,process,Pipeline and geological storage,1960002.8915416992,20.164638801869334,97200.0,5,kg CO2-Eq,c251a8904b3bdfe174bc
DACCS,not applicable,SSP2-NPi,2030,2043,annual,process,Transport losses,2800000.0,28.80658436213992,97200.0,6,kg CO2-Eq,c251a8904b3bdfe174bc
DACCS,not applicable,SSP2-NPi,2030,2043,annual,process,Other supply-chain GHG emissions,3185798.8251579367,32.77570807775655,97200.0,7,kg CO2-Eq,c251a8904b3bdfe174bc
DACCS,not applicable,SSP2-NPi,2030,2044,annual,activity,"carbon dioxide, captured and stored, with a sorbent-based direct air capture system, 100ktCO2, with heat pump heat, and grid electricity | ENC",-99999998.33106995,-1028.8065671920776,97200.0,1,kg CO2-Eq,1cee177a7942decfdebc
DACCS,not applicable,SSP2-NPi,2030,2044,annual,activity,supply of forest residue | ENC,-13199272.345234705,-135.7949829756657,97200.0,2,kg CO2-Eq,1cee177a7942decfdebc
DACCS,not applicable,SSP2-NPi,2030,2044,annual,activity,"heat and power co-generation, wood chips, 6667 kW, state-of-the-art 2014 | FI",6407927.166573173,65.92517661083512,97200.0,3,kg CO2-Eq,1cee177a7942decfdebc
DACCS,not applicable,SSP2-NPi,2030,2044,annual,activity,"heat and power co-generation, wood chips, 6667 kW, state-of-the-art 2014 | SE",5071040.185699223,52.17119532612369,97200.0,4,kg CO2-Eq,1cee177a7942decfdebc
DACCS,not applicable,SSP2-NPi,2030,2044,annual,activity,"heat and power co-generation, wood chips, 6667 kW, state-of-the-art 2014 | DK",4712250.694364002,48.47994541526751,97200.0,5,kg CO2-Eq,1cee177a7942decfdebc
DACCS,not applicable,SSP2-NPi,2030,2044,annual,activity,"carbon dioxide transport extension, pipeline 50 to 2000 km, LCSS 2026 | ENC",2800000.039696692,28.8065847705421,97200.0,6,kg CO2-Eq,1cee177a7942decfdebc
DACCS,not applicable,SSP2-NPi,2030,2044,annual,activity,treatment of sewage sludge by anaerobic digestion | RoW,-573084.6226087811,-5.895932331366061,97200.0,7,kg CO2-Eq,1cee177a7942decfdebc
DACCS,not applicable,SSP2-NPi,2030,2044,annual,activity,"treatment of spent anion exchange resin from potable water production, municipal incineration | GLO",392660.7895386552,4.039720056982049,97200.0,8,kg CO2-Eq,1cee177a7942decfdebc
DACCS,not applicable,SSP2-NPi,2030,2044,annual,activity,natural gas venting from petroleum/natural gas production | GLO,348998.380803126,3.590518321019815,97200.0,9,kg CO2-Eq,1cee177a7942decfdebc
DACCS,not applicable,SSP2-NPi,2030,2044,annual,activity,plywood production | ENC,-336105.99541130516,-3.457880611227419,97200.0,10,kg CO2-Eq,1cee177a7942decfdebc
DACCS,not applicable,SSP2-NPi,2030,2044,annual,activity,"treatment of spent solvent mixture, hazardous waste incineration | RoW",282297.49126003083,2.9042951775723336,97200.0,11,kg CO2-Eq,1cee177a7942decfdebc
DACCS,not applicable,SSP2-NPi,2030,2044,annual,activity,"electricity production, hydro, reservoir, non-alpine region | SE",260583.22537298666,2.680897380380521,97200.0,12,kg CO2-Eq,1cee177a7942decfdebc
DACCS,not applicable,SSP2-NPi,2030,2044,annual,activity,three and five layered board production | ENC,-256945.8126108215,-2.6434754383829375,97200.0,13,kg CO2-Eq,1cee177a7942decfdebc
DACCS,not applicable,SSP2-NPi,2030,2044,annual,activity,"electricity production, natural gas, subcritical, steam cycle | ENC",250656.77520868083,2.5787734074967164,97200.0,14,kg CO2-Eq,1cee177a7942decfdebc
DACCS,not applicable,SSP2-NPi,2030,2044,annual,activity,Other activities,5711445.814624755,58.75973060313534,97200.0,15,kg CO2-Eq,1cee177a7942decfdebc
DACCS,not applicable,SSP2-NPi,2030,2044,annual,location,ENC,-110632066.63281603,-1138.1899859343214,97200.0,1,kg CO2-Eq,1cee177a7942decfdebc
DACCS,not applicable,SSP2-NPi,2030,2044,annual,location,FI,6484517.790644622,66.71314599428624,97200.0,2,kg CO2-Eq,1cee177a7942decfdebc
DACCS,not applicable,SSP2-NPi,2030,2044,annual,location,SE,5332058.071775588,54.85656452444021,97200.0,3,kg CO2-Eq,1cee177a7942decfdebc
DACCS,not applicable,SSP2-NPi,2030,2044,annual,location,DK,4713101.658370499,48.4887001889969,97200.0,4,kg CO2-Eq,1cee177a7942decfdebc
DACCS,not applicable,SSP2-NPi,2030,2044,annual,location,GLO,1239102.8205889743,12.747971405236362,97200.0,5,kg CO2-Eq,1cee177a7942decfdebc
DACCS,not applicable,SSP2-NPi,2030,2044,annual,location,CHA,725220.6760700927,7.461118066564739,97200.0,6,kg CO2-Eq,1cee177a7942decfdebc
DACCS,not applicable,SSP2-NPi,2030,2044,annual,location,RoW,674900.3771687577,6.943419518197096,97200.0,7,kg CO2-Eq,1cee177a7942decfdebc
DACCS,not applicable,SSP2-NPi,2030,2044,annual,location,MEA,409704.5072191886,4.215066946699471,97200.0,8,kg CO2-Eq,1cee177a7942decfdebc
DACCS,not applicable,SSP2-NPi,2030,2044,annual,location,Other locations,2925914.187183965,30.10199781053462,97200.0,9,kg CO2-Eq,1cee177a7942decfdebc
DACCS,not applicable,SSP2-NPi,2030,2044,annual,process,Gross atmospheric CO2 capture,-99999999.99999999,-1028.8065843621398,97200.0,1,kg CO2-Eq,1cee177a7942decfdebc
DACCS,not applicable,SSP2-NPi,2030,2044,annual,process,Direct-capture electricity,1371955.2708964483,14.114766161486093,97200.0,2,kg CO2-Eq,1cee177a7942decfdebc
DACCS,not applicable,SSP2-NPi,2030,2044,annual,process,Heat-pump electricity,2159559.2227073726,22.2176874764133,97200.0,3,kg CO2-Eq,1cee177a7942decfdebc
DACCS,not applicable,SSP2-NPi,2030,2044,annual,process,Compression and recompression,429400.0046788286,4.417695521387126,97200.0,4,kg CO2-Eq,1cee177a7942decfdebc
DACCS,not applicable,SSP2-NPi,2030,2044,annual,process,Pipeline and geological storage,1953300.458603607,20.095683730489785,97200.0,5,kg CO2-Eq,1cee177a7942decfdebc
DACCS,not applicable,SSP2-NPi,2030,2044,annual,process,Transport losses,2800000.0,28.80658436213992,97200.0,6,kg CO2-Eq,1cee177a7942decfdebc
DACCS,not applicable,SSP2-NPi,2030,2044,annual,process,Other supply-chain GHG emissions,3158238.4993187343,32.492165630851176,97200.0,7,kg CO2-Eq,1cee177a7942decfdebc
DACCS,not applicable,SSP2-NPi,2030,2045,annual,activity,"carbon dioxide, captured and stored, with a sorbent-based direct air capture system, 100ktCO2, with heat pump heat, and grid electricity | ENC",-99999998.33106995,-1028.8065671920776,97200.0,1,kg CO2-Eq,3c97368a7a87299d8442
DACCS,not applicable,SSP2-NPi,2030,2045,annual,activity,supply of forest residue | ENC,-12316201.90308624,-126.70989612228641,97200.0,2,kg CO2-Eq,3c97368a7a87299d8442
DACCS,not applicable,SSP2-NPi,2030,2045,annual,activity,"heat and power co-generation, wood chips, 6667 kW, state-of-the-art 2014 | FI",5987361.156217014,61.59836580470179,97200.0,3,kg CO2-Eq,3c97368a7a87299d8442
DACCS,not applicable,SSP2-NPi,2030,2045,annual,activity,"heat and power co-generation, wood chips, 6667 kW, state-of-the-art 2014 | SE",4738216.621744741,48.74708458585124,97200.0,4,kg CO2-Eq,3c97368a7a87299d8442
DACCS,not applicable,SSP2-NPi,2030,2045,annual,activity,"heat and power co-generation, wood chips, 6667 kW, state-of-the-art 2014 | DK",4402975.1340419445,45.29809808685128,97200.0,5,kg CO2-Eq,3c97368a7a87299d8442
DACCS,not applicable,SSP2-NPi,2030,2045,annual,activity,"carbon dioxide transport extension, pipeline 50 to 2000 km, LCSS 2026 | ENC",2800000.039696692,28.8065847705421,97200.0,6,kg CO2-Eq,3c97368a7a87299d8442
DACCS,not applicable,SSP2-NPi,2030,2045,annual,activity,treatment of sewage sludge by anaerobic digestion | RoW,-551644.6486643513,-5.67535646774024,97200.0,7,kg CO2-Eq,3c97368a7a87299d8442
DACCS,not applicable,SSP2-NPi,2030,2045,annual,activity,"treatment of spent anion exchange resin from potable water production, municipal incineration | GLO",392659.5991942733,4.039707810640672,97200.0,8,kg CO2-Eq,3c97368a7a87299d8442
DACCS,not applicable,SSP2-NPi,2030,2045,annual,activity,natural gas venting from petroleum/natural gas production | GLO,347647.9621103601,3.576625124592182,97200.0,9,kg CO2-Eq,3c97368a7a87299d8442
DACCS,not applicable,SSP2-NPi,2030,2045,annual,activity,plywood production | ENC,-316462.77505485824,-3.255789866819529,97200.0,10,kg CO2-Eq,3c97368a7a87299d8442
DACCS,not applicable,SSP2-NPi,2030,2045,annual,activity,"treatment of spent solvent mixture, hazardous waste incineration | RoW",282297.8373141211,2.9042987377995995,97200.0,11,kg CO2-Eq,3c97368a7a87299d8442
DACCS,not applicable,SSP2-NPi,2030,2045,annual,activity,"electricity production, hydro, reservoir, non-alpine region | SE",256897.58820554832,2.6429793025262174,97200.0,12,kg CO2-Eq,3c97368a7a87299d8442
DACCS,not applicable,SSP2-NPi,2030,2045,annual,activity,three and five layered board production | ENC,-241928.99266209026,-2.488981405988583,97200.0,13,kg CO2-Eq,3c97368a7a87299d8442
DACCS,not applicable,SSP2-NPi,2030,2045,annual,activity,"electricity production, natural gas, subcritical, steam cycle | ENC",240497.73721386603,2.47425655569821,97200.0,14,kg CO2-Eq,3c97368a7a87299d8442
DACCS,not applicable,SSP2-NPi,2030,2045,annual,activity,Other activities,5668191.720824847,58.31472963811571,97200.0,15,kg CO2-Eq,3c97368a7a87299d8442
DACCS,not applicable,SSP2-NPi,2030,2045,annual,location,ENC,-109723748.34381634,-1128.845147570127,97200.0,1,kg CO2-Eq,3c97368a7a87299d8442
DACCS,not applicable,SSP2-NPi,2030,2045,annual,location,FI,6062578.290867947,62.372204638559126,97200.0,2,kg CO2-Eq,3c97368a7a87299d8442
DACCS,not applicable,SSP2-NPi,2030,2045,annual,location,SE,4995528.007189345,51.39432106161877,97200.0,3,kg CO2-Eq,3c97368a7a87299d8442
DACCS,not applicable,SSP2-NPi,2030,2045,annual,location,DK,4403700.197838105,45.30555759092701,97200.0,4,kg CO2-Eq,3c97368a7a87299d8442
DACCS,not applicable,SSP2-NPi,2030,2045,annual,location,GLO,1233981.9883039678,12.695287945514071,97200.0,5,kg CO2-Eq,3c97368a7a87299d8442
DACCS,not applicable,SSP2-NPi,2030,2045,annual,location,CHA,703173.4548320961,7.234294802799343,97200.0,6,kg CO2-Eq,3c97368a7a87299d8442
DACCS,not applicable,SSP2-NPi,2030,2045,annual,location,RoW,699739.9681966988,7.198970866221181,97200.0,7,kg CO2-Eq,3c97368a7a87299d8442
DACCS,not applicable,SSP2-NPi,2030,2045,annual,location,MEA,426369.50841373374,4.386517576272981,97200.0,8,kg CO2-Eq,3c97368a7a87299d8442
DACCS,not applicable,SSP2-NPi,2030,2045,annual,location,Other locations,2889185.674200442,29.724132450621834,97200.0,9,kg CO2-Eq,3c97368a7a87299d8442
DACCS,not applicable,SSP2-NPi,2030,2045,annual,process,Gross atmospheric CO2 capture,-99999999.99999999,-1028.8065843621398,97200.0,1,kg CO2-Eq,3c97368a7a87299d8442
DACCS,not applicable,SSP2-NPi,2030,2045,annual,process,Direct-capture electricity,1320627.1152192955,13.586698716247897,97200.0,2,kg CO2-Eq,3c97368a7a87299d8442
DACCS,not applicable,SSP2-NPi,2030,2045,annual,process,Heat-pump electricity,2078764.9035859292,21.38647020150133,97200.0,3,kg CO2-Eq,3c97368a7a87299d8442
DACCS,not applicable,SSP2-NPi,2030,2045,annual,process,Compression and recompression,413335.1148420604,4.25241887697593,97200.0,4,kg CO2-Eq,3c97368a7a87299d8442
DACCS,not applicable,SSP2-NPi,2030,2045,annual,process,Pipeline and geological storage,1947235.7577830364,20.03328968912589,97200.0,5,kg CO2-Eq,3c97368a7a87299d8442
DACCS,not applicable,SSP2-NPi,2030,2045,annual,process,Transport losses,2800000.0,28.80658436213992,97200.0,6,kg CO2-Eq,3c97368a7a87299d8442
DACCS,not applicable,SSP2-NPi,2030,2045,annual,process,Other supply-chain GHG emissions,3130545.8545942837,32.20726187854201,97200.0,7,kg CO2-Eq,3c97368a7a87299d8442
DACCS,not applicable,SSP2-NPi,2030,2046,annual,activity,"carbon dioxide, captured and stored, with a sorbent-based direct air capture system, 100ktCO2, with heat pump heat, and grid electricity | ENC",-99999998.33106995,-1028.8065671920776,97200.0,1,kg CO2-Eq,a7ea24368e4c65d45027
DACCS,not applicable,SSP2-NPi,2030,2046,annual,activity,supply of forest residue | ENC,-11475543.667362887,-118.06114884118197,97200.0,2,kg CO2-Eq,a7ea24368e4c65d45027
DACCS,not applicable,SSP2-NPi,2030,2046,annual,activity,"heat and power co-generation, wood chips, 6667 kW, state-of-the-art 2014 | FI",5589574.235284258,57.505907770414176,97200.0,3,kg CO2-Eq,a7ea24368e4c65d45027
DACCS,not applicable,SSP2-NPi,2030,2046,annual,activity,"heat and power co-generation, wood chips, 6667 kW, state-of-the-art 2014 | SE",4423419.827054856,45.50843443472075,97200.0,4,kg CO2-Eq,a7ea24368e4c65d45027
DACCS,not applicable,SSP2-NPi,2030,2046,annual,activity,"heat and power co-generation, wood chips, 6667 kW, state-of-the-art 2014 | DK",4110450.849245354,42.2885889840057,97200.0,5,kg CO2-Eq,a7ea24368e4c65d45027
DACCS,not applicable,SSP2-NPi,2030,2046,annual,activity,"carbon dioxide transport extension, pipeline 50 to 2000 km, LCSS 2026 | ENC",2800000.039696692,28.8065847705421,97200.0,6,kg CO2-Eq,a7ea24368e4c65d45027
DACCS,not applicable,SSP2-NPi,2030,2046,annual,activity,treatment of sewage sludge by anaerobic digestion | RoW,-537504.3995159335,-5.529880653456106,97200.0,7,kg CO2-Eq,a7ea24368e4c65d45027
DACCS,not applicable,SSP2-NPi,2030,2046,annual,activity,"treatment of spent anion exchange resin from potable water production, municipal incineration | GLO",392658.8870471736,4.0397004840244195,97200.0,8,kg CO2-Eq,a7ea24368e4c65d45027
DACCS,not applicable,SSP2-NPi,2030,2046,annual,activity,natural gas venting from petroleum/natural gas production | GLO,346044.09835324046,3.5601244686547373,97200.0,9,kg CO2-Eq,a7ea24368e4c65d45027
DACCS,not applicable,SSP2-NPi,2030,2046,annual,activity,plywood production | ENC,-301701.279577001,-3.1039226293930144,97200.0,10,kg CO2-Eq,a7ea24368e4c65d45027
DACCS,not applicable,SSP2-NPi,2030,2046,annual,activity,"treatment of spent solvent mixture, hazardous waste incineration | RoW",282299.2330513537,2.9043130972361495,97200.0,11,kg CO2-Eq,a7ea24368e4c65d45027
DACCS,not applicable,SSP2-NPi,2030,2046,annual,activity,"electricity production, hydro, reservoir, non-alpine region | SE",253810.66077504403,2.611220789866708,97200.0,12,kg CO2-Eq,a7ea24368e4c65d45027
DACCS,not applicable,SSP2-NPi,2030,2046,annual,activity,"electricity production, natural gas, subcritical, steam cycle | ENC",233790.06499998804,2.4052475823044035,97200.0,13,kg CO2-Eq,a7ea24368e4c65d45027
DACCS,not applicable,SSP2-NPi,2030,2046,annual,activity,three and five layered board production | ENC,-230644.14650435516,-2.3728821656826664,97200.0,14,kg CO2-Eq,a7ea24368e4c65d45027
DACCS,not applicable,SSP2-NPi,2030,2046,annual,activity,Other activities,5653389.96542004,58.16244820390988,97200.0,15,kg CO2-Eq,a7ea24368e4c65d45027
DACCS,not applicable,SSP2-NPi,2030,2046,annual,location,ENC,-108859418.47465116,-1119.952864965547,97200.0,1,kg CO2-Eq,a7ea24368e4c65d45027
DACCS,not applicable,SSP2-NPi,2030,2046,annual,location,FI,5663646.140879632,58.26796441234189,97200.0,2,kg CO2-Eq,a7ea24368e4c65d45027
DACCS,not applicable,SSP2-NPi,2030,2046,annual,location,SE,4677633.64005875,48.12380288126286,97200.0,3,kg CO2-Eq,a7ea24368e4c65d45027
DACCS,not applicable,SSP2-NPi,2030,2046,annual,location,DK,4111116.300835934,42.29543519378533,97200.0,4,kg CO2-Eq,a7ea24368e4c65d45027
DACCS,not applicable,SSP2-NPi,2030,2046,annual,location,GLO,1228083.8414329148,12.63460742214933,97200.0,5,kg CO2-Eq,a7ea24368e4c65d45027
DACCS,not applicable,SSP2-NPi,2030,2046,annual,location,RoW,719554.4079227811,7.402823126777583,97200.0,6,kg CO2-Eq,a7ea24368e4c65d45027
DACCS,not applicable,SSP2-NPi,2030,2046,annual,location,CHA,689782.5745300577,7.096528544547919,97200.0,7,kg CO2-Eq,a7ea24368e4c65d45027
DACCS,not applicable,SSP2-NPi,2030,2046,annual,location,MEA,440141.92519334215,4.528209106927388,97200.0,8,kg CO2-Eq,a7ea24368e4c65d45027
DACCS,not applicable,SSP2-NPi,2030,2046,annual,location,Other locations,2869505.6806956753,29.52166338164275,97200.0,9,kg CO2-Eq,a7ea24368e4c65d45027
DACCS,not applicable,SSP2-NPi,2030,2046,annual,process,Gross atmospheric CO2 capture,-99999999.99999999,-1028.8065843621398,97200.0,1,kg CO2-Eq,a7ea24368e4c65d45027
DACCS,not applicable,SSP2-NPi,2030,2046,annual,process,Direct-capture electricity,1273528.406309366,13.102144097832984,97200.0,2,kg CO2-Eq,a7ea24368e4c65d45027
DACCS,not applicable,SSP2-NPi,2030,2046,annual,process,Heat-pump electricity,2004628.046968447,20.623745339181554,97200.0,3,kg CO2-Eq,a7ea24368e4c65d45027
DACCS,not applicable,SSP2-NPi,2030,2046,annual,process,Compression and recompression,398593.974037174,4.100761049765165,97200.0,4,kg CO2-Eq,a7ea24368e4c65d45027
DACCS,not applicable,SSP2-NPi,2030,2046,annual,process,Pipeline and geological storage,1948895.5534132933,20.05036577585693,97200.0,5,kg CO2-Eq,a7ea24368e4c65d45027
DACCS,not applicable,SSP2-NPi,2030,2046,annual,process,Transport losses,2800000.0,28.80658436213992,97200.0,6,kg CO2-Eq,a7ea24368e4c65d45027
DACCS,not applicable,SSP2-NPi,2030,2046,annual,process,Other supply-chain GHG emissions,3114400.056168968,32.041152841244525,97200.0,7,kg CO2-Eq,a7ea24368e4c65d45027
DACCS,not applicable,SSP2-NPi,2030,2047,annual,activity,"carbon dioxide, captured and stored, with a sorbent-based direct air capture system, 100ktCO2, with heat pump heat, and grid electricity | ENC",-99999998.33106995,-1028.8065671920776,97200.0,1,kg CO2-Eq,eaa709823c4a95a6fa63
DACCS,not applicable,SSP2-NPi,2030,2047,annual,activity,supply of forest residue | ENC,-10636392.77808343,-109.42790923954146,97200.0,2,kg CO2-Eq,eaa709823c4a95a6fa63
DACCS,not applicable,SSP2-NPi,2030,2047,annual,activity,"heat and power co-generation, wood chips, 6667 kW, state-of-the-art 2014 | FI",5191002.769215372,53.40537828410877,97200.0,3,kg CO2-Eq,eaa709823c4a95a6fa63
DACCS,not applicable,SSP2-NPi,2030,2047,annual,activity,"heat and power co-generation, wood chips, 6667 kW, state-of-the-art 2014 | SE",4108002.1857794514,42.263396973039626,97200.0,4,kg CO2-Eq,eaa709823c4a95a6fa63
DACCS,not applicable,SSP2-NPi,2030,2047,annual,activity,"heat and power co-generation, wood chips, 6667 kW, state-of-the-art 2014 | DK",3817350.0177604444,39.27314833086877,97200.0,5,kg CO2-Eq,eaa709823c4a95a6fa63
DACCS,not applicable,SSP2-NPi,2030,2047,annual,activity,"carbon dioxide transport extension, pipeline 50 to 2000 km, LCSS 2026 | ENC",2800000.039696692,28.8065847705421,97200.0,6,kg CO2-Eq,eaa709823c4a95a6fa63
DACCS,not applicable,SSP2-NPi,2030,2047,annual,activity,treatment of sewage sludge by anaerobic digestion | RoW,-523329.82523426326,-5.38405169994098,97200.0,7,kg CO2-Eq,eaa709823c4a95a6fa63
DACCS,not applicable,SSP2-NPi,2030,2047,annual,activity,"treatment of spent anion exchange resin from potable water production, municipal incineration | GLO",392658.17279115476,4.0396931357114685,97200.0,8,kg CO2-Eq,eaa709823c4a95a6fa63
DACCS,not applicable,SSP2-NPi,2030,2047,annual,activity,natural gas venting from petroleum/natural gas production | GLO,344428.89522692276,3.5435071525403576,97200.0,9,kg CO2-Eq,eaa709823c4a95a6fa63
DACCS,not applicable,SSP2-NPi,2030,2047,annual,activity,plywood production | ENC,-286001.57435096346,-2.942403028302093,97200.0,10,kg CO2-Eq,eaa709823c4a95a6fa63
DACCS,not applicable,SSP2-NPi,2030,2047,annual,activity,"treatment of spent solvent mixture, hazardous waste incineration | RoW",282300.0727458907,2.9043217360688343,97200.0,11,kg CO2-Eq,eaa709823c4a95a6fa63
DACCS,not applicable,SSP2-NPi,2030,2047,annual,activity,"electricity production, hydro, reservoir, non-alpine region | SE",250714.3918688842,2.5793661714905785,97200.0,12,kg CO2-Eq,eaa709823c4a95a6fa63
DACCS,not applicable,SSP2-NPi,2030,2047,annual,activity,"electricity production, natural gas, subcritical, steam cycle | ENC",227067.0210892676,2.3360804638813537,97200.0,13,kg CO2-Eq,eaa709823c4a95a6fa63
DACCS,not applicable,SSP2-NPi,2030,2047,annual,activity,three and five layered board production | ENC,-218642.0591505784,-2.249403900726115,97200.0,14,kg CO2-Eq,eaa709823c4a95a6fa63
DACCS,not applicable,SSP2-NPi,2030,2047,annual,activity,Other activities,5640594.306584463,58.03080562329695,97200.0,15,kg CO2-Eq,eaa709823c4a95a6fa63
DACCS,not applicable,SSP2-NPi,2030,2047,annual,location,ENC,-107992952.8270085,-1111.0386093313632,97200.0,1,kg CO2-Eq,eaa709823c4a95a6fa63
DACCS,not applicable,SSP2-NPi,2030,2047,annual,location,FI,5263922.775168111,54.1555841066678,97200.0,2,kg CO2-Eq,eaa709823c4a95a6fa63
DACCS,not applicable,SSP2-NPi,2030,2047,annual,location,SE,4359108.965229721,44.84680005380371,97200.0,3,kg CO2-Eq,eaa709823c4a95a6fa63
DACCS,not applicable,SSP2-NPi,2030,2047,annual,location,DK,3817955.671510413,39.27937933652688,97200.0,4,kg CO2-Eq,eaa709823c4a95a6fa63
DACCS,not applicable,SSP2-NPi,2030,2047,annual,location,GLO,1222298.2994352204,12.575085385136013,97200.0,5,kg CO2-Eq,eaa709823c4a95a6fa63
DACCS,not applicable,SSP2-NPi,2030,2047,annual,location,RoW,739452.2093220411,7.607533017716473,97200.0,6,kg CO2-Eq,eaa709823c4a95a6fa63
DACCS,not applicable,SSP2-NPi,2030,2047,annual,location,CHA,676449.8538491676,6.9593606363083085,97200.0,7,kg CO2-Eq,eaa709823c4a95a6fa63
DACCS,not applicable,SSP2-NPi,2030,2047,annual,location,MEA,454026.8146977971,4.671057764380628,97200.0,8,kg CO2-Eq,eaa709823c4a95a6fa63
DACCS,not applicable,SSP2-NPi,2030,2047,annual,location,Other locations,2849491.5426654266,29.315756611784224,97200.0,9,kg CO2-Eq,eaa709823c4a95a6fa63
DACCS,not applicable,SSP2-NPi,2030,2047,annual,process,Gross atmospheric CO2 capture,-99999999.99999999,-1028.8065843621398,97200.0,1,kg CO2-Eq,eaa709823c4a95a6fa63
DACCS,not applicable,SSP2-NPi,2030,2047,annual,process,Direct-capture electricity,1226391.1909966478,12.61719332301078,97200.0,2,kg CO2-Eq,eaa709823c4a95a6fa63
DACCS,not applicable,SSP2-NPi,2030,2047,annual,process,Heat-pump electricity,1930430.5784206502,19.860396897331793,97200.0,3,kg CO2-Eq,eaa709823c4a95a6fa63
DACCS,not applicable,SSP2-NPi,2030,2047,annual,process,Compression and recompression,383840.78134554735,3.9489792319500756,97200.0,4,kg CO2-Eq,eaa709823c4a95a6fa63
DACCS,not applicable,SSP2-NPi,2030,2047,annual,process,Pipeline and geological storage,1950938.427422438,20.07138299817323,97200.0,5,kg CO2-Eq,eaa709823c4a95a6fa63
DACCS,not applicable,SSP2-NPi,2030,2047,annual,process,Transport losses,2800000.0,28.80658436213992,97200.0,6,kg CO2-Eq,eaa709823c4a95a6fa63
DACCS,not applicable,SSP2-NPi,2030,2047,annual,process,Other supply-chain GHG emissions,3098152.3266834277,31.873995130487938,97200.0,7,kg CO2-Eq,eaa709823c4a95a6fa63
DACCS,not applicable,SSP2-NPi,2030,2048,annual,activity,"carbon dioxide, captured and stored, with a sorbent-based direct air capture system, 100ktCO2, with heat pump heat, and grid electricity | ENC",-99999998.33106995,-1028.8065671920776,97200.0,1,kg CO2-Eq,f5aab7662dcbd8e0ac12
DACCS,not applicable,SSP2-NPi,2030,2048,annual,activity,supply of forest residue | ENC,-9798809.101806458,-100.8107932284615,97200.0,2,kg CO2-Eq,f5aab7662dcbd8e0ac12
DACCS,not applicable,SSP2-NPi,2030,2048,annual,activity,"heat and power co-generation, wood chips, 6667 kW, state-of-the-art 2014 | FI",4791662.847287404,49.296942873327204,97200.0,3,kg CO2-Eq,f5aab7662dcbd8e0ac12
DACCS,not applicable,SSP2-NPi,2030,2048,annual,activity,"heat and power co-generation, wood chips, 6667 kW, state-of-the-art 2014 | SE",3791976.726491045,39.012106239619804,97200.0,4,kg CO2-Eq,f5aab7662dcbd8e0ac12
DACCS,not applicable,SSP2-NPi,2030,2048,annual,activity,"heat and power co-generation, wood chips, 6667 kW, state-of-the-art 2014 | DK",3523683.999373379,36.25189299766851,97200.0,5,kg CO2-Eq,f5aab7662dcbd8e0ac12
DACCS,not applicable,SSP2-NPi,2030,2048,annual,activity,"carbon dioxide transport extension, pipeline 50 to 2000 km, LCSS 2026 | ENC",2800000.039696692,28.8065847705421,97200.0,6,kg CO2-Eq,f5aab7662dcbd8e0ac12
DACCS,not applicable,SSP2-NPi,2030,2048,annual,activity,treatment of sewage sludge by anaerobic digestion | RoW,-509121.86537364323,-5.237879273391392,97200.0,7,kg CO2-Eq,f5aab7662dcbd8e0ac12
DACCS,not applicable,SSP2-NPi,2030,2048,annual,activity,"treatment of spent anion exchange resin from potable water production, municipal incineration | GLO",392657.45648069796,4.039685766262325,97200.0,8,kg CO2-Eq,f5aab7662dcbd8e0ac12
DACCS,not applicable,SSP2-NPi,2030,2048,annual,activity,natural gas venting from petroleum/natural gas production | GLO,342799.97365130874,3.526748700116345,97200.0,9,kg CO2-Eq,f5aab7662dcbd8e0ac12
DACCS,not applicable,SSP2-NPi,2030,2048,annual,activity,"treatment of spent solvent mixture, hazardous waste incineration | RoW",282300.37441787316,2.904324839690053,97200.0,10,kg CO2-Eq,f5aab7662dcbd8e0ac12
DACCS,not applicable,SSP2-NPi,2030,2048,annual,activity,plywood production | ENC,-269362.6243528246,-2.7712204151525164,97200.0,11,kg CO2-Eq,f5aab7662dcbd8e0ac12
DACCS,not applicable,SSP2-NPi,2030,2048,annual,activity,"electricity production, hydro, reservoir, non-alpine region | SE",247608.9507578231,2.547417188866493,97200.0,12,kg CO2-Eq,f5aab7662dcbd8e0ac12
DACCS,not applicable,SSP2-NPi,2030,2048,annual,activity,"electricity production, natural gas, subcritical, steam cycle | ENC",220328.89866047516,2.266758216671555,97200.0,13,kg CO2-Eq,f5aab7662dcbd8e0ac12
DACCS,not applicable,SSP2-NPi,2030,2048,annual,activity,three and five layered board production | ENC,-205921.93934720874,-2.1185384706502957,97200.0,14,kg CO2-Eq,f5aab7662dcbd8e0ac12
DACCS,not applicable,SSP2-NPi,2030,2048,annual,activity,Other activities,5629781.332530057,57.91956103425984,97200.0,15,kg CO2-Eq,f5aab7662dcbd8e0ac12
DACCS,not applicable,SSP2-NPi,2030,2048,annual,location,ENC,-107124404.11202852,-1102.1029229632563,97200.0,1,kg CO2-Eq,f5aab7662dcbd8e0ac12
DACCS,not applicable,SSP2-NPi,2030,2048,annual,location,FI,4863424.334356138,50.03522977732652,97200.0,2,kg CO2-Eq,f5aab7662dcbd8e0ac12
DACCS,not applicable,SSP2-NPi,2030,2048,annual,location,SE,4039967.1808267757,41.563448362415386,97200.0,3,kg CO2-Eq,f5aab7662dcbd8e0ac12
DACCS,not applicable,SSP2-NPi,2030,2048,annual,location,DK,3524229.672021291,36.25750691379929,97200.0,4,kg CO2-Eq,f5aab7662dcbd8e0ac12
DACCS,not applicable,SSP2-NPi,2030,2048,annual,location,GLO,1216621.7252977996,12.51668441664403,97200.0,5,kg CO2-Eq,f5aab7662dcbd8e0ac12
DACCS,not applicable,SSP2-NPi,2030,2048,annual,location,RoW,759431.2203641451,7.813078398808077,97200.0,6,kg CO2-Eq,f5aab7662dcbd8e0ac12
DACCS,not applicable,SSP2-NPi,2030,2048,annual,location,CHA,663176.0397849183,6.822798763219324,97200.0,7,kg CO2-Eq,f5aab7662dcbd8e0ac12
DACCS,not applicable,SSP2-NPi,2030,2048,annual,location,MEA,468008.2643873441,4.814899839375968,97200.0,8,kg CO2-Eq,f5aab7662dcbd8e0ac12
DACCS,not applicable,SSP2-NPi,2030,2048,annual,location,Other locations,2829132.412386853,29.106300538959392,97200.0,9,kg CO2-Eq,f5aab7662dcbd8e0ac12
DACCS,not applicable,SSP2-NPi,2030,2048,annual,process,Gross atmospheric CO2 capture,-99999999.99999999,-1028.8065843621398,97200.0,1,kg CO2-Eq,f5aab7662dcbd8e0ac12
DACCS,not applicable,SSP2-NPi,2030,2048,annual,process,Direct-capture electricity,1179202.1176118923,12.131709028928933,97200.0,2,kg CO2-Eq,f5aab7662dcbd8e0ac12
DACCS,not applicable,SSP2-NPi,2030,2048,annual,process,Heat-pump electricity,1856151.481426127,19.0962086566474,97200.0,3,kg CO2-Eq,f5aab7662dcbd8e0ac12
DACCS,not applicable,SSP2-NPi,2030,2048,annual,process,Compression and recompression,369071.3579087588,3.7970304311600698,97200.0,4,kg CO2-Eq,f5aab7662dcbd8e0ac12
DACCS,not applicable,SSP2-NPi,2030,2048,annual,process,Pipeline and geological storage,1953365.0602342677,20.096348356319627,97200.0,5,kg CO2-Eq,f5aab7662dcbd8e0ac12
DACCS,not applicable,SSP2-NPi,2030,2048,annual,process,Transport losses,2800000.0,28.80658436213992,97200.0,6,kg CO2-Eq,f5aab7662dcbd8e0ac12
DACCS,not applicable,SSP2-NPi,2030,2048,annual,process,Other supply-chain GHG emissions,3081796.7202145727,31.705727574224,97200.0,7,kg CO2-Eq,f5aab7662dcbd8e0ac12
DACCS,not applicable,SSP2-NPi,2030,2049,annual,activity,"carbon dioxide, captured and stored, with a sorbent-based direct air capture system, 100ktCO2, with heat pump heat, and grid electricity | ENC",-99999998.33106995,-1028.8065671920776,97200.0,1,kg CO2-Eq,92d63b09fda6cae40663
DACCS,not applicable,SSP2-NPi,2030,2049,annual,activity,supply of forest residue | ENC,-8962852.45139628,-92.2104161666284,97200.0,2,kg CO2-Eq,92d63b09fda6cae40663
DACCS,not applicable,SSP2-NPi,2030,2049,annual,activity,"heat and power co-generation, wood chips, 6667 kW, state-of-the-art 2014 | FI",4391571.775358442,45.180779581876976,97200.0,3,kg CO2-Eq,92d63b09fda6cae40663
DACCS,not applicable,SSP2-NPi,2030,2049,annual,activity,"heat and power co-generation, wood chips, 6667 kW, state-of-the-art 2014 | SE",3475356.552917673,35.754697046478114,97200.0,4,kg CO2-Eq,92d63b09fda6cae40663
DACCS,not applicable,SSP2-NPi,2030,2049,annual,activity,"heat and power co-generation, wood chips, 6667 kW, state-of-the-art 2014 | DK",3229465.718314488,33.22495594973753,97200.0,5,kg CO2-Eq,92d63b09fda6cae40663
DACCS,not applicable,SSP2-NPi,2030,2049,annual,activity,"carbon dioxide transport extension, pipeline 50 to 2000 km, LCSS 2026 | ENC",2800000.039696692,28.8065847705421,97200.0,6,kg CO2-Eq,92d63b09fda6cae40663
DACCS,not applicable,SSP2-NPi,2030,2049,annual,activity,treatment of sewage sludge by anaerobic digestion | RoW,-494881.43183478614,-5.091372755501915,97200.0,7,kg CO2-Eq,92d63b09fda6cae40663
DACCS,not applicable,SSP2-NPi,2030,2049,annual,activity,"treatment of spent anion exchange resin from potable water production, municipal incineration | GLO",392656.7381692297,4.039678376226643,97200.0,8,kg CO2-Eq,92d63b09fda6cae40663
DACCS,not applicable,SSP2-NPi,2030,2049,annual,activity,natural gas venting from petroleum/natural gas production | GLO,341154.93426592613,3.5098244266041783,97200.0,9,kg CO2-Eq,92d63b09fda6cae40663
DACCS,not applicable,SSP2-NPi,2030,2049,annual,activity,"treatment of spent solvent mixture, hazardous waste incineration | RoW",282300.15615366155,2.9043225941734727,97200.0,10,kg CO2-Eq,92d63b09fda6cae40663
DACCS,not applicable,SSP2-NPi,2030,2049,annual,activity,plywood production | ENC,-251783.57145630027,-2.590365961484571,97200.0,11,kg CO2-Eq,92d63b09fda6cae40663
DACCS,not applicable,SSP2-NPi,2030,2049,annual,activity,"electricity production, hydro, reservoir, non-alpine region | SE",244494.42070359574,2.515374698596664,97200.0,12,kg CO2-Eq,92d63b09fda6cae40663
DACCS,not applicable,SSP2-NPi,2030,2049,annual,activity,"electricity production, natural gas, subcritical, steam cycle | ENC",213575.94184123934,2.197283352276125,97200.0,13,kg CO2-Eq,92d63b09fda6cae40663
DACCS,not applicable,SSP2-NPi,2030,2049,annual,activity,"syngas production, from natural gas | MEA",203620.12687861818,2.0948572724137673,97200.0,14,kg CO2-Eq,92d63b09fda6cae40663
DACCS,not applicable,SSP2-NPi,2030,2049,annual,activity,Other activities,5224823.779479852,53.75333106460753,97200.0,15,kg CO2-Eq,92d63b09fda6cae40663
DACCS,not applicable,SSP2-NPi,2030,2049,annual,location,ENC,-106253825.67825572,-1093.146354714565,97200.0,1,kg CO2-Eq,92d63b09fda6cae40663
DACCS,not applicable,SSP2-NPi,2030,2049,annual,location,FI,4462168.156282058,45.90707979714051,97200.0,2,kg CO2-Eq,92d63b09fda6cae40663
DACCS,not applicable,SSP2-NPi,2030,2049,annual,location,SE,3720221.474179575,38.27388347921374,97200.0,3,kg CO2-Eq,92d63b09fda6cae40663
DACCS,not applicable,SSP2-NPi,2030,2049,annual,location,DK,3229951.2289277604,33.22995091489465,97200.0,4,kg CO2-Eq,92d63b09fda6cae40663
DACCS,not applicable,SSP2-NPi,2030,2049,annual,location,GLO,1211050.3818912972,12.459366068840506,97200.0,5,kg CO2-Eq,92d63b09fda6cae40663
DACCS,not applicable,SSP2-NPi,2030,2049,annual,location,RoW,779489.3476204752,8.019437732720938,97200.0,6,kg CO2-Eq,92d63b09fda6cae40663
DACCS,not applicable,SSP2-NPi,2030,2049,annual,location,CHA,649961.7666569073,6.686849451202749,97200.0,7,kg CO2-Eq,92d63b09fda6cae40663
DACCS,not applicable,SSP2-NPi,2030,2049,annual,location,MEA,482070.2769463385,4.9595707504767335,97200.0,8,kg CO2-Eq,92d63b09fda6cae40663
DACCS,not applicable,SSP2-NPi,2030,2049,annual,location,Other locations,2808417.4437734755,28.893183577916414,97200.0,9,kg CO2-Eq,92d63b09fda6cae40663
DACCS,not applicable,SSP2-NPi,2030,2049,annual,process,Gross atmospheric CO2 capture,-99999999.99999999,-1028.8065843621398,97200.0,1,kg CO2-Eq,92d63b09fda6cae40663
DACCS,not applicable,SSP2-NPi,2030,2049,annual,process,Direct-capture electricity,1131948.5249512568,11.64556095628865,97200.0,2,kg CO2-Eq,92d63b09fda6cae40663
DACCS,not applicable,SSP2-NPi,2030,2049,annual,process,Heat-pump electricity,1781770.826312164,18.330975579343253,97200.0,3,kg CO2-Eq,92d63b09fda6cae40663
DACCS,not applicable,SSP2-NPi,2030,2049,annual,process,Compression and recompression,354281.7409729893,3.6448738783229353,97200.0,4,kg CO2-Eq,92d63b09fda6cae40663
DACCS,not applicable,SSP2-NPi,2030,2049,annual,process,Pipeline and geological storage,1956175.930411854,20.125266773784507,97200.0,5,kg CO2-Eq,92d63b09fda6cae40663
DACCS,not applicable,SSP2-NPi,2030,2049,annual,process,Transport losses,2800000.0,28.80658436213992,97200.0,6,kg CO2-Eq,92d63b09fda6cae40663
DACCS,not applicable,SSP2-NPi,2030,2049,annual,process,Other supply-chain GHG emissions,3065327.3753726226,31.53628987008871,97200.0,7,kg CO2-Eq,92d63b09fda6cae40663
DACCS,not applicable,SSP2-NPi,2030,,lifetime,activity,"carbon dioxide, captured and stored, with a sorbent-based direct air capture system, 100ktCO2, with heat pump heat, and grid electricity | ENC",-1999999966.621399,-1028.8065671920776,1944000.0,1,kg CO2-Eq,7fc61f390e8b5909af6e
DACCS,not applicable,SSP2-NPi,2030,,lifetime,activity,supply of forest residue | ENC,-330861542.04421294,-170.19626648364863,1944000.0,2,kg CO2-Eq,7fc61f390e8b5909af6e
DACCS,not applicable,SSP2-NPi,2030,,lifetime,activity,"heat and power co-generation, wood chips, 6667 kW, state-of-the-art 2014 | FI",159952265.58263153,82.27997200752651,1944000.0,3,kg CO2-Eq,7fc61f390e8b5909af6e
DACCS,not applicable,SSP2-NPi,2030,,lifetime,activity,"heat and power co-generation, wood chips, 6667 kW, state-of-the-art 2014 | SE",126581393.88795245,65.1138857448315,1944000.0,4,kg CO2-Eq,7fc61f390e8b5909af6e
DACCS,not applicable,SSP2-NPi,2030,,lifetime,activity,"heat and power co-generation, wood chips, 6667 kW, state-of-the-art 2014 | DK",117625430.53474918,60.506908711290734,1944000.0,5,kg CO2-Eq,7fc61f390e8b5909af6e
DACCS,not applicable,SSP2-NPi,2030,,lifetime,activity,"carbon dioxide transport extension, pipeline 50 to 2000 km, LCSS 2026 | ENC",56000000.79393386,28.80658477054211,1944000.0,6,kg CO2-Eq,7fc61f390e8b5909af6e
DACCS,not applicable,SSP2-NPi,2030,,lifetime,activity,treatment of sewage sludge by anaerobic digestion | RoW,-13678411.035057833,-7.036219668239626,1944000.0,7,kg CO2-Eq,7fc61f390e8b5909af6e
DACCS,not applicable,SSP2-NPi,2030,,lifetime,activity,plywood production | ENC,-8375098.198156707,-4.308178085471557,1944000.0,8,kg CO2-Eq,7fc61f390e8b5909af6e
DACCS,not applicable,SSP2-NPi,2030,,lifetime,activity,"treatment of spent anion exchange resin from potable water production, municipal incineration | GLO",7853343.661858571,4.039785834289388,1944000.0,9,kg CO2-Eq,7fc61f390e8b5909af6e
DACCS,not applicable,SSP2-NPi,2030,,lifetime,activity,natural gas venting from petroleum/natural gas production | GLO,7111416.531252238,3.658136075747036,1944000.0,10,kg CO2-Eq,7fc61f390e8b5909af6e
DACCS,not applicable,SSP2-NPi,2030,,lifetime,activity,three and five layered board production | ENC,-6402582.642381572,-3.2935095897024547,1944000.0,11,kg CO2-Eq,7fc61f390e8b5909af6e
DACCS,not applicable,SSP2-NPi,2030,,lifetime,activity,"electricity production, natural gas, subcritical, steam cycle | ENC",6071658.027676299,3.1232808784343105,1944000.0,12,kg CO2-Eq,7fc61f390e8b5909af6e
DACCS,not applicable,SSP2-NPi,2030,,lifetime,activity,"treatment of spent solvent mixture, hazardous waste incineration | RoW",5644527.492630029,2.9035635250154472,1944000.0,13,kg CO2-Eq,7fc61f390e8b5909af6e
DACCS,not applicable,SSP2-NPi,2030,,lifetime,activity,"electricity production, hydro, reservoir, non-alpine region | SE",5497146.109349902,2.8277500562499496,1944000.0,14,kg CO2-Eq,7fc61f390e8b5909af6e
DACCS,not applicable,SSP2-NPi,2030,,lifetime,activity,"biomethane production, from biogas upgrading, using amine scrubbing | ENC",5259462.229553339,2.705484685984228,1944000.0,15,kg CO2-Eq,7fc61f390e8b5909af6e
DACCS,not applicable,SSP2-NPi,2030,,lifetime,activity,"hardwood forestry, beech, sustainable forest management | ENC",-4238661.787818975,-2.1803815780961804,1944000.0,16,kg CO2-Eq,7fc61f390e8b5909af6e
DACCS,not applicable,SSP2-NPi,2030,,lifetime,activity,pig iron production | CHA,3945274.86456869,2.029462378893359,1944000.0,17,kg CO2-Eq,7fc61f390e8b5909af6e
DACCS,not applicable,SSP2-NPi,2030,,lifetime,activity,"electricity production, at biomass-fired IGCC power plant | ENC",3566764.3863008604,1.8347553427473562,1944000.0,18,kg CO2-Eq,7fc61f390e8b5909af6e
DACCS,not applicable,SSP2-NPi,2030,,lifetime,activity,"market group for electricity, medium voltage | ENC",3311532.4397471957,1.7034631891703682,1944000.0,19,kg CO2-Eq,7fc61f390e8b5909af6e
DACCS,not applicable,SSP2-NPi,2030,,lifetime,activity,"diesel, burned in building machine | GLO",3229618.5835329574,1.6613264318585172,1944000.0,20,kg CO2-Eq,7fc61f390e8b5909af6e
DACCS,not applicable,SSP2-NPi,2030,,lifetime,activity,"heat production, at hard coal industrial furnace 1-10MW | CHA",3225442.23287768,1.65917810333214,1944000.0,21,kg CO2-Eq,7fc61f390e8b5909af6e
DACCS,not applicable,SSP2-NPi,2030,,lifetime,activity,"hardwood forestry, birch, sustainable forest management | ENC",-2855445.556550497,-1.4688505949333834,1944000.0,22,kg CO2-Eq,7fc61f390e8b5909af6e
DACCS,not applicable,SSP2-NPi,2030,,lifetime,activity,"softwood forestry, spruce, sustainable forest management | ENC",-2653619.9797292016,-1.3650308537701654,1944000.0,23,kg CO2-Eq,7fc61f390e8b5909af6e
DACCS,not applicable,SSP2-NPi,2030,,lifetime,activity,iron sinter production | RoW,2601041.0538894497,1.3379840812188528,1944000.0,24,kg CO2-Eq,7fc61f390e8b5909af6e
DACCS,not applicable,SSP2-NPi,2030,,lifetime,activity,Other activities,105474648.72020155,54.256506543313556,1944000.0,25,kg CO2-Eq,7fc61f390e8b5909af6e
DACCS,not applicable,SSP2-NPi,2030,,lifetime,location,ENC,-2280521590.0834584,-1173.1078138289395,1944000.0,1,kg CO2-Eq,7fc61f390e8b5909af6e
DACCS,not applicable,SSP2-NPi,2030,,lifetime,location,FI,161600314.165764,83.1277336243642,1944000.0,2,kg CO2-Eq,7fc61f390e8b5909af6e
DACCS,not applicable,SSP2-NPi,2030,,lifetime,location,SE,132189380.49728616,67.99865251918013,1944000.0,3,kg CO2-Eq,7fc61f390e8b5909af6e
DACCS,not applicable,SSP2-NPi,2030,,lifetime,location,DK,117669562.5885042,60.529610385033024,1944000.0,4,kg CO2-Eq,7fc61f390e8b5909af6e
DACCS,not applicable,SSP2-NPi,2030,,lifetime,location,GLO,25182874.251904104,12.95415342176137,1944000.0,5,kg CO2-Eq,7fc61f390e8b5909af6e
DACCS,not applicable,SSP2-NPi,2030,,lifetime,location,CHA,16919321.154040534,8.70335450310727,1944000.0,6,kg CO2-Eq,7fc61f390e8b5909af6e
DACCS,not applicable,SSP2-NPi,2030,,lifetime,location,RoW,11186272.110949865,5.754255201105898,1944000.0,7,kg CO2-Eq,7fc61f390e8b5909af6e
DACCS,not applicable,SSP2-NPi,2030,,lifetime,location,CN,7167098.851064033,3.6867792443745024,1944000.0,8,kg CO2-Eq,7fc61f390e8b5909af6e
DACCS,not applicable,SSP2-NPi,2030,,lifetime,location,Other locations,62492405.7313455,32.14629924451929,1944000.0,9,kg CO2-Eq,7fc61f390e8b5909af6e
DACCS,not applicable,SSP2-NPi,2030,,lifetime,process,Gross atmospheric CO2 capture,-1999999999.9999998,-1028.8065843621398,1944000.0,1,kg CO2-Eq,7fc61f390e8b5909af6e
DACCS,not applicable,SSP2-NPi,2030,,lifetime,process,Direct-capture electricity,31543025.731642716,16.225836281709217,1944000.0,2,kg CO2-Eq,7fc61f390e8b5909af6e
DACCS,not applicable,SSP2-NPi,2030,,lifetime,process,Heat-pump electricity,49651059.02203022,25.54066822120896,1944000.0,3,kg CO2-Eq,7fc61f390e8b5909af6e
DACCS,not applicable,SSP2-NPi,2030,,lifetime,process,Compression and recompression,9872461.357943285,5.078426624456423,1944000.0,4,kg CO2-Eq,7fc61f390e8b5909af6e
DACCS,not applicable,SSP2-NPi,2030,,lifetime,process,Pipeline and geological storage,40343227.4839269,20.75268903494182,1944000.0,5,kg CO2-Eq,7fc61f390e8b5909af6e
DACCS,not applicable,SSP2-NPi,2030,,lifetime,process,Transport losses,56000000.0,28.80658436213992,1944000.0,6,kg CO2-Eq,7fc61f390e8b5909af6e
DACCS,not applicable,SSP2-NPi,2030,,lifetime,process,Other supply-chain GHG emissions,66475865.67183368,34.195404152177815,1944000.0,7,kg CO2-Eq,7fc61f390e8b5909af6e
BECCS,new CHP+CCS vs standing forest and Northern European energy,SSP2-PkBudg1000,2030,2030,annual,activity,"forest carbon regrowth differential, existing spruce forest vs standing stock, LCSS 2026 | SE",-8538779.455058046,-1143.1183516397093,7469.724760178917,1,kg CO2-Eq,82939fc7820f86b73cd8
BECCS,new CHP+CCS vs standing forest and Northern European energy,SSP2-PkBudg1000,2030,2030,annual,activity,"operation of new Nordic spruce CHP with post-combustion capture, excluding capture equipment, LCSS 2026 | ENC",912907.8167427152,122.21438487391455,7469.724760178917,2,kg CO2-Eq,82939fc7820f86b73cd8
BECCS,new CHP+CCS vs standing forest and Northern European energy,SSP2-PkBudg1000,2030,2030,annual,activity,supply of forest residue | ENC,629260.4757403599,84.241454128932,7469.724760178917,3,kg CO2-Eq,82939fc7820f86b73cd8
BECCS,new CHP+CCS vs standing forest and Northern European energy,SSP2-PkBudg1000,2030,2030,annual,activity,"heat and power co-generation, wood chips, 6667 kW, state-of-the-art 2014 | FI",-304743.7881343231,-40.79719105031974,7469.724760178917,4,kg CO2-Eq,82939fc7820f86b73cd8
BECCS,new CHP+CCS vs standing forest and Northern European energy,SSP2-PkBudg1000,2030,2030,annual,activity,"heat and power co-generation, wood chips, 6667 kW, state-of-the-art 2014 | SE",-241371.56767603144,-32.31331480415217,7469.724760178917,5,kg CO2-Eq,82939fc7820f86b73cd8
BECCS,new CHP+CCS vs standing forest and Northern European energy,SSP2-PkBudg1000,2030,2030,annual,activity,"heat and power co-generation, wood chips, 6667 kW, state-of-the-art 2014 | DK",-224293.9272033056,-30.02706718178104,7469.724760178917,6,kg CO2-Eq,82939fc7820f86b73cd8
BECCS,new CHP+CCS vs standing forest and Northern European energy,SSP2-PkBudg1000,2030,2030,annual,activity,"carbon dioxide transport extension, pipeline 50 to 2000 km, LCSS 2026 | ENC",215177.25951671123,28.806584770542102,7469.724760178917,7,kg CO2-Eq,82939fc7820f86b73cd8
BECCS,new CHP+CCS vs standing forest and Northern European energy,SSP2-PkBudg1000,2030,2030,annual,activity,"wood chipping, mobile chipper, at forest road | FI",64967.036397261916,8.697380222575404,7469.724760178917,8,kg CO2-Eq,82939fc7820f86b73cd8
BECCS,new CHP+CCS vs standing forest and Northern European energy,SSP2-PkBudg1000,2030,2030,annual,activity,"hydrogen production, gaseous, 25 bar, from gasification of woody biomass in entrained flow gasifier, at gasification plant | ENC",55508.04421660511,7.43106955058349,7469.724760178917,9,kg CO2-Eq,82939fc7820f86b73cd8
BECCS,new CHP+CCS vs standing forest and Northern European energy,SSP2-PkBudg1000,2030,2030,annual,activity,"harvesting, forestry harvester | FI",45354.30789264109,6.071750880892531,7469.724760178917,10,kg CO2-Eq,82939fc7820f86b73cd8
BECCS,new CHP+CCS vs standing forest and Northern European energy,SSP2-PkBudg1000,2030,2030,annual,activity,treatment of sewage sludge by anaerobic digestion | RoW,39944.6147209454,5.3475350168041045,7469.724760178917,11,kg CO2-Eq,82939fc7820f86b73cd8
BECCS,new CHP+CCS vs standing forest and Northern European energy,SSP2-PkBudg1000,2030,2030,annual,activity,"heat production, softwood chips from forest, at furnace 1000kW | ENC",-31952.718159262648,-4.277629924144261,7469.724760178917,12,kg CO2-Eq,82939fc7820f86b73cd8
BECCS,new CHP+CCS vs standing forest and Northern European energy,SSP2-PkBudg1000,2030,2030,annual,activity,"heat production, softwood chips from forest, at furnace 1000kW, state-of-the-art 2014 | ENC",-29950.456717733272,-4.009579693939873,7469.724760178917,13,kg CO2-Eq,82939fc7820f86b73cd8
BECCS,new CHP+CCS vs standing forest and Northern European energy,SSP2-PkBudg1000,2030,2030,annual,activity,"heat production, light fuel oil, at industrial furnace 1MW | ENC",-26561.159021434945,-3.555841731014296,7469.724760178917,14,kg CO2-Eq,82939fc7820f86b73cd8
BECCS,new CHP+CCS vs standing forest and Northern European energy,SSP2-PkBudg1000,2030,2030,annual,activity,Other activities,215347.7325747285,28.82940663660684,7469.724760178917,15,kg CO2-Eq,82939fc7820f86b73cd8
BECCS,new CHP+CCS vs standing forest and Northern European energy,SSP2-PkBudg1000,2030,2030,annual,location,SE,-8789729.589697227,-1176.7139850393487,7469.724760178917,1,kg CO2-Eq,82939fc7820f86b73cd8
BECCS,new CHP+CCS vs standing forest and Northern European energy,SSP2-PkBudg1000,2030,2030,annual,location,ENC,1674802.278047302,224.21204687161548,7469.724760178917,2,kg CO2-Eq,82939fc7820f86b73cd8
BECCS,new CHP+CCS vs standing forest and Northern European energy,SSP2-PkBudg1000,2030,2030,annual,location,DK,-224500.19755044742,-30.054681364868674,7469.724760178917,3,kg CO2-Eq,82939fc7820f86b73cd8
BECCS,new CHP+CCS vs standing forest and Northern European energy,SSP2-PkBudg1000,2030,2030,annual,location,FI,-181825.24596525705,-24.341625937084988,7469.724760178917,4,kg CO2-Eq,82939fc7820f86b73cd8
BECCS,new CHP+CCS vs standing forest and Northern European energy,SSP2-PkBudg1000,2030,2030,annual,location,RoW,83978.70725906339,11.242543728887263,7469.724760178917,5,kg CO2-Eq,82939fc7820f86b73cd8
BECCS,new CHP+CCS vs standing forest and Northern European energy,SSP2-PkBudg1000,2030,2030,annual,location,GLO,49539.85586785305,6.632085847653972,7469.724760178917,6,kg CO2-Eq,82939fc7820f86b73cd8
BECCS,new CHP+CCS vs standing forest and Northern European energy,SSP2-PkBudg1000,2030,2030,annual,location,CHA,40893.961692514094,5.474627647663766,7469.724760178917,7,kg CO2-Eq,82939fc7820f86b73cd8
BECCS,new CHP+CCS vs standing forest and Northern European energy,SSP2-PkBudg1000,2030,2030,annual,location,OAS,11267.90148280269,1.5084761279119472,7469.724760178917,8,kg CO2-Eq,82939fc7820f86b73cd8
BECCS,new CHP+CCS vs standing forest and Northern European energy,SSP2-PkBudg1000,2030,2030,annual,location,Other locations,116386.5446952257,15.581102173360131,7469.724760178917,9,kg CO2-Eq,82939fc7820f86b73cd8
BECCS,new CHP+CCS vs standing forest and Northern European energy,SSP2-PkBudg1000,2030,2030,annual,process,Forest regrowth,-8538779.819222614,-1143.1184003917824,7469.724760178917,1,kg CO2-Eq,82939fc7820f86b73cd8
BECCS,new CHP+CCS vs standing forest and Northern European energy,SSP2-PkBudg1000,2030,2030,annual,process,Harvesting and biomass supply,176817.38446646396,23.67120478241407,7469.724760178917,2,kg CO2-Eq,82939fc7820f86b73cd8
BECCS,new CHP+CCS vs standing forest and Northern European energy,SSP2-PkBudg1000,2030,2030,annual,process,Residual biogenic stack emissions,853878.0018494421,114.31184270690449,7469.724760178917,3,kg CO2-Eq,82939fc7820f86b73cd8
BECCS,new CHP+CCS vs standing forest and Northern European energy,SSP2-PkBudg1000,2030,2030,annual,process,New CHP infrastructure and end-of-life,20235.56812213451,2.7090112114987517,7469.724760178917,4,kg CO2-Eq,82939fc7820f86b73cd8
BECCS,new CHP+CCS vs standing forest and Northern European energy,SSP2-PkBudg1000,2030,2030,annual,process,Other CHP operating emissions,70985.84163249558,9.503140197470316,7469.724760178917,5,kg CO2-Eq,82939fc7820f86b73cd8
BECCS,new CHP+CCS vs standing forest and Northern European energy,SSP2-PkBudg1000,2030,2030,annual,process,Avoided Northern European electricity,-186806.37998631634,-25.00846898431662,7469.724760178917,6,kg CO2-Eq,82939fc7820f86b73cd8
BECCS,new CHP+CCS vs standing forest and Northern European energy,SSP2-PkBudg1000,2030,2030,annual,process,Avoided Northern European heat,-67564.16698813962,-9.045067811376937,7469.724760178917,7,kg CO2-Eq,82939fc7820f86b73cd8
BECCS,new CHP+CCS vs standing forest and Northern European energy,SSP2-PkBudg1000,2030,2030,annual,process,Capture electricity,0.0,0.0,7469.724760178917,8,kg CO2-Eq,82939fc7820f86b73cd8
BECCS,new CHP+CCS vs standing forest and Northern European energy,SSP2-PkBudg1000,2030,2030,annual,process,Compression and recompression,48644.16304248883,6.512176098082052,7469.724760178917,9,kg CO2-Eq,82939fc7820f86b73cd8
BECCS,new CHP+CCS vs standing forest and Northern European energy,SSP2-PkBudg1000,2030,2030,annual,process,Pipeline and geological storage,160994.42046347065,21.552925393145873,7469.724760178917,10,kg CO2-Eq,82939fc7820f86b73cd8
BECCS,new CHP+CCS vs standing forest and Northern European energy,SSP2-PkBudg1000,2030,2030,annual,process,Transport losses,215177.25646605933,28.80658436213992,7469.724760178917,11,kg CO2-Eq,82939fc7820f86b73cd8
BECCS,new CHP+CCS vs standing forest and Northern European energy,SSP2-PkBudg1000,2030,2030,annual,process,Capture chemicals and operating materials,16238.886854237886,2.1739605374494317,7469.724760178917,12,kg CO2-Eq,82939fc7820f86b73cd8
BECCS,new CHP+CCS vs standing forest and Northern European energy,SSP2-PkBudg1000,2030,2030,annual,process,CCS infrastructure and end-of-life,10992.938055900151,1.4716657452364879,7469.724760178917,13,kg CO2-Eq,82939fc7820f86b73cd8
BECCS,new CHP+CCS vs standing forest and Northern European energy,SSP2-PkBudg1000,2030,2030,annual,process,Other CHP and CCS supply-chain GHG emissions,0.12107623295903253,1.6208928286687296e-05,7469.724760178917,14,kg CO2-Eq,82939fc7820f86b73cd8
BECCS,new CHP+CCS vs standing forest and Northern European energy,SSP2-PkBudg1000,2030,2031,annual,activity,"forest carbon regrowth differential, existing spruce forest vs standing stock, LCSS 2026 | SE",-8538779.455058046,-1143.1183516397093,7469.724760178917,1,kg CO2-Eq,c4ac77457a8534918067
BECCS,new CHP+CCS vs standing forest and Northern European energy,SSP2-PkBudg1000,2030,2031,annual,activity,"operation of new Nordic spruce CHP with post-combustion capture, excluding capture equipment, LCSS 2026 | ENC",912907.8167427152,122.21438487391455,7469.724760178917,2,kg CO2-Eq,c4ac77457a8534918067
BECCS,new CHP+CCS vs standing forest and Northern European energy,SSP2-PkBudg1000,2030,2031,annual,activity,supply of forest residue | ENC,585523.5787955892,78.3862321028231,7469.724760178917,3,kg CO2-Eq,c4ac77457a8534918067
BECCS,new CHP+CCS vs standing forest and Northern European energy,SSP2-PkBudg1000,2030,2031,annual,activity,"heat and power co-generation, wood chips, 6667 kW, state-of-the-art 2014 | FI",-289346.7950154977,-38.73593797699277,7469.724760178917,4,kg CO2-Eq,c4ac77457a8534918067
BECCS,new CHP+CCS vs standing forest and Northern European energy,SSP2-PkBudg1000,2030,2031,annual,activity,"heat and power co-generation, wood chips, 6667 kW, state-of-the-art 2014 | SE",-229186.85980285963,-30.68210237472928,7469.724760178917,5,kg CO2-Eq,c4ac77457a8534918067
BECCS,new CHP+CCS vs standing forest and Northern European energy,SSP2-PkBudg1000,2030,2031,annual,activity,"carbon dioxide transport extension, pipeline 50 to 2000 km, LCSS 2026 | ENC",215177.25951671123,28.806584770542102,7469.724760178917,6,kg CO2-Eq,c4ac77457a8534918067
BECCS,new CHP+CCS vs standing forest and Northern European energy,SSP2-PkBudg1000,2030,2031,annual,activity,"heat and power co-generation, wood chips, 6667 kW, state-of-the-art 2014 | DK",-212971.31692044588,-28.51126698212435,7469.724760178917,7,kg CO2-Eq,c4ac77457a8534918067
BECCS,new CHP+CCS vs standing forest and Northern European energy,SSP2-PkBudg1000,2030,2031,annual,activity,"hydrogen production, gaseous, 25 bar, from gasification of woody biomass in entrained flow gasifier, at gasification plant | ENC",65283.64102274571,8.739765268296448,7469.724760178917,8,kg CO2-Eq,c4ac77457a8534918067
BECCS,new CHP+CCS vs standing forest and Northern European energy,SSP2-PkBudg1000,2030,2031,annual,activity,"wood chipping, mobile chipper, at forest road | FI",64967.036426237566,8.697380226454483,7469.724760178917,9,kg CO2-Eq,c4ac77457a8534918067
BECCS,new CHP+CCS vs standing forest and Northern European energy,SSP2-PkBudg1000,2030,2031,annual,activity,"harvesting, forestry harvester | FI",45358.939456685825,6.072370925699192,7469.724760178917,10,kg CO2-Eq,c4ac77457a8534918067
BECCS,new CHP+CCS vs standing forest and Northern European energy,SSP2-PkBudg1000,2030,2031,annual,activity,treatment of sewage sludge by anaerobic digestion | RoW,39188.982276179915,5.24637567438847,7469.724760178917,11,kg CO2-Eq,c4ac77457a8534918067
BECCS,new CHP+CCS vs standing forest and Northern European energy,SSP2-PkBudg1000,2030,2031,annual,activity,"heat production, softwood chips from forest, at furnace 1000kW | ENC",-32084.943904990072,-4.295331479418737,7469.724760178917,12,kg CO2-Eq,c4ac77457a8534918067
BECCS,new CHP+CCS vs standing forest and Northern European energy,SSP2-PkBudg1000,2030,2031,annual,activity,"heat production, softwood chips from forest, at furnace 1000kW, state-of-the-art 2014 | ENC",-30074.396767360355,-4.026172012078261,7469.724760178917,13,kg CO2-Eq,c4ac77457a8534918067
BECCS,new CHP+CCS vs standing forest and Northern European energy,SSP2-PkBudg1000,2030,2031,annual,activity,"heat production, light fuel oil, at industrial furnace 1MW | ENC",-25163.58344701035,-3.3687430601402273,7469.724760178917,14,kg CO2-Eq,c4ac77457a8534918067
BECCS,new CHP+CCS vs standing forest and Northern European energy,SSP2-PkBudg1000,2030,2031,annual,activity,Other activities,202600.02748069912,27.122823662895765,7469.724760178917,15,kg CO2-Eq,c4ac77457a8534918067
BECCS,new CHP+CCS vs standing forest and Northern European energy,SSP2-PkBudg1000,2030,2031,annual,location,SE,-8778071.544099977,-1175.1532788591962,7469.724760178917,1,kg CO2-Eq,c4ac77457a8534918067
BECCS,new CHP+CCS vs standing forest and Northern European energy,SSP2-PkBudg1000,2030,2031,annual,location,ENC,1633686.8975563461,218.7077770610139,7469.724760178917,2,kg CO2-Eq,c4ac77457a8534918067
BECCS,new CHP+CCS vs standing forest and Northern European energy,SSP2-PkBudg1000,2030,2031,annual,location,DK,-213148.6103207331,-28.535001912925598,7469.724760178917,3,kg CO2-Eq,c4ac77457a8534918067
BECCS,new CHP+CCS vs standing forest and Northern European energy,SSP2-PkBudg1000,2030,2031,annual,location,FI,-166602.13000599926,-22.303650449633,7469.724760178917,4,kg CO2-Eq,c4ac77457a8534918067
BECCS,new CHP+CCS vs standing forest and Northern European energy,SSP2-PkBudg1000,2030,2031,annual,location,RoW,81586.59580668966,10.922302819191891,7469.724760178917,5,kg CO2-Eq,c4ac77457a8534918067
BECCS,new CHP+CCS vs standing forest and Northern European energy,SSP2-PkBudg1000,2030,2031,annual,location,GLO,48999.42002820611,6.559735679876973,7469.724760178917,6,kg CO2-Eq,c4ac77457a8534918067
BECCS,new CHP+CCS vs standing forest and Northern European energy,SSP2-PkBudg1000,2030,2031,annual,location,CHA,39570.79565594307,5.2974904600093,7469.724760178917,7,kg CO2-Eq,c4ac77457a8534918067
BECCS,new CHP+CCS vs standing forest and Northern European energy,SSP2-PkBudg1000,2030,2031,annual,location,OAS,11387.82674545228,1.5245309714972035,7469.724760178917,8,kg CO2-Eq,c4ac77457a8534918067
BECCS,new CHP+CCS vs standing forest and Northern European energy,SSP2-PkBudg1000,2030,2031,annual,location,Other locations,115990.67943542452,15.528106209986548,7469.724760178917,9,kg CO2-Eq,c4ac77457a8534918067
BECCS,new CHP+CCS vs standing forest and Northern European energy,SSP2-PkBudg1000,2030,2031,annual,process,Forest regrowth,-8538779.819222614,-1143.1184003917824,7469.724760178917,1,kg CO2-Eq,c4ac77457a8534918067
BECCS,new CHP+CCS vs standing forest and Northern European energy,SSP2-PkBudg1000,2030,2031,annual,process,Harvesting and biomass supply,167582.44406293836,22.43488876006783,7469.724760178917,2,kg CO2-Eq,c4ac77457a8534918067
BECCS,new CHP+CCS vs standing forest and Northern European energy,SSP2-PkBudg1000,2030,2031,annual,process,Residual biogenic stack emissions,853878.0018494421,114.31184270690449,7469.724760178917,3,kg CO2-Eq,c4ac77457a8534918067
BECCS,new CHP+CCS vs standing forest and Northern European energy,SSP2-PkBudg1000,2030,2031,annual,process,New CHP infrastructure and end-of-life,19657.240619969267,2.6315883450969926,7469.724760178917,4,kg CO2-Eq,c4ac77457a8534918067
BECCS,new CHP+CCS vs standing forest and Northern European energy,SSP2-PkBudg1000,2030,2031,annual,process,Other CHP operating emissions,70831.9916946072,9.482543730689029,7469.724760178917,5,kg CO2-Eq,c4ac77457a8534918067
BECCS,new CHP+CCS vs standing forest and Northern European energy,SSP2-PkBudg1000,2030,2031,annual,process,Avoided Northern European electricity,-179600.8305792857,-24.04383512719736,7469.724760178917,6,kg CO2-Eq,c4ac77457a8534918067
BECCS,new CHP+CCS vs standing forest and Northern European energy,SSP2-PkBudg1000,2030,2031,annual,process,Avoided Northern European heat,-66760.30154475382,-8.937451336982697,7469.724760178917,7,kg CO2-Eq,c4ac77457a8534918067
BECCS,new CHP+CCS vs standing forest and Northern European energy,SSP2-PkBudg1000,2030,2031,annual,process,Capture electricity,0.0,0.0,7469.724760178917,8,kg CO2-Eq,c4ac77457a8534918067
BECCS,new CHP+CCS vs standing forest and Northern European energy,SSP2-PkBudg1000,2030,2031,annual,process,Compression and recompression,46824.46871720446,6.2685668107646455,7469.724760178917,9,kg CO2-Eq,c4ac77457a8534918067
BECCS,new CHP+CCS vs standing forest and Northern European energy,SSP2-PkBudg1000,2030,2031,annual,process,Pipeline and geological storage,157907.7484976413,21.1397010689667,7469.724760178917,10,kg CO2-Eq,c4ac77457a8534918067
BECCS,new CHP+CCS vs standing forest and Northern European energy,SSP2-PkBudg1000,2030,2031,annual,process,Transport losses,215177.25646605933,28.80658436213992,7469.724760178917,11,kg CO2-Eq,c4ac77457a8534918067
BECCS,new CHP+CCS vs standing forest and Northern European energy,SSP2-PkBudg1000,2030,2031,annual,process,Capture chemicals and operating materials,16035.08554802949,2.1466768941089356,7469.724760178917,12,kg CO2-Eq,c4ac77457a8534918067
BECCS,new CHP+CCS vs standing forest and Northern European energy,SSP2-PkBudg1000,2030,2031,annual,process,CCS infrastructure and end-of-life,10646.523597133153,1.4252899456067971,7469.724760178917,13,kg CO2-Eq,c4ac77457a8534918067
BECCS,new CHP+CCS vs standing forest and Northern European energy,SSP2-PkBudg1000,2030,2031,annual,process,Other CHP and CCS supply-chain GHG emissions,0.12109486885902224,1.6211423144341097e-05,7469.724760178917,14,kg CO2-Eq,c4ac77457a8534918067
BECCS,new CHP+CCS vs standing forest and Northern European energy,SSP2-PkBudg1000,2030,2032,annual,activity,"forest carbon regrowth differential, existing spruce forest vs standing stock, LCSS 2026 | SE",-8538779.455058046,-1143.1183516397093,7469.724760178917,1,kg CO2-Eq,11092b320e39b37c5efe
BECCS,new CHP+CCS vs standing forest and Northern European energy,SSP2-PkBudg1000,2030,2032,annual,activity,"operation of new Nordic spruce CHP with post-combustion capture, excluding capture equipment, LCSS 2026 | ENC",912907.8167427152,122.21438487391455,7469.724760178917,2,kg CO2-Eq,11092b320e39b37c5efe
BECCS,new CHP+CCS vs standing forest and Northern European energy,SSP2-PkBudg1000,2030,2032,annual,activity,supply of forest residue | ENC,541844.6115074481,72.53876533657845,7469.724760178917,3,kg CO2-Eq,11092b320e39b37c5efe
BECCS,new CHP+CCS vs standing forest and Northern European energy,SSP2-PkBudg1000,2030,2032,annual,activity,"heat and power co-generation, wood chips, 6667 kW, state-of-the-art 2014 | FI",-273950.8488960271,-36.674825069386536,7469.724760178917,4,kg CO2-Eq,11092b320e39b37c5efe
BECCS,new CHP+CCS vs standing forest and Northern European energy,SSP2-PkBudg1000,2030,2032,annual,activity,"heat and power co-generation, wood chips, 6667 kW, state-of-the-art 2014 | SE",-217002.9803206294,-29.051000845100976,7469.724760178917,5,kg CO2-Eq,11092b320e39b37c5efe
BECCS,new CHP+CCS vs standing forest and Northern European energy,SSP2-PkBudg1000,2030,2032,annual,activity,"carbon dioxide transport extension, pipeline 50 to 2000 km, LCSS 2026 | ENC",215177.25951671123,28.806584770542102,7469.724760178917,6,kg CO2-Eq,11092b320e39b37c5efe
BECCS,new CHP+CCS vs standing forest and Northern European energy,SSP2-PkBudg1000,2030,2032,annual,activity,"heat and power co-generation, wood chips, 6667 kW, state-of-the-art 2014 | DK",-201649.47642072206,-26.99556983621604,7469.724760178917,7,kg CO2-Eq,11092b320e39b37c5efe
BECCS,new CHP+CCS vs standing forest and Northern European energy,SSP2-PkBudg1000,2030,2032,annual,activity,"hydrogen production, gaseous, 25 bar, from gasification of woody biomass in entrained flow gasifier, at gasification plant | ENC",75030.0287172042,10.044550652948967,7469.724760178917,8,kg CO2-Eq,11092b320e39b37c5efe
BECCS,new CHP+CCS vs standing forest and Northern European energy,SSP2-PkBudg1000,2030,2032,annual,activity,"wood chipping, mobile chipper, at forest road | FI",64967.03645635612,8.697380230486567,7469.724760178917,9,kg CO2-Eq,11092b320e39b37c5efe
BECCS,new CHP+CCS vs standing forest and Northern European energy,SSP2-PkBudg1000,2030,2032,annual,activity,"harvesting, forestry harvester | FI",45363.509493994134,6.072982733691458,7469.724760178917,10,kg CO2-Eq,11092b320e39b37c5efe
BECCS,new CHP+CCS vs standing forest and Northern European energy,SSP2-PkBudg1000,2030,2032,annual,activity,treatment of sewage sludge by anaerobic digestion | RoW,38355.98119620079,5.134858703318819,7469.724760178917,11,kg CO2-Eq,11092b320e39b37c5efe
BECCS,new CHP+CCS vs standing forest and Northern European energy,SSP2-PkBudg1000,2030,2032,annual,activity,"heat production, softwood chips from forest, at furnace 1000kW | ENC",-32220.886932409856,-4.3135306811007705,7469.724760178917,12,kg CO2-Eq,11092b320e39b37c5efe
BECCS,new CHP+CCS vs standing forest and Northern European energy,SSP2-PkBudg1000,2030,2032,annual,activity,"heat production, softwood chips from forest, at furnace 1000kW, state-of-the-art 2014 | ENC",-30201.82116169574,-4.04323079247867,7469.724760178917,13,kg CO2-Eq,11092b320e39b37c5efe
BECCS,new CHP+CCS vs standing forest and Northern European energy,SSP2-PkBudg1000,2030,2032,annual,activity,"carbon monoxide, from RWGS, for Fischer Tropsch process, hydrogen from wood gasification | ENC",-26312.854249387063,-3.5226002422018037,7469.724760178917,14,kg CO2-Eq,11092b320e39b37c5efe
BECCS,new CHP+CCS vs standing forest and Northern European energy,SSP2-PkBudg1000,2030,2032,annual,activity,Other activities,192496.20320652847,25.770186906045755,7469.724760178917,15,kg CO2-Eq,11092b320e39b37c5efe
BECCS,new CHP+CCS vs standing forest and Northern European energy,SSP2-PkBudg1000,2030,2032,annual,location,SE,-8766413.90962612,-1173.5926277176704,7469.724760178917,1,kg CO2-Eq,11092b320e39b37c5efe
BECCS,new CHP+CCS vs standing forest and Northern European energy,SSP2-PkBudg1000,2030,2032,annual,location,ENC,1592708.236705873,213.22181042019062,7469.724760178917,2,kg CO2-Eq,11092b320e39b37c5efe
BECCS,new CHP+CCS vs standing forest and Northern European energy,SSP2-PkBudg1000,2030,2032,annual,location,DK,-201797.80306738746,-27.01542687933711,7469.724760178917,3,kg CO2-Eq,11092b320e39b37c5efe
BECCS,new CHP+CCS vs standing forest and Northern European energy,SSP2-PkBudg1000,2030,2032,annual,location,FI,-151380.0231431533,-20.26581005369298,7469.724760178917,4,kg CO2-Eq,11092b320e39b37c5efe
BECCS,new CHP+CCS vs standing forest and Northern European energy,SSP2-PkBudg1000,2030,2032,annual,location,RoW,79120.821866103,10.592200436607236,7469.724760178917,5,kg CO2-Eq,11092b320e39b37c5efe
BECCS,new CHP+CCS vs standing forest and Northern European energy,SSP2-PkBudg1000,2030,2032,annual,location,GLO,48461.01704488328,6.4876576581815755,7469.724760178917,6,kg CO2-Eq,11092b320e39b37c5efe
BECCS,new CHP+CCS vs standing forest and Northern European energy,SSP2-PkBudg1000,2030,2032,annual,location,CHA,38269.53492078836,5.1232858170093705,7469.724760178917,7,kg CO2-Eq,11092b320e39b37c5efe
BECCS,new CHP+CCS vs standing forest and Northern European energy,SSP2-PkBudg1000,2030,2032,annual,location,OAS,11503.747012453567,1.5400496513311992,7469.724760178917,8,kg CO2-Eq,11092b320e39b37c5efe
BECCS,new CHP+CCS vs standing forest and Northern European energy,SSP2-PkBudg1000,2030,2032,annual,location,Other locations,115552.50208479982,15.469445768712912,7469.724760178917,9,kg CO2-Eq,11092b320e39b37c5efe
BECCS,new CHP+CCS vs standing forest and Northern European energy,SSP2-PkBudg1000,2030,2032,annual,process,Forest regrowth,-8538779.819222614,-1143.1184003917824,7469.724760178917,1,kg CO2-Eq,11092b320e39b37c5efe
BECCS,new CHP+CCS vs standing forest and Northern European energy,SSP2-PkBudg1000,2030,2032,annual,process,Harvesting and biomass supply,158370.23539499036,21.201615920209225,7469.724760178917,2,kg CO2-Eq,11092b320e39b37c5efe
BECCS,new CHP+CCS vs standing forest and Northern European energy,SSP2-PkBudg1000,2030,2032,annual,process,Residual biogenic stack emissions,853878.0018494421,114.31184270690449,7469.724760178917,3,kg CO2-Eq,11092b320e39b37c5efe
BECCS,new CHP+CCS vs standing forest and Northern European energy,SSP2-PkBudg1000,2030,2032,annual,process,New CHP infrastructure and end-of-life,19073.571748016744,2.553450409538234,7469.724760178917,4,kg CO2-Eq,11092b320e39b37c5efe
BECCS,new CHP+CCS vs standing forest and Northern European energy,SSP2-PkBudg1000,2030,2032,annual,process,Other CHP operating emissions,70674.22888338738,9.461423432915696,7469.724760178917,5,kg CO2-Eq,11092b320e39b37c5efe
BECCS,new CHP+CCS vs standing forest and Northern European energy,SSP2-PkBudg1000,2030,2032,annual,process,Avoided Northern European electricity,-172447.63520039152,-23.086210099695965,7469.724760178917,6,kg CO2-Eq,11092b320e39b37c5efe
BECCS,new CHP+CCS vs standing forest and Northern European energy,SSP2-PkBudg1000,2030,2032,annual,process,Avoided Northern European heat,-65884.43193559743,-8.820195395528783,7469.724760178917,7,kg CO2-Eq,11092b320e39b37c5efe
BECCS,new CHP+CCS vs standing forest and Northern European energy,SSP2-PkBudg1000,2030,2032,annual,process,Capture electricity,0.0,0.0,7469.724760178917,8,kg CO2-Eq,11092b320e39b37c5efe
BECCS,new CHP+CCS vs standing forest and Northern European energy,SSP2-PkBudg1000,2030,2032,annual,process,Compression and recompression,45017.693823616144,6.026687096103641,7469.724760178917,9,kg CO2-Eq,11092b320e39b37c5efe
BECCS,new CHP+CCS vs standing forest and Northern European energy,SSP2-PkBudg1000,2030,2032,annual,process,Pipeline and geological storage,154818.79643083806,20.726171499139657,7469.724760178917,10,kg CO2-Eq,11092b320e39b37c5efe
BECCS,new CHP+CCS vs standing forest and Northern European energy,SSP2-PkBudg1000,2030,2032,annual,process,Transport losses,215177.25646605933,28.80658436213992,7469.724760178917,11,kg CO2-Eq,11092b320e39b37c5efe
BECCS,new CHP+CCS vs standing forest and Northern European energy,SSP2-PkBudg1000,2030,2032,annual,process,Capture chemicals and operating materials,15828.34468326606,2.118999721066956,7469.724760178917,12,kg CO2-Eq,11092b320e39b37c5efe
BECCS,new CHP+CCS vs standing forest and Northern European energy,SSP2-PkBudg1000,2030,2032,annual,process,CCS infrastructure and end-of-life,10297.759759720258,1.3785996258680895,7469.724760178917,13,kg CO2-Eq,11092b320e39b37c5efe
BECCS,new CHP+CCS vs standing forest and Northern European energy,SSP2-PkBudg1000,2030,2032,annual,process,Other CHP and CCS supply-chain GHG emissions,0.12111749179708221,1.6214451761698e-05,7469.724760178917,14,kg CO2-Eq,11092b320e39b37c5efe
BECCS,new CHP+CCS vs standing forest and Northern European energy,SSP2-PkBudg1000,2030,2033,annual,activity,"forest carbon regrowth differential, existing spruce forest vs standing stock, LCSS 2026 | SE",-8538779.455058046,-1143.1183516397093,7469.724760178917,1,kg CO2-Eq,cb7cd576aae68ef7d9d4
BECCS,new CHP+CCS vs standing forest and Northern European energy,SSP2-PkBudg1000,2030,2033,annual,activity,"operation of new Nordic spruce CHP with post-combustion capture, excluding capture equipment, LCSS 2026 | ENC",912907.8167427152,122.21438487391455,7469.724760178917,2,kg CO2-Eq,cb7cd576aae68ef7d9d4
BECCS,new CHP+CCS vs standing forest and Northern European energy,SSP2-PkBudg1000,2030,2033,annual,activity,supply of forest residue | ENC,498231.1499201948,66.700068063587,7469.724760178917,3,kg CO2-Eq,cb7cd576aae68ef7d9d4
BECCS,new CHP+CCS vs standing forest and Northern European energy,SSP2-PkBudg1000,2030,2033,annual,activity,"heat and power co-generation, wood chips, 6667 kW, state-of-the-art 2014 | FI",-258557.04928276443,-34.613999522597055,7469.724760178917,4,kg CO2-Eq,cb7cd576aae68ef7d9d4
BECCS,new CHP+CCS vs standing forest and Northern European energy,SSP2-PkBudg1000,2030,2033,annual,activity,"carbon dioxide transport extension, pipeline 50 to 2000 km, LCSS 2026 | ENC",215177.25951671123,28.806584770542102,7469.724760178917,5,kg CO2-Eq,cb7cd576aae68ef7d9d4
BECCS,new CHP+CCS vs standing forest and Northern European energy,SSP2-PkBudg1000,2030,2033,annual,activity,"heat and power co-generation, wood chips, 6667 kW, state-of-the-art 2014 | SE",-204820.78383740116,-27.42012462484565,7469.724760178917,6,kg CO2-Eq,cb7cd576aae68ef7d9d4
BECCS,new CHP+CCS vs standing forest and Northern European energy,SSP2-PkBudg1000,2030,2033,annual,activity,"heat and power co-generation, wood chips, 6667 kW, state-of-the-art 2014 | DK",-190329.19984643275,-25.480082058856734,7469.724760178917,7,kg CO2-Eq,cb7cd576aae68ef7d9d4
BECCS,new CHP+CCS vs standing forest and Northern European energy,SSP2-PkBudg1000,2030,2033,annual,activity,"hydrogen production, gaseous, 25 bar, from gasification of woody biomass in entrained flow gasifier, at gasification plant | ENC",84743.15420622149,11.344883101715745,7469.724760178917,8,kg CO2-Eq,cb7cd576aae68ef7d9d4
BECCS,new CHP+CCS vs standing forest and Northern European energy,SSP2-PkBudg1000,2030,2033,annual,activity,"wood chipping, mobile chipper, at forest road | FI",64967.03451934336,8.697379971171422,7469.724760178917,9,kg CO2-Eq,cb7cd576aae68ef7d9d4
BECCS,new CHP+CCS vs standing forest and Northern European energy,SSP2-PkBudg1000,2030,2033,annual,activity,"harvesting, forestry harvester | FI",45368.018493948875,6.073586370384845,7469.724760178917,10,kg CO2-Eq,cb7cd576aae68ef7d9d4
BECCS,new CHP+CCS vs standing forest and Northern European energy,SSP2-PkBudg1000,2030,2033,annual,activity,treatment of sewage sludge by anaerobic digestion | RoW,37445.72128119406,5.012998802956851,7469.724760178917,11,kg CO2-Eq,cb7cd576aae68ef7d9d4
BECCS,new CHP+CCS vs standing forest and Northern European energy,SSP2-PkBudg1000,2030,2033,annual,activity,"heat production, softwood chips from forest, at furnace 1000kW | ENC",-32360.543129690115,-4.332226978724047,7469.724760178917,12,kg CO2-Eq,cb7cd576aae68ef7d9d4
BECCS,new CHP+CCS vs standing forest and Northern European energy,SSP2-PkBudg1000,2030,2033,annual,activity,"heat production, softwood chips from forest, at furnace 1000kW, state-of-the-art 2014 | ENC",-30332.726046568372,-4.060755519168799,7469.724760178917,13,kg CO2-Eq,cb7cd576aae68ef7d9d4
BECCS,new CHP+CCS vs standing forest and Northern European energy,SSP2-PkBudg1000,2030,2033,annual,activity,"carbon monoxide, from RWGS, for Fischer Tropsch process, hydrogen from wood gasification | ENC",-29748.83079880271,-3.9825872778330003,7469.724760178917,14,kg CO2-Eq,cb7cd576aae68ef7d9d4
BECCS,new CHP+CCS vs standing forest and Northern European energy,SSP2-PkBudg1000,2030,2033,annual,activity,Other activities,184778.33741939877,24.736967338402025,7469.724760178917,15,kg CO2-Eq,cb7cd576aae68ef7d9d4
BECCS,new CHP+CCS vs standing forest and Northern European energy,SSP2-PkBudg1000,2030,2033,annual,location,SE,-8754757.518332638,-1172.0321430053525,7469.724760178917,1,kg CO2-Eq,cb7cd576aae68ef7d9d4
BECCS,new CHP+CCS vs standing forest and Northern European energy,SSP2-PkBudg1000,2030,2033,annual,location,ENC,1551872.3034889637,207.75495126165706,7469.724760178917,2,kg CO2-Eq,cb7cd576aae68ef7d9d4
BECCS,new CHP+CCS vs standing forest and Northern European energy,SSP2-PkBudg1000,2030,2033,annual,location,DK,-190448.57163197963,-25.49606280639154,7469.724760178917,3,kg CO2-Eq,cb7cd576aae68ef7d9d4
BECCS,new CHP+CCS vs standing forest and Northern European energy,SSP2-PkBudg1000,2030,2033,annual,location,FI,-136160.01706724154,-18.228250897959484,7469.724760178917,4,kg CO2-Eq,cb7cd576aae68ef7d9d4
BECCS,new CHP+CCS vs standing forest and Northern European energy,SSP2-PkBudg1000,2030,2033,annual,location,RoW,76581.65595588386,10.252272796467746,7469.724760178917,5,kg CO2-Eq,cb7cd576aae68ef7d9d4
BECCS,new CHP+CCS vs standing forest and Northern European energy,SSP2-PkBudg1000,2030,2033,annual,location,GLO,47924.973396680834,6.415895489505683,7469.724760178917,6,kg CO2-Eq,cb7cd576aae68ef7d9d4
BECCS,new CHP+CCS vs standing forest and Northern European energy,SSP2-PkBudg1000,2030,2033,annual,location,CHA,36990.20289611394,4.952016852522949,7469.724760178917,7,kg CO2-Eq,cb7cd576aae68ef7d9d4
BECCS,new CHP+CCS vs standing forest and Northern European energy,SSP2-PkBudg1000,2030,2033,annual,location,OAS,11615.582238454172,1.5550214514431389,7469.724760178917,8,kg CO2-Eq,cb7cd576aae68ef7d9d4
BECCS,new CHP+CCS vs standing forest and Northern European energy,SSP2-PkBudg1000,2030,2033,annual,location,Other locations,115071.293155785,15.405024529046875,7469.724760178917,9,kg CO2-Eq,cb7cd576aae68ef7d9d4
BECCS,new CHP+CCS vs standing forest and Northern European energy,SSP2-PkBudg1000,2030,2033,annual,process,Forest regrowth,-8538779.819222614,-1143.1184003917824,7469.724760178917,1,kg CO2-Eq,cb7cd576aae68ef7d9d4
BECCS,new CHP+CCS vs standing forest and Northern European energy,SSP2-PkBudg1000,2030,2033,annual,process,Harvesting and biomass supply,149181.29096401972,19.971457550792874,7469.724760178917,2,kg CO2-Eq,cb7cd576aae68ef7d9d4
BECCS,new CHP+CCS vs standing forest and Northern European energy,SSP2-PkBudg1000,2030,2033,annual,process,Residual biogenic stack emissions,853878.0018494421,114.31184270690449,7469.724760178917,3,kg CO2-Eq,cb7cd576aae68ef7d9d4
BECCS,new CHP+CCS vs standing forest and Northern European energy,SSP2-PkBudg1000,2030,2033,annual,process,New CHP infrastructure and end-of-life,18484.569221716363,2.4745984377172174,7469.724760178917,4,kg CO2-Eq,cb7cd576aae68ef7d9d4
BECCS,new CHP+CCS vs standing forest and Northern European energy,SSP2-PkBudg1000,2030,2033,annual,process,Other CHP operating emissions,70512.45904002784,9.439766698758376,7469.724760178917,5,kg CO2-Eq,cb7cd576aae68ef7d9d4
BECCS,new CHP+CCS vs standing forest and Northern European energy,SSP2-PkBudg1000,2030,2033,annual,process,Avoided Northern European electricity,-165344.81019690042,-22.135328342799614,7469.724760178917,6,kg CO2-Eq,cb7cd576aae68ef7d9d4
BECCS,new CHP+CCS vs standing forest and Northern European energy,SSP2-PkBudg1000,2030,2033,annual,process,Avoided Northern European heat,-64936.82721692483,-8.693336006582584,7469.724760178917,7,kg CO2-Eq,cb7cd576aae68ef7d9d4
BECCS,new CHP+CCS vs standing forest and Northern European energy,SSP2-PkBudg1000,2030,2033,annual,process,Capture electricity,0.0,0.0,7469.724760178917,8,kg CO2-Eq,cb7cd576aae68ef7d9d4
BECCS,new CHP+CCS vs standing forest and Northern European energy,SSP2-PkBudg1000,2030,2033,annual,process,Compression and recompression,43223.344591344336,5.786470851210995,7469.724760178917,9,kg CO2-Eq,cb7cd576aae68ef7d9d4
BECCS,new CHP+CCS vs standing forest and Northern European energy,SSP2-PkBudg1000,2030,2033,annual,process,Pipeline and geological storage,151729.05656861037,20.31253646419177,7469.724760178917,10,kg CO2-Eq,cb7cd576aae68ef7d9d4
BECCS,new CHP+CCS vs standing forest and Northern European energy,SSP2-PkBudg1000,2030,2033,annual,process,Transport losses,215177.25646605933,28.80658436213992,7469.724760178917,11,kg CO2-Eq,cb7cd576aae68ef7d9d4
BECCS,new CHP+CCS vs standing forest and Northern European energy,SSP2-PkBudg1000,2030,2033,annual,process,Capture chemicals and operating materials,15618.577448260417,2.090917396518144,7469.724760178917,12,kg CO2-Eq,cb7cd576aae68ef7d9d4
BECCS,new CHP+CCS vs standing forest and Northern European energy,SSP2-PkBudg1000,2030,2033,annual,process,CCS infrastructure and end-of-life,9946.68344341981,1.3315997259290668,7469.724760178917,13,kg CO2-Eq,cb7cd576aae68ef7d9d4
BECCS,new CHP+CCS vs standing forest and Northern European energy,SSP2-PkBudg1000,2030,2033,annual,process,Other CHP and CCS supply-chain GHG emissions,0.12114355827920499,1.6217941379181866e-05,7469.724760178917,14,kg CO2-Eq,cb7cd576aae68ef7d9d4
BECCS,new CHP+CCS vs standing forest and Northern European energy,SSP2-PkBudg1000,2030,2034,annual,activity,"forest carbon regrowth differential, existing spruce forest vs standing stock, LCSS 2026 | SE",-8538779.455058046,-1143.1183516397093,7469.724760178917,1,kg CO2-Eq,6db6fe851be1f83cc530
BECCS,new CHP+CCS vs standing forest and Northern European energy,SSP2-PkBudg1000,2030,2034,annual,activity,"operation of new Nordic spruce CHP with post-combustion capture, excluding capture equipment, LCSS 2026 | ENC",912907.8167427152,122.21438487391455,7469.724760178917,2,kg CO2-Eq,6db6fe851be1f83cc530
BECCS,new CHP+CCS vs standing forest and Northern European energy,SSP2-PkBudg1000,2030,2034,annual,activity,supply of forest residue | ENC,454690.1707821122,60.8710742872434,7469.724760178917,3,kg CO2-Eq,6db6fe851be1f83cc530
BECCS,new CHP+CCS vs standing forest and Northern European energy,SSP2-PkBudg1000,2030,2034,annual,activity,"heat and power co-generation, wood chips, 6667 kW, state-of-the-art 2014 | FI",-243166.39007814904,-32.55359439406234,7469.724760178917,4,kg CO2-Eq,6db6fe851be1f83cc530
BECCS,new CHP+CCS vs standing forest and Northern European energy,SSP2-PkBudg1000,2030,2034,annual,activity,"carbon dioxide transport extension, pipeline 50 to 2000 km, LCSS 2026 | ENC",215177.25951671123,28.806584770542102,7469.724760178917,5,kg CO2-Eq,6db6fe851be1f83cc530
BECCS,new CHP+CCS vs standing forest and Northern European energy,SSP2-PkBudg1000,2030,2034,annual,activity,"heat and power co-generation, wood chips, 6667 kW, state-of-the-art 2014 | SE",-192641.08791266268,-25.78958316371064,7469.724760178917,6,kg CO2-Eq,6db6fe851be1f83cc530
BECCS,new CHP+CCS vs standing forest and Northern European energy,SSP2-PkBudg1000,2030,2034,annual,activity,"heat and power co-generation, wood chips, 6667 kW, state-of-the-art 2014 | DK",-179011.24691259075,-23.96490535593751,7469.724760178917,7,kg CO2-Eq,6db6fe851be1f83cc530
BECCS,new CHP+CCS vs standing forest and Northern European energy,SSP2-PkBudg1000,2030,2034,annual,activity,"hydrogen production, gaseous, 25 bar, from gasification of woody biomass in entrained flow gasifier, at gasification plant | ENC",94419.2393047815,12.640256814833421,7469.724760178917,8,kg CO2-Eq,6db6fe851be1f83cc530
BECCS,new CHP+CCS vs standing forest and Northern European energy,SSP2-PkBudg1000,2030,2034,annual,activity,"wood chipping, mobile chipper, at forest road | FI",64967.03455167479,8.697379975499752,7469.724760178917,9,kg CO2-Eq,6db6fe851be1f83cc530
BECCS,new CHP+CCS vs standing forest and Northern European energy,SSP2-PkBudg1000,2030,2034,annual,activity,"harvesting, forestry harvester | FI",45372.46396402817,6.074181502096122,7469.724760178917,10,kg CO2-Eq,6db6fe851be1f83cc530
BECCS,new CHP+CCS vs standing forest and Northern European energy,SSP2-PkBudg1000,2030,2034,annual,activity,treatment of sewage sludge by anaerobic digestion | RoW,36458.28877983979,4.880807519736046,7469.724760178917,11,kg CO2-Eq,6db6fe851be1f83cc530
BECCS,new CHP+CCS vs standing forest and Northern European energy,SSP2-PkBudg1000,2030,2034,annual,activity,"carbon monoxide, from RWGS, for Fischer Tropsch process, hydrogen from wood gasification | ENC",-33177.28640424229,-4.44156745655614,7469.724760178917,12,kg CO2-Eq,6db6fe851be1f83cc530
BECCS,new CHP+CCS vs standing forest and Northern European energy,SSP2-PkBudg1000,2030,2034,annual,activity,"heat production, softwood chips from forest, at furnace 1000kW | ENC",-32503.914802367843,-4.351420680939428,7469.724760178917,13,kg CO2-Eq,6db6fe851be1f83cc530
BECCS,new CHP+CCS vs standing forest and Northern European energy,SSP2-PkBudg1000,2030,2034,annual,activity,"heat production, softwood chips from forest, at furnace 1000kW, state-of-the-art 2014 | ENC",-30467.113583042737,-4.078746481458439,7469.724760178917,14,kg CO2-Eq,6db6fe851be1f83cc530
BECCS,new CHP+CCS vs standing forest and Northern European energy,SSP2-PkBudg1000,2030,2034,annual,activity,Other activities,177154.3663048556,23.716317801864008,7469.724760178917,15,kg CO2-Eq,6db6fe851be1f83cc530
BECCS,new CHP+CCS vs standing forest and Northern European energy,SSP2-PkBudg1000,2030,2034,annual,location,SE,-8743103.170347895,-1170.47193183842,7469.724760178917,1,kg CO2-Eq,6db6fe851be1f83cc530
BECCS,new CHP+CCS vs standing forest and Northern European energy,SSP2-PkBudg1000,2030,2034,annual,location,ENC,1511184.6058504547,202.30793695459514,7469.724760178917,2,kg CO2-Eq,6db6fe851be1f83cc530
BECCS,new CHP+CCS vs standing forest and Northern European energy,SSP2-PkBudg1000,2030,2034,annual,location,DK,-179101.67733640084,-23.97701161509878,7469.724760178917,3,kg CO2-Eq,6db6fe851be1f83cc530
BECCS,new CHP+CCS vs standing forest and Northern European energy,SSP2-PkBudg1000,2030,2034,annual,location,FI,-120943.09708771484,-16.191104889495016,7469.724760178917,4,kg CO2-Eq,6db6fe851be1f83cc530
BECCS,new CHP+CCS vs standing forest and Northern European energy,SSP2-PkBudg1000,2030,2034,annual,location,RoW,73969.32855907186,9.902550754400236,7469.724760178917,5,kg CO2-Eq,6db6fe851be1f83cc530
BECCS,new CHP+CCS vs standing forest and Northern European energy,SSP2-PkBudg1000,2030,2034,annual,location,GLO,47391.59791786354,6.344490518647758,7469.724760178917,6,kg CO2-Eq,6db6fe851be1f83cc530
BECCS,new CHP+CCS vs standing forest and Northern European energy,SSP2-PkBudg1000,2030,2034,annual,location,CHA,35732.84654738285,4.7836898539922865,7469.724760178917,7,kg CO2-Eq,6db6fe851be1f83cc530
BECCS,new CHP+CCS vs standing forest and Northern European energy,SSP2-PkBudg1000,2030,2034,annual,location,OAS,11723.250345414952,1.5694353837388453,7469.724760178917,8,kg CO2-Eq,6db6fe851be1f83cc530
BECCS,new CHP+CCS vs standing forest and Northern European energy,SSP2-PkBudg1000,2030,2034,annual,location,Other locations,114546.46074744084,15.334763250995234,7469.724760178917,9,kg CO2-Eq,6db6fe851be1f83cc530
BECCS,new CHP+CCS vs standing forest and Northern European energy,SSP2-PkBudg1000,2030,2034,annual,process,Forest regrowth,-8538779.819222614,-1143.1184003917824,7469.724760178917,1,kg CO2-Eq,6db6fe851be1f83cc530
BECCS,new CHP+CCS vs standing forest and Northern European energy,SSP2-PkBudg1000,2030,2034,annual,process,Harvesting and biomass supply,140016.12950070793,18.74448309623583,7469.724760178917,2,kg CO2-Eq,6db6fe851be1f83cc530
BECCS,new CHP+CCS vs standing forest and Northern European energy,SSP2-PkBudg1000,2030,2034,annual,process,Residual biogenic stack emissions,853878.0018494421,114.31184270690449,7469.724760178917,3,kg CO2-Eq,6db6fe851be1f83cc530
BECCS,new CHP+CCS vs standing forest and Northern European energy,SSP2-PkBudg1000,2030,2034,annual,process,New CHP infrastructure and end-of-life,17890.258644605856,2.395035857275328,7469.724760178917,4,kg CO2-Eq,6db6fe851be1f83cc530
BECCS,new CHP+CCS vs standing forest and Northern European energy,SSP2-PkBudg1000,2030,2034,annual,process,Other CHP operating emissions,70346.59583686102,9.417561971209238,7469.724760178917,5,kg CO2-Eq,6db6fe851be1f83cc530
BECCS,new CHP+CCS vs standing forest and Northern European energy,SSP2-PkBudg1000,2030,2034,annual,process,Avoided Northern European electricity,-158290.67589104222,-21.190964991761064,7469.724760178917,6,kg CO2-Eq,6db6fe851be1f83cc530
BECCS,new CHP+CCS vs standing forest and Northern European energy,SSP2-PkBudg1000,2030,2034,annual,process,Avoided Northern European heat,-63917.827685935576,-8.55691872700335,7469.724760178917,7,kg CO2-Eq,6db6fe851be1f83cc530
BECCS,new CHP+CCS vs standing forest and Northern European energy,SSP2-PkBudg1000,2030,2034,annual,process,Capture electricity,0.0,0.0,7469.724760178917,8,kg CO2-Eq,6db6fe851be1f83cc530
BECCS,new CHP+CCS vs standing forest and Northern European energy,SSP2-PkBudg1000,2030,2034,annual,process,Compression and recompression,41441.00297314942,5.547862110538704,7469.724760178917,9,kg CO2-Eq,6db6fe851be1f83cc530
BECCS,new CHP+CCS vs standing forest and Northern European energy,SSP2-PkBudg1000,2030,2034,annual,process,Pipeline and geological storage,148640.05900481867,19.89900080351266,7469.724760178917,10,kg CO2-Eq,6db6fe851be1f83cc530
BECCS,new CHP+CCS vs standing forest and Northern European energy,SSP2-PkBudg1000,2030,2034,annual,process,Transport losses,215177.25646605933,28.80658436213992,7469.724760178917,11,kg CO2-Eq,6db6fe851be1f83cc530
BECCS,new CHP+CCS vs standing forest and Northern European energy,SSP2-PkBudg1000,2030,2034,annual,process,Capture chemicals and operating materials,15405.702573647352,2.0624190406285265,7469.724760178917,12,kg CO2-Eq,6db6fe851be1f83cc530
BECCS,new CHP+CCS vs standing forest and Northern European energy,SSP2-PkBudg1000,2030,2034,annual,process,CCS infrastructure and end-of-life,9593.339972858206,1.2842963135670376,7469.724760178917,13,kg CO2-Eq,6db6fe851be1f83cc530
BECCS,new CHP+CCS vs standing forest and Northern European energy,SSP2-PkBudg1000,2030,2034,annual,process,Other CHP and CCS supply-chain GHG emissions,0.1211730224480837,1.6221885857703455e-05,7469.724760178917,14,kg CO2-Eq,6db6fe851be1f83cc530
BECCS,new CHP+CCS vs standing forest and Northern European energy,SSP2-PkBudg1000,2030,2035,annual,activity,"forest carbon regrowth differential, existing spruce forest vs standing stock, LCSS 2026 | SE",-8538779.455058046,-1143.1183516397093,7469.724760178917,1,kg CO2-Eq,3ad3b8fb1129f58a62cd
BECCS,new CHP+CCS vs standing forest and Northern European energy,SSP2-PkBudg1000,2030,2035,annual,activity,"operation of new Nordic spruce CHP with post-combustion capture, excluding capture equipment, LCSS 2026 | ENC",912907.8167427152,122.21438487391455,7469.724760178917,2,kg CO2-Eq,3ad3b8fb1129f58a62cd
BECCS,new CHP+CCS vs standing forest and Northern European energy,SSP2-PkBudg1000,2030,2035,annual,activity,supply of forest residue | ENC,411228.3981831182,55.05268418662167,7469.724760178917,3,kg CO2-Eq,3ad3b8fb1129f58a62cd
BECCS,new CHP+CCS vs standing forest and Northern European energy,SSP2-PkBudg1000,2030,2035,annual,activity,"heat and power co-generation, wood chips, 6667 kW, state-of-the-art 2014 | FI",-227779.86809886413,-30.493743131361146,7469.724760178917,4,kg CO2-Eq,3ad3b8fb1129f58a62cd
BECCS,new CHP+CCS vs standing forest and Northern European energy,SSP2-PkBudg1000,2030,2035,annual,activity,"carbon dioxide transport extension, pipeline 50 to 2000 km, LCSS 2026 | ENC",215177.25951671123,28.806584770542102,7469.724760178917,5,kg CO2-Eq,3ad3b8fb1129f58a62cd
BECCS,new CHP+CCS vs standing forest and Northern European energy,SSP2-PkBudg1000,2030,2035,annual,activity,"heat and power co-generation, wood chips, 6667 kW, state-of-the-art 2014 | SE",-180464.6658857737,-24.15947999152932,7469.724760178917,6,kg CO2-Eq,3ad3b8fb1129f58a62cd
BECCS,new CHP+CCS vs standing forest and Northern European energy,SSP2-PkBudg1000,2030,2035,annual,activity,"heat and power co-generation, wood chips, 6667 kW, state-of-the-art 2014 | DK",-167696.33624277136,-22.45013593228496,7469.724760178917,7,kg CO2-Eq,3ad3b8fb1129f58a62cd
BECCS,new CHP+CCS vs standing forest and Northern European energy,SSP2-PkBudg1000,2030,2035,annual,activity,"hydrogen production, gaseous, 25 bar, from gasification of woody biomass in entrained flow gasifier, at gasification plant | ENC",104054.75494871433,13.930199343278343,7469.724760178917,8,kg CO2-Eq,3ad3b8fb1129f58a62cd
BECCS,new CHP+CCS vs standing forest and Northern European energy,SSP2-PkBudg1000,2030,2035,annual,activity,"wood chipping, mobile chipper, at forest road | FI",64967.03458507466,8.697379979971117,7469.724760178917,9,kg CO2-Eq,3ad3b8fb1129f58a62cd
BECCS,new CHP+CCS vs standing forest and Northern European energy,SSP2-PkBudg1000,2030,2035,annual,activity,"harvesting, forestry harvester | FI",45376.85161481866,6.074768893322889,7469.724760178917,10,kg CO2-Eq,3ad3b8fb1129f58a62cd
BECCS,new CHP+CCS vs standing forest and Northern European energy,SSP2-PkBudg1000,2030,2035,annual,activity,"carbon monoxide, from RWGS, for Fischer Tropsch process, hydrogen from wood gasification | ENC",-36596.99107436749,-4.899376114829017,7469.724760178917,11,kg CO2-Eq,3ad3b8fb1129f58a62cd
BECCS,new CHP+CCS vs standing forest and Northern European energy,SSP2-PkBudg1000,2030,2035,annual,activity,treatment of sewage sludge by anaerobic digestion | RoW,35393.776048211235,4.738297217709461,7469.724760178917,12,kg CO2-Eq,3ad3b8fb1129f58a62cd
BECCS,new CHP+CCS vs standing forest and Northern European energy,SSP2-PkBudg1000,2030,2035,annual,activity,"heat production, softwood chips from forest, at furnace 1000kW | ENC",-32650.997454495857,-4.371111185857642,7469.724760178917,13,kg CO2-Eq,3ad3b8fb1129f58a62cd
BECCS,new CHP+CCS vs standing forest and Northern European energy,SSP2-PkBudg1000,2030,2035,annual,activity,"heat production, softwood chips from forest, at furnace 1000kW, state-of-the-art 2014 | ENC",-30604.97955690239,-4.097203115174666,7469.724760178917,14,kg CO2-Eq,3ad3b8fb1129f58a62cd
BECCS,new CHP+CCS vs standing forest and Northern European energy,SSP2-PkBudg1000,2030,2035,annual,activity,Other activities,169625.21946296687,22.708362745470687,7469.724760178917,15,kg CO2-Eq,3ad3b8fb1129f58a62cd
BECCS,new CHP+CCS vs standing forest and Northern European energy,SSP2-PkBudg1000,2030,2035,annual,location,SE,-8731451.619504213,-1168.9120951352263,7469.724760178917,1,kg CO2-Eq,3ad3b8fb1129f58a62cd
BECCS,new CHP+CCS vs standing forest and Northern European energy,SSP2-PkBudg1000,2030,2035,annual,location,ENC,1470650.5720601487,196.88149420179215,7469.724760178917,2,kg CO2-Eq,3ad3b8fb1129f58a62cd
BECCS,new CHP+CCS vs standing forest and Northern European energy,SSP2-PkBudg1000,2030,2035,annual,location,DK,-167757.84032910265,-22.45836971442633,7469.724760178917,3,kg CO2-Eq,3ad3b8fb1129f58a62cd
BECCS,new CHP+CCS vs standing forest and Northern European energy,SSP2-PkBudg1000,2030,2035,annual,location,FI,-105730.25059865272,-14.15450421443912,7469.724760178917,4,kg CO2-Eq,3ad3b8fb1129f58a62cd
BECCS,new CHP+CCS vs standing forest and Northern European energy,SSP2-PkBudg1000,2030,2035,annual,location,RoW,71284.07160730886,9.543065359961327,7469.724760178917,5,kg CO2-Eq,3ad3b8fb1129f58a62cd
BECCS,new CHP+CCS vs standing forest and Northern European energy,SSP2-PkBudg1000,2030,2035,annual,location,GLO,46861.17144278638,6.273480341953583,7469.724760178917,6,kg CO2-Eq,3ad3b8fb1129f58a62cd
BECCS,new CHP+CCS vs standing forest and Northern European energy,SSP2-PkBudg1000,2030,2035,annual,location,CHA,34497.54467701749,4.618315370992491,7469.724760178917,7,kg CO2-Eq,3ad3b8fb1129f58a62cd
BECCS,new CHP+CCS vs standing forest and Northern European energy,SSP2-PkBudg1000,2030,2035,annual,location,OAS,11826.666830709095,1.5832801355355186,7469.724760178917,8,kg CO2-Eq,3ad3b8fb1129f58a62cd
BECCS,new CHP+CCS vs standing forest and Northern European energy,SSP2-PkBudg1000,2030,2035,annual,location,Other locations,113977.50154510798,15.258594553941498,7469.724760178917,9,kg CO2-Eq,3ad3b8fb1129f58a62cd
BECCS,new CHP+CCS vs standing forest and Northern European energy,SSP2-PkBudg1000,2030,2035,annual,process,Forest regrowth,-8538779.819222614,-1143.1184003917824,7469.724760178917,1,kg CO2-Eq,3ad3b8fb1129f58a62cd
BECCS,new CHP+CCS vs standing forest and Northern European energy,SSP2-PkBudg1000,2030,2035,annual,process,Harvesting and biomass supply,130875.21860887129,17.520755156410413,7469.724760178917,2,kg CO2-Eq,3ad3b8fb1129f58a62cd
BECCS,new CHP+CCS vs standing forest and Northern European energy,SSP2-PkBudg1000,2030,2035,annual,process,Residual biogenic stack emissions,853878.0018494421,114.31184270690449,7469.724760178917,3,kg CO2-Eq,3ad3b8fb1129f58a62cd
BECCS,new CHP+CCS vs standing forest and Northern European energy,SSP2-PkBudg1000,2030,2035,annual,process,New CHP infrastructure and end-of-life,17290.68468783227,2.3147686485061487,7469.724760178917,4,kg CO2-Eq,3ad3b8fb1129f58a62cd
BECCS,new CHP+CCS vs standing forest and Northern European energy,SSP2-PkBudg1000,2030,2035,annual,process,Other CHP operating emissions,70176.56083979465,9.394798750002908,7469.724760178917,5,kg CO2-Eq,3ad3b8fb1129f58a62cd
BECCS,new CHP+CCS vs standing forest and Northern European energy,SSP2-PkBudg1000,2030,2035,annual,process,Avoided Northern European electricity,-151283.4343546998,-20.252879351216713,7469.724760178917,6,kg CO2-Eq,3ad3b8fb1129f58a62cd
BECCS,new CHP+CCS vs standing forest and Northern European energy,SSP2-PkBudg1000,2030,2035,annual,process,Avoided Northern European heat,-62827.76084663702,-8.410987400977831,7469.724760178917,7,kg CO2-Eq,3ad3b8fb1129f58a62cd
BECCS,new CHP+CCS vs standing forest and Northern European energy,SSP2-PkBudg1000,2030,2035,annual,process,Capture electricity,0.0,0.0,7469.724760178917,8,kg CO2-Eq,3ad3b8fb1129f58a62cd
BECCS,new CHP+CCS vs standing forest and Northern European energy,SSP2-PkBudg1000,2030,2035,annual,process,Compression and recompression,39670.22182045966,5.310801012634562,7469.724760178917,9,kg CO2-Eq,3ad3b8fb1129f58a62cd
BECCS,new CHP+CCS vs standing forest and Northern European energy,SSP2-PkBudg1000,2030,2035,annual,process,Pipeline and geological storage,145553.33960786957,19.485770129552034,7469.724760178917,10,kg CO2-Eq,3ad3b8fb1129f58a62cd
BECCS,new CHP+CCS vs standing forest and Northern European energy,SSP2-PkBudg1000,2030,2035,annual,process,Transport losses,215177.25646605933,28.80658436213992,7469.724760178917,11,kg CO2-Eq,3ad3b8fb1129f58a62cd
BECCS,new CHP+CCS vs standing forest and Northern European energy,SSP2-PkBudg1000,2030,2035,annual,process,Capture chemicals and operating materials,15189.643809549603,2.0334944455417627,7469.724760178917,12,kg CO2-Eq,3ad3b8fb1129f58a62cd
BECCS,new CHP+CCS vs standing forest and Northern European energy,SSP2-PkBudg1000,2030,2035,annual,process,CCS infrastructure and end-of-life,9237.783259208521,1.2366966060724378,7469.724760178917,13,kg CO2-Eq,3ad3b8fb1129f58a62cd
BECCS,new CHP+CCS vs standing forest and Northern European energy,SSP2-PkBudg1000,2030,2035,annual,process,Other CHP and CCS supply-chain GHG emissions,0.12120591742288442,1.622628963104944e-05,7469.724760178917,14,kg CO2-Eq,3ad3b8fb1129f58a62cd
BECCS,new CHP+CCS vs standing forest and Northern European energy,SSP2-PkBudg1000,2030,2036,annual,activity,"forest carbon regrowth differential, existing spruce forest vs standing stock, LCSS 2026 | SE",-8538779.455058046,-1143.1183516397093,7469.724760178917,1,kg CO2-Eq,15f4c890408a165910ec
BECCS,new CHP+CCS vs standing forest and Northern European energy,SSP2-PkBudg1000,2030,2036,annual,activity,"operation of new Nordic spruce CHP with post-combustion capture, excluding capture equipment, LCSS 2026 | ENC",912907.8167427152,122.21438487391455,7469.724760178917,2,kg CO2-Eq,15f4c890408a165910ec
BECCS,new CHP+CCS vs standing forest and Northern European energy,SSP2-PkBudg1000,2030,2036,annual,activity,supply of forest residue | ENC,383755.6319991817,51.37480219418284,7469.724760178917,3,kg CO2-Eq,15f4c890408a165910ec
BECCS,new CHP+CCS vs standing forest and Northern European energy,SSP2-PkBudg1000,2030,2036,annual,activity,"heat and power co-generation, wood chips, 6667 kW, state-of-the-art 2014 | FI",-221482.0608003777,-29.650632106432887,7469.724760178917,4,kg CO2-Eq,15f4c890408a165910ec
BECCS,new CHP+CCS vs standing forest and Northern European energy,SSP2-PkBudg1000,2030,2036,annual,activity,"carbon dioxide transport extension, pipeline 50 to 2000 km, LCSS 2026 | ENC",215177.25951671123,28.806584770542102,7469.724760178917,5,kg CO2-Eq,15f4c890408a165910ec
BECCS,new CHP+CCS vs standing forest and Northern European energy,SSP2-PkBudg1000,2030,2036,annual,activity,"heat and power co-generation, wood chips, 6667 kW, state-of-the-art 2014 | SE",-175480.77695571852,-23.492268134323513,7469.724760178917,6,kg CO2-Eq,15f4c890408a165910ec
BECCS,new CHP+CCS vs standing forest and Northern European energy,SSP2-PkBudg1000,2030,2036,annual,activity,"heat and power co-generation, wood chips, 6667 kW, state-of-the-art 2014 | DK",-163065.06860233526,-21.830130806376523,7469.724760178917,7,kg CO2-Eq,15f4c890408a165910ec
BECCS,new CHP+CCS vs standing forest and Northern European energy,SSP2-PkBudg1000,2030,2036,annual,activity,"hydrogen production, gaseous, 25 bar, from gasification of woody biomass in entrained flow gasifier, at gasification plant | ENC",112889.45855027335,15.112934167546141,7469.724760178917,8,kg CO2-Eq,15f4c890408a165910ec
BECCS,new CHP+CCS vs standing forest and Northern European energy,SSP2-PkBudg1000,2030,2036,annual,activity,"wood chipping, mobile chipper, at forest road | FI",64967.0364869035,8.697380234576059,7469.724760178917,9,kg CO2-Eq,15f4c890408a165910ec
BECCS,new CHP+CCS vs standing forest and Northern European energy,SSP2-PkBudg1000,2030,2036,annual,activity,"harvesting, forestry harvester | FI",45380.102866665045,6.075204150571418,7469.724760178917,10,kg CO2-Eq,15f4c890408a165910ec
BECCS,new CHP+CCS vs standing forest and Northern European energy,SSP2-PkBudg1000,2030,2036,annual,activity,"carbon monoxide, from RWGS, for Fischer Tropsch process, hydrogen from wood gasification | ENC",-39702.014771277536,-5.315057253906981,7469.724760178917,11,kg CO2-Eq,15f4c890408a165910ec
BECCS,new CHP+CCS vs standing forest and Northern European energy,SSP2-PkBudg1000,2030,2036,annual,activity,treatment of sewage sludge by anaerobic digestion | RoW,34537.3248517211,4.623640891808958,7469.724760178917,12,kg CO2-Eq,15f4c890408a165910ec
BECCS,new CHP+CCS vs standing forest and Northern European energy,SSP2-PkBudg1000,2030,2036,annual,activity,"heat production, softwood chips from forest, at furnace 1000kW | ENC",-31594.40707873417,-4.229661479250731,7469.724760178917,13,kg CO2-Eq,15f4c890408a165910ec
BECCS,new CHP+CCS vs standing forest and Northern European energy,SSP2-PkBudg1000,2030,2036,annual,activity,"heat production, softwood chips from forest, at furnace 1000kW, state-of-the-art 2014 | ENC",-29614.59857710927,-3.9646171081141595,7469.724760178917,14,kg CO2-Eq,15f4c890408a165910ec
BECCS,new CHP+CCS vs standing forest and Northern European energy,SSP2-PkBudg1000,2030,2036,annual,activity,Other activities,163463.7009305587,21.88349720755218,7469.724760178917,15,kg CO2-Eq,15f4c890408a165910ec
BECCS,new CHP+CCS vs standing forest and Northern European energy,SSP2-PkBudg1000,2030,2036,annual,location,SE,-8726512.518809645,-1168.2508792466706,7469.724760178917,1,kg CO2-Eq,15f4c890408a165910ec
BECCS,new CHP+CCS vs standing forest and Northern European energy,SSP2-PkBudg1000,2030,2036,annual,location,ENC,1448261.584414778,193.88419666216575,7469.724760178917,2,kg CO2-Eq,15f4c890408a165910ec
BECCS,new CHP+CCS vs standing forest and Northern European energy,SSP2-PkBudg1000,2030,2036,annual,location,DK,-163122.3192168664,-21.83779516033456,7469.724760178917,3,kg CO2-Eq,15f4c890408a165910ec
BECCS,new CHP+CCS vs standing forest and Northern European energy,SSP2-PkBudg1000,2030,2036,annual,location,FI,-99433.82199547756,-13.311577760610271,7469.724760178917,4,kg CO2-Eq,15f4c890408a165910ec
BECCS,new CHP+CCS vs standing forest and Northern European energy,SSP2-PkBudg1000,2030,2036,annual,location,RoW,67759.18063016683,9.071175017236357,7469.724760178917,5,kg CO2-Eq,15f4c890408a165910ec
BECCS,new CHP+CCS vs standing forest and Northern European energy,SSP2-PkBudg1000,2030,2036,annual,location,GLO,46100.34255192545,6.171625331857776,7469.724760178917,6,kg CO2-Eq,15f4c890408a165910ec
BECCS,new CHP+CCS vs standing forest and Northern European energy,SSP2-PkBudg1000,2030,2036,annual,location,CHA,32687.721852863633,4.376027618463507,7469.724760178917,7,kg CO2-Eq,15f4c890408a165910ec
BECCS,new CHP+CCS vs standing forest and Northern European energy,SSP2-PkBudg1000,2030,2036,annual,location,OAS,11872.719366263436,1.5894453607657504,7469.724760178917,8,kg CO2-Eq,15f4c890408a165910ec
BECCS,new CHP+CCS vs standing forest and Northern European energy,SSP2-PkBudg1000,2030,2036,annual,location,Other locations,115747.06130712293,15.495492139706434,7469.724760178917,9,kg CO2-Eq,15f4c890408a165910ec
BECCS,new CHP+CCS vs standing forest and Northern European energy,SSP2-PkBudg1000,2030,2036,annual,process,Forest regrowth,-8538779.819222614,-1143.1184003917824,7469.724760178917,1,kg CO2-Eq,15f4c890408a165910ec
BECCS,new CHP+CCS vs standing forest and Northern European energy,SSP2-PkBudg1000,2030,2036,annual,process,Harvesting and biomass supply,119614.80386405929,16.013281306123286,7469.724760178917,2,kg CO2-Eq,15f4c890408a165910ec
BECCS,new CHP+CCS vs standing forest and Northern European energy,SSP2-PkBudg1000,2030,2036,annual,process,Residual biogenic stack emissions,853878.0018494421,114.31184270690449,7469.724760178917,3,kg CO2-Eq,15f4c890408a165910ec
BECCS,new CHP+CCS vs standing forest and Northern European energy,SSP2-PkBudg1000,2030,2036,annual,process,New CHP infrastructure and end-of-life,16798.579888891218,2.2488887379685534,7469.724760178917,4,kg CO2-Eq,15f4c890408a165910ec
BECCS,new CHP+CCS vs standing forest and Northern European energy,SSP2-PkBudg1000,2030,2036,annual,process,Other CHP operating emissions,70021.44690033718,9.374033066602578,7469.724760178917,5,kg CO2-Eq,15f4c890408a165910ec
BECCS,new CHP+CCS vs standing forest and Northern European energy,SSP2-PkBudg1000,2030,2036,annual,process,Avoided Northern European electricity,-147779.4475043642,-19.783787522155574,7469.724760178917,6,kg CO2-Eq,15f4c890408a165910ec
BECCS,new CHP+CCS vs standing forest and Northern European energy,SSP2-PkBudg1000,2030,2036,annual,process,Avoided Northern European heat,-60501.41300320527,-8.0995505116518,7469.724760178917,7,kg CO2-Eq,15f4c890408a165910ec
BECCS,new CHP+CCS vs standing forest and Northern European energy,SSP2-PkBudg1000,2030,2036,annual,process,Capture electricity,0.0,0.0,7469.724760178917,8,kg CO2-Eq,15f4c890408a165910ec
BECCS,new CHP+CCS vs standing forest and Northern European energy,SSP2-PkBudg1000,2030,2036,annual,process,Compression and recompression,38783.03190029101,5.19202957879295,7469.724760178917,9,kg CO2-Eq,15f4c890408a165910ec
BECCS,new CHP+CCS vs standing forest and Northern European energy,SSP2-PkBudg1000,2030,2036,annual,process,Pipeline and geological storage,142160.0677177094,19.031500126425588,7469.724760178917,10,kg CO2-Eq,15f4c890408a165910ec
BECCS,new CHP+CCS vs standing forest and Northern European energy,SSP2-PkBudg1000,2030,2036,annual,process,Transport losses,215177.25646605933,28.80658436213992,7469.724760178917,11,kg CO2-Eq,15f4c890408a165910ec
BECCS,new CHP+CCS vs standing forest and Northern European energy,SSP2-PkBudg1000,2030,2036,annual,process,Capture chemicals and operating materials,15041.755859471818,2.0136961323741644,7469.724760178917,12,kg CO2-Eq,15f4c890408a165910ec
BECCS,new CHP+CCS vs standing forest and Northern European energy,SSP2-PkBudg1000,2030,2036,annual,process,CCS infrastructure and end-of-life,8945.563961799358,1.1975761154531606,7469.724760178917,13,kg CO2-Eq,15f4c890408a165910ec
BECCS,new CHP+CCS vs standing forest and Northern European energy,SSP2-PkBudg1000,2030,2036,annual,process,Other CHP and CCS supply-chain GHG emissions,0.12142321057310858,1.6255379478025134e-05,7469.724760178917,14,kg CO2-Eq,15f4c890408a165910ec
BECCS,new CHP+CCS vs standing forest and Northern European energy,SSP2-PkBudg1000,2030,2037,annual,activity,"forest carbon regrowth differential, existing spruce forest vs standing stock, LCSS 2026 | SE",-8538779.455058046,-1143.1183516397093,7469.724760178917,1,kg CO2-Eq,f4ebd3f5a9235e749979
BECCS,new CHP+CCS vs standing forest and Northern European energy,SSP2-PkBudg1000,2030,2037,annual,activity,"operation of new Nordic spruce CHP with post-combustion capture, excluding capture equipment, LCSS 2026 | ENC",912907.8167427152,122.21438487391455,7469.724760178917,2,kg CO2-Eq,f4ebd3f5a9235e749979
BECCS,new CHP+CCS vs standing forest and Northern European energy,SSP2-PkBudg1000,2030,2037,annual,activity,supply of forest residue | ENC,356219.4823083779,47.688434814544046,7469.724760178917,3,kg CO2-Eq,f4ebd3f5a9235e749979
BECCS,new CHP+CCS vs standing forest and Northern European energy,SSP2-PkBudg1000,2030,2037,annual,activity,"carbon dioxide transport extension, pipeline 50 to 2000 km, LCSS 2026 | ENC",215177.25951671123,28.806584770542102,7469.724760178917,4,kg CO2-Eq,f4ebd3f5a9235e749979
BECCS,new CHP+CCS vs standing forest and Northern European energy,SSP2-PkBudg1000,2030,2037,annual,activity,"heat and power co-generation, wood chips, 6667 kW, state-of-the-art 2014 | FI",-215161.59268467827,-28.804487393123793,7469.724760178917,5,kg CO2-Eq,f4ebd3f5a9235e749979
BECCS,new CHP+CCS vs standing forest and Northern European energy,SSP2-PkBudg1000,2030,2037,annual,activity,"heat and power co-generation, wood chips, 6667 kW, state-of-the-art 2014 | SE",-170478.9545695833,-22.822655458258136,7469.724760178917,6,kg CO2-Eq,f4ebd3f5a9235e749979
BECCS,new CHP+CCS vs standing forest and Northern European energy,SSP2-PkBudg1000,2030,2037,annual,activity,"heat and power co-generation, wood chips, 6667 kW, state-of-the-art 2014 | DK",-158417.13634408038,-21.207894725733635,7469.724760178917,7,kg CO2-Eq,f4ebd3f5a9235e749979
BECCS,new CHP+CCS vs standing forest and Northern European energy,SSP2-PkBudg1000,2030,2037,annual,activity,"hydrogen production, gaseous, 25 bar, from gasification of woody biomass in entrained flow gasifier, at gasification plant | ENC",121736.07736566463,16.29726412606785,7469.724760178917,8,kg CO2-Eq,f4ebd3f5a9235e749979
BECCS,new CHP+CCS vs standing forest and Northern European energy,SSP2-PkBudg1000,2030,2037,annual,activity,"wood chipping, mobile chipper, at forest road | FI",64967.034454280416,8.697379962461202,7469.724760178917,9,kg CO2-Eq,f4ebd3f5a9235e749979
BECCS,new CHP+CCS vs standing forest and Northern European energy,SSP2-PkBudg1000,2030,2037,annual,activity,"harvesting, forestry harvester | FI",45383.263685684804,6.075627301239112,7469.724760178917,10,kg CO2-Eq,f4ebd3f5a9235e749979
BECCS,new CHP+CCS vs standing forest and Northern European energy,SSP2-PkBudg1000,2030,2037,annual,activity,"carbon monoxide, from RWGS, for Fischer Tropsch process, hydrogen from wood gasification | ENC",-42799.122348444216,-5.729678632418456,7469.724760178917,11,kg CO2-Eq,f4ebd3f5a9235e749979
BECCS,new CHP+CCS vs standing forest and Northern European energy,SSP2-PkBudg1000,2030,2037,annual,activity,treatment of sewage sludge by anaerobic digestion | RoW,33658.072659677135,4.505932111328684,7469.724760178917,12,kg CO2-Eq,f4ebd3f5a9235e749979
BECCS,new CHP+CCS vs standing forest and Northern European energy,SSP2-PkBudg1000,2030,2037,annual,activity,"heat production, softwood chips from forest, at furnace 1000kW | ENC",-30539.583340052643,-4.0884482789592305,7469.724760178917,13,kg CO2-Eq,f4ebd3f5a9235e749979
BECCS,new CHP+CCS vs standing forest and Northern European energy,SSP2-PkBudg1000,2030,2037,annual,activity,"heat production, softwood chips from forest, at furnace 1000kW, state-of-the-art 2014 | ENC",-28625.873531160083,-3.8322527871126577,7469.724760178917,14,kg CO2-Eq,f4ebd3f5a9235e749979
BECCS,new CHP+CCS vs standing forest and Northern European energy,SSP2-PkBudg1000,2030,2037,annual,activity,Other activities,157454.94278883366,21.07908227465429,7469.724760178917,15,kg CO2-Eq,f4ebd3f5a9235e749979
BECCS,new CHP+CCS vs standing forest and Northern European energy,SSP2-PkBudg1000,2030,2037,annual,location,SE,-8721555.248014137,-1167.5872308587227,7469.724760178917,1,kg CO2-Eq,f4ebd3f5a9235e749979
BECCS,new CHP+CCS vs standing forest and Northern European energy,SSP2-PkBudg1000,2030,2037,annual,location,ENC,1425933.2285442615,190.8950161250797,7469.724760178917,2,kg CO2-Eq,f4ebd3f5a9235e749979
BECCS,new CHP+CCS vs standing forest and Northern European energy,SSP2-PkBudg1000,2030,2037,annual,location,DK,-158470.122567041,-21.21498818963783,7469.724760178917,3,kg CO2-Eq,f4ebd3f5a9235e749979
BECCS,new CHP+CCS vs standing forest and Northern European energy,SSP2-PkBudg1000,2030,2037,annual,location,FI,-93114.78158785548,-12.465624179922953,7469.724760178917,4,kg CO2-Eq,f4ebd3f5a9235e749979
BECCS,new CHP+CCS vs standing forest and Northern European energy,SSP2-PkBudg1000,2030,2037,annual,location,RoW,64219.44324084777,8.597297129768616,7469.724760178917,5,kg CO2-Eq,f4ebd3f5a9235e749979
BECCS,new CHP+CCS vs standing forest and Northern European energy,SSP2-PkBudg1000,2030,2037,annual,location,GLO,45350.04265989706,6.071179878227645,7469.724760178917,6,kg CO2-Eq,f4ebd3f5a9235e749979
BECCS,new CHP+CCS vs standing forest and Northern European energy,SSP2-PkBudg1000,2030,2037,annual,location,CHA,30925.463115993094,4.1401074482498545,7469.724760178917,7,kg CO2-Eq,f4ebd3f5a9235e749979
BECCS,new CHP+CCS vs standing forest and Northern European energy,SSP2-PkBudg1000,2030,2037,annual,location,MEA,12079.425832820367,1.6171179287911321,7469.724760178917,8,kg CO2-Eq,f4ebd3f5a9235e749979
BECCS,new CHP+CCS vs standing forest and Northern European energy,SSP2-PkBudg1000,2030,2037,annual,location,Other locations,117334.78042111243,15.708046037602863,7469.724760178917,9,kg CO2-Eq,f4ebd3f5a9235e749979
BECCS,new CHP+CCS vs standing forest and Northern European energy,SSP2-PkBudg1000,2030,2037,annual,process,Forest regrowth,-8538779.819222614,-1143.1184003917824,7469.724760178917,1,kg CO2-Eq,f4ebd3f5a9235e749979
BECCS,new CHP+CCS vs standing forest and Northern European energy,SSP2-PkBudg1000,2030,2037,annual,process,Harvesting and biomass supply,108398.0298139545,14.511649798908806,7469.724760178917,2,kg CO2-Eq,f4ebd3f5a9235e749979
BECCS,new CHP+CCS vs standing forest and Northern European energy,SSP2-PkBudg1000,2030,2037,annual,process,Residual biogenic stack emissions,853878.0018494421,114.31184270690449,7469.724760178917,3,kg CO2-Eq,f4ebd3f5a9235e749979
BECCS,new CHP+CCS vs standing forest and Northern European energy,SSP2-PkBudg1000,2030,2037,annual,process,New CHP infrastructure and end-of-life,16303.463916101506,2.1826057103221834,7469.724760178917,4,kg CO2-Eq,f4ebd3f5a9235e749979
BECCS,new CHP+CCS vs standing forest and Northern European energy,SSP2-PkBudg1000,2030,2037,annual,process,Other CHP operating emissions,69863.66326520049,9.352909981053585,7469.724760178917,5,kg CO2-Eq,f4ebd3f5a9235e749979
BECCS,new CHP+CCS vs standing forest and Northern European energy,SSP2-PkBudg1000,2030,2037,annual,process,Avoided Northern European electricity,-144271.61911271812,-19.314181411586908,7469.724760178917,6,kg CO2-Eq,f4ebd3f5a9235e749979
BECCS,new CHP+CCS vs standing forest and Northern European energy,SSP2-PkBudg1000,2030,2037,annual,process,Avoided Northern European heat,-58089.68778523191,-7.776683833774958,7469.724760178917,7,kg CO2-Eq,f4ebd3f5a9235e749979
BECCS,new CHP+CCS vs standing forest and Northern European energy,SSP2-PkBudg1000,2030,2037,annual,process,Capture electricity,0.0,0.0,7469.724760178917,8,kg CO2-Eq,f4ebd3f5a9235e749979
BECCS,new CHP+CCS vs standing forest and Northern European energy,SSP2-PkBudg1000,2030,2037,annual,process,Compression and recompression,37894.7318033279,5.073109521430377,7469.724760178917,9,kg CO2-Eq,f4ebd3f5a9235e749979
BECCS,new CHP+CCS vs standing forest and Northern European energy,SSP2-PkBudg1000,2030,2037,annual,process,Pipeline and geological storage,138784.34455175314,18.579579436663064,7469.724760178917,10,kg CO2-Eq,f4ebd3f5a9235e749979
BECCS,new CHP+CCS vs standing forest and Northern European energy,SSP2-PkBudg1000,2030,2037,annual,process,Transport losses,215177.25646605933,28.80658436213992,7469.724760178917,11,kg CO2-Eq,f4ebd3f5a9235e749979
BECCS,new CHP+CCS vs standing forest and Northern European energy,SSP2-PkBudg1000,2030,2037,annual,process,Capture chemicals and operating materials,14891.503503079612,1.9935812872873413,7469.724760178917,12,kg CO2-Eq,f4ebd3f5a9235e749979
BECCS,new CHP+CCS vs standing forest and Northern European energy,SSP2-PkBudg1000,2030,2037,annual,process,CCS infrastructure and end-of-life,8652.240955474286,1.158307867192023,7469.724760178917,13,kg CO2-Eq,f4ebd3f5a9235e749979
BECCS,new CHP+CCS vs standing forest and Northern European energy,SSP2-PkBudg1000,2030,2037,annual,process,Other CHP and CCS supply-chain GHG emissions,0.12164195247454633,1.628466327474598e-05,7469.724760178917,14,kg CO2-Eq,f4ebd3f5a9235e749979
BECCS,new CHP+CCS vs standing forest and Northern European energy,SSP2-PkBudg1000,2030,2038,annual,activity,"forest carbon regrowth differential, existing spruce forest vs standing stock, LCSS 2026 | SE",-8538779.455058046,-1143.1183516397093,7469.724760178917,1,kg CO2-Eq,8da7b6a8029d7c92d435
BECCS,new CHP+CCS vs standing forest and Northern European energy,SSP2-PkBudg1000,2030,2038,annual,activity,"operation of new Nordic spruce CHP with post-combustion capture, excluding capture equipment, LCSS 2026 | ENC",912907.8167427152,122.21438487391455,7469.724760178917,2,kg CO2-Eq,8da7b6a8029d7c92d435
BECCS,new CHP+CCS vs standing forest and Northern European energy,SSP2-PkBudg1000,2030,2038,annual,activity,supply of forest residue | ENC,328623.1522121884,43.99401085888433,7469.724760178917,3,kg CO2-Eq,8da7b6a8029d7c92d435
BECCS,new CHP+CCS vs standing forest and Northern European energy,SSP2-PkBudg1000,2030,2038,annual,activity,"carbon dioxide transport extension, pipeline 50 to 2000 km, LCSS 2026 | ENC",215177.25951671123,28.806584770542102,7469.724760178917,4,kg CO2-Eq,8da7b6a8029d7c92d435
BECCS,new CHP+CCS vs standing forest and Northern European energy,SSP2-PkBudg1000,2030,2038,annual,activity,"heat and power co-generation, wood chips, 6667 kW, state-of-the-art 2014 | FI",-208819.0563760339,-27.955388328261805,7469.724760178917,5,kg CO2-Eq,8da7b6a8029d7c92d435
BECCS,new CHP+CCS vs standing forest and Northern European energy,SSP2-PkBudg1000,2030,2038,annual,activity,"heat and power co-generation, wood chips, 6667 kW, state-of-the-art 2014 | SE",-165459.6635932554,-22.150704196668723,7469.724760178917,6,kg CO2-Eq,8da7b6a8029d7c92d435
BECCS,new CHP+CCS vs standing forest and Northern European energy,SSP2-PkBudg1000,2030,2038,annual,activity,"heat and power co-generation, wood chips, 6667 kW, state-of-the-art 2014 | DK",-153752.97988207574,-20.583486650235425,7469.724760178917,7,kg CO2-Eq,8da7b6a8029d7c92d435
BECCS,new CHP+CCS vs standing forest and Northern European energy,SSP2-PkBudg1000,2030,2038,annual,activity,"hydrogen production, gaseous, 25 bar, from gasification of woody biomass in entrained flow gasifier, at gasification plant | ENC",130593.50256480051,17.48304077561119,7469.724760178917,8,kg CO2-Eq,8da7b6a8029d7c92d435
BECCS,new CHP+CCS vs standing forest and Northern European energy,SSP2-PkBudg1000,2030,2038,annual,activity,"wood chipping, mobile chipper, at forest road | FI",64967.034391937734,8.697379954115153,7469.724760178917,9,kg CO2-Eq,8da7b6a8029d7c92d435
BECCS,new CHP+CCS vs standing forest and Northern European energy,SSP2-PkBudg1000,2030,2038,annual,activity,"carbon monoxide, from RWGS, for Fischer Tropsch process, hydrogen from wood gasification | ENC",-45887.929411584715,-6.143188790062673,7469.724760178917,10,kg CO2-Eq,8da7b6a8029d7c92d435
BECCS,new CHP+CCS vs standing forest and Northern European energy,SSP2-PkBudg1000,2030,2038,annual,activity,"harvesting, forestry harvester | FI",45386.331852966796,6.076038048272035,7469.724760178917,11,kg CO2-Eq,8da7b6a8029d7c92d435
BECCS,new CHP+CCS vs standing forest and Northern European energy,SSP2-PkBudg1000,2030,2038,annual,activity,treatment of sewage sludge by anaerobic digestion | RoW,32756.216840893318,4.38519729877018,7469.724760178917,12,kg CO2-Eq,8da7b6a8029d7c92d435
BECCS,new CHP+CCS vs standing forest and Northern European energy,SSP2-PkBudg1000,2030,2038,annual,activity,"heat production, softwood chips from forest, at furnace 1000kW | ENC",-29486.523625673217,-3.947471235200766,7469.724760178917,13,kg CO2-Eq,8da7b6a8029d7c92d435
BECCS,new CHP+CCS vs standing forest and Northern European energy,SSP2-PkBudg1000,2030,2038,annual,activity,"heat production, softwood chips from forest, at furnace 1000kW, state-of-the-art 2014 | ENC",-27638.80197000193,-3.700109824306286,7469.724760178917,14,kg CO2-Eq,8da7b6a8029d7c92d435
BECCS,new CHP+CCS vs standing forest and Northern European energy,SSP2-PkBudg1000,2030,2038,annual,activity,Other activities,151598.55494048895,20.295065722991623,7469.724760178917,15,kg CO2-Eq,8da7b6a8029d7c92d435
BECCS,new CHP+CCS vs standing forest and Northern European energy,SSP2-PkBudg1000,2030,2038,annual,location,SE,-8716580.2760637,-1166.921212750939,7469.724760178917,1,kg CO2-Eq,8da7b6a8029d7c92d435
BECCS,new CHP+CCS vs standing forest and Northern European energy,SSP2-PkBudg1000,2030,2038,annual,location,ENC,1403668.3243508546,187.91433010139903,7469.724760178917,2,kg CO2-Eq,8da7b6a8029d7c92d435
BECCS,new CHP+CCS vs standing forest and Northern European energy,SSP2-PkBudg1000,2030,2038,annual,location,DK,-153801.69112154373,-20.59000780610554,7469.724760178917,3,kg CO2-Eq,8da7b6a8029d7c92d435
BECCS,new CHP+CCS vs standing forest and Northern European energy,SSP2-PkBudg1000,2030,2038,annual,location,FI,-86773.721872646,-11.616722792148444,7469.724760178917,4,kg CO2-Eq,8da7b6a8029d7c92d435
BECCS,new CHP+CCS vs standing forest and Northern European energy,SSP2-PkBudg1000,2030,2038,annual,location,RoW,60665.12673178571,8.121467480996268,7469.724760178917,5,kg CO2-Eq,8da7b6a8029d7c92d435
BECCS,new CHP+CCS vs standing forest and Northern European energy,SSP2-PkBudg1000,2030,2038,annual,location,GLO,44610.38552413265,5.972159210196137,7469.724760178917,6,kg CO2-Eq,8da7b6a8029d7c92d435
BECCS,new CHP+CCS vs standing forest and Northern European energy,SSP2-PkBudg1000,2030,2038,annual,location,CHA,29210.87124216502,3.910568619326926,7469.724760178917,7,kg CO2-Eq,8da7b6a8029d7c92d435
BECCS,new CHP+CCS vs standing forest and Northern European energy,SSP2-PkBudg1000,2030,2038,annual,location,MEA,12783.391841000624,1.7113604920423378,7469.724760178917,8,kg CO2-Eq,8da7b6a8029d7c92d435
BECCS,new CHP+CCS vs standing forest and Northern European energy,SSP2-PkBudg1000,2030,2038,annual,location,Other locations,118403.0485139817,15.851059083888613,7469.724760178917,9,kg CO2-Eq,8da7b6a8029d7c92d435
BECCS,new CHP+CCS vs standing forest and Northern European energy,SSP2-PkBudg1000,2030,2038,annual,process,Forest regrowth,-8538779.819222614,-1143.1184003917824,7469.724760178917,1,kg CO2-Eq,8da7b6a8029d7c92d435
BECCS,new CHP+CCS vs standing forest and Northern European energy,SSP2-PkBudg1000,2030,2038,annual,process,Harvesting and biomass supply,97224.26651316209,13.01577630162016,7469.724760178917,2,kg CO2-Eq,8da7b6a8029d7c92d435
BECCS,new CHP+CCS vs standing forest and Northern European energy,SSP2-PkBudg1000,2030,2038,annual,process,Residual biogenic stack emissions,853878.0018494421,114.31184270690449,7469.724760178917,3,kg CO2-Eq,8da7b6a8029d7c92d435
BECCS,new CHP+CCS vs standing forest and Northern European energy,SSP2-PkBudg1000,2030,2038,annual,process,New CHP infrastructure and end-of-life,15805.240231846004,2.11590664171506,7469.724760178917,4,kg CO2-Eq,8da7b6a8029d7c92d435
BECCS,new CHP+CCS vs standing forest and Northern European energy,SSP2-PkBudg1000,2030,2038,annual,process,Other CHP operating emissions,69703.09966299846,9.331414730912911,7469.724760178917,5,kg CO2-Eq,8da7b6a8029d7c92d435
BECCS,new CHP+CCS vs standing forest and Northern European energy,SSP2-PkBudg1000,2030,2038,annual,process,Avoided Northern European electricity,-140757.68629840342,-18.843758079117222,7469.724760178917,6,kg CO2-Eq,8da7b6a8029d7c92d435
BECCS,new CHP+CCS vs standing forest and Northern European energy,SSP2-PkBudg1000,2030,2038,annual,process,Avoided Northern European heat,-55592.372424895526,-7.442358883323027,7469.724760178917,7,kg CO2-Eq,8da7b6a8029d7c92d435
BECCS,new CHP+CCS vs standing forest and Northern European energy,SSP2-PkBudg1000,2030,2038,annual,process,Capture electricity,0.0,0.0,7469.724760178917,8,kg CO2-Eq,8da7b6a8029d7c92d435
BECCS,new CHP+CCS vs standing forest and Northern European energy,SSP2-PkBudg1000,2030,2038,annual,process,Compression and recompression,37004.75575454644,4.953965098127671,7469.724760178917,9,kg CO2-Eq,8da7b6a8029d7c92d435
BECCS,new CHP+CCS vs standing forest and Northern European energy,SSP2-PkBudg1000,2030,2038,annual,process,Pipeline and geological storage,135426.01047795158,18.129986689724806,7469.724760178917,10,kg CO2-Eq,8da7b6a8029d7c92d435
BECCS,new CHP+CCS vs standing forest and Northern European energy,SSP2-PkBudg1000,2030,2038,annual,process,Transport losses,215177.25646605933,28.80658436213992,7469.724760178917,11,kg CO2-Eq,8da7b6a8029d7c92d435
BECCS,new CHP+CCS vs standing forest and Northern European energy,SSP2-PkBudg1000,2030,2038,annual,process,Capture chemicals and operating materials,14738.816453398242,1.973140500701021,7469.724760178917,12,kg CO2-Eq,8da7b6a8029d7c92d435
BECCS,new CHP+CCS vs standing forest and Northern European energy,SSP2-PkBudg1000,2030,2038,annual,process,CCS infrastructure and end-of-life,8357.767820335835,1.118885646883681,7469.724760178917,13,kg CO2-Eq,8da7b6a8029d7c92d435
BECCS,new CHP+CCS vs standing forest and Northern European energy,SSP2-PkBudg1000,2030,2038,annual,process,Other CHP and CCS supply-chain GHG emissions,0.12186216860347929,1.6314144431817112e-05,7469.724760178917,14,kg CO2-Eq,8da7b6a8029d7c92d435
BECCS,new CHP+CCS vs standing forest and Northern European energy,SSP2-PkBudg1000,2030,2039,annual,activity,"forest carbon regrowth differential, existing spruce forest vs standing stock, LCSS 2026 | SE",-8538779.455058046,-1143.1183516397093,7469.724760178917,1,kg CO2-Eq,4da27b69807fcdd6b534
BECCS,new CHP+CCS vs standing forest and Northern European energy,SSP2-PkBudg1000,2030,2039,annual,activity,"operation of new Nordic spruce CHP with post-combustion capture, excluding capture equipment, LCSS 2026 | ENC",912907.8167427152,122.21438487391455,7469.724760178917,2,kg CO2-Eq,4da27b69807fcdd6b534
BECCS,new CHP+CCS vs standing forest and Northern European energy,SSP2-PkBudg1000,2030,2039,annual,activity,supply of forest residue | ENC,300969.7960916331,40.291952615992265,7469.724760178917,3,kg CO2-Eq,4da27b69807fcdd6b534
BECCS,new CHP+CCS vs standing forest and Northern European energy,SSP2-PkBudg1000,2030,2039,annual,activity,"carbon dioxide transport extension, pipeline 50 to 2000 km, LCSS 2026 | ENC",215177.25951671123,28.806584770542102,7469.724760178917,4,kg CO2-Eq,4da27b69807fcdd6b534
BECCS,new CHP+CCS vs standing forest and Northern European energy,SSP2-PkBudg1000,2030,2039,annual,activity,"heat and power co-generation, wood chips, 6667 kW, state-of-the-art 2014 | FI",-202455.0888799144,-27.10342019015238,7469.724760178917,5,kg CO2-Eq,4da27b69807fcdd6b534
BECCS,new CHP+CCS vs standing forest and Northern European energy,SSP2-PkBudg1000,2030,2039,annual,activity,"heat and power co-generation, wood chips, 6667 kW, state-of-the-art 2014 | SE",-160423.41631378207,-21.4764829313389,7469.724760178917,6,kg CO2-Eq,4da27b69807fcdd6b534
BECCS,new CHP+CCS vs standing forest and Northern European energy,SSP2-PkBudg1000,2030,2039,annual,activity,"heat and power co-generation, wood chips, 6667 kW, state-of-the-art 2014 | DK",-149073.0583911587,-19.956968051335277,7469.724760178917,7,kg CO2-Eq,4da27b69807fcdd6b534
BECCS,new CHP+CCS vs standing forest and Northern European energy,SSP2-PkBudg1000,2030,2039,annual,activity,"hydrogen production, gaseous, 25 bar, from gasification of woody biomass in entrained flow gasifier, at gasification plant | ENC",139460.78530142666,18.670137090578187,7469.724760178917,8,kg CO2-Eq,4da27b69807fcdd6b534
BECCS,new CHP+CCS vs standing forest and Northern European energy,SSP2-PkBudg1000,2030,2039,annual,activity,"wood chipping, mobile chipper, at forest road | FI",64967.03236335169,8.69737968254075,7469.724760178917,9,kg CO2-Eq,4da27b69807fcdd6b534
BECCS,new CHP+CCS vs standing forest and Northern European energy,SSP2-PkBudg1000,2030,2039,annual,activity,"carbon monoxide, from RWGS, for Fischer Tropsch process, hydrogen from wood gasification | ENC",-48968.10686687539,-6.5555436698182294,7469.724760178917,10,kg CO2-Eq,4da27b69807fcdd6b534
BECCS,new CHP+CCS vs standing forest and Northern European energy,SSP2-PkBudg1000,2030,2039,annual,activity,"harvesting, forestry harvester | FI",45389.311299210225,6.0764369178875945,7469.724760178917,11,kg CO2-Eq,4da27b69807fcdd6b534
BECCS,new CHP+CCS vs standing forest and Northern European energy,SSP2-PkBudg1000,2030,2039,annual,activity,treatment of sewage sludge by anaerobic digestion | RoW,31831.954577131375,4.261462851593601,7469.724760178917,12,kg CO2-Eq,4da27b69807fcdd6b534
BECCS,new CHP+CCS vs standing forest and Northern European energy,SSP2-PkBudg1000,2030,2039,annual,activity,"heat production, softwood chips from forest, at furnace 1000kW | ENC",-28435.23197525332,-3.806730888779392,7469.724760178917,13,kg CO2-Eq,4da27b69807fcdd6b534
BECCS,new CHP+CCS vs standing forest and Northern European energy,SSP2-PkBudg1000,2030,2039,annual,activity,"heat production, softwood chips from forest, at furnace 1000kW, state-of-the-art 2014 | ENC",-26653.38768015417,-3.5681887266105585,7469.724760178917,14,kg CO2-Eq,4da27b69807fcdd6b534
BECCS,new CHP+CCS vs standing forest and Northern European energy,SSP2-PkBudg1000,2030,2039,annual,activity,Other activities,145894.18695996987,19.53140063978413,7469.724760178917,15,kg CO2-Eq,4da27b69807fcdd6b534
BECCS,new CHP+CCS vs standing forest and Northern European energy,SSP2-PkBudg1000,2030,2039,annual,location,SE,-8711588.119326357,-1166.2528940514396,7469.724760178917,1,kg CO2-Eq,4da27b69807fcdd6b534
BECCS,new CHP+CCS vs standing forest and Northern European energy,SSP2-PkBudg1000,2030,2039,annual,location,ENC,1381469.7133412443,184.94251899425475,7469.724760178917,2,kg CO2-Eq,4da27b69807fcdd6b534
BECCS,new CHP+CCS vs standing forest and Northern European energy,SSP2-PkBudg1000,2030,2039,annual,location,DK,-149117.48437503134,-19.96291552400649,7469.724760178917,3,kg CO2-Eq,4da27b69807fcdd6b534
BECCS,new CHP+CCS vs standing forest and Northern European energy,SSP2-PkBudg1000,2030,2039,annual,location,FI,-80411.28056661041,-10.764958970815462,7469.724760178917,4,kg CO2-Eq,4da27b69807fcdd6b534
BECCS,new CHP+CCS vs standing forest and Northern European energy,SSP2-PkBudg1000,2030,2039,annual,location,RoW,57096.49702524227,7.643721670927361,7469.724760178917,5,kg CO2-Eq,4da27b69807fcdd6b534
BECCS,new CHP+CCS vs standing forest and Northern European energy,SSP2-PkBudg1000,2030,2039,annual,location,GLO,43881.47821037389,5.874577661054653,7469.724760178917,6,kg CO2-Eq,4da27b69807fcdd6b534
BECCS,new CHP+CCS vs standing forest and Northern European energy,SSP2-PkBudg1000,2030,2039,annual,location,CHA,27544.06546963504,3.687427094566105,7469.724760178917,7,kg CO2-Eq,4da27b69807fcdd6b534
BECCS,new CHP+CCS vs standing forest and Northern European energy,SSP2-PkBudg1000,2030,2039,annual,location,MEA,13497.521983754606,1.8069637660158324,7469.724760178917,8,kg CO2-Eq,4da27b69807fcdd6b534
BECCS,new CHP+CCS vs standing forest and Northern European energy,SSP2-PkBudg1000,2030,2039,annual,location,Other locations,119438.00592471339,15.989612704531911,7469.724760178917,9,kg CO2-Eq,4da27b69807fcdd6b534
BECCS,new CHP+CCS vs standing forest and Northern European energy,SSP2-PkBudg1000,2030,2039,annual,process,Forest regrowth,-8538779.819222614,-1143.1184003917824,7469.724760178917,1,kg CO2-Eq,4da27b69807fcdd6b534
BECCS,new CHP+CCS vs standing forest and Northern European energy,SSP2-PkBudg1000,2030,2039,annual,process,Harvesting and biomass supply,86092.77800578915,11.525562289088551,7469.724760178917,2,kg CO2-Eq,4da27b69807fcdd6b534
BECCS,new CHP+CCS vs standing forest and Northern European energy,SSP2-PkBudg1000,2030,2039,annual,process,Residual biogenic stack emissions,853878.0018494421,114.31184270690449,7469.724760178917,3,kg CO2-Eq,4da27b69807fcdd6b534
BECCS,new CHP+CCS vs standing forest and Northern European energy,SSP2-PkBudg1000,2030,2039,annual,process,New CHP infrastructure and end-of-life,15303.820001132233,2.048779639474383,7469.724760178917,4,kg CO2-Eq,4da27b69807fcdd6b534
BECCS,new CHP+CCS vs standing forest and Northern European energy,SSP2-PkBudg1000,2030,2039,annual,process,Other CHP operating emissions,69539.65007405188,9.309533122929452,7469.724760178917,5,kg CO2-Eq,4da27b69807fcdd6b534
BECCS,new CHP+CCS vs standing forest and Northern European energy,SSP2-PkBudg1000,2030,2039,annual,process,Avoided Northern European electricity,-137235.4039665407,-18.372216965495475,7469.724760178917,6,kg CO2-Eq,4da27b69807fcdd6b534
BECCS,new CHP+CCS vs standing forest and Northern European energy,SSP2-PkBudg1000,2030,2039,annual,process,Avoided Northern European heat,-53009.24937938809,-7.096546537026406,7469.724760178917,7,kg CO2-Eq,4da27b69807fcdd6b534
BECCS,new CHP+CCS vs standing forest and Northern European energy,SSP2-PkBudg1000,2030,2039,annual,process,Capture electricity,0.0,0.0,7469.724760178917,8,kg CO2-Eq,4da27b69807fcdd6b534
BECCS,new CHP+CCS vs standing forest and Northern European energy,SSP2-PkBudg1000,2030,2039,annual,process,Compression and recompression,36112.5426258182,4.83452118856294,7469.724760178917,9,kg CO2-Eq,4da27b69807fcdd6b534
BECCS,new CHP+CCS vs standing forest and Northern European energy,SSP2-PkBudg1000,2030,2039,annual,process,Pipeline and geological storage,132084.96880133258,17.68270894069313,7469.724760178917,10,kg CO2-Eq,4da27b69807fcdd6b534
BECCS,new CHP+CCS vs standing forest and Northern European energy,SSP2-PkBudg1000,2030,2039,annual,process,Transport losses,215177.25646605933,28.80658436213992,7469.724760178917,11,kg CO2-Eq,4da27b69807fcdd6b534
BECCS,new CHP+CCS vs standing forest and Northern European energy,SSP2-PkBudg1000,2030,2039,annual,process,Capture chemicals and operating materials,14583.62746265102,1.9523647699037454,7469.724760178917,12,kg CO2-Eq,4da27b69807fcdd6b534
BECCS,new CHP+CCS vs standing forest and Northern European energy,SSP2-PkBudg1000,2030,2039,annual,process,CCS infrastructure and end-of-life,8062.1028854063225,1.079303875878449,7469.724760178917,13,kg CO2-Eq,4da27b69807fcdd6b534
BECCS,new CHP+CCS vs standing forest and Northern European energy,SSP2-PkBudg1000,2030,2039,annual,process,Other CHP and CCS supply-chain GHG emissions,0.12208373837217454,1.6343806805707572e-05,7469.724760178917,14,kg CO2-Eq,4da27b69807fcdd6b534
BECCS,new CHP+CCS vs standing forest and Northern European energy,SSP2-PkBudg1000,2030,2040,annual,activity,"forest carbon regrowth differential, existing spruce forest vs standing stock, LCSS 2026 | SE",-8538779.455058046,-1143.1183516397093,7469.724760178917,1,kg CO2-Eq,00fd8965df31b9e43f25
BECCS,new CHP+CCS vs standing forest and Northern European energy,SSP2-PkBudg1000,2030,2040,annual,activity,"operation of new Nordic spruce CHP with post-combustion capture, excluding capture equipment, LCSS 2026 | ENC",912907.8167427152,122.21438487391455,7469.724760178917,2,kg CO2-Eq,00fd8965df31b9e43f25
BECCS,new CHP+CCS vs standing forest and Northern European energy,SSP2-PkBudg1000,2030,2040,annual,activity,supply of forest residue | ENC,273262.19773720775,36.582632762316464,7469.724760178917,3,kg CO2-Eq,00fd8965df31b9e43f25
BECCS,new CHP+CCS vs standing forest and Northern European energy,SSP2-PkBudg1000,2030,2040,annual,activity,"carbon dioxide transport extension, pipeline 50 to 2000 km, LCSS 2026 | ENC",215177.25951671123,28.806584770542102,7469.724760178917,4,kg CO2-Eq,00fd8965df31b9e43f25
BECCS,new CHP+CCS vs standing forest and Northern European energy,SSP2-PkBudg1000,2030,2040,annual,activity,"heat and power co-generation, wood chips, 6667 kW, state-of-the-art 2014 | FI",-196070.2534236507,-26.248658380145503,7469.724760178917,5,kg CO2-Eq,00fd8965df31b9e43f25
BECCS,new CHP+CCS vs standing forest and Northern European energy,SSP2-PkBudg1000,2030,2040,annual,activity,"heat and power co-generation, wood chips, 6667 kW, state-of-the-art 2014 | SE",-155370.65433842607,-20.800050781885115,7469.724760178917,6,kg CO2-Eq,00fd8965df31b9e43f25
BECCS,new CHP+CCS vs standing forest and Northern European energy,SSP2-PkBudg1000,2030,2040,annual,activity,"hydrogen production, gaseous, 25 bar, from gasification of woody biomass in entrained flow gasifier, at gasification plant | ENC",148337.07231427895,19.85843884169113,7469.724760178917,7,kg CO2-Eq,00fd8965df31b9e43f25
BECCS,new CHP+CCS vs standing forest and Northern European energy,SSP2-PkBudg1000,2030,2040,annual,activity,"heat and power co-generation, wood chips, 6667 kW, state-of-the-art 2014 | DK",-144377.79066184734,-19.328394994086658,7469.724760178917,8,kg CO2-Eq,00fd8965df31b9e43f25
BECCS,new CHP+CCS vs standing forest and Northern European energy,SSP2-PkBudg1000,2030,2040,annual,activity,"wood chipping, mobile chipper, at forest road | FI",64967.03427324292,8.697379938225035,7469.724760178917,9,kg CO2-Eq,00fd8965df31b9e43f25
BECCS,new CHP+CCS vs standing forest and Northern European energy,SSP2-PkBudg1000,2030,2040,annual,activity,"carbon monoxide, from RWGS, for Fischer Tropsch process, hydrogen from wood gasification | ENC",-52039.358882936795,-6.966703667631568,7469.724760178917,10,kg CO2-Eq,00fd8965df31b9e43f25
BECCS,new CHP+CCS vs standing forest and Northern European energy,SSP2-PkBudg1000,2030,2040,annual,activity,"harvesting, forestry harvester | FI",45392.19988352912,6.0768236234773765,7469.724760178917,11,kg CO2-Eq,00fd8965df31b9e43f25
BECCS,new CHP+CCS vs standing forest and Northern European energy,SSP2-PkBudg1000,2030,2040,annual,activity,treatment of sewage sludge by anaerobic digestion | RoW,30885.491769925942,4.134756334607725,7469.724760178917,12,kg CO2-Eq,00fd8965df31b9e43f25
BECCS,new CHP+CCS vs standing forest and Northern European energy,SSP2-PkBudg1000,2030,2040,annual,activity,"heat production, softwood chips from forest, at furnace 1000kW | ENC",-27385.70583221887,-3.666226897436971,7469.724760178917,13,kg CO2-Eq,00fd8965df31b9e43f25
BECCS,new CHP+CCS vs standing forest and Northern European energy,SSP2-PkBudg1000,2030,2040,annual,activity,"methanol production, biomass gasification | ENC",-25777.719042472356,-3.4509596899598374,7469.724760178917,14,kg CO2-Eq,00fd8965df31b9e43f25
BECCS,new CHP+CCS vs standing forest and Northern European energy,SSP2-PkBudg1000,2030,2040,annual,activity,Other activities,140449.5355021087,18.802504779137887,7469.724760178917,15,kg CO2-Eq,00fd8965df31b9e43f25
BECCS,new CHP+CCS vs standing forest and Northern European energy,SSP2-PkBudg1000,2030,2040,annual,location,SE,-8706579.223454872,-1165.5823344214266,7469.724760178917,1,kg CO2-Eq,00fd8965df31b9e43f25
BECCS,new CHP+CCS vs standing forest and Northern European energy,SSP2-PkBudg1000,2030,2040,annual,location,ENC,1359339.9173722158,181.9799204140497,7469.724760178917,2,kg CO2-Eq,00fd8965df31b9e43f25
BECCS,new CHP+CCS vs standing forest and Northern European energy,SSP2-PkBudg1000,2030,2040,annual,location,DK,-144417.92142784936,-19.333767449871903,7469.724760178917,3,kg CO2-Eq,00fd8965df31b9e43f25
BECCS,new CHP+CCS vs standing forest and Northern European energy,SSP2-PkBudg1000,2030,2040,annual,location,FI,-74028.01889636969,-9.910407849431463,7469.724760178917,4,kg CO2-Eq,00fd8965df31b9e43f25
BECCS,new CHP+CCS vs standing forest and Northern European energy,SSP2-PkBudg1000,2030,2040,annual,location,RoW,53513.8099983588,7.164093954792121,7469.724760178917,5,kg CO2-Eq,00fd8965df31b9e43f25
BECCS,new CHP+CCS vs standing forest and Northern European energy,SSP2-PkBudg1000,2030,2040,annual,location,GLO,43163.40968431271,5.778447140973217,7469.724760178917,6,kg CO2-Eq,00fd8965df31b9e43f25
BECCS,new CHP+CCS vs standing forest and Northern European energy,SSP2-PkBudg1000,2030,2040,annual,location,CHA,25925.17128526204,3.4706996733626734,7469.724760178917,7,kg CO2-Eq,00fd8965df31b9e43f25
BECCS,new CHP+CCS vs standing forest and Northern European energy,SSP2-PkBudg1000,2030,2040,annual,location,MEA,14221.870126379306,1.9039349618604502,7469.724760178917,8,kg CO2-Eq,00fd8965df31b9e43f25
BECCS,new CHP+CCS vs standing forest and Northern European energy,SSP2-PkBudg1000,2030,2040,annual,location,Other locations,120438.65581268328,16.123573448748935,7469.724760178917,9,kg CO2-Eq,00fd8965df31b9e43f25
BECCS,new CHP+CCS vs standing forest and Northern European energy,SSP2-PkBudg1000,2030,2040,annual,process,Forest regrowth,-8538779.819222614,-1143.1184003917824,7469.724760178917,1,kg CO2-Eq,00fd8965df31b9e43f25
BECCS,new CHP+CCS vs standing forest and Northern European energy,SSP2-PkBudg1000,2030,2040,annual,process,Harvesting and biomass supply,75002.8153077929,10.040907492018007,7469.724760178917,2,kg CO2-Eq,00fd8965df31b9e43f25
BECCS,new CHP+CCS vs standing forest and Northern European energy,SSP2-PkBudg1000,2030,2040,annual,process,Residual biogenic stack emissions,853878.0018494421,114.31184270690449,7469.724760178917,3,kg CO2-Eq,00fd8965df31b9e43f25
BECCS,new CHP+CCS vs standing forest and Northern European energy,SSP2-PkBudg1000,2030,2040,annual,process,New CHP infrastructure and end-of-life,14799.119405606989,1.9812134825236207,7469.724760178917,4,kg CO2-Eq,00fd8965df31b9e43f25
BECCS,new CHP+CCS vs standing forest and Northern European energy,SSP2-PkBudg1000,2030,2040,annual,process,Other CHP operating emissions,69373.21249641175,9.287251501720675,7469.724760178917,5,kg CO2-Eq,00fd8965df31b9e43f25
BECCS,new CHP+CCS vs standing forest and Northern European energy,SSP2-PkBudg1000,2030,2040,annual,process,Avoided Northern European electricity,-133702.72369912942,-17.899283841340218,7469.724760178917,6,kg CO2-Eq,00fd8965df31b9e43f25
BECCS,new CHP+CCS vs standing forest and Northern European energy,SSP2-PkBudg1000,2030,2040,annual,process,Avoided Northern European heat,-50340.109778474616,-6.739218832645295,7469.724760178917,7,kg CO2-Eq,00fd8965df31b9e43f25
BECCS,new CHP+CCS vs standing forest and Northern European energy,SSP2-PkBudg1000,2030,2040,annual,process,Capture electricity,0.0,0.0,7469.724760178917,8,kg CO2-Eq,00fd8965df31b9e43f25
BECCS,new CHP+CCS vs standing forest and Northern European energy,SSP2-PkBudg1000,2030,2040,annual,process,Compression and recompression,35217.58034481033,4.714709239697179,7469.724760178917,9,kg CO2-Eq,00fd8965df31b9e43f25
BECCS,new CHP+CCS vs standing forest and Northern European energy,SSP2-PkBudg1000,2030,2040,annual,process,Pipeline and geological storage,128761.13526829628,17.237734910223406,7469.724760178917,10,kg CO2-Eq,00fd8965df31b9e43f25
BECCS,new CHP+CCS vs standing forest and Northern European energy,SSP2-PkBudg1000,2030,2040,annual,process,Transport losses,215177.25646605933,28.80658436213992,7469.724760178917,11,kg CO2-Eq,00fd8965df31b9e43f25
BECCS,new CHP+CCS vs standing forest and Northern European energy,SSP2-PkBudg1000,2030,2040,annual,process,Capture chemicals and operating materials,14425.872239431308,1.9312454879643752,7469.724760178917,12,kg CO2-Eq,00fd8965df31b9e43f25
BECCS,new CHP+CCS vs standing forest and Northern European energy,SSP2-PkBudg1000,2030,2040,annual,process,CCS infrastructure and end-of-life,7765.207515748783,1.0395573819727715,7469.724760178917,13,kg CO2-Eq,00fd8965df31b9e43f25
BECCS,new CHP+CCS vs standing forest and Northern European energy,SSP2-PkBudg1000,2030,2040,annual,process,Other CHP and CCS supply-chain GHG emissions,0.12230671018556713,1.637365687656711e-05,7469.724760178917,14,kg CO2-Eq,00fd8965df31b9e43f25
BECCS,new CHP+CCS vs standing forest and Northern European energy,SSP2-PkBudg1000,2030,2041,annual,activity,"forest carbon regrowth differential, existing spruce forest vs standing stock, LCSS 2026 | SE",-8538779.455058046,-1143.1183516397093,7469.724760178917,1,kg CO2-Eq,c5190e7eabdba38f205d
BECCS,new CHP+CCS vs standing forest and Northern European energy,SSP2-PkBudg1000,2030,2041,annual,activity,"operation of new Nordic spruce CHP with post-combustion capture, excluding capture equipment, LCSS 2026 | ENC",912907.8167427152,122.21438487391455,7469.724760178917,2,kg CO2-Eq,c5190e7eabdba38f205d
BECCS,new CHP+CCS vs standing forest and Northern European energy,SSP2-PkBudg1000,2030,2041,annual,activity,supply of forest residue | ENC,246238.0415897874,32.96480787384319,7469.724760178917,3,kg CO2-Eq,c5190e7eabdba38f205d
BECCS,new CHP+CCS vs standing forest and Northern European energy,SSP2-PkBudg1000,2030,2041,annual,activity,"carbon dioxide transport extension, pipeline 50 to 2000 km, LCSS 2026 | ENC",215177.25951671123,28.806584770542102,7469.724760178917,4,kg CO2-Eq,c5190e7eabdba38f205d
BECCS,new CHP+CCS vs standing forest and Northern European energy,SSP2-PkBudg1000,2030,2041,annual,activity,"heat and power co-generation, wood chips, 6667 kW, state-of-the-art 2014 | FI",-188109.57331875814,-25.182932351345766,7469.724760178917,5,kg CO2-Eq,c5190e7eabdba38f205d
BECCS,new CHP+CCS vs standing forest and Northern European energy,SSP2-PkBudg1000,2030,2041,annual,activity,"hydrogen production, gaseous, 25 bar, from gasification of woody biomass in entrained flow gasifier, at gasification plant | ENC",151702.27509930823,20.308951128699235,7469.724760178917,6,kg CO2-Eq,c5190e7eabdba38f205d
BECCS,new CHP+CCS vs standing forest and Northern European energy,SSP2-PkBudg1000,2030,2041,annual,activity,"heat and power co-generation, wood chips, 6667 kW, state-of-the-art 2014 | SE",-149070.80522625416,-19.956666411719777,7469.724760178917,7,kg CO2-Eq,c5190e7eabdba38f205d
BECCS,new CHP+CCS vs standing forest and Northern European energy,SSP2-PkBudg1000,2030,2041,annual,activity,"heat and power co-generation, wood chips, 6667 kW, state-of-the-art 2014 | DK",-138523.6664915857,-18.544681489478034,7469.724760178917,8,kg CO2-Eq,c5190e7eabdba38f205d
BECCS,new CHP+CCS vs standing forest and Northern European energy,SSP2-PkBudg1000,2030,2041,annual,activity,"wood chipping, mobile chipper, at forest road | FI",64967.034155086956,8.697379922407054,7469.724760178917,9,kg CO2-Eq,c5190e7eabdba38f205d
BECCS,new CHP+CCS vs standing forest and Northern European energy,SSP2-PkBudg1000,2030,2041,annual,activity,"carbon monoxide, from RWGS, for Fischer Tropsch process, hydrogen from wood gasification | ENC",-53224.010869750084,-7.1252974612246955,7469.724760178917,10,kg CO2-Eq,c5190e7eabdba38f205d
BECCS,new CHP+CCS vs standing forest and Northern European energy,SSP2-PkBudg1000,2030,2041,annual,activity,"harvesting, forestry harvester | FI",45394.18695149097,6.077089639699613,7469.724760178917,11,kg CO2-Eq,c5190e7eabdba38f205d
BECCS,new CHP+CCS vs standing forest and Northern European energy,SSP2-PkBudg1000,2030,2041,annual,activity,treatment of sewage sludge by anaerobic digestion | RoW,29972.06092627806,4.012471930165224,7469.724760178917,12,kg CO2-Eq,c5190e7eabdba38f205d
BECCS,new CHP+CCS vs standing forest and Northern European energy,SSP2-PkBudg1000,2030,2041,annual,activity,"methanol production, biomass gasification | ENC",-29514.30570061326,-3.9511905255135966,7469.724760178917,13,kg CO2-Eq,c5190e7eabdba38f205d
BECCS,new CHP+CCS vs standing forest and Northern European energy,SSP2-PkBudg1000,2030,2041,annual,activity,"heat production, softwood chips from forest, at furnace 1000kW | ENC",-26212.96294055744,-3.509227418967119,7469.724760178917,14,kg CO2-Eq,c5190e7eabdba38f205d
BECCS,new CHP+CCS vs standing forest and Northern European energy,SSP2-PkBudg1000,2030,2041,annual,activity,Other activities,139683.29633136585,18.6999254746329,7469.724760178917,15,kg CO2-Eq,c5190e7eabdba38f205d
BECCS,new CHP+CCS vs standing forest and Northern European energy,SSP2-PkBudg1000,2030,2041,annual,location,SE,-8700318.528830908,-1164.7441918090856,7469.724760178917,1,kg CO2-Eq,c5190e7eabdba38f205d
BECCS,new CHP+CCS vs standing forest and Northern European energy,SSP2-PkBudg1000,2030,2041,annual,location,ENC,1333223.5662250547,178.48362677731663,7469.724760178917,2,kg CO2-Eq,c5190e7eabdba38f205d
BECCS,new CHP+CCS vs standing forest and Northern European energy,SSP2-PkBudg1000,2030,2041,annual,location,DK,-138560.554095166,-18.549619770976296,7469.724760178917,3,kg CO2-Eq,c5190e7eabdba38f205d
BECCS,new CHP+CCS vs standing forest and Northern European energy,SSP2-PkBudg1000,2030,2041,annual,location,FI,-66069.15840343536,-8.844925418892256,7469.724760178917,4,kg CO2-Eq,c5190e7eabdba38f205d
BECCS,new CHP+CCS vs standing forest and Northern European energy,SSP2-PkBudg1000,2030,2041,annual,location,RoW,48738.68579800214,6.524830212999004,7469.724760178917,5,kg CO2-Eq,c5190e7eabdba38f205d
BECCS,new CHP+CCS vs standing forest and Northern European energy,SSP2-PkBudg1000,2030,2041,annual,location,GLO,42853.81184267038,5.737000119619392,7469.724760178917,6,kg CO2-Eq,c5190e7eabdba38f205d
BECCS,new CHP+CCS vs standing forest and Northern European energy,SSP2-PkBudg1000,2030,2041,annual,location,CHA,24332.442881782805,3.257475163141083,7469.724760178917,7,kg CO2-Eq,c5190e7eabdba38f205d
BECCS,new CHP+CCS vs standing forest and Northern European energy,SSP2-PkBudg1000,2030,2041,annual,location,MEA,15138.182531729584,2.0266051317487888,7469.724760178917,8,kg CO2-Eq,c5190e7eabdba38f205d
BECCS,new CHP+CCS vs standing forest and Northern European energy,SSP2-PkBudg1000,2030,2041,annual,location,Other locations,123268.74375744781,16.5024479100747,7469.724760178917,9,kg CO2-Eq,c5190e7eabdba38f205d
BECCS,new CHP+CCS vs standing forest and Northern European energy,SSP2-PkBudg1000,2030,2041,annual,process,Forest regrowth,-8538779.819222614,-1143.1184003917824,7469.724760178917,1,kg CO2-Eq,c5190e7eabdba38f205d
BECCS,new CHP+CCS vs standing forest and Northern European energy,SSP2-PkBudg1000,2030,2041,annual,process,Harvesting and biomass supply,65705.74855678268,8.796274383101752,7469.724760178917,2,kg CO2-Eq,c5190e7eabdba38f205d
BECCS,new CHP+CCS vs standing forest and Northern European energy,SSP2-PkBudg1000,2030,2041,annual,process,Residual biogenic stack emissions,853878.0018494421,114.31184270690449,7469.724760178917,3,kg CO2-Eq,c5190e7eabdba38f205d
BECCS,new CHP+CCS vs standing forest and Northern European energy,SSP2-PkBudg1000,2030,2041,annual,process,New CHP infrastructure and end-of-life,14381.803359174275,1.9253458220902102,7469.724760178917,4,kg CO2-Eq,c5190e7eabdba38f205d
BECCS,new CHP+CCS vs standing forest and Northern European energy,SSP2-PkBudg1000,2030,2041,annual,process,Other CHP operating emissions,69219.89184688912,9.26672589275313,7469.724760178917,5,kg CO2-Eq,c5190e7eabdba38f205d
BECCS,new CHP+CCS vs standing forest and Northern European energy,SSP2-PkBudg1000,2030,2041,annual,process,Avoided Northern European electricity,-129652.46279352422,-17.357060260734258,7469.724760178917,6,kg CO2-Eq,c5190e7eabdba38f205d
BECCS,new CHP+CCS vs standing forest and Northern European energy,SSP2-PkBudg1000,2030,2041,annual,process,Avoided Northern European heat,-48340.94360692295,-6.471582977813104,7469.724760178917,7,kg CO2-Eq,c5190e7eabdba38f205d
BECCS,new CHP+CCS vs standing forest and Northern European energy,SSP2-PkBudg1000,2030,2041,annual,process,Capture electricity,0.0,0.0,7469.724760178917,8,kg CO2-Eq,c5190e7eabdba38f205d
BECCS,new CHP+CCS vs standing forest and Northern European energy,SSP2-PkBudg1000,2030,2041,annual,process,Compression and recompression,34201.24980035166,4.578649267330228,7469.724760178917,9,kg CO2-Eq,c5190e7eabdba38f205d
BECCS,new CHP+CCS vs standing forest and Northern European energy,SSP2-PkBudg1000,2030,2041,annual,process,Pipeline and geological storage,124989.30290193894,16.73278559984654,7469.724760178917,10,kg CO2-Eq,c5190e7eabdba38f205d
BECCS,new CHP+CCS vs standing forest and Northern European energy,SSP2-PkBudg1000,2030,2041,annual,process,Transport losses,215177.25646605933,28.80658436213992,7469.724760178917,11,kg CO2-Eq,c5190e7eabdba38f205d
BECCS,new CHP+CCS vs standing forest and Northern European energy,SSP2-PkBudg1000,2030,2041,annual,process,Capture chemicals and operating materials,14319.734691432192,1.9170364573231211,7469.724760178917,12,kg CO2-Eq,c5190e7eabdba38f205d
BECCS,new CHP+CCS vs standing forest and Northern European energy,SSP2-PkBudg1000,2030,2041,annual,process,CCS infrastructure and end-of-life,7507.3053903291,1.0050310595579808,7469.724760178917,13,kg CO2-Eq,c5190e7eabdba38f205d
BECCS,new CHP+CCS vs standing forest and Northern European energy,SSP2-PkBudg1000,2030,2041,annual,process,Other CHP and CCS supply-chain GHG emissions,0.12246777803151153,1.6395219631704094e-05,7469.724760178917,14,kg CO2-Eq,c5190e7eabdba38f205d
BECCS,new CHP+CCS vs standing forest and Northern European energy,SSP2-PkBudg1000,2030,2042,annual,activity,"forest carbon regrowth differential, existing spruce forest vs standing stock, LCSS 2026 | SE",-8538779.455058046,-1143.1183516397093,7469.724760178917,1,kg CO2-Eq,91751654937affa857e2
BECCS,new CHP+CCS vs standing forest and Northern European energy,SSP2-PkBudg1000,2030,2042,annual,activity,"operation of new Nordic spruce CHP with post-combustion capture, excluding capture equipment, LCSS 2026 | ENC",912907.8167427152,122.21438487391455,7469.724760178917,2,kg CO2-Eq,91751654937affa857e2
BECCS,new CHP+CCS vs standing forest and Northern European energy,SSP2-PkBudg1000,2030,2042,annual,activity,supply of forest residue | ENC,219242.73446894897,29.350845112490813,7469.724760178917,3,kg CO2-Eq,91751654937affa857e2
BECCS,new CHP+CCS vs standing forest and Northern European energy,SSP2-PkBudg1000,2030,2042,annual,activity,"carbon dioxide transport extension, pipeline 50 to 2000 km, LCSS 2026 | ENC",215177.25951671123,28.806584770542102,7469.724760178917,4,kg CO2-Eq,91751654937affa857e2
BECCS,new CHP+CCS vs standing forest and Northern European energy,SSP2-PkBudg1000,2030,2042,annual,activity,"heat and power co-generation, wood chips, 6667 kW, state-of-the-art 2014 | FI",-180121.3886124918,-24.11352417865762,7469.724760178917,5,kg CO2-Eq,91751654937affa857e2
BECCS,new CHP+CCS vs standing forest and Northern European energy,SSP2-PkBudg1000,2030,2042,annual,activity,"hydrogen production, gaseous, 25 bar, from gasification of woody biomass in entrained flow gasifier, at gasification plant | ENC",155076.21346276609,20.760632880273846,7469.724760178917,6,kg CO2-Eq,91751654937affa857e2
BECCS,new CHP+CCS vs standing forest and Northern European energy,SSP2-PkBudg1000,2030,2042,annual,activity,"heat and power co-generation, wood chips, 6667 kW, state-of-the-art 2014 | SE",-142749.1954058199,-19.11036885412639,7469.724760178917,7,kg CO2-Eq,91751654937affa857e2
BECCS,new CHP+CCS vs standing forest and Northern European energy,SSP2-PkBudg1000,2030,2042,annual,activity,"heat and power co-generation, wood chips, 6667 kW, state-of-the-art 2014 | DK",-132649.33041096487,-17.758262140811144,7469.724760178917,8,kg CO2-Eq,91751654937affa857e2
BECCS,new CHP+CCS vs standing forest and Northern European energy,SSP2-PkBudg1000,2030,2042,annual,activity,"wood chipping, mobile chipper, at forest road | FI",64967.03403862352,8.697379906815657,7469.724760178917,9,kg CO2-Eq,91751654937affa857e2
BECCS,new CHP+CCS vs standing forest and Northern European energy,SSP2-PkBudg1000,2030,2042,annual,activity,"carbon monoxide, from RWGS, for Fischer Tropsch process, hydrogen from wood gasification | ENC",-54405.76805191872,-7.28350371648976,7469.724760178917,10,kg CO2-Eq,91751654937affa857e2
BECCS,new CHP+CCS vs standing forest and Northern European energy,SSP2-PkBudg1000,2030,2042,annual,activity,"harvesting, forestry harvester | FI",45396.24766819031,6.077365515553878,7469.724760178917,11,kg CO2-Eq,91751654937affa857e2
BECCS,new CHP+CCS vs standing forest and Northern European energy,SSP2-PkBudg1000,2030,2042,annual,activity,"methanol production, biomass gasification | ENC",-33251.04124375748,-4.451441292859771,7469.724760178917,12,kg CO2-Eq,91751654937affa857e2
BECCS,new CHP+CCS vs standing forest and Northern European energy,SSP2-PkBudg1000,2030,2042,annual,activity,treatment of sewage sludge by anaerobic digestion | RoW,29063.19525711341,3.890798682710403,7469.724760178917,13,kg CO2-Eq,91751654937affa857e2
BECCS,new CHP+CCS vs standing forest and Northern European energy,SSP2-PkBudg1000,2030,2042,annual,activity,"heat production, softwood chips from forest, at furnace 1000kW | ENC",-25040.407317047553,-3.352253010785337,7469.724760178917,14,kg CO2-Eq,91751654937affa857e2
BECCS,new CHP+CCS vs standing forest and Northern European energy,SSP2-PkBudg1000,2030,2042,annual,activity,Other activities,138869.5227267094,18.590982557620123,7469.724760178917,15,kg CO2-Eq,91751654937affa857e2
BECCS,new CHP+CCS vs standing forest and Northern European energy,SSP2-PkBudg1000,2030,2042,annual,location,SE,-8694035.898278713,-1163.9031125519639,7469.724760178917,1,kg CO2-Eq,91751654937affa857e2
BECCS,new CHP+CCS vs standing forest and Northern European energy,SSP2-PkBudg1000,2030,2042,annual,location,ENC,1307069.479653746,174.982281358174,7469.724760178917,2,kg CO2-Eq,91751654937affa857e2
BECCS,new CHP+CCS vs standing forest and Northern European energy,SSP2-PkBudg1000,2030,2042,annual,location,DK,-132682.96296541396,-17.762764656704153,7469.724760178917,3,kg CO2-Eq,91751654937affa857e2
BECCS,new CHP+CCS vs standing forest and Northern European energy,SSP2-PkBudg1000,2030,2042,annual,location,FI,-58082.63408681851,-7.775739528778473,7469.724760178917,4,kg CO2-Eq,91751654937affa857e2
BECCS,new CHP+CCS vs standing forest and Northern European energy,SSP2-PkBudg1000,2030,2042,annual,location,RoW,43965.5821475769,5.885836969784656,7469.724760178917,5,kg CO2-Eq,91751654937affa857e2
BECCS,new CHP+CCS vs standing forest and Northern European energy,SSP2-PkBudg1000,2030,2042,annual,location,GLO,42556.55423904331,5.697205132096994,7469.724760178917,6,kg CO2-Eq,91751654937affa857e2
BECCS,new CHP+CCS vs standing forest and Northern European energy,SSP2-PkBudg1000,2030,2042,annual,location,CHA,22774.88869296238,3.048959556632562,7469.724760178917,7,kg CO2-Eq,91751654937affa857e2
BECCS,new CHP+CCS vs standing forest and Northern European energy,SSP2-PkBudg1000,2030,2042,annual,location,MEA,16070.138486233936,2.151369562089329,7469.724760178917,8,kg CO2-Eq,91751654937affa857e2
BECCS,new CHP+CCS vs standing forest and Northern European energy,SSP2-PkBudg1000,2030,2042,annual,location,Other locations,126068.28989311466,16.877233625151007,7469.724760178917,9,kg CO2-Eq,91751654937affa857e2
BECCS,new CHP+CCS vs standing forest and Northern European energy,SSP2-PkBudg1000,2030,2042,annual,process,Forest regrowth,-8538779.819222614,-1143.1184003917824,7469.724760178917,1,kg CO2-Eq,91751654937affa857e2
BECCS,new CHP+CCS vs standing forest and Northern European energy,SSP2-PkBudg1000,2030,2042,annual,process,Harvesting and biomass supply,56420.02112824918,7.553159311709069,7469.724760178917,2,kg CO2-Eq,91751654937affa857e2
BECCS,new CHP+CCS vs standing forest and Northern European energy,SSP2-PkBudg1000,2030,2042,annual,process,Residual biogenic stack emissions,853878.0018494421,114.31184270690449,7469.724760178917,3,kg CO2-Eq,91751654937affa857e2
BECCS,new CHP+CCS vs standing forest and Northern European energy,SSP2-PkBudg1000,2030,2042,annual,process,New CHP infrastructure and end-of-life,13960.208703190227,1.8689053681886731,7469.724760178917,4,kg CO2-Eq,91751654937affa857e2
BECCS,new CHP+CCS vs standing forest and Northern European energy,SSP2-PkBudg1000,2030,2042,annual,process,Other CHP operating emissions,69064.74862325526,9.245956288970547,7469.724760178917,5,kg CO2-Eq,91751654937affa857e2
BECCS,new CHP+CCS vs standing forest and Northern European energy,SSP2-PkBudg1000,2030,2042,annual,process,Avoided Northern European electricity,-125593.67897486562,-16.81369568587121,7469.724760178917,6,kg CO2-Eq,91751654937affa857e2
BECCS,new CHP+CCS vs standing forest and Northern European energy,SSP2-PkBudg1000,2030,2042,annual,process,Avoided Northern European heat,-46283.74857527918,-6.196178582377992,7469.724760178917,7,kg CO2-Eq,91751654937affa857e2
BECCS,new CHP+CCS vs standing forest and Northern European energy,SSP2-PkBudg1000,2030,2042,annual,process,Capture electricity,0.0,0.0,7469.724760178917,8,kg CO2-Eq,91751654937affa857e2
BECCS,new CHP+CCS vs standing forest and Northern European energy,SSP2-PkBudg1000,2030,2042,annual,process,Compression and recompression,33182.68836605636,4.442290637394458,7469.724760178917,9,kg CO2-Eq,91751654937affa857e2
BECCS,new CHP+CCS vs standing forest and Northern European energy,SSP2-PkBudg1000,2030,2042,annual,process,Pipeline and geological storage,121218.25916480777,16.227941866214667,7469.724760178917,10,kg CO2-Eq,91751654937affa857e2
BECCS,new CHP+CCS vs standing forest and Northern European energy,SSP2-PkBudg1000,2030,2042,annual,process,Transport losses,215177.25646605933,28.80658436213992,7469.724760178917,11,kg CO2-Eq,91751654937affa857e2
BECCS,new CHP+CCS vs standing forest and Northern European energy,SSP2-PkBudg1000,2030,2042,annual,process,Capture chemicals and operating materials,14211.99626781072,1.9026131114729736,7469.724760178917,12,kg CO2-Eq,91751654937affa857e2
BECCS,new CHP+CCS vs standing forest and Northern European energy,SSP2-PkBudg1000,2030,2042,annual,process,CCS infrastructure and end-of-life,7247.381355225197,0.9702340565292269,7469.724760178917,13,kg CO2-Eq,91751654937affa857e2
BECCS,new CHP+CCS vs standing forest and Northern European energy,SSP2-PkBudg1000,2030,2042,annual,process,Other CHP and CCS supply-chain GHG emissions,0.12263035577174537,1.6416984522038547e-05,7469.724760178917,14,kg CO2-Eq,91751654937affa857e2
BECCS,new CHP+CCS vs standing forest and Northern European energy,SSP2-PkBudg1000,2030,2043,annual,activity,"forest carbon regrowth differential, existing spruce forest vs standing stock, LCSS 2026 | SE",-8538779.455058046,-1143.1183516397093,7469.724760178917,1,kg CO2-Eq,329a0a6ff1ec0a192ba0
BECCS,new CHP+CCS vs standing forest and Northern European energy,SSP2-PkBudg1000,2030,2043,annual,activity,"operation of new Nordic spruce CHP with post-combustion capture, excluding capture equipment, LCSS 2026 | ENC",912907.8167427152,122.21438487391455,7469.724760178917,2,kg CO2-Eq,329a0a6ff1ec0a192ba0
BECCS,new CHP+CCS vs standing forest and Northern European energy,SSP2-PkBudg1000,2030,2043,annual,activity,"carbon dioxide transport extension, pipeline 50 to 2000 km, LCSS 2026 | ENC",215177.25951671123,28.806584770542102,7469.724760178917,3,kg CO2-Eq,329a0a6ff1ec0a192ba0
BECCS,new CHP+CCS vs standing forest and Northern European energy,SSP2-PkBudg1000,2030,2043,annual,activity,supply of forest residue | ENC,192278.24739051863,25.74100834552211,7469.724760178917,4,kg CO2-Eq,329a0a6ff1ec0a192ba0
BECCS,new CHP+CCS vs standing forest and Northern European energy,SSP2-PkBudg1000,2030,2043,annual,activity,"heat and power co-generation, wood chips, 6667 kW, state-of-the-art 2014 | FI",-172106.21311086055,-23.040502647213767,7469.724760178917,5,kg CO2-Eq,329a0a6ff1ec0a192ba0
BECCS,new CHP+CCS vs standing forest and Northern European energy,SSP2-PkBudg1000,2030,2043,annual,activity,"hydrogen production, gaseous, 25 bar, from gasification of woody biomass in entrained flow gasifier, at gasification plant | ENC",158458.6054830667,21.21344635451752,7469.724760178917,6,kg CO2-Eq,329a0a6ff1ec0a192ba0
BECCS,new CHP+CCS vs standing forest and Northern European energy,SSP2-PkBudg1000,2030,2043,annual,activity,"heat and power co-generation, wood chips, 6667 kW, state-of-the-art 2014 | SE",-136406.2199687814,-18.261211001503376,7469.724760178917,7,kg CO2-Eq,329a0a6ff1ec0a192ba0
BECCS,new CHP+CCS vs standing forest and Northern European energy,SSP2-PkBudg1000,2030,2043,annual,activity,"heat and power co-generation, wood chips, 6667 kW, state-of-the-art 2014 | DK",-126755.14110177348,-16.96918496615897,7469.724760178917,8,kg CO2-Eq,329a0a6ff1ec0a192ba0
BECCS,new CHP+CCS vs standing forest and Northern European energy,SSP2-PkBudg1000,2030,2043,annual,activity,"wood chipping, mobile chipper, at forest road | FI",64967.03343179822,8.697379825577684,7469.724760178917,9,kg CO2-Eq,329a0a6ff1ec0a192ba0
BECCS,new CHP+CCS vs standing forest and Northern European energy,SSP2-PkBudg1000,2030,2043,annual,activity,"carbon monoxide, from RWGS, for Fischer Tropsch process, hydrogen from wood gasification | ENC",-55584.53282316574,-7.441309366509291,7469.724760178917,10,kg CO2-Eq,329a0a6ff1ec0a192ba0
BECCS,new CHP+CCS vs standing forest and Northern European energy,SSP2-PkBudg1000,2030,2043,annual,activity,"harvesting, forestry harvester | FI",45398.3728031469,6.0776500153212485,7469.724760178917,11,kg CO2-Eq,329a0a6ff1ec0a192ba0
BECCS,new CHP+CCS vs standing forest and Northern European energy,SSP2-PkBudg1000,2030,2043,annual,activity,"methanol production, biomass gasification | ENC",-36987.92819824295,-4.951712330208672,7469.724760178917,12,kg CO2-Eq,329a0a6ff1ec0a192ba0
BECCS,new CHP+CCS vs standing forest and Northern European energy,SSP2-PkBudg1000,2030,2043,annual,activity,treatment of sewage sludge by anaerobic digestion | RoW,28159.007587913897,3.769751696612637,7469.724760178917,13,kg CO2-Eq,329a0a6ff1ec0a192ba0
BECCS,new CHP+CCS vs standing forest and Northern European energy,SSP2-PkBudg1000,2030,2043,annual,activity,"heat production, softwood chips from forest, at furnace 1000kW | ENC",-23868.03520210097,-3.195303169581482,7469.724760178917,14,kg CO2-Eq,329a0a6ff1ec0a192ba0
BECCS,new CHP+CCS vs standing forest and Northern European energy,SSP2-PkBudg1000,2030,2043,annual,activity,Other activities,138007.31573881983,18.475555682390933,7469.724760178917,15,kg CO2-Eq,329a0a6ff1ec0a192ba0
BECCS,new CHP+CCS vs standing forest and Northern European energy,SSP2-PkBudg1000,2030,2043,annual,location,SE,-8687731.728989944,-1163.0591498235945,7469.724760178917,1,kg CO2-Eq,329a0a6ff1ec0a192ba0
BECCS,new CHP+CCS vs standing forest and Northern European energy,SSP2-PkBudg1000,2030,2043,annual,location,ENC,1280879.3022103035,171.47610431895265,7469.724760178917,2,kg CO2-Eq,329a0a6ff1ec0a192ba0
BECCS,new CHP+CCS vs standing forest and Northern European energy,SSP2-PkBudg1000,2030,2043,annual,location,DK,-126785.50690821101,-16.973250150273838,7469.724760178917,3,kg CO2-Eq,329a0a6ff1ec0a192ba0
BECCS,new CHP+CCS vs standing forest and Northern European energy,SSP2-PkBudg1000,2030,2043,annual,location,FI,-50068.97034391887,-6.702920382131938,7469.724760178917,4,kg CO2-Eq,329a0a6ff1ec0a192ba0
BECCS,new CHP+CCS vs standing forest and Northern European energy,SSP2-PkBudg1000,2030,2043,annual,location,GLO,42271.64804940619,5.659063674575566,7469.724760178917,5,kg CO2-Eq,329a0a6ff1ec0a192ba0
BECCS,new CHP+CCS vs standing forest and Northern European energy,SSP2-PkBudg1000,2030,2043,annual,location,RoW,39194.6214643265,5.247130613603452,7469.724760178917,6,kg CO2-Eq,329a0a6ff1ec0a192ba0
BECCS,new CHP+CCS vs standing forest and Northern European energy,SSP2-PkBudg1000,2030,2043,annual,location,CHA,21252.54439657479,2.8451576301541994,7469.724760178917,7,kg CO2-Eq,329a0a6ff1ec0a192ba0
BECCS,new CHP+CCS vs standing forest and Northern European energy,SSP2-PkBudg1000,2030,2043,annual,location,MEA,17017.889311137686,2.2782485108233184,7469.724760178917,8,kg CO2-Eq,329a0a6ff1ec0a192ba0
BECCS,new CHP+CCS vs standing forest and Northern European energy,SSP2-PkBudg1000,2030,2043,annual,location,Other locations,128836.33404204376,17.247802051404882,7469.724760178917,9,kg CO2-Eq,329a0a6ff1ec0a192ba0
BECCS,new CHP+CCS vs standing forest and Northern European energy,SSP2-PkBudg1000,2030,2043,annual,process,Forest regrowth,-8538779.819222614,-1143.1184003917824,7469.724760178917,1,kg CO2-Eq,329a0a6ff1ec0a192ba0
BECCS,new CHP+CCS vs standing forest and Northern European energy,SSP2-PkBudg1000,2030,2043,annual,process,Harvesting and biomass supply,47145.65929538272,6.311565795130244,7469.724760178917,2,kg CO2-Eq,329a0a6ff1ec0a192ba0
BECCS,new CHP+CCS vs standing forest and Northern European energy,SSP2-PkBudg1000,2030,2043,annual,process,Residual biogenic stack emissions,853878.0018494421,114.31184270690449,7469.724760178917,3,kg CO2-Eq,329a0a6ff1ec0a192ba0
BECCS,new CHP+CCS vs standing forest and Northern European energy,SSP2-PkBudg1000,2030,2043,annual,process,New CHP infrastructure and end-of-life,13534.233895105073,1.8118785269379722,7469.724760178917,4,kg CO2-Eq,329a0a6ff1ec0a192ba0
BECCS,new CHP+CCS vs standing forest and Northern European energy,SSP2-PkBudg1000,2030,2043,annual,process,Other CHP operating emissions,68907.76228807666,9.224939940949866,7469.724760178917,5,kg CO2-Eq,329a0a6ff1ec0a192ba0
BECCS,new CHP+CCS vs standing forest and Northern European energy,SSP2-PkBudg1000,2030,2043,annual,process,Avoided Northern European electricity,-121526.11104100167,-16.26915514864176,7469.724760178917,6,kg CO2-Eq,329a0a6ff1ec0a192ba0
BECCS,new CHP+CCS vs standing forest and Northern European energy,SSP2-PkBudg1000,2030,2043,annual,process,Avoided Northern European heat,-44168.23806529503,-5.912967275682739,7469.724760178917,7,kg CO2-Eq,329a0a6ff1ec0a192ba0
BECCS,new CHP+CCS vs standing forest and Northern European energy,SSP2-PkBudg1000,2030,2043,annual,process,Capture electricity,0.0,0.0,7469.724760178917,8,kg CO2-Eq,329a0a6ff1ec0a192ba0
BECCS,new CHP+CCS vs standing forest and Northern European energy,SSP2-PkBudg1000,2030,2043,annual,process,Compression and recompression,32161.829944627887,4.30562450119749,7469.724760178917,9,kg CO2-Eq,329a0a6ff1ec0a192ba0
BECCS,new CHP+CCS vs standing forest and Northern European energy,SSP2-PkBudg1000,2030,2043,annual,process,Pipeline and geological storage,117447.42573416342,15.723126287099003,7469.724760178917,10,kg CO2-Eq,329a0a6ff1ec0a192ba0
BECCS,new CHP+CCS vs standing forest and Northern European energy,SSP2-PkBudg1000,2030,2043,annual,process,Transport losses,215177.25646605933,28.80658436213992,7469.724760178917,11,kg CO2-Eq,329a0a6ff1ec0a192ba0
BECCS,new CHP+CCS vs standing forest and Northern European energy,SSP2-PkBudg1000,2030,2043,annual,process,Capture chemicals and operating materials,14102.634922873343,1.8879724990744577,7469.724760178917,12,kg CO2-Eq,329a0a6ff1ec0a192ba0
BECCS,new CHP+CCS vs standing forest and Northern European energy,SSP2-PkBudg1000,2030,2043,annual,process,CCS infrastructure and end-of-life,6985.374370532551,0.9351582012461241,7469.724760178917,13,kg CO2-Eq,329a0a6ff1ec0a192ba0
BECCS,new CHP+CCS vs standing forest and Northern European energy,SSP2-PkBudg1000,2030,2043,annual,process,Other CHP and CCS supply-chain GHG emissions,0.12279427186597255,1.643892858282925e-05,7469.724760178917,14,kg CO2-Eq,329a0a6ff1ec0a192ba0
BECCS,new CHP+CCS vs standing forest and Northern European energy,SSP2-PkBudg1000,2030,2044,annual,activity,"forest carbon regrowth differential, existing spruce forest vs standing stock, LCSS 2026 | SE",-8538779.455058046,-1143.1183516397093,7469.724760178917,1,kg CO2-Eq,d0063e7ab7b8dcbfcc27
BECCS,new CHP+CCS vs standing forest and Northern European energy,SSP2-PkBudg1000,2030,2044,annual,activity,"operation of new Nordic spruce CHP with post-combustion capture, excluding capture equipment, LCSS 2026 | ENC",912907.8167427152,122.21438487391455,7469.724760178917,2,kg CO2-Eq,d0063e7ab7b8dcbfcc27
BECCS,new CHP+CCS vs standing forest and Northern European energy,SSP2-PkBudg1000,2030,2044,annual,activity,"carbon dioxide transport extension, pipeline 50 to 2000 km, LCSS 2026 | ENC",215177.25951671123,28.806584770542102,7469.724760178917,3,kg CO2-Eq,d0063e7ab7b8dcbfcc27
BECCS,new CHP+CCS vs standing forest and Northern European energy,SSP2-PkBudg1000,2030,2044,annual,activity,supply of forest residue | ENC,165346.53382575017,22.135559091442314,7469.724760178917,4,kg CO2-Eq,d0063e7ab7b8dcbfcc27
BECCS,new CHP+CCS vs standing forest and Northern European energy,SSP2-PkBudg1000,2030,2044,annual,activity,"heat and power co-generation, wood chips, 6667 kW, state-of-the-art 2014 | FI",-164064.49652339323,-21.963927961311324,7469.724760178917,5,kg CO2-Eq,d0063e7ab7b8dcbfcc27
BECCS,new CHP+CCS vs standing forest and Northern European energy,SSP2-PkBudg1000,2030,2044,annual,activity,"hydrogen production, gaseous, 25 bar, from gasification of woody biomass in entrained flow gasifier, at gasification plant | ENC",161849.13111300167,21.66734870551308,7469.724760178917,6,kg CO2-Eq,d0063e7ab7b8dcbfcc27
BECCS,new CHP+CCS vs standing forest and Northern European energy,SSP2-PkBudg1000,2030,2044,annual,activity,"heat and power co-generation, wood chips, 6667 kW, state-of-the-art 2014 | SE",-130042.23063180494,-17.409239939476716,7469.724760178917,7,kg CO2-Eq,d0063e7ab7b8dcbfcc27
BECCS,new CHP+CCS vs standing forest and Northern European energy,SSP2-PkBudg1000,2030,2044,annual,activity,"heat and power co-generation, wood chips, 6667 kW, state-of-the-art 2014 | DK",-120841.42399628433,-16.177493532357396,7469.724760178917,8,kg CO2-Eq,d0063e7ab7b8dcbfcc27
BECCS,new CHP+CCS vs standing forest and Northern European energy,SSP2-PkBudg1000,2030,2044,annual,activity,"wood chipping, mobile chipper, at forest road | FI",64967.033318743604,8.69737981044264,7469.724760178917,9,kg CO2-Eq,d0063e7ab7b8dcbfcc27
BECCS,new CHP+CCS vs standing forest and Northern European energy,SSP2-PkBudg1000,2030,2044,annual,activity,"carbon monoxide, from RWGS, for Fischer Tropsch process, hydrogen from wood gasification | ENC",-56760.19425479633,-7.598699560843899,7469.724760178917,10,kg CO2-Eq,d0063e7ab7b8dcbfcc27
BECCS,new CHP+CCS vs standing forest and Northern European energy,SSP2-PkBudg1000,2030,2044,annual,activity,"harvesting, forestry harvester | FI",45400.57124557544,6.077944329034152,7469.724760178917,11,kg CO2-Eq,d0063e7ab7b8dcbfcc27
BECCS,new CHP+CCS vs standing forest and Northern European energy,SSP2-PkBudg1000,2030,2044,annual,activity,"methanol production, biomass gasification | ENC",-40724.96914422128,-5.452003982974846,7469.724760178917,12,kg CO2-Eq,d0063e7ab7b8dcbfcc27
BECCS,new CHP+CCS vs standing forest and Northern European energy,SSP2-PkBudg1000,2030,2044,annual,activity,treatment of sewage sludge by anaerobic digestion | RoW,27259.617230144937,3.6493469445441797,7469.724760178917,13,kg CO2-Eq,d0063e7ab7b8dcbfcc27
BECCS,new CHP+CCS vs standing forest and Northern European energy,SSP2-PkBudg1000,2030,2044,annual,activity,"heat production, softwood chips from forest, at furnace 1000kW | ENC",-22695.84995298245,-3.0383783448051482,7469.724760178917,14,kg CO2-Eq,d0063e7ab7b8dcbfcc27
BECCS,new CHP+CCS vs standing forest and Northern European energy,SSP2-PkBudg1000,2030,2044,annual,activity,Other activities,137095.7288152933,18.353518130433702,7469.724760178917,15,kg CO2-Eq,d0063e7ab7b8dcbfcc27
BECCS,new CHP+CCS vs standing forest and Northern European energy,SSP2-PkBudg1000,2030,2044,annual,location,SE,-8681406.369970918,-1162.2123503467587,7469.724760178917,1,kg CO2-Eq,d0063e7ab7b8dcbfcc27
BECCS,new CHP+CCS vs standing forest and Northern European energy,SSP2-PkBudg1000,2030,2044,annual,location,ENC,1254654.6278457027,167.9653090478331,7469.724760178917,2,kg CO2-Eq,d0063e7ab7b8dcbfcc27
BECCS,new CHP+CCS vs standing forest and Northern European energy,SSP2-PkBudg1000,2030,2044,annual,location,DK,-120868.5115366726,-16.18111984273133,7469.724760178917,3,kg CO2-Eq,d0063e7ab7b8dcbfcc27
BECCS,new CHP+CCS vs standing forest and Northern European energy,SSP2-PkBudg1000,2030,2044,annual,location,FI,-42028.60593844405,-5.6265267178917275,7469.724760178917,4,kg CO2-Eq,d0063e7ab7b8dcbfcc27
BECCS,new CHP+CCS vs standing forest and Northern European energy,SSP2-PkBudg1000,2030,2044,annual,location,GLO,41999.094731572004,5.6225759422179875,7469.724760178917,5,kg CO2-Eq,d0063e7ab7b8dcbfcc27
BECCS,new CHP+CCS vs standing forest and Northern European energy,SSP2-PkBudg1000,2030,2044,annual,location,RoW,34425.92766226172,4.60872773328761,7469.724760178917,6,kg CO2-Eq,d0063e7ab7b8dcbfcc27
BECCS,new CHP+CCS vs standing forest and Northern European energy,SSP2-PkBudg1000,2030,2044,annual,location,CHA,19765.438502340316,2.6460732004089116,7469.724760178917,7,kg CO2-Eq,d0063e7ab7b8dcbfcc27
BECCS,new CHP+CCS vs standing forest and Northern European energy,SSP2-PkBudg1000,2030,2044,annual,location,MEA,17981.580958734085,2.4072615171303027,7469.724760178917,8,kg CO2-Eq,d0063e7ab7b8dcbfcc27
BECCS,new CHP+CCS vs standing forest and Northern European energy,SSP2-PkBudg1000,2030,2044,annual,location,Other locations,131571.88999182967,17.61402116089191,7469.724760178917,9,kg CO2-Eq,d0063e7ab7b8dcbfcc27
BECCS,new CHP+CCS vs standing forest and Northern European energy,SSP2-PkBudg1000,2030,2044,annual,process,Forest regrowth,-8538779.819222614,-1143.1184003917824,7469.724760178917,1,kg CO2-Eq,d0063e7ab7b8dcbfcc27
BECCS,new CHP+CCS vs standing forest and Northern European energy,SSP2-PkBudg1000,2030,2044,annual,process,Harvesting and biomass supply,37882.69958281411,5.071498723054252,7469.724760178917,2,kg CO2-Eq,d0063e7ab7b8dcbfcc27
BECCS,new CHP+CCS vs standing forest and Northern European energy,SSP2-PkBudg1000,2030,2044,annual,process,Residual biogenic stack emissions,853878.0018494421,114.31184270690449,7469.724760178917,3,kg CO2-Eq,d0063e7ab7b8dcbfcc27
BECCS,new CHP+CCS vs standing forest and Northern European energy,SSP2-PkBudg1000,2030,2044,annual,process,New CHP infrastructure and end-of-life,13103.773338750576,1.754251161784,7469.724760178917,4,kg CO2-Eq,d0063e7ab7b8dcbfcc27
BECCS,new CHP+CCS vs standing forest and Northern European energy,SSP2-PkBudg1000,2030,2044,annual,process,Other CHP operating emissions,68748.91202216315,9.203674061548213,7469.724760178917,5,kg CO2-Eq,d0063e7ab7b8dcbfcc27
BECCS,new CHP+CCS vs standing forest and Northern European energy,SSP2-PkBudg1000,2030,2044,annual,process,Avoided Northern European electricity,-117449.39401677546,-15.72338978845618,7469.724760178917,6,kg CO2-Eq,d0063e7ab7b8dcbfcc27
BECCS,new CHP+CCS vs standing forest and Northern European energy,SSP2-PkBudg1000,2030,2044,annual,process,Avoided Northern European heat,-41994.11255890298,-5.621908960123068,7469.724760178917,7,kg CO2-Eq,d0063e7ab7b8dcbfcc27
BECCS,new CHP+CCS vs standing forest and Northern European energy,SSP2-PkBudg1000,2030,2044,annual,process,Capture electricity,0.0,0.0,7469.724760178917,8,kg CO2-Eq,d0063e7ab7b8dcbfcc27
BECCS,new CHP+CCS vs standing forest and Northern European energy,SSP2-PkBudg1000,2030,2044,annual,process,Compression and recompression,31138.582676962706,4.168638561217464,7469.724760178917,9,kg CO2-Eq,d0063e7ab7b8dcbfcc27
BECCS,new CHP+CCS vs standing forest and Northern European energy,SSP2-PkBudg1000,2030,2044,annual,process,Pipeline and geological storage,113676.19877876401,15.218258025352089,7469.724760178917,10,kg CO2-Eq,d0063e7ab7b8dcbfcc27
BECCS,new CHP+CCS vs standing forest and Northern European energy,SSP2-PkBudg1000,2030,2044,annual,process,Transport losses,215177.25646605933,28.80658436213992,7469.724760178917,11,kg CO2-Eq,d0063e7ab7b8dcbfcc27
BECCS,new CHP+CCS vs standing forest and Northern European energy,SSP2-PkBudg1000,2030,2044,annual,process,Capture chemicals and operating materials,13991.628785201525,1.8731116921189468,7469.724760178917,12,kg CO2-Eq,d0063e7ab7b8dcbfcc27
BECCS,new CHP+CCS vs standing forest and Northern European energy,SSP2-PkBudg1000,2030,2044,annual,process,CCS infrastructure and end-of-life,6721.221584924147,0.8997950795663799,7469.724760178917,13,kg CO2-Eq,d0063e7ab7b8dcbfcc27
BECCS,new CHP+CCS vs standing forest and Northern European energy,SSP2-PkBudg1000,2030,2044,annual,process,Other CHP and CCS supply-chain GHG emissions,0.1229595619809873,1.6461056588923384e-05,7469.724760178917,14,kg CO2-Eq,d0063e7ab7b8dcbfcc27
BECCS,new CHP+CCS vs standing forest and Northern European energy,SSP2-PkBudg1000,2030,2045,annual,activity,"forest carbon regrowth differential, existing spruce forest vs standing stock, LCSS 2026 | SE",-8538779.455058046,-1143.1183516397093,7469.724760178917,1,kg CO2-Eq,395377e2b6671b66ceab
BECCS,new CHP+CCS vs standing forest and Northern European energy,SSP2-PkBudg1000,2030,2045,annual,activity,"operation of new Nordic spruce CHP with post-combustion capture, excluding capture equipment, LCSS 2026 | ENC",912907.8167427152,122.21438487391455,7469.724760178917,2,kg CO2-Eq,395377e2b6671b66ceab
BECCS,new CHP+CCS vs standing forest and Northern European energy,SSP2-PkBudg1000,2030,2045,annual,activity,"carbon dioxide transport extension, pipeline 50 to 2000 km, LCSS 2026 | ENC",215177.25951671123,28.806584770542102,7469.724760178917,3,kg CO2-Eq,395377e2b6671b66ceab
BECCS,new CHP+CCS vs standing forest and Northern European energy,SSP2-PkBudg1000,2030,2045,annual,activity,"hydrogen production, gaseous, 25 bar, from gasification of woody biomass in entrained flow gasifier, at gasification plant | ENC",165247.51608018842,22.122303215390545,7469.724760178917,4,kg CO2-Eq,395377e2b6671b66ceab
BECCS,new CHP+CCS vs standing forest and Northern European energy,SSP2-PkBudg1000,2030,2045,annual,activity,"heat and power co-generation, wood chips, 6667 kW, state-of-the-art 2014 | FI",-155996.69905158743,-20.88386172984652,7469.724760178917,5,kg CO2-Eq,395377e2b6671b66ceab
BECCS,new CHP+CCS vs standing forest and Northern European energy,SSP2-PkBudg1000,2030,2045,annual,activity,supply of forest residue | ENC,138449.47920028676,18.53474975923619,7469.724760178917,6,kg CO2-Eq,395377e2b6671b66ceab
BECCS,new CHP+CCS vs standing forest and Northern European energy,SSP2-PkBudg1000,2030,2045,annual,activity,"heat and power co-generation, wood chips, 6667 kW, state-of-the-art 2014 | SE",-123657.61923319766,-16.554508124906572,7469.724760178917,7,kg CO2-Eq,395377e2b6671b66ceab
BECCS,new CHP+CCS vs standing forest and Northern European energy,SSP2-PkBudg1000,2030,2045,annual,activity,"heat and power co-generation, wood chips, 6667 kW, state-of-the-art 2014 | DK",-114908.53468676936,-15.383235443874245,7469.724760178917,8,kg CO2-Eq,395377e2b6671b66ceab
BECCS,new CHP+CCS vs standing forest and Northern European energy,SSP2-PkBudg1000,2030,2045,annual,activity,"wood chipping, mobile chipper, at forest road | FI",64967.033207405,8.697379795537325,7469.724760178917,9,kg CO2-Eq,395377e2b6671b66ceab
BECCS,new CHP+CCS vs standing forest and Northern European energy,SSP2-PkBudg1000,2030,2045,annual,activity,"carbon monoxide, from RWGS, for Fischer Tropsch process, hydrogen from wood gasification | ENC",-57932.657376361094,-7.75566158544421,7469.724760178917,10,kg CO2-Eq,395377e2b6671b66ceab
BECCS,new CHP+CCS vs standing forest and Northern European energy,SSP2-PkBudg1000,2030,2045,annual,activity,"harvesting, forestry harvester | FI",45402.834390642776,6.0782473047313825,7469.724760178917,11,kg CO2-Eq,395377e2b6671b66ceab
BECCS,new CHP+CCS vs standing forest and Northern European energy,SSP2-PkBudg1000,2030,2045,annual,activity,"methanol production, biomass gasification | ENC",-44462.162338212256,-5.952316017752077,7469.724760178917,12,kg CO2-Eq,395377e2b6671b66ceab
BECCS,new CHP+CCS vs standing forest and Northern European energy,SSP2-PkBudg1000,2030,2045,annual,activity,treatment of sewage sludge by anaerobic digestion | RoW,26365.136320582624,3.529599438674782,7469.724760178917,13,kg CO2-Eq,395377e2b6671b66ceab
BECCS,new CHP+CCS vs standing forest and Northern European energy,SSP2-PkBudg1000,2030,2045,annual,activity,"heat, residential, by combustion of methanol using boiler, distributed by truck, produced with biomass | ENC",-22066.53902265563,-2.954130136131962,7469.724760178917,14,kg CO2-Eq,395377e2b6671b66ceab
BECCS,new CHP+CCS vs standing forest and Northern European energy,SSP2-PkBudg1000,2030,2045,annual,activity,Other activities,136676.54200044685,18.29740002323367,7469.724760178917,15,kg CO2-Eq,395377e2b6671b66ceab
BECCS,new CHP+CCS vs standing forest and Northern European energy,SSP2-PkBudg1000,2030,2045,annual,location,SE,-8675060.215219231,-1161.3627668673892,7469.724760178917,1,kg CO2-Eq,395377e2b6671b66ceab
BECCS,new CHP+CCS vs standing forest and Northern European energy,SSP2-PkBudg1000,2030,2045,annual,location,ENC,1228397.046182543,164.45010835353995,7469.724760178917,2,kg CO2-Eq,395377e2b6671b66ceab
BECCS,new CHP+CCS vs standing forest and Northern European energy,SSP2-PkBudg1000,2030,2045,annual,location,DK,-114932.33262898398,-15.386421363433355,7469.724760178917,3,kg CO2-Eq,395377e2b6671b66ceab
BECCS,new CHP+CCS vs standing forest and Northern European energy,SSP2-PkBudg1000,2030,2045,annual,location,GLO,41738.899183466354,5.587742590727883,7469.724760178917,4,kg CO2-Eq,395377e2b6671b66ceab
BECCS,new CHP+CCS vs standing forest and Northern European energy,SSP2-PkBudg1000,2030,2045,annual,location,FI,-33962.01098645556,-4.546621472253832,7469.724760178917,5,kg CO2-Eq,395377e2b6671b66ceab
BECCS,new CHP+CCS vs standing forest and Northern European energy,SSP2-PkBudg1000,2030,2045,annual,location,RoW,29659.624050737035,3.970644836721751,7469.724760178917,6,kg CO2-Eq,395377e2b6671b66ceab
BECCS,new CHP+CCS vs standing forest and Northern European energy,SSP2-PkBudg1000,2030,2045,annual,location,MEA,18961.358858873617,2.5384280502484606,7469.724760178917,7,kg CO2-Eq,395377e2b6671b66ceab
BECCS,new CHP+CCS vs standing forest and Northern European energy,SSP2-PkBudg1000,2030,2045,annual,location,CHA,18313.60964643884,2.451711439766649,7469.724760178917,8,kg CO2-Eq,395377e2b6671b66ceab
BECCS,new CHP+CCS vs standing forest and Northern European energy,SSP2-PkBudg1000,2030,2045,annual,location,Other locations,134273.97160476242,17.975758935667432,7469.724760178917,9,kg CO2-Eq,395377e2b6671b66ceab
BECCS,new CHP+CCS vs standing forest and Northern European energy,SSP2-PkBudg1000,2030,2045,annual,process,Forest regrowth,-8538779.819222614,-1143.1184003917824,7469.724760178917,1,kg CO2-Eq,395377e2b6671b66ceab
BECCS,new CHP+CCS vs standing forest and Northern European energy,SSP2-PkBudg1000,2030,2045,annual,process,Harvesting and biomass supply,28631.152922286237,3.8329595589544128,7469.724760178917,2,kg CO2-Eq,395377e2b6671b66ceab
BECCS,new CHP+CCS vs standing forest and Northern European energy,SSP2-PkBudg1000,2030,2045,annual,process,Residual biogenic stack emissions,853878.0018494421,114.31184270690449,7469.724760178917,3,kg CO2-Eq,395377e2b6671b66ceab
BECCS,new CHP+CCS vs standing forest and Northern European energy,SSP2-PkBudg1000,2030,2045,annual,process,New CHP infrastructure and end-of-life,12668.722651706948,1.6960092986616957,7469.724760178917,4,kg CO2-Eq,395377e2b6671b66ceab
BECCS,new CHP+CCS vs standing forest and Northern European energy,SSP2-PkBudg1000,2030,2045,annual,process,Other CHP operating emissions,68588.17726751252,9.182155898588917,7469.724760178917,5,kg CO2-Eq,395377e2b6671b66ceab
BECCS,new CHP+CCS vs standing forest and Northern European energy,SSP2-PkBudg1000,2030,2045,annual,process,Avoided Northern European electricity,-113363.29636344298,-15.176368608356551,7469.724760178917,6,kg CO2-Eq,395377e2b6671b66ceab
BECCS,new CHP+CCS vs standing forest and Northern European energy,SSP2-PkBudg1000,2030,2045,annual,process,Avoided Northern European heat,-39761.07523772764,-5.32296389951258,7469.724760178917,7,kg CO2-Eq,395377e2b6671b66ceab
BECCS,new CHP+CCS vs standing forest and Northern European energy,SSP2-PkBudg1000,2030,2045,annual,process,Capture electricity,0.0,0.0,7469.724760178917,8,kg CO2-Eq,395377e2b6671b66ceab
BECCS,new CHP+CCS vs standing forest and Northern European energy,SSP2-PkBudg1000,2030,2045,annual,process,Compression and recompression,30112.88786142656,4.031324958846983,7469.724760178917,9,kg CO2-Eq,395377e2b6671b66ceab
BECCS,new CHP+CCS vs standing forest and Northern European energy,SSP2-PkBudg1000,2030,2045,annual,process,Pipeline and geological storage,109904.0019808192,14.713259927155168,7469.724760178917,10,kg CO2-Eq,395377e2b6671b66ceab
BECCS,new CHP+CCS vs standing forest and Northern European energy,SSP2-PkBudg1000,2030,2045,annual,process,Transport losses,215177.25646605933,28.80658436213992,7469.724760178917,11,kg CO2-Eq,395377e2b6671b66ceab
BECCS,new CHP+CCS vs standing forest and Northern European energy,SSP2-PkBudg1000,2030,2045,annual,process,Capture chemicals and operating materials,13878.956174889154,1.8580277882362992,7469.724760178917,12,kg CO2-Eq,395377e2b6671b66ceab
BECCS,new CHP+CCS vs standing forest and Northern European energy,SSP2-PkBudg1000,2030,2045,annual,process,CCS infrastructure and end-of-life,6454.861215500032,0.8641364203820308,7469.724760178917,13,kg CO2-Eq,395377e2b6671b66ceab
BECCS,new CHP+CCS vs standing forest and Northern European energy,SSP2-PkBudg1000,2030,2045,annual,process,Other CHP and CCS supply-chain GHG emissions,0.12312635095056947,1.6483385252286098e-05,7469.724760178917,14,kg CO2-Eq,395377e2b6671b66ceab
BECCS,new CHP+CCS vs standing forest and Northern European energy,SSP2-PkBudg1000,2030,2046,annual,activity,"forest carbon regrowth differential, existing spruce forest vs standing stock, LCSS 2026 | SE",-8538779.455058046,-1143.1183516397093,7469.724760178917,1,kg CO2-Eq,c04bede16b32d1ebb340
BECCS,new CHP+CCS vs standing forest and Northern European energy,SSP2-PkBudg1000,2030,2046,annual,activity,"operation of new Nordic spruce CHP with post-combustion capture, excluding capture equipment, LCSS 2026 | ENC",912907.8167427152,122.21438487391455,7469.724760178917,2,kg CO2-Eq,c04bede16b32d1ebb340
BECCS,new CHP+CCS vs standing forest and Northern European energy,SSP2-PkBudg1000,2030,2046,annual,activity,"carbon dioxide transport extension, pipeline 50 to 2000 km, LCSS 2026 | ENC",215177.25951671123,28.806584770542102,7469.724760178917,3,kg CO2-Eq,c04bede16b32d1ebb340
BECCS,new CHP+CCS vs standing forest and Northern European energy,SSP2-PkBudg1000,2030,2046,annual,activity,"hydrogen production, gaseous, 25 bar, from gasification of woody biomass in entrained flow gasifier, at gasification plant | ENC",163601.02911135985,21.901881844899627,7469.724760178917,4,kg CO2-Eq,c04bede16b32d1ebb340
BECCS,new CHP+CCS vs standing forest and Northern European energy,SSP2-PkBudg1000,2030,2046,annual,activity,"heat and power co-generation, wood chips, 6667 kW, state-of-the-art 2014 | FI",-147239.45406348677,-19.71149657995699,7469.724760178917,5,kg CO2-Eq,c04bede16b32d1ebb340
BECCS,new CHP+CCS vs standing forest and Northern European energy,SSP2-PkBudg1000,2030,2046,annual,activity,"heat and power co-generation, wood chips, 6667 kW, state-of-the-art 2014 | SE",-116727.385905618,-15.6267318613788,7469.724760178917,6,kg CO2-Eq,c04bede16b32d1ebb340
BECCS,new CHP+CCS vs standing forest and Northern European energy,SSP2-PkBudg1000,2030,2046,annual,activity,supply of forest residue | ENC,116215.3833802241,15.558188167757935,7469.724760178917,7,kg CO2-Eq,c04bede16b32d1ebb340
BECCS,new CHP+CCS vs standing forest and Northern European energy,SSP2-PkBudg1000,2030,2046,annual,activity,"heat and power co-generation, wood chips, 6667 kW, state-of-the-art 2014 | DK",-108468.63779629051,-14.521102353668576,7469.724760178917,8,kg CO2-Eq,c04bede16b32d1ebb340
BECCS,new CHP+CCS vs standing forest and Northern European energy,SSP2-PkBudg1000,2030,2046,annual,activity,"wood chipping, mobile chipper, at forest road | FI",64967.034118985255,8.697379917573985,7469.724760178917,9,kg CO2-Eq,c04bede16b32d1ebb340
BECCS,new CHP+CCS vs standing forest and Northern European energy,SSP2-PkBudg1000,2030,2046,annual,activity,"carbon monoxide, from RWGS, for Fischer Tropsch process, hydrogen from wood gasification | ENC",-57368.02194482035,-7.680071727762866,7469.724760178917,10,kg CO2-Eq,c04bede16b32d1ebb340
BECCS,new CHP+CCS vs standing forest and Northern European energy,SSP2-PkBudg1000,2030,2046,annual,activity,"methanol production, biomass gasification | ENC",-48407.40459260215,-6.48048035861534,7469.724760178917,11,kg CO2-Eq,c04bede16b32d1ebb340
BECCS,new CHP+CCS vs standing forest and Northern European energy,SSP2-PkBudg1000,2030,2046,annual,activity,"harvesting, forestry harvester | FI",45404.628912653556,6.078487544106781,7469.724760178917,12,kg CO2-Eq,c04bede16b32d1ebb340
BECCS,new CHP+CCS vs standing forest and Northern European energy,SSP2-PkBudg1000,2030,2046,annual,activity,treatment of sewage sludge by anaerobic digestion | RoW,25725.815409731742,3.4440111564586684,7469.724760178917,13,kg CO2-Eq,c04bede16b32d1ebb340
BECCS,new CHP+CCS vs standing forest and Northern European energy,SSP2-PkBudg1000,2030,2046,annual,activity,"heat, residential, by combustion of methanol using boiler, distributed by truck, produced with biomass | ENC",-24024.55328381408,-3.2162568307588666,7469.724760178917,14,kg CO2-Eq,c04bede16b32d1ebb340
BECCS,new CHP+CCS vs standing forest and Northern European energy,SSP2-PkBudg1000,2030,2046,annual,activity,Other activities,139048.53159710337,18.614947144822622,7469.724760178917,15,kg CO2-Eq,c04bede16b32d1ebb340
BECCS,new CHP+CCS vs standing forest and Northern European energy,SSP2-PkBudg1000,2030,2046,annual,location,SE,-8668180.458665617,-1160.44174811844,7469.724760178917,1,kg CO2-Eq,c04bede16b32d1ebb340
BECCS,new CHP+CCS vs standing forest and Northern European energy,SSP2-PkBudg1000,2030,2046,annual,location,ENC,1202763.565449592,161.01845838571208,7469.724760178917,2,kg CO2-Eq,c04bede16b32d1ebb340
BECCS,new CHP+CCS vs standing forest and Northern European energy,SSP2-PkBudg1000,2030,2046,annual,location,DK,-108490.77384829364,-14.524065789767473,7469.724760178917,3,kg CO2-Eq,c04bede16b32d1ebb340
BECCS,new CHP+CCS vs standing forest and Northern European energy,SSP2-PkBudg1000,2030,2046,annual,location,GLO,41422.70854460009,5.54541296694417,7469.724760178917,4,kg CO2-Eq,c04bede16b32d1ebb340
BECCS,new CHP+CCS vs standing forest and Northern European energy,SSP2-PkBudg1000,2030,2046,annual,location,RoW,25241.127607970695,3.379124187082646,7469.724760178917,5,kg CO2-Eq,c04bede16b32d1ebb340
BECCS,new CHP+CCS vs standing forest and Northern European energy,SSP2-PkBudg1000,2030,2046,annual,location,FI,-25209.92918754254,-3.3749475378178064,7469.724760178917,6,kg CO2-Eq,c04bede16b32d1ebb340
BECCS,new CHP+CCS vs standing forest and Northern European energy,SSP2-PkBudg1000,2030,2046,annual,location,MEA,19887.824176735725,2.662457428519678,7469.724760178917,7,kg CO2-Eq,c04bede16b32d1ebb340
BECCS,new CHP+CCS vs standing forest and Northern European energy,SSP2-PkBudg1000,2030,2046,annual,location,CHA,17216.407435509234,2.304824874845437,7469.724760178917,8,kg CO2-Eq,c04bede16b32d1ebb340
BECCS,new CHP+CCS vs standing forest and Northern European energy,SSP2-PkBudg1000,2030,2046,annual,location,Other locations,137382.11463185356,18.391857671147037,7469.724760178917,9,kg CO2-Eq,c04bede16b32d1ebb340
BECCS,new CHP+CCS vs standing forest and Northern European energy,SSP2-PkBudg1000,2030,2046,annual,process,Forest regrowth,-8538779.819222614,-1143.1184003917824,7469.724760178917,1,kg CO2-Eq,c04bede16b32d1ebb340
BECCS,new CHP+CCS vs standing forest and Northern European energy,SSP2-PkBudg1000,2030,2046,annual,process,Harvesting and biomass supply,23289.687147251054,3.117877551714933,7469.724760178917,2,kg CO2-Eq,c04bede16b32d1ebb340
BECCS,new CHP+CCS vs standing forest and Northern European energy,SSP2-PkBudg1000,2030,2046,annual,process,Residual biogenic stack emissions,853878.0018494421,114.31184270690449,7469.724760178917,3,kg CO2-Eq,c04bede16b32d1ebb340
BECCS,new CHP+CCS vs standing forest and Northern European energy,SSP2-PkBudg1000,2030,2046,annual,process,New CHP infrastructure and end-of-life,12358.241135653629,1.6544439765083956,7469.724760178917,4,kg CO2-Eq,c04bede16b32d1ebb340
BECCS,new CHP+CCS vs standing forest and Northern European energy,SSP2-PkBudg1000,2030,2046,annual,process,Other CHP operating emissions,68462.3540917815,9.165311479313687,7469.724760178917,5,kg CO2-Eq,c04bede16b32d1ebb340
BECCS,new CHP+CCS vs standing forest and Northern European energy,SSP2-PkBudg1000,2030,2046,annual,process,Avoided Northern European electricity,-109083.97360350589,-14.603479660325942,7469.724760178917,6,kg CO2-Eq,c04bede16b32d1ebb340
BECCS,new CHP+CCS vs standing forest and Northern European energy,SSP2-PkBudg1000,2030,2046,annual,process,Avoided Northern European heat,-38592.12581565626,-5.166472267009192,7469.724760178917,7,kg CO2-Eq,c04bede16b32d1ebb340
BECCS,new CHP+CCS vs standing forest and Northern European energy,SSP2-PkBudg1000,2030,2046,annual,process,Capture electricity,0.0,0.0,7469.724760178917,8,kg CO2-Eq,c04bede16b32d1ebb340
BECCS,new CHP+CCS vs standing forest and Northern European energy,SSP2-PkBudg1000,2030,2046,annual,process,Compression and recompression,29043.74715641018,3.8881950927084112,7469.724760178917,9,kg CO2-Eq,c04bede16b32d1ebb340
BECCS,new CHP+CCS vs standing forest and Northern European energy,SSP2-PkBudg1000,2030,2046,annual,process,Pipeline and geological storage,106220.72225385654,14.22016548991456,7469.724760178917,10,kg CO2-Eq,c04bede16b32d1ebb340
BECCS,new CHP+CCS vs standing forest and Northern European energy,SSP2-PkBudg1000,2030,2046,annual,process,Transport losses,215177.25646605933,28.80658436213992,7469.724760178917,11,kg CO2-Eq,c04bede16b32d1ebb340
BECCS,new CHP+CCS vs standing forest and Northern European energy,SSP2-PkBudg1000,2030,2046,annual,process,Capture chemicals and operating materials,13813.132091360425,1.8492156719077786,7469.724760178917,12,kg CO2-Eq,c04bede16b32d1ebb340
BECCS,new CHP+CCS vs standing forest and Northern European energy,SSP2-PkBudg1000,2030,2046,annual,process,CCS infrastructure and end-of-life,6245.239409834491,0.8360735650030703,7469.724760178917,13,kg CO2-Eq,c04bede16b32d1ebb340
BECCS,new CHP+CCS vs standing forest and Northern European energy,SSP2-PkBudg1000,2030,2046,annual,process,Other CHP and CCS supply-chain GHG emissions,0.12318492601722204,1.6491226915604784e-05,7469.724760178917,14,kg CO2-Eq,c04bede16b32d1ebb340
BECCS,new CHP+CCS vs standing forest and Northern European energy,SSP2-PkBudg1000,2030,2047,annual,activity,"forest carbon regrowth differential, existing spruce forest vs standing stock, LCSS 2026 | SE",-8538779.455058046,-1143.1183516397093,7469.724760178917,1,kg CO2-Eq,4e47b94bcb27d122d0b6
BECCS,new CHP+CCS vs standing forest and Northern European energy,SSP2-PkBudg1000,2030,2047,annual,activity,"operation of new Nordic spruce CHP with post-combustion capture, excluding capture equipment, LCSS 2026 | ENC",912907.8167427152,122.21438487391455,7469.724760178917,2,kg CO2-Eq,4e47b94bcb27d122d0b6
BECCS,new CHP+CCS vs standing forest and Northern European energy,SSP2-PkBudg1000,2030,2047,annual,activity,"carbon dioxide transport extension, pipeline 50 to 2000 km, LCSS 2026 | ENC",215177.25951671123,28.806584770542102,7469.724760178917,3,kg CO2-Eq,4e47b94bcb27d122d0b6
BECCS,new CHP+CCS vs standing forest and Northern European energy,SSP2-PkBudg1000,2030,2047,annual,activity,"hydrogen production, gaseous, 25 bar, from gasification of woody biomass in entrained flow gasifier, at gasification plant | ENC",161960.29310144176,21.682230376794024,7469.724760178917,4,kg CO2-Eq,4e47b94bcb27d122d0b6
BECCS,new CHP+CCS vs standing forest and Northern European energy,SSP2-PkBudg1000,2030,2047,annual,activity,"heat and power co-generation, wood chips, 6667 kW, state-of-the-art 2014 | FI",-138465.96029702658,-18.536956145317195,7469.724760178917,5,kg CO2-Eq,4e47b94bcb27d122d0b6
BECCS,new CHP+CCS vs standing forest and Northern European energy,SSP2-PkBudg1000,2030,2047,annual,activity,"heat and power co-generation, wood chips, 6667 kW, state-of-the-art 2014 | SE",-109784.2938559545,-14.697234152617549,7469.724760178917,6,kg CO2-Eq,4e47b94bcb27d122d0b6
BECCS,new CHP+CCS vs standing forest and Northern European energy,SSP2-PkBudg1000,2030,2047,annual,activity,"heat and power co-generation, wood chips, 6667 kW, state-of-the-art 2014 | DK",-102016.78204233325,-13.657368285667559,7469.724760178917,7,kg CO2-Eq,4e47b94bcb27d122d0b6
BECCS,new CHP+CCS vs standing forest and Northern European energy,SSP2-PkBudg1000,2030,2047,annual,activity,supply of forest residue | ENC,94038.53769099886,12.589290865483834,7469.724760178917,8,kg CO2-Eq,4e47b94bcb27d122d0b6
BECCS,new CHP+CCS vs standing forest and Northern European energy,SSP2-PkBudg1000,2030,2047,annual,activity,"wood chipping, mobile chipper, at forest road | FI",64967.03490896656,8.697380023331737,7469.724760178917,9,kg CO2-Eq,4e47b94bcb27d122d0b6
BECCS,new CHP+CCS vs standing forest and Northern European energy,SSP2-PkBudg1000,2030,2047,annual,activity,"carbon monoxide, from RWGS, for Fischer Tropsch process, hydrogen from wood gasification | ENC",-56802.94958693563,-7.604423377117188,7469.724760178917,10,kg CO2-Eq,4e47b94bcb27d122d0b6
BECCS,new CHP+CCS vs standing forest and Northern European energy,SSP2-PkBudg1000,2030,2047,annual,activity,"methanol production, biomass gasification | ENC",-52352.93649869599,-7.00868347623588,7469.724760178917,11,kg CO2-Eq,4e47b94bcb27d122d0b6
BECCS,new CHP+CCS vs standing forest and Northern European energy,SSP2-PkBudg1000,2030,2047,annual,activity,"harvesting, forestry harvester | FI",45406.51396168685,6.0787399026733695,7469.724760178917,12,kg CO2-Eq,4e47b94bcb27d122d0b6
BECCS,new CHP+CCS vs standing forest and Northern European energy,SSP2-PkBudg1000,2030,2047,annual,activity,"heat, residential, by combustion of methanol using boiler, distributed by truck, produced with biomass | ENC",-25982.711296589696,-3.4784027699525772,7469.724760178917,13,kg CO2-Eq,4e47b94bcb27d122d0b6
BECCS,new CHP+CCS vs standing forest and Northern European energy,SSP2-PkBudg1000,2030,2047,annual,activity,treatment of sewage sludge by anaerobic digestion | RoW,25084.13085923357,3.3581064449599274,7469.724760178917,14,kg CO2-Eq,4e47b94bcb27d122d0b6
BECCS,new CHP+CCS vs standing forest and Northern European energy,SSP2-PkBudg1000,2030,2047,annual,activity,Other activities,141333.6665373942,18.92086670861604,7469.724760178917,15,kg CO2-Eq,4e47b94bcb27d122d0b6
BECCS,new CHP+CCS vs standing forest and Northern European energy,SSP2-PkBudg1000,2030,2047,annual,location,SE,-8661287.768256817,-1159.518997865908,7469.724760178917,1,kg CO2-Eq,4e47b94bcb27d122d0b6
BECCS,new CHP+CCS vs standing forest and Northern European energy,SSP2-PkBudg1000,2030,2047,annual,location,ENC,1177099.3928911597,157.58269958838022,7469.724760178917,2,kg CO2-Eq,4e47b94bcb27d122d0b6
BECCS,new CHP+CCS vs standing forest and Northern European energy,SSP2-PkBudg1000,2030,2047,annual,location,DK,-102037.25111725165,-13.660108557307488,7469.724760178917,3,kg CO2-Eq,4e47b94bcb27d122d0b6
BECCS,new CHP+CCS vs standing forest and Northern European energy,SSP2-PkBudg1000,2030,2047,annual,location,GLO,41107.64461138741,5.503234179461626,7469.724760178917,4,kg CO2-Eq,4e47b94bcb27d122d0b6
BECCS,new CHP+CCS vs standing forest and Northern European energy,SSP2-PkBudg1000,2030,2047,annual,location,MEA,20832.074232309187,2.788867716166052,7469.724760178917,5,kg CO2-Eq,4e47b94bcb27d122d0b6
BECCS,new CHP+CCS vs standing forest and Northern European energy,SSP2-PkBudg1000,2030,2047,annual,location,RoW,20817.0652590262,2.7868584087598407,7469.724760178917,6,kg CO2-Eq,4e47b94bcb27d122d0b6
BECCS,new CHP+CCS vs standing forest and Northern European energy,SSP2-PkBudg1000,2030,2047,annual,location,FI,-16441.46418721164,-2.2010803229137763,7469.724760178917,7,kg CO2-Eq,4e47b94bcb27d122d0b6
BECCS,new CHP+CCS vs standing forest and Northern European energy,SSP2-PkBudg1000,2030,2047,annual,location,CHA,16128.248264888818,2.15914893556299,7469.724760178917,8,kg CO2-Eq,4e47b94bcb27d122d0b6
BECCS,new CHP+CCS vs standing forest and Northern European energy,SSP2-PkBudg1000,2030,2047,annual,location,Other locations,140472.2229860767,18.805542037496984,7469.724760178917,9,kg CO2-Eq,4e47b94bcb27d122d0b6
BECCS,new CHP+CCS vs standing forest and Northern European energy,SSP2-PkBudg1000,2030,2047,annual,process,Forest regrowth,-8538779.819222614,-1143.1184003917824,7469.724760178917,1,kg CO2-Eq,4e47b94bcb27d122d0b6
BECCS,new CHP+CCS vs standing forest and Northern European energy,SSP2-PkBudg1000,2030,2047,annual,process,Harvesting and biomass supply,17949.059862922215,2.4029077963633423,7469.724760178917,2,kg CO2-Eq,4e47b94bcb27d122d0b6
BECCS,new CHP+CCS vs standing forest and Northern European energy,SSP2-PkBudg1000,2030,2047,annual,process,Residual biogenic stack emissions,853878.0018494421,114.31184270690449,7469.724760178917,3,kg CO2-Eq,4e47b94bcb27d122d0b6
BECCS,new CHP+CCS vs standing forest and Northern European energy,SSP2-PkBudg1000,2030,2047,annual,process,New CHP infrastructure and end-of-life,12044.90134769645,1.6124960068017216,7469.724760178917,4,kg CO2-Eq,4e47b94bcb27d122d0b6
BECCS,new CHP+CCS vs standing forest and Northern European energy,SSP2-PkBudg1000,2030,2047,annual,process,Other CHP operating emissions,68336.31824180955,9.148438588542149,7469.724760178917,5,kg CO2-Eq,4e47b94bcb27d122d0b6
BECCS,new CHP+CCS vs standing forest and Northern European energy,SSP2-PkBudg1000,2030,2047,annual,process,Avoided Northern European electricity,-104817.34441426308,-14.032290048094417,7469.724760178917,6,kg CO2-Eq,4e47b94bcb27d122d0b6
BECCS,new CHP+CCS vs standing forest and Northern European energy,SSP2-PkBudg1000,2030,2047,annual,process,Avoided Northern European heat,-37380.812565588436,-5.004309230356847,7469.724760178917,7,kg CO2-Eq,4e47b94bcb27d122d0b6
BECCS,new CHP+CCS vs standing forest and Northern European energy,SSP2-PkBudg1000,2030,2047,annual,process,Capture electricity,0.0,0.0,7469.724760178917,8,kg CO2-Eq,4e47b94bcb27d122d0b6
BECCS,new CHP+CCS vs standing forest and Northern European energy,SSP2-PkBudg1000,2030,2047,annual,process,Compression and recompression,27977.742171789097,3.7454850171907763,7469.724760178917,9,kg CO2-Eq,4e47b94bcb27d122d0b6
BECCS,new CHP+CCS vs standing forest and Northern European energy,SSP2-PkBudg1000,2030,2047,annual,process,Pipeline and geological storage,102523.61002010648,13.725219243239,7469.724760178917,10,kg CO2-Eq,4e47b94bcb27d122d0b6
BECCS,new CHP+CCS vs standing forest and Northern European energy,SSP2-PkBudg1000,2030,2047,annual,process,Transport losses,215177.25646605933,28.80658436213992,7469.724760178917,11,kg CO2-Eq,4e47b94bcb27d122d0b6
BECCS,new CHP+CCS vs standing forest and Northern European energy,SSP2-PkBudg1000,2030,2047,annual,process,Capture chemicals and operating materials,13747.003787141966,1.8403628284173479,7469.724760178917,12,kg CO2-Eq,4e47b94bcb27d122d0b6
BECCS,new CHP+CCS vs standing forest and Northern European energy,SSP2-PkBudg1000,2030,2047,annual,process,CCS infrastructure and end-of-life,6034.123893749189,0.8078107410218229,7469.724760178917,13,kg CO2-Eq,4e47b94bcb27d122d0b6
BECCS,new CHP+CCS vs standing forest and Northern European energy,SSP2-PkBudg1000,2030,2047,annual,process,Other CHP and CCS supply-chain GHG emissions,0.12324513581194389,1.6499287426086084e-05,7469.724760178917,14,kg CO2-Eq,4e47b94bcb27d122d0b6
BECCS,new CHP+CCS vs standing forest and Northern European energy,SSP2-PkBudg1000,2030,2048,annual,activity,"forest carbon regrowth differential, existing spruce forest vs standing stock, LCSS 2026 | SE",-8538779.455058046,-1143.1183516397093,7469.724760178917,1,kg CO2-Eq,332867507642ac7c5c9b
BECCS,new CHP+CCS vs standing forest and Northern European energy,SSP2-PkBudg1000,2030,2048,annual,activity,"operation of new Nordic spruce CHP with post-combustion capture, excluding capture equipment, LCSS 2026 | ENC",912907.8167427152,122.21438487391455,7469.724760178917,2,kg CO2-Eq,332867507642ac7c5c9b
BECCS,new CHP+CCS vs standing forest and Northern European energy,SSP2-PkBudg1000,2030,2048,annual,activity,"carbon dioxide transport extension, pipeline 50 to 2000 km, LCSS 2026 | ENC",215177.25951671123,28.806584770542102,7469.724760178917,3,kg CO2-Eq,332867507642ac7c5c9b
BECCS,new CHP+CCS vs standing forest and Northern European energy,SSP2-PkBudg1000,2030,2048,annual,activity,"hydrogen production, gaseous, 25 bar, from gasification of woody biomass in entrained flow gasifier, at gasification plant | ENC",160325.37652808626,21.463357978433212,7469.724760178917,4,kg CO2-Eq,332867507642ac7c5c9b
BECCS,new CHP+CCS vs standing forest and Northern European energy,SSP2-PkBudg1000,2030,2048,annual,activity,"heat and power co-generation, wood chips, 6667 kW, state-of-the-art 2014 | FI",-129676.49928775725,-17.360278116144563,7469.724760178917,5,kg CO2-Eq,332867507642ac7c5c9b
BECCS,new CHP+CCS vs standing forest and Northern European energy,SSP2-PkBudg1000,2030,2048,annual,activity,"heat and power co-generation, wood chips, 6667 kW, state-of-the-art 2014 | SE",-102828.57583261534,-13.766046157522993,7469.724760178917,6,kg CO2-Eq,332867507642ac7c5c9b
BECCS,new CHP+CCS vs standing forest and Northern European energy,SSP2-PkBudg1000,2030,2048,annual,activity,"heat and power co-generation, wood chips, 6667 kW, state-of-the-art 2014 | DK",-95553.19433336177,-12.792063616956222,7469.724760178917,7,kg CO2-Eq,332867507642ac7c5c9b
BECCS,new CHP+CCS vs standing forest and Northern European energy,SSP2-PkBudg1000,2030,2048,annual,activity,supply of forest residue | ENC,71919.8132195205,9.628174468077436,7469.724760178917,8,kg CO2-Eq,332867507642ac7c5c9b
BECCS,new CHP+CCS vs standing forest and Northern European energy,SSP2-PkBudg1000,2030,2048,annual,activity,"wood chipping, mobile chipper, at forest road | FI",64967.031886884695,8.697379618754331,7469.724760178917,9,kg CO2-Eq,332867507642ac7c5c9b
BECCS,new CHP+CCS vs standing forest and Northern European energy,SSP2-PkBudg1000,2030,2048,annual,activity,"methanol production, biomass gasification | ENC",-56298.7529254357,-7.536924683699754,7469.724760178917,10,kg CO2-Eq,332867507642ac7c5c9b
BECCS,new CHP+CCS vs standing forest and Northern European energy,SSP2-PkBudg1000,2030,2048,annual,activity,"carbon monoxide, from RWGS, for Fischer Tropsch process, hydrogen from wood gasification | ENC",-56237.464171761305,-7.528719728946785,7469.724760178917,11,kg CO2-Eq,332867507642ac7c5c9b
BECCS,new CHP+CCS vs standing forest and Northern European energy,SSP2-PkBudg1000,2030,2048,annual,activity,"harvesting, forestry harvester | FI",45408.49757764749,6.07900545676329,7469.724760178917,12,kg CO2-Eq,332867507642ac7c5c9b
BECCS,new CHP+CCS vs standing forest and Northern European energy,SSP2-PkBudg1000,2030,2048,annual,activity,"heat, residential, by combustion of methanol using boiler, distributed by truck, produced with biomass | ENC",-27941.010513980742,-3.740567612736442,7469.724760178917,13,kg CO2-Eq,332867507642ac7c5c9b
BECCS,new CHP+CCS vs standing forest and Northern European energy,SSP2-PkBudg1000,2030,2048,annual,activity,"synthetic gas production, from wood, at fixed bed gasifier | RoW",-26204.209398082487,-3.5080555494865164,7469.724760178917,14,kg CO2-Eq,332867507642ac7c5c9b
BECCS,new CHP+CCS vs standing forest and Northern European energy,SSP2-PkBudg1000,2030,2048,annual,activity,Other activities,194176.30392497094,25.995108274956035,7469.724760178917,15,kg CO2-Eq,332867507642ac7c5c9b
BECCS,new CHP+CCS vs standing forest and Northern European energy,SSP2-PkBudg1000,2030,2048,annual,location,SE,-8654382.377146432,-1158.5945473229378,7469.724760178917,1,kg CO2-Eq,332867507642ac7c5c9b
BECCS,new CHP+CCS vs standing forest and Northern European energy,SSP2-PkBudg1000,2030,2048,annual,location,ENC,1151405.263590613,154.14293036990483,7469.724760178917,2,kg CO2-Eq,332867507642ac7c5c9b
BECCS,new CHP+CCS vs standing forest and Northern European energy,SSP2-PkBudg1000,2030,2048,annual,location,DK,-95571.9913971576,-12.794580050211708,7469.724760178917,3,kg CO2-Eq,332867507642ac7c5c9b
BECCS,new CHP+CCS vs standing forest and Northern European energy,SSP2-PkBudg1000,2030,2048,annual,location,GLO,40793.68652683422,5.4612034360764214,7469.724760178917,4,kg CO2-Eq,332867507642ac7c5c9b
BECCS,new CHP+CCS vs standing forest and Northern European energy,SSP2-PkBudg1000,2030,2048,annual,location,MEA,21794.252973079914,2.917678183976071,7469.724760178917,5,kg CO2-Eq,332867507642ac7c5c9b
BECCS,new CHP+CCS vs standing forest and Northern European energy,SSP2-PkBudg1000,2030,2048,annual,location,RoW,16387.414186761107,2.1938444471371112,7469.724760178917,6,kg CO2-Eq,332867507642ac7c5c9b
BECCS,new CHP+CCS vs standing forest and Northern European energy,SSP2-PkBudg1000,2030,2048,annual,location,CHA,15049.03055012952,2.014670022429188,7469.724760178917,7,kg CO2-Eq,332867507642ac7c5c9b
BECCS,new CHP+CCS vs standing forest and Northern European energy,SSP2-PkBudg1000,2030,2048,annual,location,IND,12555.112815017035,1.6807999247774574,7469.724760178917,8,kg CO2-Eq,332867507642ac7c5c9b
BECCS,new CHP+CCS vs standing forest and Northern European energy,SSP2-PkBudg1000,2030,2048,annual,location,Other locations,123332.54577665165,16.510989325086932,7469.724760178917,9,kg CO2-Eq,332867507642ac7c5c9b
BECCS,new CHP+CCS vs standing forest and Northern European energy,SSP2-PkBudg1000,2030,2048,annual,process,Forest regrowth,-8538779.819222614,-1143.1184003917824,7469.724760178917,1,kg CO2-Eq,332867507642ac7c5c9b
BECCS,new CHP+CCS vs standing forest and Northern European energy,SSP2-PkBudg1000,2030,2048,annual,process,Harvesting and biomass supply,12609.327632575776,1.6880578652370257,7469.724760178917,2,kg CO2-Eq,332867507642ac7c5c9b
BECCS,new CHP+CCS vs standing forest and Northern European energy,SSP2-PkBudg1000,2030,2048,annual,process,Residual biogenic stack emissions,853878.0018494421,114.31184270690449,7469.724760178917,3,kg CO2-Eq,332867507642ac7c5c9b
BECCS,new CHP+CCS vs standing forest and Northern European energy,SSP2-PkBudg1000,2030,2048,annual,process,New CHP infrastructure and end-of-life,11728.750498158302,1.570171709764226,7469.724760178917,4,kg CO2-Eq,332867507642ac7c5c9b
BECCS,new CHP+CCS vs standing forest and Northern European energy,SSP2-PkBudg1000,2030,2048,annual,process,Other CHP operating emissions,68210.06848699547,9.131537061529116,7469.724760178917,5,kg CO2-Eq,332867507642ac7c5c9b
BECCS,new CHP+CCS vs standing forest and Northern European energy,SSP2-PkBudg1000,2030,2048,annual,process,Avoided Northern European electricity,-100563.74787217184,-13.462845165095898,7469.724760178917,6,kg CO2-Eq,332867507642ac7c5c9b
BECCS,new CHP+CCS vs standing forest and Northern European energy,SSP2-PkBudg1000,2030,2048,annual,process,Avoided Northern European heat,-36127.20428531155,-4.836483999772733,7469.724760178917,7,kg CO2-Eq,332867507642ac7c5c9b
BECCS,new CHP+CCS vs standing forest and Northern European energy,SSP2-PkBudg1000,2030,2048,annual,process,Capture electricity,0.0,0.0,7469.724760178917,8,kg CO2-Eq,332867507642ac7c5c9b
BECCS,new CHP+CCS vs standing forest and Northern European energy,SSP2-PkBudg1000,2030,2048,annual,process,Compression and recompression,26914.957562845786,3.6032060654134614,7469.724760178917,9,kg CO2-Eq,332867507642ac7c5c9b
BECCS,new CHP+CCS vs standing forest and Northern European energy,SSP2-PkBudg1000,2030,2048,annual,process,Pipeline and geological storage,98813.10860053539,13.228480536164842,7469.724760178917,10,kg CO2-Eq,332867507642ac7c5c9b
BECCS,new CHP+CCS vs standing forest and Northern European energy,SSP2-PkBudg1000,2030,2048,annual,process,Transport losses,215177.25646605933,28.80658436213992,7469.724760178917,11,kg CO2-Eq,332867507642ac7c5c9b
BECCS,new CHP+CCS vs standing forest and Northern European energy,SSP2-PkBudg1000,2030,2048,annual,process,Capture chemicals and operating materials,13680.570971064033,1.8314692187850241,7469.724760178917,12,kg CO2-Eq,332867507642ac7c5c9b
BECCS,new CHP+CCS vs standing forest and Northern European energy,SSP2-PkBudg1000,2030,2048,annual,process,CCS infrastructure and end-of-life,5821.543880055245,0.7793518592666064,7469.724760178917,13,kg CO2-Eq,332867507642ac7c5c9b
BECCS,new CHP+CCS vs standing forest and Northern European energy,SSP2-PkBudg1000,2030,2048,annual,process,Other CHP and CCS supply-chain GHG emissions,0.1233077573613238,1.6507670807186514e-05,7469.724760178917,14,kg CO2-Eq,332867507642ac7c5c9b
BECCS,new CHP+CCS vs standing forest and Northern European energy,SSP2-PkBudg1000,2030,2049,annual,activity,"forest carbon regrowth differential, existing spruce forest vs standing stock, LCSS 2026 | SE",-8538779.455058046,-1143.1183516397093,7469.724760178917,1,kg CO2-Eq,e6608fb212ad4477a6a1
BECCS,new CHP+CCS vs standing forest and Northern European energy,SSP2-PkBudg1000,2030,2049,annual,activity,"operation of new Nordic spruce CHP with post-combustion capture, excluding capture equipment, LCSS 2026 | ENC",912907.8167427152,122.21438487391455,7469.724760178917,2,kg CO2-Eq,e6608fb212ad4477a6a1
BECCS,new CHP+CCS vs standing forest and Northern European energy,SSP2-PkBudg1000,2030,2049,annual,activity,"carbon dioxide transport extension, pipeline 50 to 2000 km, LCSS 2026 | ENC",215177.25951671123,28.806584770542102,7469.724760178917,3,kg CO2-Eq,e6608fb212ad4477a6a1
BECCS,new CHP+CCS vs standing forest and Northern European energy,SSP2-PkBudg1000,2030,2049,annual,activity,"hydrogen production, gaseous, 25 bar, from gasification of woody biomass in entrained flow gasifier, at gasification plant | ENC",158696.3164730183,21.245269614086443,7469.724760178917,4,kg CO2-Eq,e6608fb212ad4477a6a1
BECCS,new CHP+CCS vs standing forest and Northern European energy,SSP2-PkBudg1000,2030,2049,annual,activity,"heat and power co-generation, wood chips, 6667 kW, state-of-the-art 2014 | FI",-120871.35710442011,-16.181500789531764,7469.724760178917,5,kg CO2-Eq,e6608fb212ad4477a6a1
BECCS,new CHP+CCS vs standing forest and Northern European energy,SSP2-PkBudg1000,2030,2049,annual,activity,"heat and power co-generation, wood chips, 6667 kW, state-of-the-art 2014 | SE",-95860.4383343104,-12.833195520849998,7469.724760178917,6,kg CO2-Eq,e6608fb212ad4477a6a1
BECCS,new CHP+CCS vs standing forest and Northern European energy,SSP2-PkBudg1000,2030,2049,annual,activity,"heat and power co-generation, wood chips, 6667 kW, state-of-the-art 2014 | DK",-89078.06515082301,-11.925213847998515,7469.724760178917,7,kg CO2-Eq,e6608fb212ad4477a6a1
BECCS,new CHP+CCS vs standing forest and Northern European energy,SSP2-PkBudg1000,2030,2049,annual,activity,"wood chipping, mobile chipper, at forest road | FI",64967.032741220166,8.697379733127416,7469.724760178917,8,kg CO2-Eq,e6608fb212ad4477a6a1
BECCS,new CHP+CCS vs standing forest and Northern European energy,SSP2-PkBudg1000,2030,2049,annual,activity,"methanol production, biomass gasification | ENC",-60244.86153771858,-8.065205007135441,7469.724760178917,9,kg CO2-Eq,e6608fb212ad4477a6a1
BECCS,new CHP+CCS vs standing forest and Northern European energy,SSP2-PkBudg1000,2030,2049,annual,activity,"carbon monoxide, from RWGS, for Fischer Tropsch process, hydrogen from wood gasification | ENC",-55671.578735248775,-7.452962528423245,7469.724760178917,10,kg CO2-Eq,e6608fb212ad4477a6a1
BECCS,new CHP+CCS vs standing forest and Northern European energy,SSP2-PkBudg1000,2030,2049,annual,activity,supply of forest residue | ENC,49860.08567083684,6.674956209449754,7469.724760178917,11,kg CO2-Eq,e6608fb212ad4477a6a1
BECCS,new CHP+CCS vs standing forest and Northern European energy,SSP2-PkBudg1000,2030,2049,annual,activity,"harvesting, forestry harvester | FI",45410.57186464298,6.079283149323871,7469.724760178917,12,kg CO2-Eq,e6608fb212ad4477a6a1
BECCS,new CHP+CCS vs standing forest and Northern European energy,SSP2-PkBudg1000,2030,2049,annual,activity,"heat, residential, by combustion of methanol using boiler, distributed by truck, produced with biomass | ENC",-29899.45473961719,-4.002751868316635,7469.724760178917,13,kg CO2-Eq,e6608fb212ad4477a6a1
BECCS,new CHP+CCS vs standing forest and Northern European energy,SSP2-PkBudg1000,2030,2049,annual,activity,"synthetic gas production, from wood, at fixed bed gasifier | RoW",-28023.32855937203,-3.7515878374480836,7469.724760178917,14,kg CO2-Eq,e6608fb212ad4477a6a1
BECCS,new CHP+CCS vs standing forest and Northern European energy,SSP2-PkBudg1000,2030,2049,annual,activity,Other activities,197460.68646668358,26.434800853619933,7469.724760178917,15,kg CO2-Eq,e6608fb212ad4477a6a1
BECCS,new CHP+CCS vs standing forest and Northern European energy,SSP2-PkBudg1000,2030,2049,annual,location,SE,-8647464.487862347,-1157.6684236026952,7469.724760178917,1,kg CO2-Eq,e6608fb212ad4477a6a1
BECCS,new CHP+CCS vs standing forest and Northern European energy,SSP2-PkBudg1000,2030,2049,annual,location,ENC,1125681.8908127386,150.6992462177115,7469.724760178917,2,kg CO2-Eq,e6608fb212ad4477a6a1
BECCS,new CHP+CCS vs standing forest and Northern European energy,SSP2-PkBudg1000,2030,2049,annual,location,DK,-89095.18521854634,-11.927505775515657,7469.724760178917,3,kg CO2-Eq,e6608fb212ad4477a6a1
BECCS,new CHP+CCS vs standing forest and Northern European energy,SSP2-PkBudg1000,2030,2049,annual,location,GLO,40480.820488412035,5.419318888992428,7469.724760178917,4,kg CO2-Eq,e6608fb212ad4477a6a1
BECCS,new CHP+CCS vs standing forest and Northern European energy,SSP2-PkBudg1000,2030,2049,annual,location,MEA,22774.50443755054,3.0489081149229706,7469.724760178917,5,kg CO2-Eq,e6608fb212ad4477a6a1
BECCS,new CHP+CCS vs standing forest and Northern European energy,SSP2-PkBudg1000,2030,2049,annual,location,CHA,13978.651652211758,1.8713743947744788,7469.724760178917,6,kg CO2-Eq,e6608fb212ad4477a6a1
BECCS,new CHP+CCS vs standing forest and Northern European energy,SSP2-PkBudg1000,2030,2049,annual,location,IND,12468.963731248003,1.6692668246251878,7469.724760178917,7,kg CO2-Eq,e6608fb212ad4477a6a1
BECCS,new CHP+CCS vs standing forest and Northern European energy,SSP2-PkBudg1000,2030,2049,annual,location,RoW,11952.136078318345,1.6000771731289418,7469.724760178917,8,kg CO2-Eq,e6608fb212ad4477a6a1
BECCS,new CHP+CCS vs standing forest and Northern European energy,SSP2-PkBudg1000,2030,2049,annual,location,Other locations,135273.93613668685,18.109627928706537,7469.724760178917,9,kg CO2-Eq,e6608fb212ad4477a6a1
BECCS,new CHP+CCS vs standing forest and Northern European energy,SSP2-PkBudg1000,2030,2049,annual,process,Forest regrowth,-8538779.819222614,-1143.1184003917824,7469.724760178917,1,kg CO2-Eq,e6608fb212ad4477a6a1
BECCS,new CHP+CCS vs standing forest and Northern European energy,SSP2-PkBudg1000,2030,2049,annual,process,Harvesting and biomass supply,7270.598717226378,0.9733422516430486,7469.724760178917,2,kg CO2-Eq,e6608fb212ad4477a6a1
BECCS,new CHP+CCS vs standing forest and Northern European energy,SSP2-PkBudg1000,2030,2049,annual,process,Residual biogenic stack emissions,853878.0018494421,114.31184270690449,7469.724760178917,3,kg CO2-Eq,e6608fb212ad4477a6a1
BECCS,new CHP+CCS vs standing forest and Northern European energy,SSP2-PkBudg1000,2030,2049,annual,process,New CHP infrastructure and end-of-life,11409.83741392696,1.5274776220340505,7469.724760178917,4,kg CO2-Eq,e6608fb212ad4477a6a1
BECCS,new CHP+CCS vs standing forest and Northern European energy,SSP2-PkBudg1000,2030,2049,annual,process,Other CHP operating emissions,68083.60394960322,9.114606780768781,7469.724760178917,5,kg CO2-Eq,e6608fb212ad4477a6a1
BECCS,new CHP+CCS vs standing forest and Northern European energy,SSP2-PkBudg1000,2030,2049,annual,process,Avoided Northern European electricity,-96323.51272249785,-12.895189021689024,7469.724760178917,6,kg CO2-Eq,e6608fb212ad4477a6a1
BECCS,new CHP+CCS vs standing forest and Northern European energy,SSP2-PkBudg1000,2030,2049,annual,process,Avoided Northern European heat,-34831.37904928098,-4.663007027376293,7469.724760178917,7,kg CO2-Eq,e6608fb212ad4477a6a1
BECCS,new CHP+CCS vs standing forest and Northern European energy,SSP2-PkBudg1000,2030,2049,annual,process,Capture electricity,0.0,0.0,7469.724760178917,8,kg CO2-Eq,e6608fb212ad4477a6a1
BECCS,new CHP+CCS vs standing forest and Northern European energy,SSP2-PkBudg1000,2030,2049,annual,process,Compression and recompression,25855.475447187266,3.4613692307677435,7469.724760178917,9,kg CO2-Eq,e6608fb212ad4477a6a1
BECCS,new CHP+CCS vs standing forest and Northern European energy,SSP2-PkBudg1000,2030,2049,annual,process,Pipeline and geological storage,95089.68070425806,12.730011313292412,7469.724760178917,10,kg CO2-Eq,e6608fb212ad4477a6a1
BECCS,new CHP+CCS vs standing forest and Northern European energy,SSP2-PkBudg1000,2030,2049,annual,process,Transport losses,215177.25646605933,28.80658436213992,7469.724760178917,11,kg CO2-Eq,e6608fb212ad4477a6a1
BECCS,new CHP+CCS vs standing forest and Northern European energy,SSP2-PkBudg1000,2030,2049,annual,process,Capture chemicals and operating materials,13613.833671522962,1.8225348468123315,7469.724760178917,12,kg CO2-Eq,e6608fb212ad4477a6a1
BECCS,new CHP+CCS vs standing forest and Northern European energy,SSP2-PkBudg1000,2030,2049,annual,process,CCS infrastructure and end-of-life,5607.529659192087,0.7507009748318724,7469.724760178917,13,kg CO2-Eq,e6608fb212ad4477a6a1
BECCS,new CHP+CCS vs standing forest and Northern European energy,SSP2-PkBudg1000,2030,2049,annual,process,Other CHP and CCS supply-chain GHG emissions,0.12337225141740121,1.651630486776412e-05,7469.724760178917,14,kg CO2-Eq,e6608fb212ad4477a6a1
BECCS,new CHP+CCS vs standing forest and Northern European energy,SSP2-PkBudg1000,2030,,lifetime,activity,"forest carbon regrowth differential, existing spruce forest vs standing stock, LCSS 2026 | SE",-170775589.10116082,-1143.1183516397086,149394.49520357835,1,kg CO2-Eq,09ea626452283bbe4665
BECCS,new CHP+CCS vs standing forest and Northern European energy,SSP2-PkBudg1000,2030,,lifetime,activity,"operation of new Nordic spruce CHP with post-combustion capture, excluding capture equipment, LCSS 2026 | ENC",18258156.334854297,122.2143848739145,149394.49520357835,2,kg CO2-Eq,09ea626452283bbe4665
BECCS,new CHP+CCS vs standing forest and Northern European energy,SSP2-PkBudg1000,2030,,lifetime,activity,supply of forest residue | ENC,6057197.501714284,40.544984562250455,149394.49520357835,3,kg CO2-Eq,09ea626452283bbe4665
BECCS,new CHP+CCS vs standing forest and Northern European energy,SSP2-PkBudg1000,2030,,lifetime,activity,"carbon dioxide transport extension, pipeline 50 to 2000 km, LCSS 2026 | ENC",4303545.190334226,28.806584770542106,149394.49520357835,4,kg CO2-Eq,09ea626452283bbe4665
BECCS,new CHP+CCS vs standing forest and Northern European energy,SSP2-PkBudg1000,2030,,lifetime,activity,"heat and power co-generation, wood chips, 6667 kW, state-of-the-art 2014 | FI",-4038184.4330400624,-27.03034290210807,149394.49520357835,5,kg CO2-Eq,09ea626452283bbe4665
BECCS,new CHP+CCS vs standing forest and Northern European energy,SSP2-PkBudg1000,2030,,lifetime,activity,"heat and power co-generation, wood chips, 6667 kW, state-of-the-art 2014 | SE",-3199828.17560048,-21.41864846653223,149394.49520357835,6,kg CO2-Eq,09ea626452283bbe4665
BECCS,new CHP+CCS vs standing forest and Northern European energy,SSP2-PkBudg1000,2030,,lifetime,activity,"heat and power co-generation, wood chips, 6667 kW, state-of-the-art 2014 | DK",-2973432.3134379517,-19.903225412596935,149394.49520357835,7,kg CO2-Eq,09ea626452283bbe4665
BECCS,new CHP+CCS vs standing forest and Northern European energy,SSP2-PkBudg1000,2030,,lifetime,activity,"hydrogen production, gaseous, 25 bar, from gasification of woody biomass in entrained flow gasifier, at gasification plant | ENC",2568972.5149649535,17.19589809158792,149394.49520357835,8,kg CO2-Eq,09ea626452283bbe4665
BECCS,new CHP+CCS vs standing forest and Northern European energy,SSP2-PkBudg1000,2030,,lifetime,activity,"wood chipping, mobile chipper, at forest road | FI",1299340.6867133786,8.697379946582238,149394.49520357835,9,kg CO2-Eq,09ea626452283bbe4665
BECCS,new CHP+CCS vs standing forest and Northern European energy,SSP2-PkBudg1000,2030,,lifetime,activity,"harvesting, forestry harvester | FI",907747.7258798501,6.0761792102371075,149394.49520357835,10,kg CO2-Eq,09ea626452283bbe4665
BECCS,new CHP+CCS vs standing forest and Northern European energy,SSP2-PkBudg1000,2030,,lifetime,activity,"carbon monoxide, from RWGS, for Fischer Tropsch process, hydrogen from wood gasification | ENC",-901514.0478379386,-6.034452920165864,149394.49520357835,11,kg CO2-Eq,09ea626452283bbe4665
BECCS,new CHP+CCS vs standing forest and Northern European energy,SSP2-PkBudg1000,2030,,lifetime,activity,treatment of sewage sludge by anaerobic digestion | RoW,630319.3047877714,4.219160176744409,149394.49520357835,12,kg CO2-Eq,09ea626452283bbe4665
BECCS,new CHP+CCS vs standing forest and Northern European energy,SSP2-PkBudg1000,2030,,lifetime,activity,"methanol production, biomass gasification | ENC",-576305.3126391041,-3.8576074162155622,149394.49520357835,13,kg CO2-Eq,09ea626452283bbe4665
BECCS,new CHP+CCS vs standing forest and Northern European energy,SSP2-PkBudg1000,2030,,lifetime,activity,"heat production, softwood chips from forest, at furnace 1000kW | ENC",-533642.2126069367,-3.5720339754135377,149394.49520357835,14,kg CO2-Eq,09ea626452283bbe4665
BECCS,new CHP+CCS vs standing forest and Northern European energy,SSP2-PkBudg1000,2030,,lifetime,activity,"heat production, softwood chips from forest, at furnace 1000kW, state-of-the-art 2014 | ENC",-500202.45262941025,-3.3481986866235567,149394.49520357835,15,kg CO2-Eq,09ea626452283bbe4665
BECCS,new CHP+CCS vs standing forest and Northern European energy,SSP2-PkBudg1000,2030,,lifetime,activity,farming and supply of rapeseed | ENC,-398717.5935853235,-2.6688907984326673,149394.49520357835,16,kg CO2-Eq,09ea626452283bbe4665
BECCS,new CHP+CCS vs standing forest and Northern European energy,SSP2-PkBudg1000,2030,,lifetime,activity,"diesel, burned in building machine | GLO",306664.9572699654,2.0527192575072877,149394.49520357835,17,kg CO2-Eq,09ea626452283bbe4665
BECCS,new CHP+CCS vs standing forest and Northern European energy,SSP2-PkBudg1000,2030,,lifetime,activity,"forwarding, forwarder | FI",298992.23681839876,2.001360467873767,149394.49520357835,18,kg CO2-Eq,09ea626452283bbe4665
BECCS,new CHP+CCS vs standing forest and Northern European energy,SSP2-PkBudg1000,2030,,lifetime,activity,natural gas venting from petroleum/natural gas production | GLO,289529.31592969596,1.9380186367319447,149394.49520357835,19,kg CO2-Eq,09ea626452283bbe4665
BECCS,new CHP+CCS vs standing forest and Northern European energy,SSP2-PkBudg1000,2030,,lifetime,activity,"heat, residential, by combustion of methanol using boiler, distributed by truck, produced with biomass | ENC",-286020.57115874725,-1.9145321972472276,149394.49520357835,20,kg CO2-Eq,09ea626452283bbe4665
BECCS,new CHP+CCS vs standing forest and Northern European energy,SSP2-PkBudg1000,2030,,lifetime,activity,"electricity production, at biomass-fired IGCC power plant | ENC",-280461.019411983,-1.8773182976374174,149394.49520357835,21,kg CO2-Eq,09ea626452283bbe4665
BECCS,new CHP+CCS vs standing forest and Northern European energy,SSP2-PkBudg1000,2030,,lifetime,activity,"synthetic gas production, from wood, at fixed bed gasifier | RoW",-268152.2039616512,-1.7949269388824731,149394.49520357835,22,kg CO2-Eq,09ea626452283bbe4665
BECCS,new CHP+CCS vs standing forest and Northern European energy,SSP2-PkBudg1000,2030,,lifetime,activity,"heat, residential, by combustion of biomethane using boiler, distributed by pipeline | ENC",-257348.70681623704,-1.7226117097925904,149394.49520357835,23,kg CO2-Eq,09ea626452283bbe4665
BECCS,new CHP+CCS vs standing forest and Northern European energy,SSP2-PkBudg1000,2030,,lifetime,activity,"heat production, light fuel oil, at industrial furnace 1MW | ENC",-250581.39411730343,-1.6773134363206537,149394.49520357835,24,kg CO2-Eq,09ea626452283bbe4665
BECCS,new CHP+CCS vs standing forest and Northern European energy,SSP2-PkBudg1000,2030,,lifetime,activity,Other activities,4316434.319894859,28.89286057035032,149394.49520357835,25,kg CO2-Eq,09ea626452283bbe4665
BECCS,new CHP+CCS vs standing forest and Northern European energy,SSP2-PkBudg1000,2030,,lifetime,location,SE,-174216210.57049763,-1166.1487950616586,149394.49520357835,1,kg CO2-Eq,09ea626452283bbe4665
BECCS,new CHP+CCS vs standing forest and Northern European energy,SSP2-PkBudg1000,2030,,lifetime,location,ENC,27514751.79659389,184.17513817426686,149394.49520357835,2,kg CO2-Eq,09ea626452283bbe4665
BECCS,new CHP+CCS vs standing forest and Northern European energy,SSP2-PkBudg1000,2030,,lifetime,location,DK,-2974709.3086600793,-19.911773218996277,149394.49520357835,3,kg CO2-Eq,09ea626452283bbe4665
BECCS,new CHP+CCS vs standing forest and Northern European energy,SSP2-PkBudg1000,2030,,lifetime,location,FI,-1594778.556357905,-10.674948592883002,149394.49520357835,4,kg CO2-Eq,09ea626452283bbe4665
BECCS,new CHP+CCS vs standing forest and Northern European energy,SSP2-PkBudg1000,2030,,lifetime,location,RoW,1040157.422935503,6.962488286587074,149394.49520357835,5,kg CO2-Eq,09ea626452283bbe4665
BECCS,new CHP+CCS vs standing forest and Northern European energy,SSP2-PkBudg1000,2030,,lifetime,location,GLO,887508.5625463063,5.940704584442067,149394.49520357835,6,kg CO2-Eq,09ea626452283bbe4665
BECCS,new CHP+CCS vs standing forest and Northern European energy,SSP2-PkBudg1000,2030,,lifetime,location,CHA,541059.4413785167,3.6216825836937336,149394.49520357835,7,kg CO2-Eq,09ea626452283bbe4665
BECCS,new CHP+CCS vs standing forest and Northern European energy,SSP2-PkBudg1000,2030,,lifetime,location,MEA,291131.72029330797,1.9487446300921982,149394.49520357835,8,kg CO2-Eq,09ea626452283bbe4665
BECCS,new CHP+CCS vs standing forest and Northern European energy,SSP2-PkBudg1000,2030,,lifetime,location,Other locations,2508010.042925811,16.787834381100666,149394.49520357835,9,kg CO2-Eq,09ea626452283bbe4665
BECCS,new CHP+CCS vs standing forest and Northern European energy,SSP2-PkBudg1000,2030,,lifetime,process,Forest regrowth,-170775596.38445234,-1143.1184003917826,149394.49520357835,1,kg CO2-Eq,09ea626452283bbe4665
BECCS,new CHP+CCS vs standing forest and Northern European energy,SSP2-PkBudg1000,2030,,lifetime,process,Harvesting and biomass supply,1706079.35134824,11.419961284539855,149394.49520357835,2,kg CO2-Eq,09ea626452283bbe4665
BECCS,new CHP+CCS vs standing forest and Northern European energy,SSP2-PkBudg1000,2030,,lifetime,process,Residual biogenic stack emissions,17077560.036988847,114.3118427069045,149394.49520357835,3,kg CO2-Eq,09ea626452283bbe4665
BECCS,new CHP+CCS vs standing forest and Northern European energy,SSP2-PkBudg1000,2030,,lifetime,process,New CHP infrastructure and end-of-life,306832.58883121534,2.0538413307203705,149394.49520357835,4,kg CO2-Eq,09ea626452283bbe4665
BECCS,new CHP+CCS vs standing forest and Northern European energy,SSP2-PkBudg1000,2030,,lifetime,process,Other CHP operating emissions,1389650.5871442598,9.301886158861457,149394.49520357835,5,kg CO2-Eq,09ea626452283bbe4665
BECCS,new CHP+CCS vs standing forest and Northern European energy,SSP2-PkBudg1000,2030,,lifetime,process,Avoided Northern European electricity,-2735894.1685918407,-18.313219405197398,149394.49520357835,6,kg CO2-Eq,09ea626452283bbe4665
BECCS,new CHP+CCS vs standing forest and Northern European energy,SSP2-PkBudg1000,2030,,lifetime,process,Avoided Northern European heat,-1036903.7883491486,-6.940709474844909,149394.49520357835,7,kg CO2-Eq,09ea626452283bbe4665
BECCS,new CHP+CCS vs standing forest and Northern European energy,SSP2-PkBudg1000,2030,,lifetime,process,Capture electricity,0.0,0.0,149394.49520357835,8,kg CO2-Eq,09ea626452283bbe4665
BECCS,new CHP+CCS vs standing forest and Northern European energy,SSP2-PkBudg1000,2030,,lifetime,process,Compression and recompression,720422.6983847143,4.822284096900637,149394.49520357835,9,kg CO2-Eq,09ea626452283bbe4665
BECCS,new CHP+CCS vs standing forest and Northern European energy,SSP2-PkBudg1000,2030,,lifetime,process,Pipeline and geological storage,2586742.257529542,17.31484318752585,149394.49520357835,10,kg CO2-Eq,09ea626452283bbe4665
BECCS,new CHP+CCS vs standing forest and Northern European energy,SSP2-PkBudg1000,2030,,lifetime,process,Transport losses,4303545.129321188,28.806584362139922,149394.49520357835,11,kg CO2-Eq,09ea626452283bbe4665
BECCS,new CHP+CCS vs standing forest and Northern European energy,SSP2-PkBudg1000,2030,,lifetime,process,Capture chemicals and operating materials,293357.30779831915,1.9636420163846342,149394.49520357835,12,kg CO2-Eq,09ea626452283bbe4665
BECCS,new CHP+CCS vs standing forest and Northern European energy,SSP2-PkBudg1000,2030,,lifetime,process,CCS infrastructure and end-of-life,161122.49198634675,1.078503540353256,149394.49520357835,13,kg CO2-Eq,09ea626452283bbe4665
BECCS,new CHP+CCS vs standing forest and Northern European energy,SSP2-PkBudg1000,2030,,lifetime,process,Other CHP and CCS supply-chain GHG emissions,2.443217261182863,1.6354131776097344e-05,149394.49520357835,14,kg CO2-Eq,09ea626452283bbe4665
DACCS,not applicable,SSP2-PkBudg1000,2030,2030,annual,activity,"carbon dioxide, captured and stored, with a sorbent-based direct air capture system, 100ktCO2, with heat pump heat, and grid electricity | ENC",-99999998.33106995,-1028.8065671920776,97200.0,1,kg CO2-Eq,bf0da288ada217013041
DACCS,not applicable,SSP2-PkBudg1000,2030,2030,annual,activity,supply of forest residue | ENC,-24180231.471321642,-248.7678134909634,97200.0,2,kg CO2-Eq,bf0da288ada217013041
DACCS,not applicable,SSP2-PkBudg1000,2030,2030,annual,activity,"heat and power co-generation, wood chips, 6667 kW, state-of-the-art 2014 | FI",11510874.484745502,118.42463461672328,97200.0,3,kg CO2-Eq,bf0da288ada217013041
DACCS,not applicable,SSP2-PkBudg1000,2030,2030,annual,activity,"heat and power co-generation, wood chips, 6667 kW, state-of-the-art 2014 | SE",9109357.889735652,93.71767376271247,97200.0,4,kg CO2-Eq,bf0da288ada217013041
DACCS,not applicable,SSP2-PkBudg1000,2030,2030,annual,activity,"heat and power co-generation, wood chips, 6667 kW, state-of-the-art 2014 | DK",8464847.475633554,87.08690818553039,97200.0,5,kg CO2-Eq,bf0da288ada217013041
DACCS,not applicable,SSP2-PkBudg1000,2030,2030,annual,activity,"carbon dioxide transport extension, pipeline 50 to 2000 km, LCSS 2026 | ENC",2800000.039696692,28.8065847705421,97200.0,6,kg CO2-Eq,bf0da288ada217013041
DACCS,not applicable,SSP2-PkBudg1000,2030,2030,annual,activity,"electricity production, at biomass-fired IGCC power plant | ENC",959686.1761999063,9.873314569957884,97200.0,7,kg CO2-Eq,bf0da288ada217013041
DACCS,not applicable,SSP2-PkBudg1000,2030,2030,annual,activity,treatment of sewage sludge by anaerobic digestion | RoW,-871666.5613975171,-8.96776297734071,97200.0,8,kg CO2-Eq,bf0da288ada217013041
DACCS,not applicable,SSP2-PkBudg1000,2030,2030,annual,activity,plywood production | ENC,-678931.6946270363,-6.984893977644407,97200.0,9,kg CO2-Eq,bf0da288ada217013041
DACCS,not applicable,SSP2-PkBudg1000,2030,2030,annual,activity,three and five layered board production | ENC,-519028.69441441185,-5.339801382864319,97200.0,10,kg CO2-Eq,bf0da288ada217013041
DACCS,not applicable,SSP2-PkBudg1000,2030,2030,annual,activity,"treatment of spent anion exchange resin from potable water production, municipal incineration | GLO",392681.7901329871,4.039936112479291,97200.0,11,kg CO2-Eq,bf0da288ada217013041
DACCS,not applicable,SSP2-PkBudg1000,2030,2030,annual,activity,"electricity production, natural gas, subcritical, steam cycle | ENC",392292.91596893006,4.035935349474589,97200.0,12,kg CO2-Eq,bf0da288ada217013041
DACCS,not applicable,SSP2-PkBudg1000,2030,2030,annual,activity,natural gas venting from petroleum/natural gas production | GLO,371421.39696327114,3.8212077876879746,97200.0,13,kg CO2-Eq,bf0da288ada217013041
DACCS,not applicable,SSP2-PkBudg1000,2030,2030,annual,activity,"hardwood forestry, beech, sustainable forest management | ENC",-343530.51404355286,-3.534264547773178,97200.0,14,kg CO2-Eq,bf0da288ada217013041
DACCS,not applicable,SSP2-PkBudg1000,2030,2030,annual,activity,Other activities,6966876.668323709,71.675685888104,97200.0,15,kg CO2-Eq,bf0da288ada217013041
DACCS,not applicable,SSP2-PkBudg1000,2030,2030,annual,location,ENC,-121558870.63708161,-1250.6056649905515,97200.0,1,kg CO2-Eq,bf0da288ada217013041
DACCS,not applicable,SSP2-PkBudg1000,2030,2030,annual,location,FI,11612785.329191225,119.47310009455992,97200.0,2,kg CO2-Eq,bf0da288ada217013041
DACCS,not applicable,SSP2-PkBudg1000,2030,2030,annual,location,SE,9471164.648198443,97.43996551644489,97200.0,3,kg CO2-Eq,bf0da288ada217013041
DACCS,not applicable,SSP2-PkBudg1000,2030,2030,annual,location,DK,8472595.92104594,87.16662470211872,97200.0,4,kg CO2-Eq,bf0da288ada217013041
DACCS,not applicable,SSP2-PkBudg1000,2030,2030,annual,location,GLO,1311800.0934615787,13.495885735201426,97200.0,5,kg CO2-Eq,bf0da288ada217013041
DACCS,not applicable,SSP2-PkBudg1000,2030,2030,annual,location,CHA,1056557.9655318179,10.869937916994012,97200.0,6,kg CO2-Eq,bf0da288ada217013041
DACCS,not applicable,SSP2-PkBudg1000,2030,2030,annual,location,CN,372595.0037149659,3.833281931223929,97200.0,7,kg CO2-Eq,bf0da288ada217013041
DACCS,not applicable,SSP2-PkBudg1000,2030,2030,annual,location,RoW,330363.33110879234,3.3987997027653534,97200.0,8,kg CO2-Eq,bf0da288ada217013041
DACCS,not applicable,SSP2-PkBudg1000,2030,2030,annual,location,Other locations,3305659.9153548963,34.008846865791114,97200.0,9,kg CO2-Eq,bf0da288ada217013041
DACCS,not applicable,SSP2-PkBudg1000,2030,2030,annual,process,Gross atmospheric CO2 capture,-99999999.99999999,-1028.8065843621398,97200.0,1,kg CO2-Eq,bf0da288ada217013041
DACCS,not applicable,SSP2-PkBudg1000,2030,2030,annual,process,Direct-capture electricity,2022415.1437137055,20.806740161663637,97200.0,2,kg CO2-Eq,bf0da288ada217013041
DACCS,not applicable,SSP2-PkBudg1000,2030,2030,annual,process,Heat-pump electricity,3183431.244734537,32.751350254470545,97200.0,3,kg CO2-Eq,bf0da288ada217013041
DACCS,not applicable,SSP2-PkBudg1000,2030,2030,annual,process,Compression and recompression,632983.5167335755,6.512176098082052,97200.0,4,kg CO2-Eq,bf0da288ada217013041
DACCS,not applicable,SSP2-PkBudg1000,2030,2030,annual,process,Pipeline and geological storage,2094944.3482137788,21.552925393145873,97200.0,5,kg CO2-Eq,bf0da288ada217013041
DACCS,not applicable,SSP2-PkBudg1000,2030,2030,annual,process,Transport losses,2800000.0,28.80658436213992,97200.0,6,kg CO2-Eq,bf0da288ada217013041
DACCS,not applicable,SSP2-PkBudg1000,2030,2030,annual,process,Other supply-chain GHG emissions,3640877.3171304557,37.45758556718576,97200.0,7,kg CO2-Eq,bf0da288ada217013041
DACCS,not applicable,SSP2-PkBudg1000,2030,2031,annual,activity,"carbon dioxide, captured and stored, with a sorbent-based direct air capture system, 100ktCO2, with heat pump heat, and grid electricity | ENC",-99999998.33106995,-1028.8065671920776,97200.0,1,kg CO2-Eq,b68ccfc87680c2489332
DACCS,not applicable,SSP2-PkBudg1000,2030,2031,annual,activity,supply of forest residue | ENC,-22988568.948730934,-236.50791099517423,97200.0,2,kg CO2-Eq,b68ccfc87680c2489332
DACCS,not applicable,SSP2-PkBudg1000,2030,2031,annual,activity,"heat and power co-generation, wood chips, 6667 kW, state-of-the-art 2014 | FI",10934921.812382016,112.49919560063803,97200.0,3,kg CO2-Eq,b68ccfc87680c2489332
DACCS,not applicable,SSP2-PkBudg1000,2030,2031,annual,activity,"heat and power co-generation, wood chips, 6667 kW, state-of-the-art 2014 | SE",8653566.496553643,89.02846189870003,97200.0,4,kg CO2-Eq,b68ccfc87680c2489332
DACCS,not applicable,SSP2-PkBudg1000,2030,2031,annual,activity,"heat and power co-generation, wood chips, 6667 kW, state-of-the-art 2014 | DK",8041304.421990627,82.72946936204349,97200.0,5,kg CO2-Eq,b68ccfc87680c2489332
DACCS,not applicable,SSP2-PkBudg1000,2030,2031,annual,activity,"carbon dioxide transport extension, pipeline 50 to 2000 km, LCSS 2026 | ENC",2800000.039696692,28.8065847705421,97200.0,6,kg CO2-Eq,b68ccfc87680c2489332
DACCS,not applicable,SSP2-PkBudg1000,2030,2031,annual,activity,"electricity production, at biomass-fired IGCC power plant | ENC",912139.6143084959,9.384152410581233,97200.0,7,kg CO2-Eq,b68ccfc87680c2489332
DACCS,not applicable,SSP2-PkBudg1000,2030,2031,annual,activity,treatment of sewage sludge by anaerobic digestion | RoW,-830528.2521204978,-8.544529342803475,97200.0,8,kg CO2-Eq,b68ccfc87680c2489332
DACCS,not applicable,SSP2-PkBudg1000,2030,2031,annual,activity,plywood production | ENC,-641337.1769339814,-6.598119104259068,97200.0,9,kg CO2-Eq,b68ccfc87680c2489332
DACCS,not applicable,SSP2-PkBudg1000,2030,2031,annual,activity,three and five layered board production | ENC,-490288.493316443,-5.044120301609496,97200.0,10,kg CO2-Eq,b68ccfc87680c2489332
DACCS,not applicable,SSP2-PkBudg1000,2030,2031,annual,activity,"treatment of spent anion exchange resin from potable water production, municipal incineration | GLO",392675.9184373932,4.0398757040884075,97200.0,11,kg CO2-Eq,b68ccfc87680c2489332
DACCS,not applicable,SSP2-PkBudg1000,2030,2031,annual,activity,"electricity production, natural gas, subcritical, steam cycle | ENC",371635.8375514814,3.8234139665790265,97200.0,12,kg CO2-Eq,b68ccfc87680c2489332
DACCS,not applicable,SSP2-PkBudg1000,2030,2031,annual,activity,natural gas venting from petroleum/natural gas production | GLO,365552.6897864157,3.7608301418355525,97200.0,13,kg CO2-Eq,b68ccfc87680c2489332
DACCS,not applicable,SSP2-PkBudg1000,2030,2031,annual,activity,"electricity production, hydro, reservoir, non-alpine region | SE",352309.5943837288,3.6245843043593498,97200.0,14,kg CO2-Eq,b68ccfc87680c2489332
DACCS,not applicable,SSP2-PkBudg1000,2030,2031,annual,activity,Other activities,6159836.200840087,63.372800420165504,97200.0,15,kg CO2-Eq,b68ccfc87680c2489332
DACCS,not applicable,SSP2-PkBudg1000,2030,2031,annual,location,ENC,-120336912.88140479,-1238.0340831420247,97200.0,1,kg CO2-Eq,b68ccfc87680c2489332
DACCS,not applicable,SSP2-PkBudg1000,2030,2031,annual,location,FI,11043503.413363555,113.61629026094192,97200.0,2,kg CO2-Eq,b68ccfc87680c2489332
DACCS,not applicable,SSP2-PkBudg1000,2030,2031,annual,location,SE,9035429.068510216,92.95708918220386,97200.0,3,kg CO2-Eq,b68ccfc87680c2489332
DACCS,not applicable,SSP2-PkBudg1000,2030,2031,annual,location,DK,8047962.320121557,82.79796625639463,97200.0,4,kg CO2-Eq,b68ccfc87680c2489332
DACCS,not applicable,SSP2-PkBudg1000,2030,2031,annual,location,GLO,1301932.7634324403,13.39436999416091,97200.0,5,kg CO2-Eq,b68ccfc87680c2489332
DACCS,not applicable,SSP2-PkBudg1000,2030,2031,annual,location,CHA,1013385.0770539466,10.425772397674347,97200.0,6,kg CO2-Eq,b68ccfc87680c2489332
DACCS,not applicable,SSP2-PkBudg1000,2030,2031,annual,location,CN,367658.312759148,3.7824929296208643,97200.0,7,kg CO2-Eq,b68ccfc87680c2489332
DACCS,not applicable,SSP2-PkBudg1000,2030,2031,annual,location,RoW,366015.0790220684,3.7655872327373294,97200.0,8,kg CO2-Eq,b68ccfc87680c2489332
DACCS,not applicable,SSP2-PkBudg1000,2030,2031,annual,location,Other locations,3194248.270900575,32.86263653189892,97200.0,9,kg CO2-Eq,b68ccfc87680c2489332
DACCS,not applicable,SSP2-PkBudg1000,2030,2031,annual,process,Gross atmospheric CO2 capture,-99999999.99999999,-1028.8065843621398,97200.0,1,kg CO2-Eq,b68ccfc87680c2489332
DACCS,not applicable,SSP2-PkBudg1000,2030,2031,annual,process,Direct-capture electricity,1946760.0778187385,20.0283958623327,97200.0,2,kg CO2-Eq,b68ccfc87680c2489332
DACCS,not applicable,SSP2-PkBudg1000,2030,2031,annual,process,Heat-pump electricity,3064344.5669369046,31.526178672190376,97200.0,3,kg CO2-Eq,b68ccfc87680c2489332
DACCS,not applicable,SSP2-PkBudg1000,2030,2031,annual,process,Compression and recompression,609304.6940063236,6.2685668107646455,97200.0,4,kg CO2-Eq,b68ccfc87680c2489332
DACCS,not applicable,SSP2-PkBudg1000,2030,2031,annual,process,Pipeline and geological storage,2054778.9439035638,21.139701068966705,97200.0,5,kg CO2-Eq,b68ccfc87680c2489332
DACCS,not applicable,SSP2-PkBudg1000,2030,2031,annual,process,Transport losses,2800000.0,28.80658436213992,97200.0,6,kg CO2-Eq,b68ccfc87680c2489332
DACCS,not applicable,SSP2-PkBudg1000,2030,2031,annual,process,Other supply-chain GHG emissions,3558033.141092088,36.60527922934247,97200.0,7,kg CO2-Eq,b68ccfc87680c2489332
DACCS,not applicable,SSP2-PkBudg1000,2030,2032,annual,activity,"carbon dioxide, captured and stored, with a sorbent-based direct air capture system, 100ktCO2, with heat pump heat, and grid electricity | ENC",-99999998.33106995,-1028.8065671920776,97200.0,1,kg CO2-Eq,4138e1837ede14c598f6
DACCS,not applicable,SSP2-PkBudg1000,2030,2032,annual,activity,supply of forest residue | ENC,-21793170.4525063,-224.20957255664916,97200.0,2,kg CO2-Eq,4138e1837ede14c598f6
DACCS,not applicable,SSP2-PkBudg1000,2030,2032,annual,activity,"heat and power co-generation, wood chips, 6667 kW, state-of-the-art 2014 | FI",10358507.871521259,106.56901102388126,97200.0,3,kg CO2-Eq,4138e1837ede14c598f6
DACCS,not applicable,SSP2-PkBudg1000,2030,2032,annual,activity,"heat and power co-generation, wood chips, 6667 kW, state-of-the-art 2014 | SE",8197410.062555684,84.33549447073749,97200.0,4,kg CO2-Eq,4138e1837ede14c598f6
DACCS,not applicable,SSP2-PkBudg1000,2030,2032,annual,activity,"heat and power co-generation, wood chips, 6667 kW, state-of-the-art 2014 | DK",7617422.155226803,78.36854069163378,97200.0,5,kg CO2-Eq,4138e1837ede14c598f6
DACCS,not applicable,SSP2-PkBudg1000,2030,2032,annual,activity,"carbon dioxide transport extension, pipeline 50 to 2000 km, LCSS 2026 | ENC",2800000.039696692,28.8065847705421,97200.0,6,kg CO2-Eq,4138e1837ede14c598f6
DACCS,not applicable,SSP2-PkBudg1000,2030,2032,annual,activity,"electricity production, at biomass-fired IGCC power plant | ENC",864554.7763524513,8.894596464531393,97200.0,7,kg CO2-Eq,4138e1837ede14c598f6
DACCS,not applicable,SSP2-PkBudg1000,2030,2032,annual,activity,treatment of sewage sludge by anaerobic digestion | RoW,-789652.6172748469,-8.123998120111594,97200.0,8,kg CO2-Eq,4138e1837ede14c598f6
DACCS,not applicable,SSP2-PkBudg1000,2030,2032,annual,activity,plywood production | ENC,-604072.1199857965,-6.21473374470984,97200.0,9,kg CO2-Eq,4138e1837ede14c598f6
DACCS,not applicable,SSP2-PkBudg1000,2030,2032,annual,activity,three and five layered board production | ENC,-461800.15787981224,-4.751030430862266,97200.0,10,kg CO2-Eq,4138e1837ede14c598f6
DACCS,not applicable,SSP2-PkBudg1000,2030,2032,annual,activity,"treatment of spent anion exchange resin from potable water production, municipal incineration | GLO",392670.0412910152,4.039815239619498,97200.0,11,kg CO2-Eq,4138e1837ede14c598f6
DACCS,not applicable,SSP2-PkBudg1000,2030,2032,annual,activity,"electricity production, hydro, reservoir, non-alpine region | SE",379601.6887045319,3.9053671677420976,97200.0,12,kg CO2-Eq,4138e1837ede14c598f6
DACCS,not applicable,SSP2-PkBudg1000,2030,2032,annual,activity,natural gas venting from petroleum/natural gas production | GLO,359784.4831532177,3.7014864521935977,97200.0,13,kg CO2-Eq,4138e1837ede14c598f6
DACCS,not applicable,SSP2-PkBudg1000,2030,2032,annual,activity,"electricity production, natural gas, subcritical, steam cycle | ENC",351151.5435007464,3.6126702006249634,97200.0,14,kg CO2-Eq,4138e1837ede14c598f6
DACCS,not applicable,SSP2-PkBudg1000,2030,2032,annual,activity,Other activities,6019487.583200426,61.92888460082742,97200.0,15,kg CO2-Eq,4138e1837ede14c598f6
DACCS,not applicable,SSP2-PkBudg1000,2030,2032,annual,location,ENC,-119112200.17339227,-1225.434158162472,97200.0,1,kg CO2-Eq,4138e1837ede14c598f6
DACCS,not applicable,SSP2-PkBudg1000,2030,2032,annual,location,FI,10473764.056799281,107.75477424690618,97200.0,2,kg CO2-Eq,4138e1837ede14c598f6
DACCS,not applicable,SSP2-PkBudg1000,2030,2032,annual,location,SE,8599333.072625754,88.47050486240488,97200.0,3,kg CO2-Eq,4138e1837ede14c598f6
DACCS,not applicable,SSP2-PkBudg1000,2030,2032,annual,location,DK,7622988.888397269,78.4258116090254,97200.0,4,kg CO2-Eq,4138e1837ede14c598f6
DACCS,not applicable,SSP2-PkBudg1000,2030,2032,annual,location,GLO,1292131.2222972426,13.293531093593032,97200.0,5,kg CO2-Eq,4138e1837ede14c598f6
DACCS,not applicable,SSP2-PkBudg1000,2030,2032,annual,location,CHA,970957.3371951276,9.989273016410777,97200.0,6,kg CO2-Eq,4138e1837ede14c598f6
DACCS,not applicable,SSP2-PkBudg1000,2030,2032,annual,location,RoW,401518.7885842817,4.13085173440619,97200.0,7,kg CO2-Eq,4138e1837ede14c598f6
DACCS,not applicable,SSP2-PkBudg1000,2030,2032,annual,location,CN,362776.84972596925,3.7322721165223176,97200.0,8,kg CO2-Eq,4138e1837ede14c598f6
DACCS,not applicable,SSP2-PkBudg1000,2030,2032,annual,location,Other locations,3080626.5242533726,31.69368852112523,97200.0,9,kg CO2-Eq,4138e1837ede14c598f6
DACCS,not applicable,SSP2-PkBudg1000,2030,2032,annual,process,Gross atmospheric CO2 capture,-99999999.99999999,-1028.8065843621398,97200.0,1,kg CO2-Eq,4138e1837ede14c598f6
DACCS,not applicable,SSP2-PkBudg1000,2030,2032,annual,process,Direct-capture electricity,1871642.1463439376,19.25557763728331,97200.0,2,kg CO2-Eq,4138e1837ede14c598f6
DACCS,not applicable,SSP2-PkBudg1000,2030,2032,annual,process,Heat-pump electricity,2946103.3785043475,30.309705540168185,97200.0,3,kg CO2-Eq,4138e1837ede14c598f6
DACCS,not applicable,SSP2-PkBudg1000,2030,2032,annual,process,Compression and recompression,585793.985741274,6.026687096103641,97200.0,4,kg CO2-Eq,4138e1837ede14c598f6
DACCS,not applicable,SSP2-PkBudg1000,2030,2032,annual,process,Pipeline and geological storage,2014583.8697163747,20.726171499139657,97200.0,5,kg CO2-Eq,4138e1837ede14c598f6
DACCS,not applicable,SSP2-PkBudg1000,2030,2032,annual,process,Transport losses,2800000.0,28.80658436213992,97200.0,6,kg CO2-Eq,4138e1837ede14c598f6
DACCS,not applicable,SSP2-PkBudg1000,2030,2032,annual,process,Other supply-chain GHG emissions,3473773.186179143,35.73840726521752,97200.0,7,kg CO2-Eq,4138e1837ede14c598f6
DACCS,not applicable,SSP2-PkBudg1000,2030,2033,annual,activity,"carbon dioxide, captured and stored, with a sorbent-based direct air capture system, 100ktCO2, with heat pump heat, and grid electricity | ENC",-99999998.33106995,-1028.8065671920776,97200.0,1,kg CO2-Eq,e3fc44cd01f93b13a1f7
DACCS,not applicable,SSP2-PkBudg1000,2030,2033,annual,activity,supply of forest residue | ENC,-20594303.34168197,-211.8755487827363,97200.0,2,kg CO2-Eq,e3fc44cd01f93b13a1f7
DACCS,not applicable,SSP2-PkBudg1000,2030,2033,annual,activity,"heat and power co-generation, wood chips, 6667 kW, state-of-the-art 2014 | FI",9781664.632337714,100.6344097977131,97200.0,3,kg CO2-Eq,e3fc44cd01f93b13a1f7
DACCS,not applicable,SSP2-PkBudg1000,2030,2033,annual,activity,"heat and power co-generation, wood chips, 6667 kW, state-of-the-art 2014 | SE",7740913.301742384,79.63902573809037,97200.0,4,kg CO2-Eq,e3fc44cd01f93b13a1f7
DACCS,not applicable,SSP2-PkBudg1000,2030,2033,annual,activity,"heat and power co-generation, wood chips, 6667 kW, state-of-the-art 2014 | DK",7193223.640761039,74.00435844404362,97200.0,5,kg CO2-Eq,e3fc44cd01f93b13a1f7
DACCS,not applicable,SSP2-PkBudg1000,2030,2033,annual,activity,"carbon dioxide transport extension, pipeline 50 to 2000 km, LCSS 2026 | ENC",2800000.039696692,28.8065847705421,97200.0,6,kg CO2-Eq,e3fc44cd01f93b13a1f7
DACCS,not applicable,SSP2-PkBudg1000,2030,2033,annual,activity,"electricity production, at biomass-fired IGCC power plant | ENC",816934.2998287494,8.404673866550919,97200.0,7,kg CO2-Eq,e3fc44cd01f93b13a1f7
DACCS,not applicable,SSP2-PkBudg1000,2030,2033,annual,activity,treatment of sewage sludge by anaerobic digestion | RoW,-749044.6381636632,-7.706220557239334,97200.0,8,kg CO2-Eq,e3fc44cd01f93b13a1f7
DACCS,not applicable,SSP2-PkBudg1000,2030,2033,annual,activity,plywood production | ENC,-567145.217246104,-5.8348273379228806,97200.0,9,kg CO2-Eq,e3fc44cd01f93b13a1f7
DACCS,not applicable,SSP2-PkBudg1000,2030,2033,annual,activity,three and five layered board production | ENC,-433570.33407068916,-4.460600144760177,97200.0,10,kg CO2-Eq,e3fc44cd01f93b13a1f7
DACCS,not applicable,SSP2-PkBudg1000,2030,2033,annual,activity,"electricity production, hydro, reservoir, non-alpine region | SE",406901.4802866183,4.1862292210557435,97200.0,11,kg CO2-Eq,e3fc44cd01f93b13a1f7
DACCS,not applicable,SSP2-PkBudg1000,2030,2033,annual,activity,"treatment of spent anion exchange resin from potable water production, municipal incineration | GLO",392664.1591658201,4.039754723928191,97200.0,12,kg CO2-Eq,e3fc44cd01f93b13a1f7
DACCS,not applicable,SSP2-PkBudg1000,2030,2033,annual,activity,natural gas venting from petroleum/natural gas production | GLO,354104.3087659317,3.6430484440939477,97200.0,13,kg CO2-Eq,e3fc44cd01f93b13a1f7
DACCS,not applicable,SSP2-PkBudg1000,2030,2033,annual,activity,"electricity production, natural gas, subcritical, steam cycle | ENC",330841.2025345842,3.4037160754586853,97200.0,14,kg CO2-Eq,e3fc44cd01f93b13a1f7
DACCS,not applicable,SSP2-PkBudg1000,2030,2033,annual,activity,Other activities,5877413.643893648,60.467218558576626,97200.0,15,kg CO2-Eq,e3fc44cd01f93b13a1f7
DACCS,not applicable,SSP2-PkBudg1000,2030,2033,annual,location,ENC,-117884931.19216324,-1212.8079340757536,97200.0,1,kg CO2-Eq,e3fc44cd01f93b13a1f7
DACCS,not applicable,SSP2-PkBudg1000,2030,2033,annual,location,FI,9903599.024030283,101.88887884804818,97200.0,2,kg CO2-Eq,e3fc44cd01f93b13a1f7
DACCS,not applicable,SSP2-PkBudg1000,2030,2033,annual,location,SE,8162900.665576044,83.98045952238728,97200.0,3,kg CO2-Eq,e3fc44cd01f93b13a1f7
DACCS,not applicable,SSP2-PkBudg1000,2030,2033,annual,location,DK,7197698.641749595,74.05039754886415,97200.0,4,kg CO2-Eq,e3fc44cd01f93b13a1f7
DACCS,not applicable,SSP2-PkBudg1000,2030,2033,annual,location,GLO,1282377.6821106996,13.193186029945469,97200.0,5,kg CO2-Eq,e3fc44cd01f93b13a1f7
DACCS,not applicable,SSP2-PkBudg1000,2030,2033,annual,location,CHA,929287.4538763207,9.560570513130871,97200.0,6,kg CO2-Eq,e3fc44cd01f93b13a1f7
DACCS,not applicable,SSP2-PkBudg1000,2030,2033,annual,location,RoW,436862.59086891136,4.494471099474397,97200.0,7,kg CO2-Eq,e3fc44cd01f93b13a1f7
DACCS,not applicable,SSP2-PkBudg1000,2030,2033,annual,location,CN,357954.125799541,3.6826556152216154,97200.0,8,kg CO2-Eq,e3fc44cd01f93b13a1f7
DACCS,not applicable,SSP2-PkBudg1000,2030,2033,annual,location,Other locations,2964849.854932669,30.502570523998653,97200.0,9,kg CO2-Eq,e3fc44cd01f93b13a1f7
DACCS,not applicable,SSP2-PkBudg1000,2030,2033,annual,process,Gross atmospheric CO2 capture,-99999999.99999999,-1028.8065843621398,97200.0,1,kg CO2-Eq,e3fc44cd01f93b13a1f7
DACCS,not applicable,SSP2-PkBudg1000,2030,2033,annual,process,Direct-capture electricity,1797040.8204399878,18.488074284362014,97200.0,2,kg CO2-Eq,e3fc44cd01f93b13a1f7
DACCS,not applicable,SSP2-PkBudg1000,2030,2033,annual,process,Heat-pump electricity,2828675.3655073894,29.10159841056985,97200.0,3,kg CO2-Eq,e3fc44cd01f93b13a1f7
DACCS,not applicable,SSP2-PkBudg1000,2030,2033,annual,process,Compression and recompression,562444.9667377085,5.786470851210993,97200.0,4,kg CO2-Eq,e3fc44cd01f93b13a1f7
DACCS,not applicable,SSP2-PkBudg1000,2030,2033,annual,process,Pipeline and geological storage,1974378.54431944,20.31253646419177,97200.0,5,kg CO2-Eq,e3fc44cd01f93b13a1f7
DACCS,not applicable,SSP2-PkBudg1000,2030,2033,annual,process,Transport losses,2800000.0,28.80658436213992,97200.0,6,kg CO2-Eq,e3fc44cd01f93b13a1f7
DACCS,not applicable,SSP2-PkBudg1000,2030,2033,annual,process,Other supply-chain GHG emissions,3388059.14977469,34.85657561496595,97200.0,7,kg CO2-Eq,e3fc44cd01f93b13a1f7
DACCS,not applicable,SSP2-PkBudg1000,2030,2034,annual,activity,"carbon dioxide, captured and stored, with a sorbent-based direct air capture system, 100ktCO2, with heat pump heat, and grid electricity | ENC",-99999998.33106995,-1028.8065671920776,97200.0,1,kg CO2-Eq,39ba57792c5e1a29b06c
DACCS,not applicable,SSP2-PkBudg1000,2030,2034,annual,activity,supply of forest residue | ENC,-19392217.74806185,-199.5084130459038,97200.0,2,kg CO2-Eq,39ba57792c5e1a29b06c
DACCS,not applicable,SSP2-PkBudg1000,2030,2034,annual,activity,"heat and power co-generation, wood chips, 6667 kW, state-of-the-art 2014 | FI",9204420.552083958,94.69568469222179,97200.0,3,kg CO2-Eq,39ba57792c5e1a29b06c
DACCS,not applicable,SSP2-PkBudg1000,2030,2034,annual,activity,"heat and power co-generation, wood chips, 6667 kW, state-of-the-art 2014 | SE",7284099.906092541,74.93929944539651,97200.0,4,kg CO2-Eq,39ba57792c5e1a29b06c
DACCS,not applicable,SSP2-PkBudg1000,2030,2034,annual,activity,"heat and power co-generation, wood chips, 6667 kW, state-of-the-art 2014 | DK",6768730.894301245,69.63714911832557,97200.0,5,kg CO2-Eq,39ba57792c5e1a29b06c
DACCS,not applicable,SSP2-PkBudg1000,2030,2034,annual,activity,"carbon dioxide transport extension, pipeline 50 to 2000 km, LCSS 2026 | ENC",2800000.039696692,28.8065847705421,97200.0,6,kg CO2-Eq,39ba57792c5e1a29b06c
DACCS,not applicable,SSP2-PkBudg1000,2030,2034,annual,activity,"electricity production, at biomass-fired IGCC power plant | ENC",769280.7156299389,7.914410654629001,97200.0,7,kg CO2-Eq,39ba57792c5e1a29b06c
DACCS,not applicable,SSP2-PkBudg1000,2030,2034,annual,activity,treatment of sewage sludge by anaerobic digestion | RoW,-708708.7210930405,-7.291241986553915,97200.0,8,kg CO2-Eq,39ba57792c5e1a29b06c
DACCS,not applicable,SSP2-PkBudg1000,2030,2034,annual,activity,plywood production | ENC,-530564.4401961084,-5.458481895021691,97200.0,9,kg CO2-Eq,39ba57792c5e1a29b06c
DACCS,not applicable,SSP2-PkBudg1000,2030,2034,annual,activity,"electricity production, hydro, reservoir, non-alpine region | SE",434208.1152839624,4.467161679876156,97200.0,10,kg CO2-Eq,39ba57792c5e1a29b06c
DACCS,not applicable,SSP2-PkBudg1000,2030,2034,annual,activity,three and five layered board production | ENC,-405605.1159151958,-4.172892139045224,97200.0,11,kg CO2-Eq,39ba57792c5e1a29b06c
DACCS,not applicable,SSP2-PkBudg1000,2030,2034,annual,activity,"treatment of spent anion exchange resin from potable water production, municipal incineration | GLO",392658.27251417807,4.039694161668499,97200.0,12,kg CO2-Eq,39ba57792c5e1a29b06c
DACCS,not applicable,SSP2-PkBudg1000,2030,2034,annual,activity,natural gas venting from petroleum/natural gas production | GLO,348500.1268838973,3.5853922518919474,97200.0,13,kg CO2-Eq,39ba57792c5e1a29b06c
DACCS,not applicable,SSP2-PkBudg1000,2030,2034,annual,activity,"electricity production, natural gas, subcritical, steam cycle | ENC",310706.0645753939,3.196564450364135,97200.0,14,kg CO2-Eq,39ba57792c5e1a29b06c
DACCS,not applicable,SSP2-PkBudg1000,2030,2034,annual,activity,Other activities,5733752.6327916635,58.98922461719818,97200.0,15,kg CO2-Eq,39ba57792c5e1a29b06c
DACCS,not applicable,SSP2-PkBudg1000,2030,2034,annual,location,ENC,-116655289.77881208,-1200.1573022511532,97200.0,1,kg CO2-Eq,39ba57792c5e1a29b06c
DACCS,not applicable,SSP2-PkBudg1000,2030,2034,annual,location,FI,9333036.581280481,96.01889486914075,97200.0,2,kg CO2-Eq,39ba57792c5e1a29b06c
DACCS,not applicable,SSP2-PkBudg1000,2030,2034,annual,location,SE,7726154.999433286,79.4871913521943,97200.0,3,kg CO2-Eq,39ba57792c5e1a29b06c
DACCS,not applicable,SSP2-PkBudg1000,2030,2034,annual,location,DK,6772113.643903815,69.67195106896929,97200.0,4,kg CO2-Eq,39ba57792c5e1a29b06c
DACCS,not applicable,SSP2-PkBudg1000,2030,2034,annual,location,GLO,1272655.0583372065,13.093159036391013,97200.0,5,kg CO2-Eq,39ba57792c5e1a29b06c
DACCS,not applicable,SSP2-PkBudg1000,2030,2034,annual,location,CHA,888387.3750351906,9.13978780900402,97200.0,6,kg CO2-Eq,39ba57792c5e1a29b06c
DACCS,not applicable,SSP2-PkBudg1000,2030,2034,annual,location,RoW,472035.40116731916,4.8563312877296205,97200.0,7,kg CO2-Eq,39ba57792c5e1a29b06c
DACCS,not applicable,SSP2-PkBudg1000,2030,2034,annual,location,CN,353193.5373681892,3.6336783679854854,97200.0,8,kg CO2-Eq,39ba57792c5e1a29b06c
DACCS,not applicable,SSP2-PkBudg1000,2030,2034,annual,location,Other locations,2846976.145803887,29.289878043249864,97200.0,9,kg CO2-Eq,39ba57792c5e1a29b06c
DACCS,not applicable,SSP2-PkBudg1000,2030,2034,annual,process,Gross atmospheric CO2 capture,-99999999.99999999,-1028.8065843621398,97200.0,1,kg CO2-Eq,39ba57792c5e1a29b06c
DACCS,not applicable,SSP2-PkBudg1000,2030,2034,annual,process,Direct-capture electricity,1722938.7195001473,17.725706990742257,97200.0,2,kg CO2-Eq,39ba57792c5e1a29b06c
DACCS,not applicable,SSP2-PkBudg1000,2030,2034,annual,process,Heat-pump electricity,2712033.169583566,27.901575818760968,97200.0,3,kg CO2-Eq,39ba57792c5e1a29b06c
DACCS,not applicable,SSP2-PkBudg1000,2030,2034,annual,process,Compression and recompression,539252.1971443621,5.547862110538706,97200.0,4,kg CO2-Eq,39ba57792c5e1a29b06c
DACCS,not applicable,SSP2-PkBudg1000,2030,2034,annual,process,Pipeline and geological storage,1934182.8781014306,19.89900080351266,97200.0,5,kg CO2-Eq,39ba57792c5e1a29b06c
DACCS,not applicable,SSP2-PkBudg1000,2030,2034,annual,process,Transport losses,2800000.0,28.80658436213992,97200.0,6,kg CO2-Eq,39ba57792c5e1a29b06c
DACCS,not applicable,SSP2-PkBudg1000,2030,2034,annual,process,Other supply-chain GHG emissions,3300855.999186055,33.95942385993884,97200.0,7,kg CO2-Eq,39ba57792c5e1a29b06c
DACCS,not applicable,SSP2-PkBudg1000,2030,2035,annual,activity,"carbon dioxide, captured and stored, with a sorbent-based direct air capture system, 100ktCO2, with heat pump heat, and grid electricity | ENC",-99999998.33106995,-1028.8065671920776,97200.0,1,kg CO2-Eq,0e10faf52fd59d2d2fc3
DACCS,not applicable,SSP2-PkBudg1000,2030,2035,annual,activity,supply of forest residue | ENC,-18187160.991874766,-187.11070979295027,97200.0,2,kg CO2-Eq,0e10faf52fd59d2d2fc3
DACCS,not applicable,SSP2-PkBudg1000,2030,2035,annual,activity,"heat and power co-generation, wood chips, 6667 kW, state-of-the-art 2014 | FI",8626805.03547335,88.75313822503448,97200.0,3,kg CO2-Eq,0e10faf52fd59d2d2fc3
DACCS,not applicable,SSP2-PkBudg1000,2030,2035,annual,activity,"heat and power co-generation, wood chips, 6667 kW, state-of-the-art 2014 | SE",6826992.55952724,70.23654896632962,97200.0,4,kg CO2-Eq,0e10faf52fd59d2d2fc3
DACCS,not applicable,SSP2-PkBudg1000,2030,2035,annual,activity,"heat and power co-generation, wood chips, 6667 kW, state-of-the-art 2014 | DK",6343964.994820343,65.26712957634098,97200.0,5,kg CO2-Eq,0e10faf52fd59d2d2fc3
DACCS,not applicable,SSP2-PkBudg1000,2030,2035,annual,activity,"carbon dioxide transport extension, pipeline 50 to 2000 km, LCSS 2026 | ENC",2800000.039696692,28.8065847705421,97200.0,6,kg CO2-Eq,0e10faf52fd59d2d2fc3
DACCS,not applicable,SSP2-PkBudg1000,2030,2035,annual,activity,"electricity production, at biomass-fired IGCC power plant | ENC",721596.2867069549,7.423830110153857,97200.0,7,kg CO2-Eq,0e10faf52fd59d2d2fc3
DACCS,not applicable,SSP2-PkBudg1000,2030,2035,annual,activity,treatment of sewage sludge by anaerobic digestion | RoW,-668649.5749541617,-6.879110853437877,97200.0,8,kg CO2-Eq,0e10faf52fd59d2d2fc3
DACCS,not applicable,SSP2-PkBudg1000,2030,2035,annual,activity,plywood production | ENC,-494337.55607969186,-5.085777325922756,97200.0,9,kg CO2-Eq,0e10faf52fd59d2d2fc3
DACCS,not applicable,SSP2-PkBudg1000,2030,2035,annual,activity,"electricity production, hydro, reservoir, non-alpine region | SE",461520.66654053057,4.748155005561014,97200.0,10,kg CO2-Eq,0e10faf52fd59d2d2fc3
DACCS,not applicable,SSP2-PkBudg1000,2030,2035,annual,activity,"treatment of spent anion exchange resin from potable water production, municipal incineration | GLO",392652.38177082094,4.039633557312973,97200.0,11,kg CO2-Eq,0e10faf52fd59d2d2fc3
DACCS,not applicable,SSP2-PkBudg1000,2030,2035,annual,activity,three and five layered board production | ENC,-377910.441304409,-3.88796750313178,97200.0,12,kg CO2-Eq,0e10faf52fd59d2d2fc3
DACCS,not applicable,SSP2-PkBudg1000,2030,2035,annual,activity,natural gas venting from petroleum/natural gas production | GLO,342960.3871417039,3.5283990446677356,97200.0,13,kg CO2-Eq,0e10faf52fd59d2d2fc3
DACCS,not applicable,SSP2-PkBudg1000,2030,2035,annual,activity,"electricity production, natural gas, subcritical, steam cycle | ENC",290747.1837103848,2.9912261698599263,97200.0,14,kg CO2-Eq,0e10faf52fd59d2d2fc3
DACCS,not applicable,SSP2-PkBudg1000,2030,2035,annual,activity,Other activities,5588640.831616464,57.49630485202123,97200.0,15,kg CO2-Eq,0e10faf52fd59d2d2fc3
DACCS,not applicable,SSP2-PkBudg1000,2030,2035,annual,location,ENC,-115423461.21014902,-1187.4841688286936,97200.0,1,kg CO2-Eq,0e10faf52fd59d2d2fc3
DACCS,not applicable,SSP2-PkBudg1000,2030,2035,annual,location,FI,8762105.956912704,90.14512301350518,97200.0,2,kg CO2-Eq,0e10faf52fd59d2d2fc3
DACCS,not applicable,SSP2-PkBudg1000,2030,2035,annual,location,SE,7289118.131974667,74.99092728369,97200.0,3,kg CO2-Eq,0e10faf52fd59d2d2fc3
DACCS,not applicable,SSP2-PkBudg1000,2030,2035,annual,location,DK,6346255.019920036,65.29068950535017,97200.0,4,kg CO2-Eq,0e10faf52fd59d2d2fc3
DACCS,not applicable,SSP2-PkBudg1000,2030,2035,annual,location,GLO,1262947.013072688,12.99328202749679,97200.0,5,kg CO2-Eq,0e10faf52fd59d2d2fc3
DACCS,not applicable,SSP2-PkBudg1000,2030,2035,annual,location,CHA,848268.6402451928,8.727043623921737,97200.0,6,kg CO2-Eq,0e10faf52fd59d2d2fc3
DACCS,not applicable,SSP2-PkBudg1000,2030,2035,annual,location,RoW,507026.1244976976,5.216318153268493,97200.0,7,kg CO2-Eq,0e10faf52fd59d2d2fc3
DACCS,not applicable,SSP2-PkBudg1000,2030,2035,annual,location,CN,348498.4260291482,3.5853747533862985,97200.0,8,kg CO2-Eq,0e10faf52fd59d2d2fc3
DACCS,not applicable,SSP2-PkBudg1000,2030,2035,annual,location,Other locations,2727065.369218351,28.056228078378094,97200.0,9,kg CO2-Eq,0e10faf52fd59d2d2fc3
DACCS,not applicable,SSP2-PkBudg1000,2030,2035,annual,process,Gross atmospheric CO2 capture,-99999999.99999999,-1028.8065843621398,97200.0,1,kg CO2-Eq,0e10faf52fd59d2d2fc3
DACCS,not applicable,SSP2-PkBudg1000,2030,2035,annual,process,Direct-capture electricity,1649317.253009409,16.968284495981575,97200.0,2,kg CO2-Eq,0e10faf52fd59d2d2fc3
DACCS,not applicable,SSP2-PkBudg1000,2030,2035,annual,process,Heat-pump electricity,2596147.527885182,26.70933670663767,97200.0,3,kg CO2-Eq,0e10faf52fd59d2d2fc3
DACCS,not applicable,SSP2-PkBudg1000,2030,2035,annual,process,Compression and recompression,516209.85842807946,5.310801012634562,97200.0,4,kg CO2-Eq,0e10faf52fd59d2d2fc3
DACCS,not applicable,SSP2-PkBudg1000,2030,2035,annual,process,Pipeline and geological storage,1894016.8565924577,19.485770129552034,97200.0,5,kg CO2-Eq,0e10faf52fd59d2d2fc3
DACCS,not applicable,SSP2-PkBudg1000,2030,2035,annual,process,Transport losses,2800000.0,28.80658436213992,97200.0,6,kg CO2-Eq,0e10faf52fd59d2d2fc3
DACCS,not applicable,SSP2-PkBudg1000,2030,2035,annual,process,Other supply-chain GHG emissions,3212131.9758058786,33.04662526549258,97200.0,7,kg CO2-Eq,0e10faf52fd59d2d2fc3
DACCS,not applicable,SSP2-PkBudg1000,2030,2036,annual,activity,"carbon dioxide, captured and stored, with a sorbent-based direct air capture system, 100ktCO2, with heat pump heat, and grid electricity | ENC",-99999998.33106995,-1028.8065671920776,97200.0,1,kg CO2-Eq,6cb271c188eac4c26e59
DACCS,not applicable,SSP2-PkBudg1000,2030,2036,annual,activity,supply of forest residue | ENC,-17675711.1348789,-181.84887998846605,97200.0,2,kg CO2-Eq,6cb271c188eac4c26e59
DACCS,not applicable,SSP2-PkBudg1000,2030,2036,annual,activity,"heat and power co-generation, wood chips, 6667 kW, state-of-the-art 2014 | FI",8382861.63450475,86.24343245375258,97200.0,3,kg CO2-Eq,6cb271c188eac4c26e59
DACCS,not applicable,SSP2-PkBudg1000,2030,2036,annual,activity,"heat and power co-generation, wood chips, 6667 kW, state-of-the-art 2014 | SE",6633943.181678071,68.25044425594723,97200.0,4,kg CO2-Eq,6cb271c188eac4c26e59
DACCS,not applicable,SSP2-PkBudg1000,2030,2036,annual,activity,"heat and power co-generation, wood chips, 6667 kW, state-of-the-art 2014 | DK",6164574.288188429,63.42154617477807,97200.0,5,kg CO2-Eq,6cb271c188eac4c26e59
DACCS,not applicable,SSP2-PkBudg1000,2030,2036,annual,activity,"carbon dioxide transport extension, pipeline 50 to 2000 km, LCSS 2026 | ENC",2800000.039696692,28.8065847705421,97200.0,6,kg CO2-Eq,6cb271c188eac4c26e59
DACCS,not applicable,SSP2-PkBudg1000,2030,2036,annual,activity,"electricity production, at biomass-fired IGCC power plant | ENC",673928.4495688856,6.933420263054379,97200.0,7,kg CO2-Eq,6cb271c188eac4c26e59
DACCS,not applicable,SSP2-PkBudg1000,2030,2036,annual,activity,treatment of sewage sludge by anaerobic digestion | RoW,-624006.82785282,-6.419823331819137,97200.0,8,kg CO2-Eq,6cb271c188eac4c26e59
DACCS,not applicable,SSP2-PkBudg1000,2030,2036,annual,activity,plywood production | ENC,-471679.06167090894,-4.85266524352787,97200.0,9,kg CO2-Eq,6cb271c188eac4c26e59
DACCS,not applicable,SSP2-PkBudg1000,2030,2036,annual,activity,"electricity production, hydro, reservoir, non-alpine region | SE",462919.37096631265,4.762544968789225,97200.0,10,kg CO2-Eq,6cb271c188eac4c26e59
DACCS,not applicable,SSP2-PkBudg1000,2030,2036,annual,activity,"treatment of spent anion exchange resin from potable water production, municipal incineration | GLO",392652.4074758222,4.039633821767718,97200.0,11,kg CO2-Eq,6cb271c188eac4c26e59
DACCS,not applicable,SSP2-PkBudg1000,2030,2036,annual,activity,three and five layered board production | ENC,-360588.50912263436,-3.709758324306938,97200.0,12,kg CO2-Eq,6cb271c188eac4c26e59
DACCS,not applicable,SSP2-PkBudg1000,2030,2036,annual,activity,natural gas venting from petroleum/natural gas production | GLO,339287.46661754267,3.4906117964767764,97200.0,13,kg CO2-Eq,6cb271c188eac4c26e59
DACCS,not applicable,SSP2-PkBudg1000,2030,2036,annual,activity,"treatment of spent solvent mixture, hazardous waste incineration | RoW",282166.2386912911,2.9029448425029947,97200.0,14,kg CO2-Eq,6cb271c188eac4c26e59
DACCS,not applicable,SSP2-PkBudg1000,2030,2036,annual,activity,Other activities,5455703.089188802,56.12863260482307,97200.0,15,kg CO2-Eq,6cb271c188eac4c26e59
DACCS,not applicable,SSP2-PkBudg1000,2030,2036,annual,location,ENC,-114931131.07284263,-1182.4190439592862,97200.0,1,kg CO2-Eq,6cb271c188eac4c26e59
DACCS,not applicable,SSP2-PkBudg1000,2030,2036,annual,location,FI,8518183.616371144,87.63563391328337,97200.0,2,kg CO2-Eq,6cb271c188eac4c26e59
DACCS,not applicable,SSP2-PkBudg1000,2030,2036,annual,location,SE,7097448.601296909,73.0190185318612,97200.0,3,kg CO2-Eq,6cb271c188eac4c26e59
DACCS,not applicable,SSP2-PkBudg1000,2030,2036,annual,location,DK,6166701.832051542,63.443434486126975,97200.0,4,kg CO2-Eq,6cb271c188eac4c26e59
DACCS,not applicable,SSP2-PkBudg1000,2030,2036,annual,location,GLO,1256715.6037784142,12.929172878378747,97200.0,5,kg CO2-Eq,6cb271c188eac4c26e59
DACCS,not applicable,SSP2-PkBudg1000,2030,2036,annual,location,CHA,797838.2032610014,8.208211967705775,97200.0,6,kg CO2-Eq,6cb271c188eac4c26e59
DACCS,not applicable,SSP2-PkBudg1000,2030,2036,annual,location,RoW,547480.5190164926,5.632515627741694,97200.0,7,kg CO2-Eq,6cb271c188eac4c26e59
DACCS,not applicable,SSP2-PkBudg1000,2030,2036,annual,location,CN,344588.75208118005,3.545151770382511,97200.0,8,kg CO2-Eq,6cb271c188eac4c26e59
DACCS,not applicable,SSP2-PkBudg1000,2030,2036,annual,location,Other locations,2658226.246967389,27.348006656043093,97200.0,9,kg CO2-Eq,6cb271c188eac4c26e59
DACCS,not applicable,SSP2-PkBudg1000,2030,2036,annual,process,Gross atmospheric CO2 capture,-99999999.99999999,-1028.8065843621398,97200.0,1,kg CO2-Eq,6cb271c188eac4c26e59
DACCS,not applicable,SSP2-PkBudg1000,2030,2036,annual,process,Direct-capture electricity,1612431.7107844967,16.588803608894,97200.0,2,kg CO2-Eq,6cb271c188eac4c26e59
DACCS,not applicable,SSP2-PkBudg1000,2030,2036,annual,process,Heat-pump electricity,2538086.952160783,26.112005680666492,97200.0,3,kg CO2-Eq,6cb271c188eac4c26e59
DACCS,not applicable,SSP2-PkBudg1000,2030,2036,annual,process,Compression and recompression,504665.27505867474,5.19202957879295,97200.0,4,kg CO2-Eq,6cb271c188eac4c26e59
DACCS,not applicable,SSP2-PkBudg1000,2030,2036,annual,process,Pipeline and geological storage,1849861.8122885672,19.031500126425588,97200.0,5,kg CO2-Eq,6cb271c188eac4c26e59
DACCS,not applicable,SSP2-PkBudg1000,2030,2036,annual,process,Transport losses,2800000.0,28.80658436213992,97200.0,6,kg CO2-Eq,6cb271c188eac4c26e59
DACCS,not applicable,SSP2-PkBudg1000,2030,2036,annual,process,Other supply-chain GHG emissions,3151006.5516882273,32.4177628774509,97200.0,7,kg CO2-Eq,6cb271c188eac4c26e59
DACCS,not applicable,SSP2-PkBudg1000,2030,2037,annual,activity,"carbon dioxide, captured and stored, with a sorbent-based direct air capture system, 100ktCO2, with heat pump heat, and grid electricity | ENC",-99999998.33106995,-1028.8065671920776,97200.0,1,kg CO2-Eq,30995b2e9c173680d795
DACCS,not applicable,SSP2-PkBudg1000,2030,2037,annual,activity,supply of forest residue | ENC,-17161113.318721004,-176.55466377284984,97200.0,2,kg CO2-Eq,30995b2e9c173680d795
DACCS,not applicable,SSP2-PkBudg1000,2030,2037,annual,activity,"heat and power co-generation, wood chips, 6667 kW, state-of-the-art 2014 | FI",8138517.206967799,83.72960089473044,97200.0,3,kg CO2-Eq,30995b2e9c173680d795
DACCS,not applicable,SSP2-PkBudg1000,2030,2037,annual,activity,"heat and power co-generation, wood chips, 6667 kW, state-of-the-art 2014 | SE",6440576.426539997,66.2610743471193,97200.0,4,kg CO2-Eq,30995b2e9c173680d795
DACCS,not applicable,SSP2-PkBudg1000,2030,2037,annual,activity,"heat and power co-generation, wood chips, 6667 kW, state-of-the-art 2014 | DK",5984888.659631786,61.57292859703483,97200.0,5,kg CO2-Eq,30995b2e9c173680d795
DACCS,not applicable,SSP2-PkBudg1000,2030,2037,annual,activity,"carbon dioxide transport extension, pipeline 50 to 2000 km, LCSS 2026 | ENC",2800000.039696692,28.8065847705421,97200.0,6,kg CO2-Eq,30995b2e9c173680d795
DACCS,not applicable,SSP2-PkBudg1000,2030,2037,annual,activity,"electricity production, at biomass-fired IGCC power plant | ENC",626193.7623899779,6.442322658333106,97200.0,7,kg CO2-Eq,30995b2e9c173680d795
DACCS,not applicable,SSP2-PkBudg1000,2030,2037,annual,activity,treatment of sewage sludge by anaerobic digestion | RoW,-579214.0822776658,-5.958992616025369,97200.0,8,kg CO2-Eq,30995b2e9c173680d795
DACCS,not applicable,SSP2-PkBudg1000,2030,2037,annual,activity,"electricity production, hydro, reservoir, non-alpine region | SE",464314.29967780714,4.776896087220238,97200.0,9,kg CO2-Eq,30995b2e9c173680d795
DACCS,not applicable,SSP2-PkBudg1000,2030,2037,annual,activity,plywood production | ENC,-449470.55403668387,-4.6241826546983935,97200.0,10,kg CO2-Eq,30995b2e9c173680d795
DACCS,not applicable,SSP2-PkBudg1000,2030,2037,annual,activity,"treatment of spent anion exchange resin from potable water production, municipal incineration | GLO",392652.4309294944,4.0396340630606415,97200.0,11,kg CO2-Eq,30995b2e9c173680d795
DACCS,not applicable,SSP2-PkBudg1000,2030,2037,annual,activity,three and five layered board production | ENC,-343610.5821625202,-3.5350882938530885,97200.0,12,kg CO2-Eq,30995b2e9c173680d795
DACCS,not applicable,SSP2-PkBudg1000,2030,2037,annual,activity,natural gas venting from petroleum/natural gas production | GLO,335611.4389516857,3.452792581807466,97200.0,13,kg CO2-Eq,30995b2e9c173680d795
DACCS,not applicable,SSP2-PkBudg1000,2030,2037,annual,activity,"treatment of spent solvent mixture, hazardous waste incineration | RoW",282197.95798345644,2.903271172669305,97200.0,14,kg CO2-Eq,30995b2e9c173680d795
DACCS,not applicable,SSP2-PkBudg1000,2030,2037,annual,activity,Other activities,5311466.339213566,54.64471542400788,97200.0,15,kg CO2-Eq,30995b2e9c173680d795
DACCS,not applicable,SSP2-PkBudg1000,2030,2037,annual,location,ENC,-114437294.6822514,-1177.3384226569074,97200.0,1,kg CO2-Eq,30995b2e9c173680d795
DACCS,not applicable,SSP2-PkBudg1000,2030,2037,annual,location,FI,8273861.351265346,85.1220303628122,97200.0,2,kg CO2-Eq,30995b2e9c173680d795
DACCS,not applicable,SSP2-PkBudg1000,2030,2037,annual,location,SE,6905457.939464282,71.04380596156669,97200.0,3,kg CO2-Eq,30995b2e9c173680d795
DACCS,not applicable,SSP2-PkBudg1000,2030,2037,annual,location,DK,5986853.539423882,61.59314340971072,97200.0,4,kg CO2-Eq,30995b2e9c173680d795
DACCS,not applicable,SSP2-PkBudg1000,2030,2037,annual,location,GLO,1250349.5449338763,12.863678445821773,97200.0,5,kg CO2-Eq,30995b2e9c173680d795
DACCS,not applicable,SSP2-PkBudg1000,2030,2037,annual,location,CHA,748654.9694842865,7.7022116202087085,97200.0,6,kg CO2-Eq,30995b2e9c173680d795
DACCS,not applicable,SSP2-PkBudg1000,2030,2037,annual,location,RoW,588238.1234133774,6.051832545405118,97200.0,7,kg CO2-Eq,30995b2e9c173680d795
DACCS,not applicable,SSP2-PkBudg1000,2030,2037,annual,location,CN,340819.5290043509,3.506373755188795,97200.0,8,kg CO2-Eq,30995b2e9c173680d795
DACCS,not applicable,SSP2-PkBudg1000,2030,2037,annual,location,Other locations,2586071.3789764037,26.60567262321403,97200.0,9,kg CO2-Eq,30995b2e9c173680d795
DACCS,not applicable,SSP2-PkBudg1000,2030,2037,annual,process,Gross atmospheric CO2 capture,-99999999.99999999,-1028.8065843621398,97200.0,1,kg CO2-Eq,30995b2e9c173680d795
DACCS,not applicable,SSP2-PkBudg1000,2030,2037,annual,process,Direct-capture electricity,1575500.0121819049,16.208847861953753,97200.0,2,kg CO2-Eq,30995b2e9c173680d795
DACCS,not applicable,SSP2-PkBudg1000,2030,2037,annual,process,Heat-pump electricity,2479953.7228789255,25.5139271901124,97200.0,3,kg CO2-Eq,30995b2e9c173680d795
DACCS,not applicable,SSP2-PkBudg1000,2030,2037,annual,process,Compression and recompression,493106.2454830326,5.073109521430377,97200.0,4,kg CO2-Eq,30995b2e9c173680d795
DACCS,not applicable,SSP2-PkBudg1000,2030,2037,annual,process,Pipeline and geological storage,1805935.1212436499,18.579579436663064,97200.0,5,kg CO2-Eq,30995b2e9c173680d795
DACCS,not applicable,SSP2-PkBudg1000,2030,2037,annual,process,Transport losses,2800000.0,28.80658436213992,97200.0,6,kg CO2-Eq,30995b2e9c173680d795
DACCS,not applicable,SSP2-PkBudg1000,2030,2037,annual,process,Other supply-chain GHG emissions,3088516.5919261957,31.774862056853866,97200.0,7,kg CO2-Eq,30995b2e9c173680d795
DACCS,not applicable,SSP2-PkBudg1000,2030,2038,annual,activity,"carbon dioxide, captured and stored, with a sorbent-based direct air capture system, 100ktCO2, with heat pump heat, and grid electricity | ENC",-99999998.33106995,-1028.8065671920776,97200.0,1,kg CO2-Eq,02b2c18cb0d47823fef8
DACCS,not applicable,SSP2-PkBudg1000,2030,2038,annual,activity,supply of forest residue | ENC,-16643472.910018383,-171.22914516479818,97200.0,2,kg CO2-Eq,02b2c18cb0d47823fef8
DACCS,not applicable,SSP2-PkBudg1000,2030,2038,annual,activity,"heat and power co-generation, wood chips, 6667 kW, state-of-the-art 2014 | FI",7893780.746093711,81.21173607092295,97200.0,3,kg CO2-Eq,02b2c18cb0d47823fef8
DACCS,not applicable,SSP2-PkBudg1000,2030,2038,annual,activity,"heat and power co-generation, wood chips, 6667 kW, state-of-the-art 2014 | SE",6246899.256479108,64.26851086912663,97200.0,4,kg CO2-Eq,02b2c18cb0d47823fef8
DACCS,not applicable,SSP2-PkBudg1000,2030,2038,annual,activity,"heat and power co-generation, wood chips, 6667 kW, state-of-the-art 2014 | DK",5804914.897509031,59.72134668219168,97200.0,5,kg CO2-Eq,02b2c18cb0d47823fef8
DACCS,not applicable,SSP2-PkBudg1000,2030,2038,annual,activity,"carbon dioxide transport extension, pipeline 50 to 2000 km, LCSS 2026 | ENC",2800000.039696692,28.8065847705421,97200.0,6,kg CO2-Eq,02b2c18cb0d47823fef8
DACCS,not applicable,SSP2-PkBudg1000,2030,2038,annual,activity,"electricity production, at biomass-fired IGCC power plant | ENC",578393.8256228408,5.95055376155186,97200.0,7,kg CO2-Eq,02b2c18cb0d47823fef8
DACCS,not applicable,SSP2-PkBudg1000,2030,2038,annual,activity,treatment of sewage sludge by anaerobic digestion | RoW,-534269.432950451,-5.496599104428508,97200.0,8,kg CO2-Eq,02b2c18cb0d47823fef8
DACCS,not applicable,SSP2-PkBudg1000,2030,2038,annual,activity,"electricity production, hydro, reservoir, non-alpine region | SE",465705.49931982177,4.791208840738907,97200.0,9,kg CO2-Eq,02b2c18cb0d47823fef8
DACCS,not applicable,SSP2-PkBudg1000,2030,2038,annual,activity,plywood production | ENC,-427716.9736450229,-4.400380387294474,97200.0,10,kg CO2-Eq,02b2c18cb0d47823fef8
DACCS,not applicable,SSP2-PkBudg1000,2030,2038,annual,activity,"treatment of spent anion exchange resin from potable water production, municipal incineration | GLO",392652.45220935956,4.039634281989296,97200.0,11,kg CO2-Eq,02b2c18cb0d47823fef8
DACCS,not applicable,SSP2-PkBudg1000,2030,2038,annual,activity,natural gas venting from petroleum/natural gas production | GLO,331924.5447150646,3.4148615711426396,97200.0,12,kg CO2-Eq,02b2c18cb0d47823fef8
DACCS,not applicable,SSP2-PkBudg1000,2030,2038,annual,activity,three and five layered board production | ENC,-326980.43730571674,-3.3639962685773326,97200.0,13,kg CO2-Eq,02b2c18cb0d47823fef8
DACCS,not applicable,SSP2-PkBudg1000,2030,2038,annual,activity,"treatment of spent solvent mixture, hazardous waste incineration | RoW",282232.28680450976,2.9036243498406353,97200.0,14,kg CO2-Eq,02b2c18cb0d47823fef8
DACCS,not applicable,SSP2-PkBudg1000,2030,2038,annual,activity,Other activities,5164532.43411524,53.13304973369589,97200.0,15,kg CO2-Eq,02b2c18cb0d47823fef8
DACCS,not applicable,SSP2-PkBudg1000,2030,2038,annual,location,ENC,-113942036.27006848,-1172.2431715027622,97200.0,1,kg CO2-Eq,02b2c18cb0d47823fef8
DACCS,not applicable,SSP2-PkBudg1000,2030,2038,annual,location,FI,8029148.211199383,82.60440546501422,97200.0,2,kg CO2-Eq,02b2c18cb0d47823fef8
DACCS,not applicable,SSP2-PkBudg1000,2030,2038,annual,location,SE,6713153.1556482585,69.06536168362406,97200.0,3,kg CO2-Eq,02b2c18cb0d47823fef8
DACCS,not applicable,SSP2-PkBudg1000,2030,2038,annual,location,DK,5806716.935840182,59.73988617119529,97200.0,4,kg CO2-Eq,02b2c18cb0d47823fef8
DACCS,not applicable,SSP2-PkBudg1000,2030,2038,annual,location,GLO,1243836.644381489,12.796673296105853,97200.0,5,kg CO2-Eq,02b2c18cb0d47823fef8
DACCS,not applicable,SSP2-PkBudg1000,2030,2038,annual,location,CHA,700718.8130732798,7.209041286762138,97200.0,6,kg CO2-Eq,02b2c18cb0d47823fef8
DACCS,not applicable,SSP2-PkBudg1000,2030,2038,annual,location,RoW,629293.7971910354,6.474216020483903,97200.0,7,kg CO2-Eq,02b2c18cb0d47823fef8
DACCS,not applicable,SSP2-PkBudg1000,2030,2038,annual,location,CN,337189.91534354823,3.46903205085955,97200.0,8,kg CO2-Eq,02b2c18cb0d47823fef8
DACCS,not applicable,SSP2-PkBudg1000,2030,2038,annual,location,Other locations,2510576.694967175,25.828978343283694,97200.0,9,kg CO2-Eq,02b2c18cb0d47823fef8
DACCS,not applicable,SSP2-PkBudg1000,2030,2038,annual,process,Gross atmospheric CO2 capture,-99999999.99999999,-1028.8065843621398,97200.0,1,kg CO2-Eq,02b2c18cb0d47823fef8
DACCS,not applicable,SSP2-PkBudg1000,2030,2038,annual,process,Direct-capture electricity,1538498.6347088057,15.82817525420582,97200.0,2,kg CO2-Eq,02b2c18cb0d47823fef8
DACCS,not applicable,SSP2-PkBudg1000,2030,2038,annual,process,Heat-pump electricity,2421710.813893491,24.914720307546204,97200.0,3,kg CO2-Eq,02b2c18cb0d47823fef8
DACCS,not applicable,SSP2-PkBudg1000,2030,2038,annual,process,Compression and recompression,481525.4075380096,4.953965098127671,97200.0,4,kg CO2-Eq,02b2c18cb0d47823fef8
DACCS,not applicable,SSP2-PkBudg1000,2030,2038,annual,process,Pipeline and geological storage,1762234.7062412512,18.129986689724806,97200.0,5,kg CO2-Eq,02b2c18cb0d47823fef8
DACCS,not applicable,SSP2-PkBudg1000,2030,2038,annual,process,Transport losses,2800000.0,28.80658436213992,97200.0,6,kg CO2-Eq,02b2c18cb0d47823fef8
DACCS,not applicable,SSP2-PkBudg1000,2030,2038,annual,process,Other supply-chain GHG emissions,3024628.3351939707,31.117575464958545,97200.0,7,kg CO2-Eq,02b2c18cb0d47823fef8
DACCS,not applicable,SSP2-PkBudg1000,2030,2039,annual,activity,"carbon dioxide, captured and stored, with a sorbent-based direct air capture system, 100ktCO2, with heat pump heat, and grid electricity | ENC",-99999998.33106995,-1028.8065671920776,97200.0,1,kg CO2-Eq,e54d8d1c68df96216bb7
DACCS,not applicable,SSP2-PkBudg1000,2030,2039,annual,activity,supply of forest residue | ENC,-16122900.286663333,-165.8734597393347,97200.0,2,kg CO2-Eq,e54d8d1c68df96216bb7
DACCS,not applicable,SSP2-PkBudg1000,2030,2039,annual,activity,"heat and power co-generation, wood chips, 6667 kW, state-of-the-art 2014 | FI",7648663.288129409,78.6899515239651,97200.0,3,kg CO2-Eq,e54d8d1c68df96216bb7
DACCS,not applicable,SSP2-PkBudg1000,2030,2039,annual,activity,"heat and power co-generation, wood chips, 6667 kW, state-of-the-art 2014 | SE",6052920.715093453,62.27284686310137,97200.0,4,kg CO2-Eq,e54d8d1c68df96216bb7
DACCS,not applicable,SSP2-PkBudg1000,2030,2039,annual,activity,"heat and power co-generation, wood chips, 6667 kW, state-of-the-art 2014 | DK",5624660.768562343,57.86688033500353,97200.0,5,kg CO2-Eq,e54d8d1c68df96216bb7
DACCS,not applicable,SSP2-PkBudg1000,2030,2039,annual,activity,"carbon dioxide transport extension, pipeline 50 to 2000 km, LCSS 2026 | ENC",2800000.039696692,28.8065847705421,97200.0,6,kg CO2-Eq,e54d8d1c68df96216bb7
DACCS,not applicable,SSP2-PkBudg1000,2030,2039,annual,activity,"electricity production, at biomass-fired IGCC power plant | ENC",530530.4221483557,5.458131915106541,97200.0,7,kg CO2-Eq,e54d8d1c68df96216bb7
DACCS,not applicable,SSP2-PkBudg1000,2030,2039,annual,activity,treatment of sewage sludge by anaerobic digestion | RoW,-489170.6838508509,-5.032620204226861,97200.0,8,kg CO2-Eq,e54d8d1c68df96216bb7
DACCS,not applicable,SSP2-PkBudg1000,2030,2039,annual,activity,"electricity production, hydro, reservoir, non-alpine region | SE",467093.017109283,4.805483715116081,97200.0,9,kg CO2-Eq,e54d8d1c68df96216bb7
DACCS,not applicable,SSP2-PkBudg1000,2030,2039,annual,activity,plywood production | ENC,-406423.2052372281,-4.181308695856256,97200.0,10,kg CO2-Eq,e54d8d1c68df96216bb7
DACCS,not applicable,SSP2-PkBudg1000,2030,2039,annual,activity,"treatment of spent anion exchange resin from potable water production, municipal incineration | GLO",392652.4713921249,4.0396344793428485,97200.0,11,kg CO2-Eq,e54d8d1c68df96216bb7
DACCS,not applicable,SSP2-PkBudg1000,2030,2039,annual,activity,natural gas venting from petroleum/natural gas production | GLO,328219.25372795656,3.3767412934974956,97200.0,12,kg CO2-Eq,e54d8d1c68df96216bb7
DACCS,not applicable,SSP2-PkBudg1000,2030,2039,annual,activity,three and five layered board production | ENC,-310701.8088320057,-3.1965206669959434,97200.0,13,kg CO2-Eq,e54d8d1c68df96216bb7
DACCS,not applicable,SSP2-PkBudg1000,2030,2039,annual,activity,"treatment of spent solvent mixture, hazardous waste incineration | RoW",282268.6302742024,2.9039982538498186,97200.0,14,kg CO2-Eq,e54d8d1c68df96216bb7
DACCS,not applicable,SSP2-PkBudg1000,2030,2039,annual,activity,Other activities,5014895.776004279,51.593577942430855,97200.0,15,kg CO2-Eq,e54d8d1c68df96216bb7
DACCS,not applicable,SSP2-PkBudg1000,2030,2039,annual,location,ENC,-113445446.42480971,-1167.1342224774662,97200.0,1,kg CO2-Eq,e54d8d1c68df96216bb7
DACCS,not applicable,SSP2-PkBudg1000,2030,2039,annual,location,FI,7784055.256410568,80.08287300833918,97200.0,2,kg CO2-Eq,e54d8d1c68df96216bb7
DACCS,not applicable,SSP2-PkBudg1000,2030,2039,annual,location,SE,6520543.340927604,67.08377922765024,97200.0,3,kg CO2-Eq,e54d8d1c68df96216bb7
DACCS,not applicable,SSP2-PkBudg1000,2030,2039,annual,location,DK,5626299.79340059,57.88374273045875,97200.0,4,kg CO2-Eq,e54d8d1c68df96216bb7
DACCS,not applicable,SSP2-PkBudg1000,2030,2039,annual,location,GLO,1237165.223606032,12.72803727989745,97200.0,5,kg CO2-Eq,e54d8d1c68df96216bb7
DACCS,not applicable,SSP2-PkBudg1000,2030,2039,annual,location,RoW,670642.9700845529,6.899619033791696,97200.0,6,kg CO2-Eq,e54d8d1c68df96216bb7
DACCS,not applicable,SSP2-PkBudg1000,2030,2039,annual,location,CHA,654029.8307451212,6.728701962398366,97200.0,7,kg CO2-Eq,e54d8d1c68df96216bb7
DACCS,not applicable,SSP2-PkBudg1000,2030,2039,annual,location,CN,333699.1139864363,3.433118456650579,97200.0,8,kg CO2-Eq,e54d8d1c68df96216bb7
DACCS,not applicable,SSP2-PkBudg1000,2030,2039,annual,location,Other locations,2431720.962133512,25.01770537174395,97200.0,9,kg CO2-Eq,e54d8d1c68df96216bb7
DACCS,not applicable,SSP2-PkBudg1000,2030,2039,annual,process,Gross atmospheric CO2 capture,-99999999.99999999,-1028.8065843621398,97200.0,1,kg CO2-Eq,e54d8d1c68df96216bb7
DACCS,not applicable,SSP2-PkBudg1000,2030,2039,annual,process,Direct-capture electricity,1501404.249070305,15.446545772328239,97200.0,2,kg CO2-Eq,e54d8d1c68df96216bb7
DACCS,not applicable,SSP2-PkBudg1000,2030,2039,annual,process,Heat-pump electricity,2363321.5031662215,24.314007234220387,97200.0,3,kg CO2-Eq,e54d8d1c68df96216bb7
DACCS,not applicable,SSP2-PkBudg1000,2030,2039,annual,process,Compression and recompression,469915.4595283178,4.83452118856294,97200.0,4,kg CO2-Eq,e54d8d1c68df96216bb7
DACCS,not applicable,SSP2-PkBudg1000,2030,2039,annual,process,Pipeline and geological storage,1718759.309035372,17.68270894069313,97200.0,5,kg CO2-Eq,e54d8d1c68df96216bb7
DACCS,not applicable,SSP2-PkBudg1000,2030,2039,annual,process,Transport losses,2800000.0,28.80658436213992,97200.0,6,kg CO2-Eq,e54d8d1c68df96216bb7
DACCS,not applicable,SSP2-PkBudg1000,2030,2039,annual,process,Other supply-chain GHG emissions,2959309.545683525,30.445571457649436,97200.0,7,kg CO2-Eq,e54d8d1c68df96216bb7
DACCS,not applicable,SSP2-PkBudg1000,2030,2040,annual,activity,"carbon dioxide, captured and stored, with a sorbent-based direct air capture system, 100ktCO2, with heat pump heat, and grid electricity | ENC",-99999998.33106995,-1028.8065671920776,97200.0,1,kg CO2-Eq,d74ccf9249c81cd1395a
DACCS,not applicable,SSP2-PkBudg1000,2030,2040,annual,activity,supply of forest residue | ENC,-15599494.70085342,-160.4886286096031,97200.0,2,kg CO2-Eq,d74ccf9249c81cd1395a
DACCS,not applicable,SSP2-PkBudg1000,2030,2040,annual,activity,"heat and power co-generation, wood chips, 6667 kW, state-of-the-art 2014 | FI",7403173.444698271,76.16433585080526,97200.0,3,kg CO2-Eq,d74ccf9249c81cd1395a
DACCS,not applicable,SSP2-PkBudg1000,2030,2040,annual,activity,"heat and power co-generation, wood chips, 6667 kW, state-of-the-art 2014 | SE",5858647.462851214,60.274150852378746,97200.0,4,kg CO2-Eq,d74ccf9249c81cd1395a
DACCS,not applicable,SSP2-PkBudg1000,2030,2040,annual,activity,"heat and power co-generation, wood chips, 6667 kW, state-of-the-art 2014 | DK",5444132.78042127,56.00959650639167,97200.0,5,kg CO2-Eq,d74ccf9249c81cd1395a
DACCS,not applicable,SSP2-PkBudg1000,2030,2040,annual,activity,"carbon dioxide transport extension, pipeline 50 to 2000 km, LCSS 2026 | ENC",2800000.039696692,28.8065847705421,97200.0,6,kg CO2-Eq,d74ccf9249c81cd1395a
DACCS,not applicable,SSP2-PkBudg1000,2030,2040,annual,activity,"electricity production, at biomass-fired IGCC power plant | ENC",482605.08155437285,4.965072855497663,97200.0,7,kg CO2-Eq,d74ccf9249c81cd1395a
DACCS,not applicable,SSP2-PkBudg1000,2030,2040,annual,activity,"electricity production, hydro, reservoir, non-alpine region | SE",468476.899803746,4.819721191396564,97200.0,8,kg CO2-Eq,d74ccf9249c81cd1395a
DACCS,not applicable,SSP2-PkBudg1000,2030,2040,annual,activity,treatment of sewage sludge by anaerobic digestion | RoW,-443915.7427963907,-4.567034390909369,97200.0,9,kg CO2-Eq,d74ccf9249c81cd1395a
DACCS,not applicable,SSP2-PkBudg1000,2030,2040,annual,activity,"treatment of spent anion exchange resin from potable water production, municipal incineration | GLO",392652.4885514119,4.039634655878723,97200.0,10,kg CO2-Eq,d74ccf9249c81cd1395a
DACCS,not applicable,SSP2-PkBudg1000,2030,2040,annual,activity,plywood production | ENC,-385593.591701476,-3.9670122603032514,97200.0,11,kg CO2-Eq,d74ccf9249c81cd1395a
DACCS,not applicable,SSP2-PkBudg1000,2030,2040,annual,activity,natural gas venting from petroleum/natural gas production | GLO,324488.2430689614,3.3383564101745002,97200.0,12,kg CO2-Eq,d74ccf9249c81cd1395a
DACCS,not applicable,SSP2-PkBudg1000,2030,2040,annual,activity,three and five layered board production | ENC,-294778.0167860956,-3.032695645947486,97200.0,13,kg CO2-Eq,d74ccf9249c81cd1395a
DACCS,not applicable,SSP2-PkBudg1000,2030,2040,annual,activity,"treatment of spent solvent mixture, hazardous waste incineration | RoW",282306.4169014247,2.90438700515869,97200.0,14,kg CO2-Eq,d74ccf9249c81cd1395a
DACCS,not applicable,SSP2-PkBudg1000,2030,2040,annual,activity,Other activities,4862552.686045741,50.026262202116676,97200.0,15,kg CO2-Eq,d74ccf9249c81cd1395a
DACCS,not applicable,SSP2-PkBudg1000,2030,2040,annual,location,ENC,-112947604.62184416,-1162.0123932288493,97200.0,1,kg CO2-Eq,d74ccf9249c81cd1395a
DACCS,not applicable,SSP2-PkBudg1000,2030,2040,annual,location,FI,7538591.151687789,77.55752213670564,97200.0,2,kg CO2-Eq,d74ccf9249c81cd1395a
DACCS,not applicable,SSP2-PkBudg1000,2030,2040,annual,location,SE,6327635.202608807,65.09912759885604,97200.0,3,kg CO2-Eq,d74ccf9249c81cd1395a
DACCS,not applicable,SSP2-PkBudg1000,2030,2040,annual,location,DK,5445608.624917947,56.024780091748426,97200.0,4,kg CO2-Eq,d74ccf9249c81cd1395a
DACCS,not applicable,SSP2-PkBudg1000,2030,2040,annual,location,GLO,1230323.8367131364,12.65765264108165,97200.0,5,kg CO2-Eq,d74ccf9249c81cd1395a
DACCS,not applicable,SSP2-PkBudg1000,2030,2040,annual,location,RoW,712280.9794440502,7.327993615679529,97200.0,6,kg CO2-Eq,d74ccf9249c81cd1395a
DACCS,not applicable,SSP2-PkBudg1000,2030,2040,annual,location,CHA,608588.2659783624,6.261196152040766,97200.0,7,kg CO2-Eq,d74ccf9249c81cd1395a
DACCS,not applicable,SSP2-PkBudg1000,2030,2040,annual,location,CN,330346.3489106213,3.3986249887924003,97200.0,8,kg CO2-Eq,d74ccf9249c81cd1395a
DACCS,not applicable,SSP2-PkBudg1000,2030,2040,annual,location,Other locations,2349485.3719692044,24.17166020544449,97200.0,9,kg CO2-Eq,d74ccf9249c81cd1395a
DACCS,not applicable,SSP2-PkBudg1000,2030,2040,annual,process,Gross atmospheric CO2 capture,-99999999.99999999,-1028.8065843621398,97200.0,1,kg CO2-Eq,d74ccf9249c81cd1395a
DACCS,not applicable,SSP2-PkBudg1000,2030,2040,annual,process,Direct-capture electricity,1464195.5655005637,15.063740385808268,97200.0,2,kg CO2-Eq,d74ccf9249c81cd1395a
DACCS,not applicable,SSP2-PkBudg1000,2030,2040,annual,process,Heat-pump electricity,2304752.2790286657,23.71144319988339,97200.0,3,kg CO2-Eq,d74ccf9249c81cd1395a
DACCS,not applicable,SSP2-PkBudg1000,2030,2040,annual,process,Compression and recompression,458269.7380985658,4.714709239697179,97200.0,4,kg CO2-Eq,d74ccf9249c81cd1395a
DACCS,not applicable,SSP2-PkBudg1000,2030,2040,annual,process,Pipeline and geological storage,1675507.833273715,17.237734910223406,97200.0,5,kg CO2-Eq,d74ccf9249c81cd1395a
DACCS,not applicable,SSP2-PkBudg1000,2030,2040,annual,process,Transport losses,2800000.0,28.80658436213992,97200.0,6,kg CO2-Eq,d74ccf9249c81cd1395a
DACCS,not applicable,SSP2-PkBudg1000,2030,2040,annual,process,Other supply-chain GHG emissions,2892529.744482627,29.758536465870648,97200.0,7,kg CO2-Eq,d74ccf9249c81cd1395a
DACCS,not applicable,SSP2-PkBudg1000,2030,2041,annual,activity,"carbon dioxide, captured and stored, with a sorbent-based direct air capture system, 100ktCO2, with heat pump heat, and grid electricity | ENC",-99999998.33106995,-1028.8065671920776,97200.0,1,kg CO2-Eq,d2748ffa7c2c607f0cc8
DACCS,not applicable,SSP2-PkBudg1000,2030,2041,annual,activity,supply of forest residue | ENC,-14929130.411233993,-153.59187665878594,97200.0,2,kg CO2-Eq,d2748ffa7c2c607f0cc8
DACCS,not applicable,SSP2-PkBudg1000,2030,2041,annual,activity,"heat and power co-generation, wood chips, 6667 kW, state-of-the-art 2014 | FI",7100594.985165777,73.05138873627342,97200.0,3,kg CO2-Eq,d2748ffa7c2c607f0cc8
DACCS,not applicable,SSP2-PkBudg1000,2030,2041,annual,activity,"heat and power co-generation, wood chips, 6667 kW, state-of-the-art 2014 | SE",5619195.7098621465,57.81065545125665,97200.0,4,kg CO2-Eq,d2748ffa7c2c607f0cc8
DACCS,not applicable,SSP2-PkBudg1000,2030,2041,annual,activity,"heat and power co-generation, wood chips, 6667 kW, state-of-the-art 2014 | DK",5221622.639816061,53.720397528971816,97200.0,5,kg CO2-Eq,d2748ffa7c2c607f0cc8
DACCS,not applicable,SSP2-PkBudg1000,2030,2041,annual,activity,"carbon dioxide transport extension, pipeline 50 to 2000 km, LCSS 2026 | ENC",2800000.039696692,28.8065847705421,97200.0,6,kg CO2-Eq,d2748ffa7c2c607f0cc8
DACCS,not applicable,SSP2-PkBudg1000,2030,2041,annual,activity,"electricity production, hydro, reservoir, non-alpine region | SE",469809.3304048366,4.833429325152641,97200.0,7,kg CO2-Eq,d2748ffa7c2c607f0cc8
DACCS,not applicable,SSP2-PkBudg1000,2030,2041,annual,activity,"electricity production, at biomass-fired IGCC power plant | ENC",442740.5787281517,4.554944225598268,97200.0,8,kg CO2-Eq,d2748ffa7c2c607f0cc8
DACCS,not applicable,SSP2-PkBudg1000,2030,2041,annual,activity,treatment of sewage sludge by anaerobic digestion | RoW,-399006.03880611504,-4.1050003992398665,97200.0,9,kg CO2-Eq,d2748ffa7c2c607f0cc8
DACCS,not applicable,SSP2-PkBudg1000,2030,2041,annual,activity,"treatment of spent anion exchange resin from potable water production, municipal incineration | GLO",392652.53628470056,4.03963514696194,97200.0,10,kg CO2-Eq,d2748ffa7c2c607f0cc8
DACCS,not applicable,SSP2-PkBudg1000,2030,2041,annual,activity,plywood production | ENC,-374791.4811090504,-3.8558794352782964,97200.0,11,kg CO2-Eq,d2748ffa7c2c607f0cc8
DACCS,not applicable,SSP2-PkBudg1000,2030,2041,annual,activity,natural gas venting from petroleum/natural gas production | GLO,320816.8660679843,3.3005850418516904,97200.0,12,kg CO2-Eq,d2748ffa7c2c607f0cc8
DACCS,not applicable,SSP2-PkBudg1000,2030,2041,annual,activity,three and five layered board production | ENC,-286520.03531008476,-2.9477369887868803,97200.0,13,kg CO2-Eq,d2748ffa7c2c607f0cc8
DACCS,not applicable,SSP2-PkBudg1000,2030,2041,annual,activity,"treatment of spent solvent mixture, hazardous waste incineration | RoW",282308.96710521466,2.904413241823196,97200.0,14,kg CO2-Eq,d2748ffa7c2c607f0cc8
DACCS,not applicable,SSP2-PkBudg1000,2030,2041,annual,activity,Other activities,4713220.815502791,48.48992608541966,97200.0,15,kg CO2-Eq,d2748ffa7c2c607f0cc8
DACCS,not applicable,SSP2-PkBudg1000,2030,2041,annual,location,ENC,-112325340.80434552,-1155.6105021023202,97200.0,1,kg CO2-Eq,d2748ffa7c2c607f0cc8
DACCS,not applicable,SSP2-PkBudg1000,2030,2041,annual,location,FI,7236086.138801986,74.44533064611097,97200.0,2,kg CO2-Eq,d2748ffa7c2c607f0cc8
DACCS,not applicable,SSP2-PkBudg1000,2030,2041,annual,location,SE,6089501.384220926,62.64919119568854,97200.0,3,kg CO2-Eq,d2748ffa7c2c607f0cc8
DACCS,not applicable,SSP2-PkBudg1000,2030,2041,annual,location,DK,5222975.690174256,53.73431780014667,97200.0,4,kg CO2-Eq,d2748ffa7c2c607f0cc8
DACCS,not applicable,SSP2-PkBudg1000,2030,2041,annual,location,GLO,1222892.9177307393,12.581202857312134,97200.0,5,kg CO2-Eq,d2748ffa7c2c607f0cc8
DACCS,not applicable,SSP2-PkBudg1000,2030,2041,annual,location,RoW,753341.7694685687,7.750429727042889,97200.0,6,kg CO2-Eq,d2748ffa7c2c607f0cc8
DACCS,not applicable,SSP2-PkBudg1000,2030,2041,annual,location,CHA,567655.2369568426,5.840074454288504,97200.0,7,kg CO2-Eq,d2748ffa7c2c607f0cc8
DACCS,not applicable,SSP2-PkBudg1000,2030,2041,annual,location,CN,328520.85252193495,3.379844161748302,97200.0,8,kg CO2-Eq,d2748ffa7c2c607f0cc8
DACCS,not applicable,SSP2-PkBudg1000,2030,2041,annual,location,Other locations,2277882.9855754687,23.435010139665316,97200.0,9,kg CO2-Eq,d2748ffa7c2c607f0cc8
DACCS,not applicable,SSP2-PkBudg1000,2030,2041,annual,process,Gross atmospheric CO2 capture,-99999999.99999999,-1028.8065843621398,97200.0,1,kg CO2-Eq,d2748ffa7c2c607f0cc8
DACCS,not applicable,SSP2-PkBudg1000,2030,2041,annual,process,Direct-capture electricity,1421940.911384372,14.629021722061442,97200.0,2,kg CO2-Eq,d2748ffa7c2c607f0cc8
DACCS,not applicable,SSP2-PkBudg1000,2030,2041,annual,process,Heat-pump electricity,2238240.3234754014,23.027163821763388,97200.0,3,kg CO2-Eq,d2748ffa7c2c607f0cc8
DACCS,not applicable,SSP2-PkBudg1000,2030,2041,annual,process,Compression and recompression,445044.70878449816,4.578649267330228,97200.0,4,kg CO2-Eq,d2748ffa7c2c607f0cc8
DACCS,not applicable,SSP2-PkBudg1000,2030,2041,annual,process,Pipeline and geological storage,1626426.7603050838,16.73278559984654,97200.0,5,kg CO2-Eq,d2748ffa7c2c607f0cc8
DACCS,not applicable,SSP2-PkBudg1000,2030,2041,annual,process,Transport losses,2800000.0,28.80658436213992,97200.0,6,kg CO2-Eq,d2748ffa7c2c607f0cc8
DACCS,not applicable,SSP2-PkBudg1000,2030,2041,annual,process,Other supply-chain GHG emissions,2841863.4671536465,29.237278468658914,97200.0,7,kg CO2-Eq,d2748ffa7c2c607f0cc8
DACCS,not applicable,SSP2-PkBudg1000,2030,2042,annual,activity,"carbon dioxide, captured and stored, with a sorbent-based direct air capture system, 100ktCO2, with heat pump heat, and grid electricity | ENC",-99999998.33106995,-1028.8065671920776,97200.0,1,kg CO2-Eq,b4fa4f9685eea0e6c0c2
DACCS,not applicable,SSP2-PkBudg1000,2030,2042,annual,activity,supply of forest residue | ENC,-14258514.407740634,-146.69253505906002,97200.0,2,kg CO2-Eq,b4fa4f9685eea0e6c0c2
DACCS,not applicable,SSP2-PkBudg1000,2030,2042,annual,activity,"heat and power co-generation, wood chips, 6667 kW, state-of-the-art 2014 | FI",6797221.946775349,69.93026694213322,97200.0,3,kg CO2-Eq,b4fa4f9685eea0e6c0c2
DACCS,not applicable,SSP2-PkBudg1000,2030,2042,annual,activity,"heat and power co-generation, wood chips, 6667 kW, state-of-the-art 2014 | SE",5379115.362726566,55.34069303216632,97200.0,4,kg CO2-Eq,b4fa4f9685eea0e6c0c2
DACCS,not applicable,SSP2-PkBudg1000,2030,2042,annual,activity,"heat and power co-generation, wood chips, 6667 kW, state-of-the-art 2014 | DK",4998528.725502873,51.42519264920651,97200.0,5,kg CO2-Eq,b4fa4f9685eea0e6c0c2
DACCS,not applicable,SSP2-PkBudg1000,2030,2042,annual,activity,"carbon dioxide transport extension, pipeline 50 to 2000 km, LCSS 2026 | ENC",2800000.039696692,28.8065847705421,97200.0,6,kg CO2-Eq,b4fa4f9685eea0e6c0c2
DACCS,not applicable,SSP2-PkBudg1000,2030,2042,annual,activity,"electricity production, hydro, reservoir, non-alpine region | SE",471136.9935336079,4.8470884108395875,97200.0,7,kg CO2-Eq,b4fa4f9685eea0e6c0c2
DACCS,not applicable,SSP2-PkBudg1000,2030,2042,annual,activity,"electricity production, at biomass-fired IGCC power plant | ENC",402779.57097764,4.143822746683539,97200.0,8,kg CO2-Eq,b4fa4f9685eea0e6c0c2
DACCS,not applicable,SSP2-PkBudg1000,2030,2042,annual,activity,"treatment of spent anion exchange resin from potable water production, municipal incineration | GLO",392652.5822931485,4.039635620299881,97200.0,9,kg CO2-Eq,b4fa4f9685eea0e6c0c2
DACCS,not applicable,SSP2-PkBudg1000,2030,2042,annual,activity,plywood production | ENC,-363478.05009075924,-3.739486112044848,97200.0,10,kg CO2-Eq,b4fa4f9685eea0e6c0c2
DACCS,not applicable,SSP2-PkBudg1000,2030,2042,annual,activity,treatment of sewage sludge by anaerobic digestion | RoW,-354350.46316102246,-3.645580896718338,97200.0,11,kg CO2-Eq,b4fa4f9685eea0e6c0c2
DACCS,not applicable,SSP2-PkBudg1000,2030,2042,annual,activity,natural gas venting from petroleum/natural gas production | GLO,317105.31329053844,3.2624003424952512,97200.0,12,kg CO2-Eq,b4fa4f9685eea0e6c0c2
DACCS,not applicable,SSP2-PkBudg1000,2030,2042,annual,activity,"treatment of spent solvent mixture, hazardous waste incineration | RoW",282310.85802915954,2.9044326957732465,97200.0,13,kg CO2-Eq,b4fa4f9685eea0e6c0c2
DACCS,not applicable,SSP2-PkBudg1000,2030,2042,annual,activity,three and five layered board production | ENC,-277871.16035367706,-2.8587567937621094,97200.0,14,kg CO2-Eq,b4fa4f9685eea0e6c0c2
DACCS,not applicable,SSP2-PkBudg1000,2030,2042,annual,activity,Other activities,4563865.186787943,46.95334554308584,97200.0,15,kg CO2-Eq,b4fa4f9685eea0e6c0c2
DACCS,not applicable,SSP2-PkBudg1000,2030,2042,annual,location,ENC,-111700694.84657022,-1149.184103359776,97200.0,1,kg CO2-Eq,b4fa4f9685eea0e6c0c2
DACCS,not applicable,SSP2-PkBudg1000,2030,2042,annual,location,FI,6932782.508511253,71.3249229270705,97200.0,2,kg CO2-Eq,b4fa4f9685eea0e6c0c2
DACCS,not applicable,SSP2-PkBudg1000,2030,2042,annual,location,SE,5850734.101132872,60.19273766597605,97200.0,3,kg CO2-Eq,b4fa4f9685eea0e6c0c2
DACCS,not applicable,SSP2-PkBudg1000,2030,2042,annual,location,DK,4999758.64209136,51.43784611205103,97200.0,4,kg CO2-Eq,b4fa4f9685eea0e6c0c2
DACCS,not applicable,SSP2-PkBudg1000,2030,2042,annual,location,GLO,1215482.1122267738,12.504960002333064,97200.0,5,kg CO2-Eq,b4fa4f9685eea0e6c0c2
DACCS,not applicable,SSP2-PkBudg1000,2030,2042,annual,location,RoW,794167.9178123361,8.170451829345021,97200.0,6,kg CO2-Eq,b4fa4f9685eea0e6c0c2
DACCS,not applicable,SSP2-PkBudg1000,2030,2042,annual,location,CHA,527679.6309942235,5.428802788006415,97200.0,7,kg CO2-Eq,b4fa4f9685eea0e6c0c2
DACCS,not applicable,SSP2-PkBudg1000,2030,2042,annual,location,CN,326772.31109531113,3.3618550524208963,97200.0,8,kg CO2-Eq,b4fa4f9685eea0e6c0c2
DACCS,not applicable,SSP2-PkBudg1000,2030,2042,annual,location,Other locations,2203821.78990355,22.673063682135286,97200.0,9,kg CO2-Eq,b4fa4f9685eea0e6c0c2
DACCS,not applicable,SSP2-PkBudg1000,2030,2042,annual,process,Gross atmospheric CO2 capture,-99999999.99999999,-1028.8065843621398,97200.0,1,kg CO2-Eq,b4fa4f9685eea0e6c0c2
DACCS,not applicable,SSP2-PkBudg1000,2030,2042,annual,process,Direct-capture electricity,1379593.506460943,14.193348831902705,97200.0,2,kg CO2-Eq,b4fa4f9685eea0e6c0c2
DACCS,not applicable,SSP2-PkBudg1000,2030,2042,annual,process,Heat-pump electricity,2171582.371281115,22.341382420587603,97200.0,3,kg CO2-Eq,b4fa4f9685eea0e6c0c2
DACCS,not applicable,SSP2-PkBudg1000,2030,2042,annual,process,Compression and recompression,431790.64995474124,4.442290637394457,97200.0,4,kg CO2-Eq,b4fa4f9685eea0e6c0c2
DACCS,not applicable,SSP2-PkBudg1000,2030,2042,annual,process,Pipeline and geological storage,1577355.9493960657,16.227941866214667,97200.0,5,kg CO2-Eq,b4fa4f9685eea0e6c0c2
DACCS,not applicable,SSP2-PkBudg1000,2030,2042,annual,process,Transport losses,2800000.0,28.80658436213992,97200.0,6,kg CO2-Eq,b4fa4f9685eea0e6c0c2
DACCS,not applicable,SSP2-PkBudg1000,2030,2042,annual,process,Other supply-chain GHG emissions,2790181.6901029414,28.705572943445897,97200.0,7,kg CO2-Eq,b4fa4f9685eea0e6c0c2
DACCS,not applicable,SSP2-PkBudg1000,2030,2043,annual,activity,"carbon dioxide, captured and stored, with a sorbent-based direct air capture system, 100ktCO2, with heat pump heat, and grid electricity | ENC",-99999998.33106995,-1028.8065671920776,97200.0,1,kg CO2-Eq,133c62b18f36397fae7b
DACCS,not applicable,SSP2-PkBudg1000,2030,2043,annual,activity,supply of forest residue | ENC,-13587706.845124174,-139.7912226864627,97200.0,2,kg CO2-Eq,133c62b18f36397fae7b
DACCS,not applicable,SSP2-PkBudg1000,2030,2043,annual,activity,"heat and power co-generation, wood chips, 6667 kW, state-of-the-art 2014 | FI",6493068.694273589,66.80111825384351,97200.0,3,kg CO2-Eq,133c62b18f36397fae7b
DACCS,not applicable,SSP2-PkBudg1000,2030,2043,annual,activity,"heat and power co-generation, wood chips, 6667 kW, state-of-the-art 2014 | SE",5138417.356016826,52.864376090708085,97200.0,4,kg CO2-Eq,133c62b18f36397fae7b
DACCS,not applicable,SSP2-PkBudg1000,2030,2043,annual,activity,"heat and power co-generation, wood chips, 6667 kW, state-of-the-art 2014 | DK",4774860.87952126,49.12408312264671,97200.0,5,kg CO2-Eq,133c62b18f36397fae7b
DACCS,not applicable,SSP2-PkBudg1000,2030,2043,annual,activity,"carbon dioxide transport extension, pipeline 50 to 2000 km, LCSS 2026 | ENC",2800000.039696692,28.8065847705421,97200.0,6,kg CO2-Eq,133c62b18f36397fae7b
DACCS,not applicable,SSP2-PkBudg1000,2030,2043,annual,activity,"electricity production, hydro, reservoir, non-alpine region | SE",472459.93754887825,4.860698945976114,97200.0,7,kg CO2-Eq,133c62b18f36397fae7b
DACCS,not applicable,SSP2-PkBudg1000,2030,2043,annual,activity,"treatment of spent anion exchange resin from potable water production, municipal incineration | GLO",392652.62659718015,4.039636076102677,97200.0,8,kg CO2-Eq,133c62b18f36397fae7b
DACCS,not applicable,SSP2-PkBudg1000,2030,2043,annual,activity,"electricity production, at biomass-fired IGCC power plant | ENC",362723.7100283218,3.73172541181401,97200.0,9,kg CO2-Eq,133c62b18f36397fae7b
DACCS,not applicable,SSP2-PkBudg1000,2030,2043,annual,activity,plywood production | ENC,-351652.75025670044,-3.617826648731486,97200.0,10,kg CO2-Eq,133c62b18f36397fae7b
DACCS,not applicable,SSP2-PkBudg1000,2030,2043,annual,activity,natural gas venting from petroleum/natural gas production | GLO,313350.34069972276,3.2237689372399463,97200.0,11,kg CO2-Eq,133c62b18f36397fae7b
DACCS,not applicable,SSP2-PkBudg1000,2030,2043,annual,activity,treatment of sewage sludge by anaerobic digestion | RoW,-309950.90496626263,-3.1887953185829487,97200.0,12,kg CO2-Eq,133c62b18f36397fae7b
DACCS,not applicable,SSP2-PkBudg1000,2030,2043,annual,activity,"treatment of spent solvent mixture, hazardous waste incineration | RoW",282312.1038135655,2.9044455124852417,97200.0,13,kg CO2-Eq,133c62b18f36397fae7b
DACCS,not applicable,SSP2-PkBudg1000,2030,2043,annual,activity,three and five layered board production | ENC,-268830.97268457414,-2.7657507477836845,97200.0,14,kg CO2-Eq,133c62b18f36397fae7b
DACCS,not applicable,SSP2-PkBudg1000,2030,2043,annual,activity,Other activities,4414485.337548486,45.416515818400065,97200.0,15,kg CO2-Eq,133c62b18f36397fae7b
DACCS,not applicable,SSP2-PkBudg1000,2030,2043,annual,location,ENC,-111073712.93336043,-1142.7336721539139,97200.0,1,kg CO2-Eq,133c62b18f36397fae7b
DACCS,not applicable,SSP2-PkBudg1000,2030,2043,annual,location,FI,6628694.600755555,68.1964465098308,97200.0,2,kg CO2-Eq,133c62b18f36397fae7b
DACCS,not applicable,SSP2-PkBudg1000,2030,2043,annual,location,SE,5611344.3367592115,57.72988000781082,97200.0,3,kg CO2-Eq,133c62b18f36397fae7b
DACCS,not applicable,SSP2-PkBudg1000,2030,2043,annual,location,DK,4775967.327869271,49.13546633610361,97200.0,4,kg CO2-Eq,133c62b18f36397fae7b
DACCS,not applicable,SSP2-PkBudg1000,2030,2043,annual,location,GLO,1208085.4600119537,12.428862757324627,97200.0,5,kg CO2-Eq,133c62b18f36397fae7b
DACCS,not applicable,SSP2-PkBudg1000,2030,2043,annual,location,RoW,834757.1501606662,8.58803652428669,97200.0,6,kg CO2-Eq,133c62b18f36397fae7b
DACCS,not applicable,SSP2-PkBudg1000,2030,2043,annual,location,CHA,488656.66240344336,5.027331917730899,97200.0,7,kg CO2-Eq,133c62b18f36397fae7b
DACCS,not applicable,SSP2-PkBudg1000,2030,2043,annual,location,CN,325099.52317404316,3.344645300144477,97200.0,8,kg CO2-Eq,133c62b18f36397fae7b
DACCS,not applicable,SSP2-PkBudg1000,2030,2043,annual,location,Other locations,2127299.093869127,21.885793146801717,97200.0,9,kg CO2-Eq,133c62b18f36397fae7b
DACCS,not applicable,SSP2-PkBudg1000,2030,2043,annual,process,Gross atmospheric CO2 capture,-99999999.99999999,-1028.8065843621398,97200.0,1,kg CO2-Eq,133c62b18f36397fae7b
DACCS,not applicable,SSP2-PkBudg1000,2030,2043,annual,process,Direct-capture electricity,1337150.6026888858,13.756693443301295,97200.0,2,kg CO2-Eq,133c62b18f36397fae7b
DACCS,not applicable,SSP2-PkBudg1000,2030,2043,annual,process,Heat-pump electricity,2104774.096825099,21.654054494085383,97200.0,3,kg CO2-Eq,133c62b18f36397fae7b
DACCS,not applicable,SSP2-PkBudg1000,2030,2043,annual,process,Compression and recompression,418506.701516396,4.30562450119749,97200.0,4,kg CO2-Eq,133c62b18f36397fae7b
DACCS,not applicable,SSP2-PkBudg1000,2030,2043,annual,process,Pipeline and geological storage,1528287.8751060232,15.723126287099003,97200.0,5,kg CO2-Eq,133c62b18f36397fae7b
DACCS,not applicable,SSP2-PkBudg1000,2030,2043,annual,process,Transport losses,2800000.0,28.80658436213992,97200.0,6,kg CO2-Eq,133c62b18f36397fae7b
DACCS,not applicable,SSP2-PkBudg1000,2030,2043,annual,process,Other supply-chain GHG emissions,2737471.94550493,28.163291620421088,97200.0,7,kg CO2-Eq,133c62b18f36397fae7b
DACCS,not applicable,SSP2-PkBudg1000,2030,2044,annual,activity,"carbon dioxide, captured and stored, with a sorbent-based direct air capture system, 100ktCO2, with heat pump heat, and grid electricity | ENC",-99999998.33106995,-1028.8065671920776,97200.0,1,kg CO2-Eq,5526ec6ff2473a4ac112
DACCS,not applicable,SSP2-PkBudg1000,2030,2044,annual,activity,supply of forest residue | ENC,-12916766.356007976,-132.88854275728372,97200.0,2,kg CO2-Eq,5526ec6ff2473a4ac112
DACCS,not applicable,SSP2-PkBudg1000,2030,2044,annual,activity,"heat and power co-generation, wood chips, 6667 kW, state-of-the-art 2014 | FI",6188147.373851086,63.66406763221282,97200.0,3,kg CO2-Eq,5526ec6ff2473a4ac112
DACCS,not applicable,SSP2-PkBudg1000,2030,2044,annual,activity,"heat and power co-generation, wood chips, 6667 kW, state-of-the-art 2014 | SE",4897111.145936832,50.38180191293037,97200.0,4,kg CO2-Eq,5526ec6ff2473a4ac112
DACCS,not applicable,SSP2-PkBudg1000,2030,2044,annual,activity,"heat and power co-generation, wood chips, 6667 kW, state-of-the-art 2014 | DK",4550627.836297617,46.817158809646266,97200.0,5,kg CO2-Eq,5526ec6ff2473a4ac112
DACCS,not applicable,SSP2-PkBudg1000,2030,2044,annual,activity,"carbon dioxide transport extension, pipeline 50 to 2000 km, LCSS 2026 | ENC",2800000.039696692,28.8065847705421,97200.0,6,kg CO2-Eq,5526ec6ff2473a4ac112
DACCS,not applicable,SSP2-PkBudg1000,2030,2044,annual,activity,"electricity production, hydro, reservoir, non-alpine region | SE",473778.03605175426,4.874259630162081,97200.0,7,kg CO2-Eq,5526ec6ff2473a4ac112
DACCS,not applicable,SSP2-PkBudg1000,2030,2044,annual,activity,"treatment of spent anion exchange resin from potable water production, municipal incineration | GLO",392652.66921752354,4.0396365145835755,97200.0,8,kg CO2-Eq,5526ec6ff2473a4ac112
DACCS,not applicable,SSP2-PkBudg1000,2030,2044,annual,activity,plywood production | ENC,-339315.10866153816,-3.4908961796454543,97200.0,9,kg CO2-Eq,5526ec6ff2473a4ac112
DACCS,not applicable,SSP2-PkBudg1000,2030,2044,annual,activity,"electricity production, at biomass-fired IGCC power plant | ENC",322574.7313350517,3.318670075463495,97200.0,10,kg CO2-Eq,5526ec6ff2473a4ac112
DACCS,not applicable,SSP2-PkBudg1000,2030,2044,annual,activity,natural gas venting from petroleum/natural gas production | GLO,309548.681422246,3.184657216278251,97200.0,11,kg CO2-Eq,5526ec6ff2473a4ac112
DACCS,not applicable,SSP2-PkBudg1000,2030,2044,annual,activity,"treatment of spent solvent mixture, hazardous waste incineration | RoW",282312.7192360179,2.9044518439919536,97200.0,12,kg CO2-Eq,5526ec6ff2473a4ac112
DACCS,not applicable,SSP2-PkBudg1000,2030,2044,annual,activity,treatment of sewage sludge by anaerobic digestion | RoW,-265809.15554168145,-2.7346620940502206,97200.0,13,kg CO2-Eq,5526ec6ff2473a4ac112
DACCS,not applicable,SSP2-PkBudg1000,2030,2044,annual,activity,three and five layered board production | ENC,-259399.1107462274,-2.668715131134027,97200.0,14,kg CO2-Eq,5526ec6ff2473a4ac112
DACCS,not applicable,SSP2-PkBudg1000,2030,2044,annual,activity,Other activities,4265080.7912560385,43.87943200880698,97200.0,15,kg CO2-Eq,5526ec6ff2473a4ac112
DACCS,not applicable,SSP2-PkBudg1000,2030,2044,annual,location,ENC,-110444440.06295928,-1136.2596714296224,97200.0,1,kg CO2-Eq,5526ec6ff2473a4ac112
DACCS,not applicable,SSP2-PkBudg1000,2030,2044,annual,location,FI,6323834.582628675,65.06002657025385,97200.0,2,kg CO2-Eq,5526ec6ff2473a4ac112
DACCS,not applicable,SSP2-PkBudg1000,2030,2044,annual,location,SE,5371341.421302381,55.26071421092985,97200.0,3,kg CO2-Eq,5526ec6ff2473a4ac112
DACCS,not applicable,SSP2-PkBudg1000,2030,2044,annual,location,DK,4551610.486852198,46.82726838325306,97200.0,4,kg CO2-Eq,5526ec6ff2473a4ac112
DACCS,not applicable,SSP2-PkBudg1000,2030,2044,annual,location,GLO,1200696.941854909,12.352849196038159,97200.0,5,kg CO2-Eq,5526ec6ff2473a4ac112
DACCS,not applicable,SSP2-PkBudg1000,2030,2044,annual,location,RoW,875107.224916434,9.003160750169075,97200.0,6,kg CO2-Eq,5526ec6ff2473a4ac112
DACCS,not applicable,SSP2-PkBudg1000,2030,2044,annual,location,CHA,450581.35701040685,4.6356106688313465,97200.0,7,kg CO2-Eq,5526ec6ff2473a4ac112
DACCS,not applicable,SSP2-PkBudg1000,2030,2044,annual,location,CN,323501.2799490191,3.328202468611307,97200.0,8,kg CO2-Eq,5526ec6ff2473a4ac112
DACCS,not applicable,SSP2-PkBudg1000,2030,2044,annual,location,Other locations,2048312.7307188048,21.07317624196301,97200.0,9,kg CO2-Eq,5526ec6ff2473a4ac112
DACCS,not applicable,SSP2-PkBudg1000,2030,2044,annual,process,Gross atmospheric CO2 capture,-99999999.99999999,-1028.8065843621398,97200.0,1,kg CO2-Eq,5526ec6ff2473a4ac112
DACCS,not applicable,SSP2-PkBudg1000,2030,2044,annual,process,Direct-capture electricity,1294608.3809616426,13.319016265037476,97200.0,2,kg CO2-Eq,5526ec6ff2473a4ac112
DACCS,not applicable,SSP2-PkBudg1000,2030,2044,annual,process,Heat-pump electricity,2037809.4885507342,20.9651181949664,97200.0,3,kg CO2-Eq,5526ec6ff2473a4ac112
DACCS,not applicable,SSP2-PkBudg1000,2030,2044,annual,process,Compression and recompression,405191.66815033753,4.168638561217464,97200.0,4,kg CO2-Eq,5526ec6ff2473a4ac112
DACCS,not applicable,SSP2-PkBudg1000,2030,2044,annual,process,Pipeline and geological storage,1479214.680064223,15.218258025352089,97200.0,5,kg CO2-Eq,5526ec6ff2473a4ac112
DACCS,not applicable,SSP2-PkBudg1000,2030,2044,annual,process,Transport losses,2800000.0,28.80658436213992,97200.0,6,kg CO2-Eq,5526ec6ff2473a4ac112
DACCS,not applicable,SSP2-PkBudg1000,2030,2044,annual,process,Other supply-chain GHG emissions,2683721.744545866,27.610306013846355,97200.0,7,kg CO2-Eq,5526ec6ff2473a4ac112
DACCS,not applicable,SSP2-PkBudg1000,2030,2045,annual,activity,"carbon dioxide, captured and stored, with a sorbent-based direct air capture system, 100ktCO2, with heat pump heat, and grid electricity | ENC",-99999998.33106995,-1028.8065671920776,97200.0,1,kg CO2-Eq,664a42d97f2727f35989
DACCS,not applicable,SSP2-PkBudg1000,2030,2045,annual,activity,supply of forest residue | ENC,-12245750.836489711,-125.98509091038797,97200.0,2,kg CO2-Eq,664a42d97f2727f35989
DACCS,not applicable,SSP2-PkBudg1000,2030,2045,annual,activity,"heat and power co-generation, wood chips, 6667 kW, state-of-the-art 2014 | FI",5882470.533068963,60.519244167376165,97200.0,3,kg CO2-Eq,664a42d97f2727f35989
DACCS,not applicable,SSP2-PkBudg1000,2030,2045,annual,activity,"heat and power co-generation, wood chips, 6667 kW, state-of-the-art 2014 | SE",4655207.704367586,47.89308337826735,97200.0,4,kg CO2-Eq,664a42d97f2727f35989
DACCS,not applicable,SSP2-PkBudg1000,2030,2045,annual,activity,"heat and power co-generation, wood chips, 6667 kW, state-of-the-art 2014 | DK",4325839.4706153665,44.504521302627225,97200.0,5,kg CO2-Eq,664a42d97f2727f35989
DACCS,not applicable,SSP2-PkBudg1000,2030,2045,annual,activity,"carbon dioxide transport extension, pipeline 50 to 2000 km, LCSS 2026 | ENC",2800000.039696692,28.8065847705421,97200.0,6,kg CO2-Eq,664a42d97f2727f35989
DACCS,not applicable,SSP2-PkBudg1000,2030,2045,annual,activity,"electricity production, hydro, reservoir, non-alpine region | SE",475091.3388464695,4.887770975786723,97200.0,7,kg CO2-Eq,664a42d97f2727f35989
DACCS,not applicable,SSP2-PkBudg1000,2030,2045,annual,activity,"treatment of spent anion exchange resin from potable water production, municipal incineration | GLO",392652.7101752027,4.0396369359588755,97200.0,8,kg CO2-Eq,664a42d97f2727f35989
DACCS,not applicable,SSP2-PkBudg1000,2030,2045,annual,activity,plywood production | ENC,-326464.6818788455,-3.358690142786476,97200.0,9,kg CO2-Eq,664a42d97f2727f35989
DACCS,not applicable,SSP2-PkBudg1000,2030,2045,annual,activity,natural gas venting from petroleum/natural gas production | GLO,305697.07521881344,3.145031638053636,97200.0,10,kg CO2-Eq,664a42d97f2727f35989
DACCS,not applicable,SSP2-PkBudg1000,2030,2045,annual,activity,"electricity production, at biomass-fired IGCC power plant | ENC",282334.291164313,2.9046737774106273,97200.0,11,kg CO2-Eq,664a42d97f2727f35989
DACCS,not applicable,SSP2-PkBudg1000,2030,2045,annual,activity,"treatment of spent solvent mixture, hazardous waste incineration | RoW",282312.7195249321,2.904451846964322,97200.0,12,kg CO2-Eq,664a42d97f2727f35989
DACCS,not applicable,SSP2-PkBudg1000,2030,2045,annual,activity,three and five layered board production | ENC,-249575.23554865998,-2.567646456261934,97200.0,13,kg CO2-Eq,664a42d97f2727f35989
DACCS,not applicable,SSP2-PkBudg1000,2030,2045,annual,activity,treatment of sewage sludge by anaerobic digestion | RoW,-221927.09655520532,-2.2832005818436762,97200.0,14,kg CO2-Eq,664a42d97f2727f35989
DACCS,not applicable,SSP2-PkBudg1000,2030,2045,annual,activity,Other activities,4115651.743920743,42.342096130871845,97200.0,15,kg CO2-Eq,664a42d97f2727f35989
DACCS,not applicable,SSP2-PkBudg1000,2030,2045,annual,location,ENC,-109812920.74944188,-1129.7625591506367,97200.0,1,kg CO2-Eq,664a42d97f2727f35989
DACCS,not applicable,SSP2-PkBudg1000,2030,2045,annual,location,FI,6018214.977635402,61.91579195098151,97200.0,2,kg CO2-Eq,664a42d97f2727f35989
DACCS,not applicable,SSP2-PkBudg1000,2030,2045,annual,location,SE,5130736.376931517,52.78535367213495,97200.0,3,kg CO2-Eq,664a42d97f2727f35989
DACCS,not applicable,SSP2-PkBudg1000,2030,2045,annual,location,DK,4326697.998991018,44.51335389908455,97200.0,4,kg CO2-Eq,664a42d97f2727f35989
DACCS,not applicable,SSP2-PkBudg1000,2030,2045,annual,location,GLO,1193310.548902231,12.276857498994147,97200.0,5,kg CO2-Eq,664a42d97f2727f35989
DACCS,not applicable,SSP2-PkBudg1000,2030,2045,annual,location,RoW,915215.8183686513,9.415800600500528,97200.0,6,kg CO2-Eq,664a42d97f2727f35989
DACCS,not applicable,SSP2-PkBudg1000,2030,2045,annual,location,CHA,413448.7984117101,4.253588461025823,97200.0,7,kg CO2-Eq,664a42d97f2727f35989
DACCS,not applicable,SSP2-PkBudg1000,2030,2045,annual,location,CN,321976.3718031066,3.3125141132006855,97200.0,8,kg CO2-Eq,664a42d97f2727f35989
DACCS,not applicable,SSP2-PkBudg1000,2030,2045,annual,location,Other locations,1966861.303454907,20.235198595215092,97200.0,9,kg CO2-Eq,664a42d97f2727f35989
DACCS,not applicable,SSP2-PkBudg1000,2030,2045,annual,process,Gross atmospheric CO2 capture,-99999999.99999999,-1028.8065843621398,97200.0,1,kg CO2-Eq,664a42d97f2727f35989
DACCS,not applicable,SSP2-PkBudg1000,2030,2045,annual,process,Direct-capture electricity,1251964.4007176603,12.880292188453295,97200.0,2,kg CO2-Eq,664a42d97f2727f35989
DACCS,not applicable,SSP2-PkBudg1000,2030,2045,annual,process,Heat-pump electricity,1970684.704833355,20.27453400034316,97200.0,3,kg CO2-Eq,664a42d97f2727f35989
DACCS,not applicable,SSP2-PkBudg1000,2030,2045,annual,process,Compression and recompression,391844.78599992674,4.031324958846983,97200.0,4,kg CO2-Eq,664a42d97f2727f35989
DACCS,not applicable,SSP2-PkBudg1000,2030,2045,annual,process,Pipeline and geological storage,1430128.8649194823,14.713259927155168,97200.0,5,kg CO2-Eq,664a42d97f2727f35989
DACCS,not applicable,SSP2-PkBudg1000,2030,2045,annual,process,Transport losses,2800000.0,28.80658436213992,97200.0,6,kg CO2-Eq,664a42d97f2727f35989
DACCS,not applicable,SSP2-PkBudg1000,2030,2045,annual,process,Other supply-chain GHG emissions,2628918.6885849587,27.046488565688875,97200.0,7,kg CO2-Eq,664a42d97f2727f35989
DACCS,not applicable,SSP2-PkBudg1000,2030,2046,annual,activity,"carbon dioxide, captured and stored, with a sorbent-based direct air capture system, 100ktCO2, with heat pump heat, and grid electricity | ENC",-99999998.33106995,-1028.8065671920776,97200.0,1,kg CO2-Eq,4e7893348b7b87f6a071
DACCS,not applicable,SSP2-PkBudg1000,2030,2046,annual,activity,supply of forest residue | ENC,-11525620.313173143,-118.57634067050559,97200.0,2,kg CO2-Eq,4e7893348b7b87f6a071
DACCS,not applicable,SSP2-PkBudg1000,2030,2046,annual,activity,"heat and power co-generation, wood chips, 6667 kW, state-of-the-art 2014 | FI",5551221.698432867,57.11133434601715,97200.0,3,kg CO2-Eq,4e7893348b7b87f6a071
DACCS,not applicable,SSP2-PkBudg1000,2030,2046,annual,activity,"heat and power co-generation, wood chips, 6667 kW, state-of-the-art 2014 | SE",4393066.852343809,45.19616103234371,97200.0,4,kg CO2-Eq,4e7893348b7b87f6a071
DACCS,not applicable,SSP2-PkBudg1000,2030,2046,annual,activity,"heat and power co-generation, wood chips, 6667 kW, state-of-the-art 2014 | DK",4082245.927357312,41.99841489050732,97200.0,5,kg CO2-Eq,4e7893348b7b87f6a071
DACCS,not applicable,SSP2-PkBudg1000,2030,2046,annual,activity,"carbon dioxide transport extension, pipeline 50 to 2000 km, LCSS 2026 | ENC",2800000.039696692,28.8065847705421,97200.0,6,kg CO2-Eq,4e7893348b7b87f6a071
DACCS,not applicable,SSP2-PkBudg1000,2030,2046,annual,activity,"electricity production, hydro, reservoir, non-alpine region | SE",476862.48769558413,4.905992671765269,97200.0,7,kg CO2-Eq,4e7893348b7b87f6a071
DACCS,not applicable,SSP2-PkBudg1000,2030,2046,annual,activity,"treatment of spent anion exchange resin from potable water production, municipal incineration | GLO",392652.77095872327,4.039637561303738,97200.0,8,kg CO2-Eq,4e7893348b7b87f6a071
DACCS,not applicable,SSP2-PkBudg1000,2030,2046,annual,activity,plywood production | ENC,-314816.0985478236,-3.2388487504920125,97200.0,9,kg CO2-Eq,4e7893348b7b87f6a071
DACCS,not applicable,SSP2-PkBudg1000,2030,2046,annual,activity,natural gas venting from petroleum/natural gas production | GLO,301932.58268855675,3.1063022910345346,97200.0,10,kg CO2-Eq,4e7893348b7b87f6a071
DACCS,not applicable,SSP2-PkBudg1000,2030,2046,annual,activity,"treatment of spent solvent mixture, hazardous waste incineration | RoW",282328.7828730854,2.9046171077477925,97200.0,11,kg CO2-Eq,4e7893348b7b87f6a071
DACCS,not applicable,SSP2-PkBudg1000,2030,2046,annual,activity,"electricity production, at biomass-fired IGCC power plant | ENC",253113.40159247536,2.604047341486372,97200.0,12,kg CO2-Eq,4e7893348b7b87f6a071
DACCS,not applicable,SSP2-PkBudg1000,2030,2046,annual,activity,three and five layered board production | ENC,-240670.14384956192,-2.4760302865181267,97200.0,13,kg CO2-Eq,4e7893348b7b87f6a071
DACCS,not applicable,SSP2-PkBudg1000,2030,2046,annual,activity,treatment of sewage sludge by anaerobic digestion | RoW,-197492.27373911315,-2.0318135158344974,97200.0,14,kg CO2-Eq,4e7893348b7b87f6a071
DACCS,not applicable,SSP2-PkBudg1000,2030,2046,annual,activity,Other activities,4006204.8158591515,41.216098928592096,97200.0,15,kg CO2-Eq,4e7893348b7b87f6a071
DACCS,not applicable,SSP2-PkBudg1000,2030,2046,annual,location,ENC,-109105482.53026508,-1122.4843881714514,97200.0,1,kg CO2-Eq,4e7893348b7b87f6a071
DACCS,not applicable,SSP2-PkBudg1000,2030,2046,annual,location,FI,5687159.488473897,58.50987128059565,97200.0,2,kg CO2-Eq,4e7893348b7b87f6a071
DACCS,not applicable,SSP2-PkBudg1000,2030,2046,annual,location,SE,4870361.688974425,50.10660173842001,97200.0,3,kg CO2-Eq,4e7893348b7b87f6a071
DACCS,not applicable,SSP2-PkBudg1000,2030,2046,annual,location,DK,4083042.3253149544,42.006608285133275,97200.0,4,kg CO2-Eq,4e7893348b7b87f6a071
DACCS,not applicable,SSP2-PkBudg1000,2030,2046,annual,location,GLO,1180078.7185786706,12.140727557393731,97200.0,5,kg CO2-Eq,4e7893348b7b87f6a071
DACCS,not applicable,SSP2-PkBudg1000,2030,2046,annual,location,RoW,940587.9271022477,9.67683052574329,97200.0,6,kg CO2-Eq,4e7893348b7b87f6a071
DACCS,not applicable,SSP2-PkBudg1000,2030,2046,annual,location,CHA,384450.891589946,3.9552560863163166,97200.0,7,kg CO2-Eq,4e7893348b7b87f6a071
DACCS,not applicable,SSP2-PkBudg1000,2030,2046,annual,location,CN,321711.78879320924,3.309792065773758,97200.0,8,kg CO2-Eq,4e7893348b7b87f6a071
DACCS,not applicable,SSP2-PkBudg1000,2030,2046,annual,location,Other locations,1899121.9005564207,19.538291157987867,97200.0,9,kg CO2-Eq,4e7893348b7b87f6a071
DACCS,not applicable,SSP2-PkBudg1000,2030,2046,annual,process,Gross atmospheric CO2 capture,-99999999.99999999,-1028.8065843621398,97200.0,1,kg CO2-Eq,4e7893348b7b87f6a071
DACCS,not applicable,SSP2-PkBudg1000,2030,2046,annual,process,Direct-capture electricity,1207514.127193636,12.422984847671152,97200.0,2,kg CO2-Eq,4e7893348b7b87f6a071
DACCS,not applicable,SSP2-PkBudg1000,2030,2046,annual,process,Heat-pump electricity,1900716.681693687,19.55469837133423,97200.0,3,kg CO2-Eq,4e7893348b7b87f6a071
DACCS,not applicable,SSP2-PkBudg1000,2030,2046,annual,process,Compression and recompression,377932.5630112576,3.8881950927084117,97200.0,4,kg CO2-Eq,4e7893348b7b87f6a071
DACCS,not applicable,SSP2-PkBudg1000,2030,2046,annual,process,Pipeline and geological storage,1382200.0856196953,14.22016548991456,97200.0,5,kg CO2-Eq,4e7893348b7b87f6a071
DACCS,not applicable,SSP2-PkBudg1000,2030,2046,annual,process,Transport losses,2800000.0,28.80658436213992,97200.0,6,kg CO2-Eq,4e7893348b7b87f6a071
DACCS,not applicable,SSP2-PkBudg1000,2030,2046,annual,process,Other supply-chain GHG emissions,2592668.741599632,26.67354672427605,97200.0,7,kg CO2-Eq,4e7893348b7b87f6a071
DACCS,not applicable,SSP2-PkBudg1000,2030,2047,annual,activity,"carbon dioxide, captured and stored, with a sorbent-based direct air capture system, 100ktCO2, with heat pump heat, and grid electricity | ENC",-99999998.33106995,-1028.8065671920776,97200.0,1,kg CO2-Eq,978d739d989d9a0744d7
DACCS,not applicable,SSP2-PkBudg1000,2030,2047,annual,activity,supply of forest residue | ENC,-10807442.518013434,-111.18768022647566,97200.0,2,kg CO2-Eq,978d739d989d9a0744d7
DACCS,not applicable,SSP2-PkBudg1000,2030,2047,annual,activity,"heat and power co-generation, wood chips, 6667 kW, state-of-the-art 2014 | FI",5219559.753600957,53.69917441976293,97200.0,3,kg CO2-Eq,978d739d989d9a0744d7
DACCS,not applicable,SSP2-PkBudg1000,2030,2047,annual,activity,"heat and power co-generation, wood chips, 6667 kW, state-of-the-art 2014 | SE",4130599.073089504,42.495875237546336,97200.0,4,kg CO2-Eq,978d739d989d9a0744d7
DACCS,not applicable,SSP2-PkBudg1000,2030,2047,annual,activity,"heat and power co-generation, wood chips, 6667 kW, state-of-the-art 2014 | DK",3838348.214188751,39.48917915832048,97200.0,5,kg CO2-Eq,978d739d989d9a0744d7
DACCS,not applicable,SSP2-PkBudg1000,2030,2047,annual,activity,"carbon dioxide transport extension, pipeline 50 to 2000 km, LCSS 2026 | ENC",2800000.039696692,28.8065847705421,97200.0,6,kg CO2-Eq,978d739d989d9a0744d7
DACCS,not applicable,SSP2-PkBudg1000,2030,2047,annual,activity,"electricity production, hydro, reservoir, non-alpine region | SE",478630.89342733414,4.924186146371751,97200.0,7,kg CO2-Eq,978d739d989d9a0744d7
DACCS,not applicable,SSP2-PkBudg1000,2030,2047,annual,activity,"treatment of spent anion exchange resin from potable water production, municipal incineration | GLO",392652.8301194749,4.039638169953445,97200.0,8,kg CO2-Eq,978d739d989d9a0744d7
DACCS,not applicable,SSP2-PkBudg1000,2030,2047,annual,activity,plywood production | ENC,-302307.1153356835,-3.1101555075687606,97200.0,9,kg CO2-Eq,978d739d989d9a0744d7
DACCS,not applicable,SSP2-PkBudg1000,2030,2047,annual,activity,natural gas venting from petroleum/natural gas production | GLO,298135.6378509871,3.0672390725410192,97200.0,10,kg CO2-Eq,978d739d989d9a0744d7
DACCS,not applicable,SSP2-PkBudg1000,2030,2047,annual,activity,"treatment of spent solvent mixture, hazardous waste incineration | RoW",282344.21927064774,2.9047759184223017,97200.0,11,kg CO2-Eq,978d739d989d9a0744d7
DACCS,not applicable,SSP2-PkBudg1000,2030,2047,annual,activity,three and five layered board production | ENC,-231107.2949261287,-2.377647067141242,97200.0,12,kg CO2-Eq,978d739d989d9a0744d7
DACCS,not applicable,SSP2-PkBudg1000,2030,2047,annual,activity,"electricity production, at biomass-fired IGCC power plant | ENC",223858.3753983457,2.3030697057442975,97200.0,13,kg CO2-Eq,978d739d989d9a0744d7
DACCS,not applicable,SSP2-PkBudg1000,2030,2047,annual,activity,treatment of sewage sludge by anaerobic digestion | RoW,-172997.60609067164,-1.7798107622497084,97200.0,14,kg CO2-Eq,978d739d989d9a0744d7
DACCS,not applicable,SSP2-PkBudg1000,2030,2047,annual,activity,Other activities,3898201.9971986436,40.10495881891609,97200.0,15,kg CO2-Eq,978d739d989d9a0744d7
DACCS,not applicable,SSP2-PkBudg1000,2030,2047,annual,location,ENC,-108396910.83505246,-1115.1945559161775,97200.0,1,kg CO2-Eq,978d739d989d9a0744d7
DACCS,not applicable,SSP2-PkBudg1000,2030,2047,annual,location,FI,5355686.595089039,55.099656328076534,97200.0,2,kg CO2-Eq,978d739d989d9a0744d7
DACCS,not applicable,SSP2-PkBudg1000,2030,2047,annual,location,SE,4609657.226215737,47.42445705983268,97200.0,3,kg CO2-Eq,978d739d989d9a0744d7
DACCS,not applicable,SSP2-PkBudg1000,2030,2047,annual,location,DK,3839082.3378058006,39.49673187043005,97200.0,4,kg CO2-Eq,978d739d989d9a0744d7
DACCS,not applicable,SSP2-PkBudg1000,2030,2047,annual,location,GLO,1166869.6451411783,12.004831740135579,97200.0,5,kg CO2-Eq,978d739d989d9a0744d7
DACCS,not applicable,SSP2-PkBudg1000,2030,2047,annual,location,RoW,966024.8081085766,9.938526832392762,97200.0,6,kg CO2-Eq,978d739d989d9a0744d7
DACCS,not applicable,SSP2-PkBudg1000,2030,2047,annual,location,CHA,355880.1883133799,3.661318809808435,97200.0,7,kg CO2-Eq,978d739d989d9a0744d7
DACCS,not applicable,SSP2-PkBudg1000,2030,2047,annual,location,CN,321433.56788636546,3.306929710765077,97200.0,8,kg CO2-Eq,978d739d989d9a0744d7
DACCS,not applicable,SSP2-PkBudg1000,2030,2047,annual,location,Other locations,1830754.6348978684,18.834924227344324,97200.0,9,kg CO2-Eq,978d739d989d9a0744d7
DACCS,not applicable,SSP2-PkBudg1000,2030,2047,annual,process,Gross atmospheric CO2 capture,-99999999.99999999,-1028.8065843621398,97200.0,1,kg CO2-Eq,978d739d989d9a0744d7
DACCS,not applicable,SSP2-PkBudg1000,2030,2047,annual,process,Direct-capture electricity,1163194.2234409724,11.967018759680785,97200.0,2,kg CO2-Eq,978d739d989d9a0744d7
DACCS,not applicable,SSP2-PkBudg1000,2030,2047,annual,process,Heat-pump electricity,1830953.8702311611,18.836973973571617,97200.0,3,kg CO2-Eq,978d739d989d9a0744d7
DACCS,not applicable,SSP2-PkBudg1000,2030,2047,annual,process,Compression and recompression,364061.14367094345,3.7454850171907763,97200.0,4,kg CO2-Eq,978d739d989d9a0744d7
DACCS,not applicable,SSP2-PkBudg1000,2030,2047,annual,process,Pipeline and geological storage,1334091.3104428307,13.725219243238998,97200.0,5,kg CO2-Eq,978d739d989d9a0744d7
DACCS,not applicable,SSP2-PkBudg1000,2030,2047,annual,process,Transport losses,2800000.0,28.80658436213992,97200.0,6,kg CO2-Eq,978d739d989d9a0744d7
DACCS,not applicable,SSP2-PkBudg1000,2030,2047,annual,process,Other supply-chain GHG emissions,2556177.620618354,26.298123668913107,97200.0,7,kg CO2-Eq,978d739d989d9a0744d7
DACCS,not applicable,SSP2-PkBudg1000,2030,2048,annual,activity,"carbon dioxide, captured and stored, with a sorbent-based direct air capture system, 100ktCO2, with heat pump heat, and grid electricity | ENC",-99999998.33106995,-1028.8065671920776,97200.0,1,kg CO2-Eq,dc16c8417fad77679bc1
DACCS,not applicable,SSP2-PkBudg1000,2030,2048,annual,activity,supply of forest residue | ENC,-10091245.062143706,-103.81939364345376,97200.0,2,kg CO2-Eq,dc16c8417fad77679bc1
DACCS,not applicable,SSP2-PkBudg1000,2030,2048,annual,activity,"heat and power co-generation, wood chips, 6667 kW, state-of-the-art 2014 | FI",4887493.705006921,50.282857047396305,97200.0,3,kg CO2-Eq,dc16c8417fad77679bc1
DACCS,not applicable,SSP2-PkBudg1000,2030,2048,annual,activity,"heat and power co-generation, wood chips, 6667 kW, state-of-the-art 2014 | SE",3867811.868731117,39.79230317624606,97200.0,4,kg CO2-Eq,dc16c8417fad77679bc1
DACCS,not applicable,SSP2-PkBudg1000,2030,2048,annual,activity,"heat and power co-generation, wood chips, 6667 kW, state-of-the-art 2014 | DK",3594153.7025041888,36.97688994345873,97200.0,5,kg CO2-Eq,dc16c8417fad77679bc1
DACCS,not applicable,SSP2-PkBudg1000,2030,2048,annual,activity,"carbon dioxide transport extension, pipeline 50 to 2000 km, LCSS 2026 | ENC",2800000.039696692,28.8065847705421,97200.0,6,kg CO2-Eq,dc16c8417fad77679bc1
DACCS,not applicable,SSP2-PkBudg1000,2030,2048,annual,activity,"electricity production, hydro, reservoir, non-alpine region | SE",480396.59070393676,4.942351756213341,97200.0,7,kg CO2-Eq,dc16c8417fad77679bc1
DACCS,not applicable,SSP2-PkBudg1000,2030,2048,annual,activity,"treatment of spent anion exchange resin from potable water production, municipal incineration | GLO",392652.88764816633,4.0396387618124106,97200.0,8,kg CO2-Eq,dc16c8417fad77679bc1
DACCS,not applicable,SSP2-PkBudg1000,2030,2048,annual,activity,natural gas venting from petroleum/natural gas production | GLO,294306.11847278074,3.0278407250286086,97200.0,9,kg CO2-Eq,dc16c8417fad77679bc1
DACCS,not applicable,SSP2-PkBudg1000,2030,2048,annual,activity,plywood production | ENC,-288936.90380089486,-2.9726018909557084,97200.0,10,kg CO2-Eq,dc16c8417fad77679bc1
DACCS,not applicable,SSP2-PkBudg1000,2030,2048,annual,activity,"treatment of spent solvent mixture, hazardous waste incineration | RoW",282359.03295595845,2.904928322592165,97200.0,11,kg CO2-Eq,dc16c8417fad77679bc1
DACCS,not applicable,SSP2-PkBudg1000,2030,2048,annual,activity,three and five layered board production | ENC,-220886.0554526085,-2.272490282434244,97200.0,12,kg CO2-Eq,dc16c8417fad77679bc1
DACCS,not applicable,SSP2-PkBudg1000,2030,2048,annual,activity,"electricity production, at biomass-fired IGCC power plant | ENC",194569.9957342555,2.001748927307155,97200.0,13,kg CO2-Eq,dc16c8417fad77679bc1
DACCS,not applicable,SSP2-PkBudg1000,2030,2048,annual,activity,"market group for electricity, medium voltage | ENC",166733.4575853926,1.715364789973175,97200.0,14,kg CO2-Eq,dc16c8417fad77679bc1
DACCS,not applicable,SSP2-PkBudg1000,2030,2048,annual,activity,Other activities,3476484.185090329,35.76629820051779,97200.0,15,kg CO2-Eq,dc16c8417fad77679bc1
DACCS,not applicable,SSP2-PkBudg1000,2030,2048,annual,location,ENC,-107687229.63277629,-1107.89330897918,97200.0,1,kg CO2-Eq,dc16c8417fad77679bc1
DACCS,not applicable,SSP2-PkBudg1000,2030,2048,annual,location,FI,5023805.293507654,51.68523964514048,97200.0,2,kg CO2-Eq,dc16c8417fad77679bc1
DACCS,not applicable,SSP2-PkBudg1000,2030,2048,annual,location,SE,4348630.52544692,44.73899717537983,97200.0,3,kg CO2-Eq,dc16c8417fad77679bc1
DACCS,not applicable,SSP2-PkBudg1000,2030,2048,annual,location,DK,3594825.409558753,36.98380050986371,97200.0,4,kg CO2-Eq,dc16c8417fad77679bc1
DACCS,not applicable,SSP2-PkBudg1000,2030,2048,annual,location,GLO,1153684.7710296505,11.869184887136322,97200.0,5,kg CO2-Eq,dc16c8417fad77679bc1
DACCS,not applicable,SSP2-PkBudg1000,2030,2048,annual,location,RoW,991526.834802236,10.20089336216292,97200.0,6,kg CO2-Eq,dc16c8417fad77679bc1
DACCS,not applicable,SSP2-PkBudg1000,2030,2048,annual,location,CHA,327738.36283449497,3.3717938563219647,97200.0,7,kg CO2-Eq,dc16c8417fad77679bc1
DACCS,not applicable,SSP2-PkBudg1000,2030,2048,annual,location,CN,321141.2833359194,3.303922668065014,97200.0,8,kg CO2-Eq,dc16c8417fad77679bc1
DACCS,not applicable,SSP2-PkBudg1000,2030,2048,annual,location,Other locations,1761772.3839232156,18.12523028727588,97200.0,9,kg CO2-Eq,dc16c8417fad77679bc1
DACCS,not applicable,SSP2-PkBudg1000,2030,2048,annual,process,Gross atmospheric CO2 capture,-99999999.99999999,-1028.8065843621398,97200.0,1,kg CO2-Eq,dc16c8417fad77679bc1
DACCS,not applicable,SSP2-PkBudg1000,2030,2048,annual,process,Direct-capture electricity,1119008.2090623225,11.512430134386035,97200.0,2,kg CO2-Eq,dc16c8417fad77679bc1
DACCS,not applicable,SSP2-PkBudg1000,2030,2048,annual,process,Heat-pump electricity,1761401.810561064,18.12141780412617,97200.0,3,kg CO2-Eq,dc16c8417fad77679bc1
DACCS,not applicable,SSP2-PkBudg1000,2030,2048,annual,process,Compression and recompression,350231.62955818843,3.6032060654134614,97200.0,4,kg CO2-Eq,dc16c8417fad77679bc1
DACCS,not applicable,SSP2-PkBudg1000,2030,2048,annual,process,Pipeline and geological storage,1285808.3081152227,13.228480536164843,97200.0,5,kg CO2-Eq,dc16c8417fad77679bc1
DACCS,not applicable,SSP2-PkBudg1000,2030,2048,annual,process,Transport losses,2800000.0,28.80658436213992,97200.0,6,kg CO2-Eq,dc16c8417fad77679bc1
DACCS,not applicable,SSP2-PkBudg1000,2030,2048,annual,process,Other supply-chain GHG emissions,2519445.274363868,25.920218872056253,97200.0,7,kg CO2-Eq,dc16c8417fad77679bc1
DACCS,not applicable,SSP2-PkBudg1000,2030,2049,annual,activity,"carbon dioxide, captured and stored, with a sorbent-based direct air capture system, 100ktCO2, with heat pump heat, and grid electricity | ENC",-99999998.33106995,-1028.8065671920776,97200.0,1,kg CO2-Eq,3192bbb7685e5ec4b36e
DACCS,not applicable,SSP2-PkBudg1000,2030,2049,annual,activity,supply of forest residue | ENC,-9377053.39601518,-96.47174275735782,97200.0,2,kg CO2-Eq,3192bbb7685e5ec4b36e
DACCS,not applicable,SSP2-PkBudg1000,2030,2049,annual,activity,"heat and power co-generation, wood chips, 6667 kW, state-of-the-art 2014 | FI",4555032.616565532,46.86247547906926,97200.0,3,kg CO2-Eq,3192bbb7685e5ec4b36e
DACCS,not applicable,SSP2-PkBudg1000,2030,2049,annual,activity,"heat and power co-generation, wood chips, 6667 kW, state-of-the-art 2014 | SE",3604711.664540728,37.08551095206511,97200.0,4,kg CO2-Eq,3192bbb7685e5ec4b36e
DACCS,not applicable,SSP2-PkBudg1000,2030,2049,annual,activity,"heat and power co-generation, wood chips, 6667 kW, state-of-the-art 2014 | DK",3349668.3100416968,34.461608128001,97200.0,5,kg CO2-Eq,3192bbb7685e5ec4b36e
DACCS,not applicable,SSP2-PkBudg1000,2030,2049,annual,activity,"carbon dioxide transport extension, pipeline 50 to 2000 km, LCSS 2026 | ENC",2800000.039696692,28.8065847705421,97200.0,6,kg CO2-Eq,3192bbb7685e5ec4b36e
DACCS,not applicable,SSP2-PkBudg1000,2030,2049,annual,activity,"electricity production, hydro, reservoir, non-alpine region | SE",482159.4411838563,4.960488078023213,97200.0,7,kg CO2-Eq,3192bbb7685e5ec4b36e
DACCS,not applicable,SSP2-PkBudg1000,2030,2049,annual,activity,"treatment of spent anion exchange resin from potable water production, municipal incineration | GLO",392652.9435359307,4.039639336789411,97200.0,8,kg CO2-Eq,3192bbb7685e5ec4b36e
DACCS,not applicable,SSP2-PkBudg1000,2030,2049,annual,activity,natural gas venting from petroleum/natural gas production | GLO,290443.9244496053,2.988106218617338,97200.0,9,kg CO2-Eq,3192bbb7685e5ec4b36e
DACCS,not applicable,SSP2-PkBudg1000,2030,2049,annual,activity,"treatment of spent solvent mixture, hazardous waste incineration | RoW",282373.2283448364,2.905074365687617,97200.0,10,kg CO2-Eq,3192bbb7685e5ec4b36e
DACCS,not applicable,SSP2-PkBudg1000,2030,2049,annual,activity,plywood production | ENC,-274704.5561785773,-2.826178561507997,97200.0,11,kg CO2-Eq,3192bbb7685e5ec4b36e
DACCS,not applicable,SSP2-PkBudg1000,2030,2049,annual,activity,three and five layered board production | ENC,-210005.73146225253,-2.160552792821528,97200.0,12,kg CO2-Eq,3192bbb7685e5ec4b36e
DACCS,not applicable,SSP2-PkBudg1000,2030,2049,annual,activity,"market group for electricity, medium voltage | ENC",166819.98150674364,1.7162549537730827,97200.0,13,kg CO2-Eq,3192bbb7685e5ec4b36e
DACCS,not applicable,SSP2-PkBudg1000,2030,2049,annual,activity,supply of forest residue | CHA,-166329.23188475156,-1.7112060893492957,97200.0,14,kg CO2-Eq,3192bbb7685e5ec4b36e
DACCS,not applicable,SSP2-PkBudg1000,2030,2049,annual,activity,Other activities,3727528.473913199,38.34905837359258,97200.0,15,kg CO2-Eq,3192bbb7685e5ec4b36e
DACCS,not applicable,SSP2-PkBudg1000,2030,2049,annual,location,ENC,-106976460.42613155,-1100.5808685816003,97200.0,1,kg CO2-Eq,3192bbb7685e5ec4b36e
DACCS,not applicable,SSP2-PkBudg1000,2030,2049,annual,location,FI,4691524.636753051,48.26671436988735,97200.0,2,kg CO2-Eq,3192bbb7685e5ec4b36e
DACCS,not applicable,SSP2-PkBudg1000,2030,2049,annual,location,SE,4087287.8735988624,42.050286765420395,97200.0,3,kg CO2-Eq,3192bbb7685e5ec4b36e
DACCS,not applicable,SSP2-PkBudg1000,2030,2049,annual,location,DK,3350277.4598708167,34.46787510155161,97200.0,4,kg CO2-Eq,3192bbb7685e5ec4b36e
DACCS,not applicable,SSP2-PkBudg1000,2030,2049,annual,location,GLO,1140525.6696236487,11.733803185428485,97200.0,5,kg CO2-Eq,3192bbb7685e5ec4b36e
DACCS,not applicable,SSP2-PkBudg1000,2030,2049,annual,location,RoW,1017094.2520208098,10.46393263395895,97200.0,6,kg CO2-Eq,3192bbb7685e5ec4b36e
DACCS,not applicable,SSP2-PkBudg1000,2030,2049,annual,location,CN,320834.48456795263,3.3007663021394302,97200.0,7,kg CO2-Eq,3192bbb7685e5ec4b36e
DACCS,not applicable,SSP2-PkBudg1000,2030,2049,annual,location,MEA,310490.86439345905,3.19435045672283,97200.0,8,kg CO2-Eq,3192bbb7685e5ec4b36e
DACCS,not applicable,SSP2-PkBudg1000,2030,2049,annual,location,Other locations,1681724.5624711025,17.30169302953809,97200.0,9,kg CO2-Eq,3192bbb7685e5ec4b36e
DACCS,not applicable,SSP2-PkBudg1000,2030,2049,annual,process,Gross atmospheric CO2 capture,-99999999.99999999,-1028.8065843621398,97200.0,1,kg CO2-Eq,3192bbb7685e5ec4b36e
DACCS,not applicable,SSP2-PkBudg1000,2030,2049,annual,process,Direct-capture electricity,1074959.4981547045,11.059254096241816,97200.0,2,kg CO2-Eq,3192bbb7685e5ec4b36e
DACCS,not applicable,SSP2-PkBudg1000,2030,2049,annual,process,Heat-pump electricity,1692065.8767249985,17.408085151491754,97200.0,3,kg CO2-Eq,3192bbb7685e5ec4b36e
DACCS,not applicable,SSP2-PkBudg1000,2030,2049,annual,process,Compression and recompression,336445.08923062467,3.4613692307677435,97200.0,4,kg CO2-Eq,3192bbb7685e5ec4b36e
DACCS,not applicable,SSP2-PkBudg1000,2030,2049,annual,process,Pipeline and geological storage,1237357.0996520224,12.730011313292412,97200.0,5,kg CO2-Eq,3192bbb7685e5ec4b36e
DACCS,not applicable,SSP2-PkBudg1000,2030,2049,annual,process,Transport losses,2800000.0,28.80658436213992,97200.0,6,kg CO2-Eq,3192bbb7685e5ec4b36e
DACCS,not applicable,SSP2-PkBudg1000,2030,2049,annual,process,Other supply-chain GHG emissions,2482471.8134036926,25.539833471231404,97200.0,7,kg CO2-Eq,3192bbb7685e5ec4b36e
DACCS,not applicable,SSP2-PkBudg1000,2030,,lifetime,activity,"carbon dioxide, captured and stored, with a sorbent-based direct air capture system, 100ktCO2, with heat pump heat, and grid electricity | ENC",-1999999966.621399,-1028.8065671920776,1944000.0,1,kg CO2-Eq,f67ad858d493679b1cac
DACCS,not applicable,SSP2-PkBudg1000,2030,,lifetime,activity,supply of forest residue | ENC,-320077575.45125437,-164.64895856546008,1944000.0,2,kg CO2-Eq,f67ad858d493679b1cac
DACCS,not applicable,SSP2-PkBudg1000,2030,,lifetime,activity,"heat and power co-generation, wood chips, 6667 kW, state-of-the-art 2014 | FI",152559002.0156788,78.47685288872366,1944000.0,3,kg CO2-Eq,f67ad858d493679b1cac
DACCS,not applicable,SSP2-PkBudg1000,2030,,lifetime,activity,"heat and power co-generation, wood chips, 6667 kW, state-of-the-art 2014 | SE",120730563.9964641,62.10419958665849,1944000.0,4,kg CO2-Eq,f67ad858d493679b1cac
DACCS,not applicable,SSP2-PkBudg1000,2030,,lifetime,activity,"heat and power co-generation, wood chips, 6667 kW, state-of-the-art 2014 | DK",112188560.68289162,57.7101649603352,1944000.0,5,kg CO2-Eq,f67ad858d493679b1cac
DACCS,not applicable,SSP2-PkBudg1000,2030,,lifetime,activity,"carbon dioxide transport extension, pipeline 50 to 2000 km, LCSS 2026 | ENC",56000000.79393386,28.80658477054211,1944000.0,6,kg CO2-Eq,f67ad858d493679b1cac
DACCS,not applicable,SSP2-PkBudg1000,2030,,lifetime,activity,"electricity production, at biomass-fired IGCC power plant | ENC",10585787.114775186,5.445363742168306,1944000.0,7,kg CO2-Eq,f67ad858d493679b1cac
DACCS,not applicable,SSP2-PkBudg1000,2030,,lifetime,activity,treatment of sewage sludge by anaerobic digestion | RoW,-9482634.144155487,-4.877898222302205,1944000.0,8,kg CO2-Eq,f67ad858d493679b1cac
DACCS,not applicable,SSP2-PkBudg1000,2030,,lifetime,activity,"electricity production, hydro, reservoir, non-alpine region | SE",8968401.920101222,4.613375473303098,1944000.0,9,kg CO2-Eq,f67ad858d493679b1cac
DACCS,not applicable,SSP2-PkBudg1000,2030,,lifetime,activity,plywood production | ENC,-8593738.33721991,-4.420647292808596,1944000.0,10,kg CO2-Eq,f67ad858d493679b1cac
DACCS,not applicable,SSP2-PkBudg1000,2030,,lifetime,activity,"treatment of spent anion exchange resin from potable water production, municipal incineration | GLO",7853139.370700478,4.039680746245102,1944000.0,11,kg CO2-Eq,f67ad858d493679b1cac
DACCS,not applicable,SSP2-PkBudg1000,2030,,lifetime,activity,three and five layered board production | ENC,-6569728.331443708,-3.3794898824298913,1944000.0,12,kg CO2-Eq,f67ad858d493679b1cac
DACCS,not applicable,SSP2-PkBudg1000,2030,,lifetime,activity,natural gas venting from petroleum/natural gas production | GLO,6553190.879936883,3.3709829629304955,1944000.0,13,kg CO2-Eq,f67ad858d493679b1cac
DACCS,not applicable,SSP2-PkBudg1000,2030,,lifetime,activity,"treatment of spent solvent mixture, hazardous waste incineration | RoW",5644860.514127775,2.9037348323702545,1944000.0,14,kg CO2-Eq,f67ad858d493679b1cac
DACCS,not applicable,SSP2-PkBudg1000,2030,,lifetime,activity,"hardwood forestry, beech, sustainable forest management | ENC",-4348557.574753597,-2.23691233269218,1944000.0,15,kg CO2-Eq,f67ad858d493679b1cac
DACCS,not applicable,SSP2-PkBudg1000,2030,,lifetime,activity,"electricity production, natural gas, subcritical, steam cycle | ENC",3903516.654902588,2.0079818183655287,1944000.0,16,kg CO2-Eq,f67ad858d493679b1cac
DACCS,not applicable,SSP2-PkBudg1000,2030,,lifetime,activity,"biomethane production, from biogas upgrading, using amine scrubbing | ENC",3559723.016557388,1.8311332389698498,1944000.0,17,kg CO2-Eq,f67ad858d493679b1cac
DACCS,not applicable,SSP2-PkBudg1000,2030,,lifetime,activity,"diesel, burned in building machine | GLO",3347576.59252346,1.7220044200223559,1944000.0,18,kg CO2-Eq,f67ad858d493679b1cac
DACCS,not applicable,SSP2-PkBudg1000,2030,,lifetime,activity,pig iron production | CHA,3326297.611931584,1.7110584423516377,1944000.0,19,kg CO2-Eq,f67ad858d493679b1cac
DACCS,not applicable,SSP2-PkBudg1000,2030,,lifetime,activity,"market group for electricity, medium voltage | ENC",3313875.229974421,1.7046683281761426,1944000.0,20,kg CO2-Eq,f67ad858d493679b1cac
DACCS,not applicable,SSP2-PkBudg1000,2030,,lifetime,activity,"hardwood forestry, birch, sustainable forest management | ENC",-2929321.8532866444,-1.5068528051886032,1944000.0,21,kg CO2-Eq,f67ad858d493679b1cac
DACCS,not applicable,SSP2-PkBudg1000,2030,,lifetime,activity,"softwood forestry, spruce, sustainable forest management | ENC",-2721376.2724635014,-1.3998849138186735,1944000.0,22,kg CO2-Eq,f67ad858d493679b1cac
DACCS,not applicable,SSP2-PkBudg1000,2030,,lifetime,activity,"sodium silicate production, furnace process, solid product | RoW",2477884.342665637,1.27463186351113,1944000.0,23,kg CO2-Eq,f67ad858d493679b1cac
DACCS,not applicable,SSP2-PkBudg1000,2030,,lifetime,activity,"diesel, burned in diesel-electric generating set, 10MW | CHA",2471794.765422858,1.2714993649294537,1944000.0,24,kg CO2-Eq,f67ad858d493679b1cac
DACCS,not applicable,SSP2-PkBudg1000,2030,,lifetime,activity,Other activities,86894808.98995104,44.698975817876054,1944000.0,25,kg CO2-Eq,f67ad858d493679b1cac
DACCS,not applicable,SSP2-PkBudg1000,2030,,lifetime,location,ENC,-2268198371.765722,-1166.7687097560297,1944000.0,1,kg CO2-Eq,f67ad858d493679b1cac
DACCS,not applicable,SSP2-PkBudg1000,2030,,lifetime,location,FI,155170422.77066833,79.82017632236025,1944000.0,2,kg CO2-Eq,f67ad858d493679b1cac
DACCS,not applicable,SSP2-PkBudg1000,2030,,lifetime,location,SE,129817933.76084714,66.77877251072384,1944000.0,3,kg CO2-Eq,f67ad858d493679b1cac
DACCS,not applicable,SSP2-PkBudg1000,2030,,lifetime,location,DK,112236032.83930081,57.734584793879016,1944000.0,4,kg CO2-Eq,f67ad858d493679b1cac
DACCS,not applicable,SSP2-PkBudg1000,2030,,lifetime,location,GLO,24623861.471224554,12.666595407008515,1944000.0,5,kg CO2-Eq,f67ad858d493679b1cac
DACCS,not applicable,SSP2-PkBudg1000,2030,,lifetime,location,RoW,13749581.407159103,7.0728299419542715,1944000.0,6,kg CO2-Eq,f67ad858d493679b1cac
DACCS,not applicable,SSP2-PkBudg1000,2030,,lifetime,location,CHA,13032792.11737407,6.704111171488719,1944000.0,7,kg CO2-Eq,f67ad858d493679b1cac
DACCS,not applicable,SSP2-PkBudg1000,2030,,lifetime,location,CN,6760311.37784996,3.4775264289351644,1944000.0,8,kg CO2-Eq,f67ad858d493679b1cac
DACCS,not applicable,SSP2-PkBudg1000,2030,,lifetime,location,Other locations,48463521.927861385,24.92979523038137,1944000.0,9,kg CO2-Eq,f67ad858d493679b1cac
DACCS,not applicable,SSP2-PkBudg1000,2030,,lifetime,process,Gross atmospheric CO2 capture,-1999999999.9999998,-1028.8065843621398,1944000.0,1,kg CO2-Eq,f67ad858d493679b1cac
DACCS,not applicable,SSP2-PkBudg1000,2030,,lifetime,process,Direct-capture electricity,29952078.19313714,15.407447630214577,1944000.0,2,kg CO2-Eq,f67ad858d493679b1cac
DACCS,not applicable,SSP2-PkBudg1000,2030,,lifetime,process,Heat-pump electricity,47146789.74845663,24.252463862374807,1944000.0,3,kg CO2-Eq,f67ad858d493679b1cac
DACCS,not applicable,SSP2-PkBudg1000,2030,,lifetime,process,Compression and recompression,9374520.284374839,4.8222840969006375,1944000.0,4,kg CO2-Eq,f67ad858d493679b1cac
DACCS,not applicable,SSP2-PkBudg1000,2030,,lifetime,process,Pipeline and geological storage,33660055.15655025,17.31484318752585,1944000.0,5,kg CO2-Eq,f67ad858d493679b1cac
DACCS,not applicable,SSP2-PkBudg1000,2030,,lifetime,process,Transport losses,56000000.0,28.80658436213992,1944000.0,6,kg CO2-Eq,f67ad858d493679b1cac
DACCS,not applicable,SSP2-PkBudg1000,2030,,lifetime,process,Other supply-chain GHG emissions,59522642.52402074,30.618643273673218,1944000.0,7,kg CO2-Eq,f67ad858d493679b1cac
