case,pathway,commissioning_year,impact_year,method,indicator,score,unit,forest_case,counterfactual,chp_treatment,provenance_id
BECCS,SSP2-NPi,2030,2027,IPCC 2021 (incl. biogenic CO2) no LT - climate change: total (incl. biogenic CO2) no LT - global warming potential (GWP100) no LT,"global warming potential (GWP100), including biogenic CO2",8.920045852661133,kg CO2-Eq,existing mature forest remains standing at constant carbon stock,no new CHP; shared forest history cancels; Northern European electricity and heat markets provide the project's exported energy services,new CHP+CCS vs standing forest and Northern European energy,037b6e495636848065e2
BECCS,SSP2-NPi,2030,2028,IPCC 2021 (incl. biogenic CO2) no LT - climate change: total (incl. biogenic CO2) no LT - global warming potential (GWP100) no LT,"global warming potential (GWP100), including biogenic CO2",8.782022476196289,kg CO2-Eq,existing mature forest remains standing at constant carbon stock,no new CHP; shared forest history cancels; Northern European electricity and heat markets provide the project's exported energy services,new CHP+CCS vs standing forest and Northern European energy,037b6e495636848065e2
BECCS,SSP2-NPi,2030,2029,IPCC 2021 (incl. biogenic CO2) no LT - climate change: total (incl. biogenic CO2) no LT - global warming potential (GWP100) no LT,"global warming potential (GWP100), including biogenic CO2",8.64537525177002,kg CO2-Eq,existing mature forest remains standing at constant carbon stock,no new CHP; shared forest history cancels; Northern European electricity and heat markets provide the project's exported energy services,new CHP+CCS vs standing forest and Northern European energy,037b6e495636848065e2
BECCS,SSP2-NPi,2030,2030,IPCC 2021 (incl. biogenic CO2) no LT - climate change: total (incl. biogenic CO2) no LT - global warming potential (GWP100) no LT,"global warming potential (GWP100), including biogenic CO2",7.384884357452393,kg CO2-Eq,existing mature forest remains standing at constant carbon stock,no new CHP; shared forest history cancels; Northern European electricity and heat markets provide the project's exported energy services,new CHP+CCS vs standing forest and Northern European energy,037b6e495636848065e2
BECCS,SSP2-NPi,2030,2031,IPCC 2021 (incl. biogenic CO2) no LT - climate change: total (incl. biogenic CO2) no LT - global warming potential (GWP100) no LT,"global warming potential (GWP100), including biogenic CO2",6.65090274810791,kg CO2-Eq,existing mature forest remains standing at constant carbon stock,no new CHP; shared forest history cancels; Northern European electricity and heat markets provide the project's exported energy services,new CHP+CCS vs standing forest and Northern European energy,037b6e495636848065e2
BECCS,SSP2-NPi,2030,2032,IPCC 2021 (incl. biogenic CO2) no LT - climate change: total (incl. biogenic CO2) no LT - global warming potential (GWP100) no LT,"global warming potential (GWP100), including biogenic CO2",6.629410266876221,kg CO2-Eq,existing mature forest remains standing at constant carbon stock,no new CHP; shared forest history cancels; Northern European electricity and heat markets provide the project's exported energy services,new CHP+CCS vs standing forest and Northern European energy,037b6e495636848065e2
BECCS,SSP2-NPi,2030,2033,IPCC 2021 (incl. biogenic CO2) no LT - climate change: total (incl. biogenic CO2) no LT - global warming potential (GWP100) no LT,"global warming potential (GWP100), including biogenic CO2",6.434179782867432,kg CO2-Eq,existing mature forest remains standing at constant carbon stock,no new CHP; shared forest history cancels; Northern European electricity and heat markets provide the project's exported energy services,new CHP+CCS vs standing forest and Northern European energy,037b6e495636848065e2
BECCS,SSP2-NPi,2030,2034,IPCC 2021 (incl. biogenic CO2) no LT - climate change: total (incl. biogenic CO2) no LT - global warming potential (GWP100) no LT,"global warming potential (GWP100), including biogenic CO2",6.413668632507324,kg CO2-Eq,existing mature forest remains standing at constant carbon stock,no new CHP; shared forest history cancels; Northern European electricity and heat markets provide the project's exported energy services,new CHP+CCS vs standing forest and Northern European energy,037b6e495636848065e2
BECCS,SSP2-NPi,2030,2035,IPCC 2021 (incl. biogenic CO2) no LT - climate change: total (incl. biogenic CO2) no LT - global warming potential (GWP100) no LT,"global warming potential (GWP100), including biogenic CO2",6.177741050720215,kg CO2-Eq,existing mature forest remains standing at constant carbon stock,no new CHP; shared forest history cancels; Northern European electricity and heat markets provide the project's exported energy services,new CHP+CCS vs standing forest and Northern European energy,037b6e495636848065e2
BECCS,SSP2-NPi,2030,2036,IPCC 2021 (incl. biogenic CO2) no LT - climate change: total (incl. biogenic CO2) no LT - global warming potential (GWP100) no LT,"global warming potential (GWP100), including biogenic CO2",6.1523566246032715,kg CO2-Eq,existing mature forest remains standing at constant carbon stock,no new CHP; shared forest history cancels; Northern European electricity and heat markets provide the project's exported energy services,new CHP+CCS vs standing forest and Northern European energy,037b6e495636848065e2
BECCS,SSP2-NPi,2030,2037,IPCC 2021 (incl. biogenic CO2) no LT - climate change: total (incl. biogenic CO2) no LT - global warming potential (GWP100) no LT,"global warming potential (GWP100), including biogenic CO2",5.859967231750488,kg CO2-Eq,existing mature forest remains standing at constant carbon stock,no new CHP; shared forest history cancels; Northern European electricity and heat markets provide the project's exported energy services,new CHP+CCS vs standing forest and Northern European energy,037b6e495636848065e2
BECCS,SSP2-NPi,2030,2038,IPCC 2021 (incl. biogenic CO2) no LT - climate change: total (incl. biogenic CO2) no LT - global warming potential (GWP100) no LT,"global warming potential (GWP100), including biogenic CO2",5.835497856140137,kg CO2-Eq,existing mature forest remains standing at constant carbon stock,no new CHP; shared forest history cancels; Northern European electricity and heat markets provide the project's exported energy services,new CHP+CCS vs standing forest and Northern European energy,037b6e495636848065e2
BECCS,SSP2-NPi,2030,2039,IPCC 2021 (incl. biogenic CO2) no LT - climate change: total (incl. biogenic CO2) no LT - global warming potential (GWP100) no LT,"global warming potential (GWP100), including biogenic CO2",5.48124885559082,kg CO2-Eq,existing mature forest remains standing at constant carbon stock,no new CHP; shared forest history cancels; Northern European electricity and heat markets provide the project's exported energy services,new CHP+CCS vs standing forest and Northern European energy,037b6e495636848065e2
BECCS,SSP2-NPi,2030,2040,IPCC 2021 (incl. biogenic CO2) no LT - climate change: total (incl. biogenic CO2) no LT - global warming potential (GWP100) no LT,"global warming potential (GWP100), including biogenic CO2",5.457757949829102,kg CO2-Eq,existing mature forest remains standing at constant carbon stock,no new CHP; shared forest history cancels; Northern European electricity and heat markets provide the project's exported energy services,new CHP+CCS vs standing forest and Northern European energy,037b6e495636848065e2
BECCS,SSP2-NPi,2030,2041,IPCC 2021 (incl. biogenic CO2) no LT - climate change: total (incl. biogenic CO2) no LT - global warming potential (GWP100) no LT,"global warming potential (GWP100), including biogenic CO2",5.029305458068848,kg CO2-Eq,existing mature forest remains standing at constant carbon stock,no new CHP; shared forest history cancels; Northern European electricity and heat markets provide the project's exported energy services,new CHP+CCS vs standing forest and Northern European energy,037b6e495636848065e2
BECCS,SSP2-NPi,2030,2042,IPCC 2021 (incl. biogenic CO2) no LT - climate change: total (incl. biogenic CO2) no LT - global warming potential (GWP100) no LT,"global warming potential (GWP100), including biogenic CO2",5.008029937744141,kg CO2-Eq,existing mature forest remains standing at constant carbon stock,no new CHP; shared forest history cancels; Northern European electricity and heat markets provide the project's exported energy services,new CHP+CCS vs standing forest and Northern European energy,037b6e495636848065e2
BECCS,SSP2-NPi,2030,2043,IPCC 2021 (incl. biogenic CO2) no LT - climate change: total (incl. biogenic CO2) no LT - global warming potential (GWP100) no LT,"global warming potential (GWP100), including biogenic CO2",4.487234115600586,kg CO2-Eq,existing mature forest remains standing at constant carbon stock,no new CHP; shared forest history cancels; Northern European electricity and heat markets provide the project's exported energy services,new CHP+CCS vs standing forest and Northern European energy,037b6e495636848065e2
BECCS,SSP2-NPi,2030,2044,IPCC 2021 (incl. biogenic CO2) no LT - climate change: total (incl. biogenic CO2) no LT - global warming potential (GWP100) no LT,"global warming potential (GWP100), including biogenic CO2",4.466533660888672,kg CO2-Eq,existing mature forest remains standing at constant carbon stock,no new CHP; shared forest history cancels; Northern European electricity and heat markets provide the project's exported energy services,new CHP+CCS vs standing forest and Northern European energy,037b6e495636848065e2
BECCS,SSP2-NPi,2030,2045,IPCC 2021 (incl. biogenic CO2) no LT - climate change: total (incl. biogenic CO2) no LT - global warming potential (GWP100) no LT,"global warming potential (GWP100), including biogenic CO2",3.834643602371216,kg CO2-Eq,existing mature forest remains standing at constant carbon stock,no new CHP; shared forest history cancels; Northern European electricity and heat markets provide the project's exported energy services,new CHP+CCS vs standing forest and Northern European energy,037b6e495636848065e2
BECCS,SSP2-NPi,2030,2046,IPCC 2021 (incl. biogenic CO2) no LT - climate change: total (incl. biogenic CO2) no LT - global warming potential (GWP100) no LT,"global warming potential (GWP100), including biogenic CO2",3.817732334136963,kg CO2-Eq,existing mature forest remains standing at constant carbon stock,no new CHP; shared forest history cancels; Northern European electricity and heat markets provide the project's exported energy services,new CHP+CCS vs standing forest and Northern European energy,037b6e495636848065e2
BECCS,SSP2-NPi,2030,2047,IPCC 2021 (incl. biogenic CO2) no LT - climate change: total (incl. biogenic CO2) no LT - global warming potential (GWP100) no LT,"global warming potential (GWP100), including biogenic CO2",3.056209087371826,kg CO2-Eq,existing mature forest remains standing at constant carbon stock,no new CHP; shared forest history cancels; Northern European electricity and heat markets provide the project's exported energy services,new CHP+CCS vs standing forest and Northern European energy,037b6e495636848065e2
BECCS,SSP2-NPi,2030,2048,IPCC 2021 (incl. biogenic CO2) no LT - climate change: total (incl. biogenic CO2) no LT - global warming potential (GWP100) no LT,"global warming potential (GWP100), including biogenic CO2",3.03951358795166,kg CO2-Eq,existing mature forest remains standing at constant carbon stock,no new CHP; shared forest history cancels; Northern European electricity and heat markets provide the project's exported energy services,new CHP+CCS vs standing forest and Northern European energy,037b6e495636848065e2
BECCS,SSP2-NPi,2030,2049,IPCC 2021 (incl. biogenic CO2) no LT - climate change: total (incl. biogenic CO2) no LT - global warming potential (GWP100) no LT,"global warming potential (GWP100), including biogenic CO2",2.12125301361084,kg CO2-Eq,existing mature forest remains standing at constant carbon stock,no new CHP; shared forest history cancels; Northern European electricity and heat markets provide the project's exported energy services,new CHP+CCS vs standing forest and Northern European energy,037b6e495636848065e2
BECCS,SSP2-NPi,2030,2050,IPCC 2021 (incl. biogenic CO2) no LT - climate change: total (incl. biogenic CO2) no LT - global warming potential (GWP100) no LT,"global warming potential (GWP100), including biogenic CO2",-6.137124538421631,kg CO2-Eq,existing mature forest remains standing at constant carbon stock,no new CHP; shared forest history cancels; Northern European electricity and heat markets provide the project's exported energy services,new CHP+CCS vs standing forest and Northern European energy,037b6e495636848065e2
BECCS,SSP2-NPi,2030,2051,IPCC 2021 (incl. biogenic CO2) no LT - climate change: total (incl. biogenic CO2) no LT - global warming potential (GWP100) no LT,"global warming potential (GWP100), including biogenic CO2",-5.208106994628906,kg CO2-Eq,existing mature forest remains standing at constant carbon stock,no new CHP; shared forest history cancels; Northern European electricity and heat markets provide the project's exported energy services,new CHP+CCS vs standing forest and Northern European energy,037b6e495636848065e2
BECCS,SSP2-NPi,2030,2052,IPCC 2021 (incl. biogenic CO2) no LT - climate change: total (incl. biogenic CO2) no LT - global warming potential (GWP100) no LT,"global warming potential (GWP100), including biogenic CO2",-5.207653045654297,kg CO2-Eq,existing mature forest remains standing at constant carbon stock,no new CHP; shared forest history cancels; Northern European electricity and heat markets provide the project's exported energy services,new CHP+CCS vs standing forest and Northern European energy,037b6e495636848065e2
BECCS,SSP2-NPi,2030,2053,IPCC 2021 (incl. biogenic CO2) no LT - climate change: total (incl. biogenic CO2) no LT - global warming potential (GWP100) no LT,"global warming potential (GWP100), including biogenic CO2",-6.325723171234131,kg CO2-Eq,existing mature forest remains standing at constant carbon stock,no new CHP; shared forest history cancels; Northern European electricity and heat markets provide the project's exported energy services,new CHP+CCS vs standing forest and Northern European energy,037b6e495636848065e2
BECCS,SSP2-NPi,2030,2054,IPCC 2021 (incl. biogenic CO2) no LT - climate change: total (incl. biogenic CO2) no LT - global warming potential (GWP100) no LT,"global warming potential (GWP100), including biogenic CO2",-6.325252532958984,kg CO2-Eq,existing mature forest remains standing at constant carbon stock,no new CHP; shared forest history cancels; Northern European electricity and heat markets provide the project's exported energy services,new CHP+CCS vs standing forest and Northern European energy,037b6e495636848065e2
BECCS,SSP2-NPi,2030,2055,IPCC 2021 (incl. biogenic CO2) no LT - climate change: total (incl. biogenic CO2) no LT - global warming potential (GWP100) no LT,"global warming potential (GWP100), including biogenic CO2",-7.634881496429443,kg CO2-Eq,existing mature forest remains standing at constant carbon stock,no new CHP; shared forest history cancels; Northern European electricity and heat markets provide the project's exported energy services,new CHP+CCS vs standing forest and Northern European energy,037b6e495636848065e2
BECCS,SSP2-NPi,2030,2056,IPCC 2021 (incl. biogenic CO2) no LT - climate change: total (incl. biogenic CO2) no LT - global warming potential (GWP100) no LT,"global warming potential (GWP100), including biogenic CO2",-7.634464263916016,kg CO2-Eq,existing mature forest remains standing at constant carbon stock,no new CHP; shared forest history cancels; Northern European electricity and heat markets provide the project's exported energy services,new CHP+CCS vs standing forest and Northern European energy,037b6e495636848065e2
BECCS,SSP2-NPi,2030,2057,IPCC 2021 (incl. biogenic CO2) no LT - climate change: total (incl. biogenic CO2) no LT - global warming potential (GWP100) no LT,"global warming potential (GWP100), including biogenic CO2",-9.147208213806152,kg CO2-Eq,existing mature forest remains standing at constant carbon stock,no new CHP; shared forest history cancels; Northern European electricity and heat markets provide the project's exported energy services,new CHP+CCS vs standing forest and Northern European energy,037b6e495636848065e2
BECCS,SSP2-NPi,2030,2058,IPCC 2021 (incl. biogenic CO2) no LT - climate change: total (incl. biogenic CO2) no LT - global warming potential (GWP100) no LT,"global warming potential (GWP100), including biogenic CO2",-9.14677906036377,kg CO2-Eq,existing mature forest remains standing at constant carbon stock,no new CHP; shared forest history cancels; Northern European electricity and heat markets provide the project's exported energy services,new CHP+CCS vs standing forest and Northern European energy,037b6e495636848065e2
BECCS,SSP2-NPi,2030,2059,IPCC 2021 (incl. biogenic CO2) no LT - climate change: total (incl. biogenic CO2) no LT - global warming potential (GWP100) no LT,"global warming potential (GWP100), including biogenic CO2",-10.865172386169434,kg CO2-Eq,existing mature forest remains standing at constant carbon stock,no new CHP; shared forest history cancels; Northern European electricity and heat markets provide the project's exported energy services,new CHP+CCS vs standing forest and Northern European energy,037b6e495636848065e2
BECCS,SSP2-NPi,2030,2060,IPCC 2021 (incl. biogenic CO2) no LT - climate change: total (incl. biogenic CO2) no LT - global warming potential (GWP100) no LT,"global warming potential (GWP100), including biogenic CO2",-10.86473274230957,kg CO2-Eq,existing mature forest remains standing at constant carbon stock,no new CHP; shared forest history cancels; Northern European electricity and heat markets provide the project's exported energy services,new CHP+CCS vs standing forest and Northern European energy,037b6e495636848065e2
BECCS,SSP2-NPi,2030,2061,IPCC 2021 (incl. biogenic CO2) no LT - climate change: total (incl. biogenic CO2) no LT - global warming potential (GWP100) no LT,"global warming potential (GWP100), including biogenic CO2",-12.779096603393555,kg CO2-Eq,existing mature forest remains standing at constant carbon stock,no new CHP; shared forest history cancels; Northern European electricity and heat markets provide the project's exported energy services,new CHP+CCS vs standing forest and Northern European energy,037b6e495636848065e2
BECCS,SSP2-NPi,2030,2062,IPCC 2021 (incl. biogenic CO2) no LT - climate change: total (incl. biogenic CO2) no LT - global warming potential (GWP100) no LT,"global warming potential (GWP100), including biogenic CO2",-12.779104232788086,kg CO2-Eq,existing mature forest remains standing at constant carbon stock,no new CHP; shared forest history cancels; Northern European electricity and heat markets provide the project's exported energy services,new CHP+CCS vs standing forest and Northern European energy,037b6e495636848065e2
BECCS,SSP2-NPi,2030,2063,IPCC 2021 (incl. biogenic CO2) no LT - climate change: total (incl. biogenic CO2) no LT - global warming potential (GWP100) no LT,"global warming potential (GWP100), including biogenic CO2",-14.862449645996094,kg CO2-Eq,existing mature forest remains standing at constant carbon stock,no new CHP; shared forest history cancels; Northern European electricity and heat markets provide the project's exported energy services,new CHP+CCS vs standing forest and Northern European energy,037b6e495636848065e2
BECCS,SSP2-NPi,2030,2064,IPCC 2021 (incl. biogenic CO2) no LT - climate change: total (incl. biogenic CO2) no LT - global warming potential (GWP100) no LT,"global warming potential (GWP100), including biogenic CO2",-14.862454414367676,kg CO2-Eq,existing mature forest remains standing at constant carbon stock,no new CHP; shared forest history cancels; Northern European electricity and heat markets provide the project's exported energy services,new CHP+CCS vs standing forest and Northern European energy,037b6e495636848065e2
BECCS,SSP2-NPi,2030,2065,IPCC 2021 (incl. biogenic CO2) no LT - climate change: total (incl. biogenic CO2) no LT - global warming potential (GWP100) no LT,"global warming potential (GWP100), including biogenic CO2",-17.069053649902344,kg CO2-Eq,existing mature forest remains standing at constant carbon stock,no new CHP; shared forest history cancels; Northern European electricity and heat markets provide the project's exported energy services,new CHP+CCS vs standing forest and Northern European energy,037b6e495636848065e2
BECCS,SSP2-NPi,2030,2066,IPCC 2021 (incl. biogenic CO2) no LT - climate change: total (incl. biogenic CO2) no LT - global warming potential (GWP100) no LT,"global warming potential (GWP100), including biogenic CO2",-17.069055557250977,kg CO2-Eq,existing mature forest remains standing at constant carbon stock,no new CHP; shared forest history cancels; Northern European electricity and heat markets provide the project's exported energy services,new CHP+CCS vs standing forest and Northern European energy,037b6e495636848065e2
BECCS,SSP2-NPi,2030,2067,IPCC 2021 (incl. biogenic CO2) no LT - climate change: total (incl. biogenic CO2) no LT - global warming potential (GWP100) no LT,"global warming potential (GWP100), including biogenic CO2",-19.33310890197754,kg CO2-Eq,existing mature forest remains standing at constant carbon stock,no new CHP; shared forest history cancels; Northern European electricity and heat markets provide the project's exported energy services,new CHP+CCS vs standing forest and Northern European energy,037b6e495636848065e2
BECCS,SSP2-NPi,2030,2068,IPCC 2021 (incl. biogenic CO2) no LT - climate change: total (incl. biogenic CO2) no LT - global warming potential (GWP100) no LT,"global warming potential (GWP100), including biogenic CO2",-19.333112716674805,kg CO2-Eq,existing mature forest remains standing at constant carbon stock,no new CHP; shared forest history cancels; Northern European electricity and heat markets provide the project's exported energy services,new CHP+CCS vs standing forest and Northern European energy,037b6e495636848065e2
BECCS,SSP2-NPi,2030,2069,IPCC 2021 (incl. biogenic CO2) no LT - climate change: total (incl. biogenic CO2) no LT - global warming potential (GWP100) no LT,"global warming potential (GWP100), including biogenic CO2",-21.570491790771484,kg CO2-Eq,existing mature forest remains standing at constant carbon stock,no new CHP; shared forest history cancels; Northern European electricity and heat markets provide the project's exported energy services,new CHP+CCS vs standing forest and Northern European energy,037b6e495636848065e2
BECCS,SSP2-NPi,2030,2070,IPCC 2021 (incl. biogenic CO2) no LT - climate change: total (incl. biogenic CO2) no LT - global warming potential (GWP100) no LT,"global warming potential (GWP100), including biogenic CO2",-21.570486068725586,kg CO2-Eq,existing mature forest remains standing at constant carbon stock,no new CHP; shared forest history cancels; Northern European electricity and heat markets provide the project's exported energy services,new CHP+CCS vs standing forest and Northern European energy,037b6e495636848065e2
BECCS,SSP2-NPi,2030,2071,IPCC 2021 (incl. biogenic CO2) no LT - climate change: total (incl. biogenic CO2) no LT - global warming potential (GWP100) no LT,"global warming potential (GWP100), including biogenic CO2",-23.683624267578125,kg CO2-Eq,existing mature forest remains standing at constant carbon stock,no new CHP; shared forest history cancels; Northern European electricity and heat markets provide the project's exported energy services,new CHP+CCS vs standing forest and Northern European energy,037b6e495636848065e2
BECCS,SSP2-NPi,2030,2072,IPCC 2021 (incl. biogenic CO2) no LT - climate change: total (incl. biogenic CO2) no LT - global warming potential (GWP100) no LT,"global warming potential (GWP100), including biogenic CO2",-23.683706283569336,kg CO2-Eq,existing mature forest remains standing at constant carbon stock,no new CHP; shared forest history cancels; Northern European electricity and heat markets provide the project's exported energy services,new CHP+CCS vs standing forest and Northern European energy,037b6e495636848065e2
BECCS,SSP2-NPi,2030,2073,IPCC 2021 (incl. biogenic CO2) no LT - climate change: total (incl. biogenic CO2) no LT - global warming potential (GWP100) no LT,"global warming potential (GWP100), including biogenic CO2",-25.568758010864258,kg CO2-Eq,existing mature forest remains standing at constant carbon stock,no new CHP; shared forest history cancels; Northern European electricity and heat markets provide the project's exported energy services,new CHP+CCS vs standing forest and Northern European energy,037b6e495636848065e2
BECCS,SSP2-NPi,2030,2074,IPCC 2021 (incl. biogenic CO2) no LT - climate change: total (incl. biogenic CO2) no LT - global warming potential (GWP100) no LT,"global warming potential (GWP100), including biogenic CO2",-25.56884002685547,kg CO2-Eq,existing mature forest remains standing at constant carbon stock,no new CHP; shared forest history cancels; Northern European electricity and heat markets provide the project's exported energy services,new CHP+CCS vs standing forest and Northern European energy,037b6e495636848065e2
BECCS,SSP2-NPi,2030,2075,IPCC 2021 (incl. biogenic CO2) no LT - climate change: total (incl. biogenic CO2) no LT - global warming potential (GWP100) no LT,"global warming potential (GWP100), including biogenic CO2",-27.12517738342285,kg CO2-Eq,existing mature forest remains standing at constant carbon stock,no new CHP; shared forest history cancels; Northern European electricity and heat markets provide the project's exported energy services,new CHP+CCS vs standing forest and Northern European energy,037b6e495636848065e2
BECCS,SSP2-NPi,2030,2076,IPCC 2021 (incl. biogenic CO2) no LT - climate change: total (incl. biogenic CO2) no LT - global warming potential (GWP100) no LT,"global warming potential (GWP100), including biogenic CO2",-27.125261306762695,kg CO2-Eq,existing mature forest remains standing at constant carbon stock,no new CHP; shared forest history cancels; Northern European electricity and heat markets provide the project's exported energy services,new CHP+CCS vs standing forest and Northern European energy,037b6e495636848065e2
BECCS,SSP2-NPi,2030,2077,IPCC 2021 (incl. biogenic CO2) no LT - climate change: total (incl. biogenic CO2) no LT - global warming potential (GWP100) no LT,"global warming potential (GWP100), including biogenic CO2",-28.264896392822266,kg CO2-Eq,existing mature forest remains standing at constant carbon stock,no new CHP; shared forest history cancels; Northern European electricity and heat markets provide the project's exported energy services,new CHP+CCS vs standing forest and Northern European energy,037b6e495636848065e2
BECCS,SSP2-NPi,2030,2078,IPCC 2021 (incl. biogenic CO2) no LT - climate change: total (incl. biogenic CO2) no LT - global warming potential (GWP100) no LT,"global warming potential (GWP100), including biogenic CO2",-28.26498031616211,kg CO2-Eq,existing mature forest remains standing at constant carbon stock,no new CHP; shared forest history cancels; Northern European electricity and heat markets provide the project's exported energy services,new CHP+CCS vs standing forest and Northern European energy,037b6e495636848065e2
BECCS,SSP2-NPi,2030,2079,IPCC 2021 (incl. biogenic CO2) no LT - climate change: total (incl. biogenic CO2) no LT - global warming potential (GWP100) no LT,"global warming potential (GWP100), including biogenic CO2",-28.92109489440918,kg CO2-Eq,existing mature forest remains standing at constant carbon stock,no new CHP; shared forest history cancels; Northern European electricity and heat markets provide the project's exported energy services,new CHP+CCS vs standing forest and Northern European energy,037b6e495636848065e2
BECCS,SSP2-NPi,2030,2080,IPCC 2021 (incl. biogenic CO2) no LT - climate change: total (incl. biogenic CO2) no LT - global warming potential (GWP100) no LT,"global warming potential (GWP100), including biogenic CO2",-28.921178817749023,kg CO2-Eq,existing mature forest remains standing at constant carbon stock,no new CHP; shared forest history cancels; Northern European electricity and heat markets provide the project's exported energy services,new CHP+CCS vs standing forest and Northern European energy,037b6e495636848065e2
BECCS,SSP2-NPi,2030,2081,IPCC 2021 (incl. biogenic CO2) no LT - climate change: total (incl. biogenic CO2) no LT - global warming potential (GWP100) no LT,"global warming potential (GWP100), including biogenic CO2",-29.05453872680664,kg CO2-Eq,existing mature forest remains standing at constant carbon stock,no new CHP; shared forest history cancels; Northern European electricity and heat markets provide the project's exported energy services,new CHP+CCS vs standing forest and Northern European energy,037b6e495636848065e2
BECCS,SSP2-NPi,2030,2082,IPCC 2021 (incl. biogenic CO2) no LT - climate change: total (incl. biogenic CO2) no LT - global warming potential (GWP100) no LT,"global warming potential (GWP100), including biogenic CO2",-29.0546875,kg CO2-Eq,existing mature forest remains standing at constant carbon stock,no new CHP; shared forest history cancels; Northern European electricity and heat markets provide the project's exported energy services,new CHP+CCS vs standing forest and Northern European energy,037b6e495636848065e2
BECCS,SSP2-NPi,2030,2083,IPCC 2021 (incl. biogenic CO2) no LT - climate change: total (incl. biogenic CO2) no LT - global warming potential (GWP100) no LT,"global warming potential (GWP100), including biogenic CO2",-28.657201766967773,kg CO2-Eq,existing mature forest remains standing at constant carbon stock,no new CHP; shared forest history cancels; Northern European electricity and heat markets provide the project's exported energy services,new CHP+CCS vs standing forest and Northern European energy,037b6e495636848065e2
BECCS,SSP2-NPi,2030,2084,IPCC 2021 (incl. biogenic CO2) no LT - climate change: total (incl. biogenic CO2) no LT - global warming potential (GWP100) no LT,"global warming potential (GWP100), including biogenic CO2",-28.657358169555664,kg CO2-Eq,existing mature forest remains standing at constant carbon stock,no new CHP; shared forest history cancels; Northern European electricity and heat markets provide the project's exported energy services,new CHP+CCS vs standing forest and Northern European energy,037b6e495636848065e2
BECCS,SSP2-NPi,2030,2085,IPCC 2021 (incl. biogenic CO2) no LT - climate change: total (incl. biogenic CO2) no LT - global warming potential (GWP100) no LT,"global warming potential (GWP100), including biogenic CO2",-27.752971649169922,kg CO2-Eq,existing mature forest remains standing at constant carbon stock,no new CHP; shared forest history cancels; Northern European electricity and heat markets provide the project's exported energy services,new CHP+CCS vs standing forest and Northern European energy,037b6e495636848065e2
BECCS,SSP2-NPi,2030,2086,IPCC 2021 (incl. biogenic CO2) no LT - climate change: total (incl. biogenic CO2) no LT - global warming potential (GWP100) no LT,"global warming potential (GWP100), including biogenic CO2",-27.753128051757812,kg CO2-Eq,existing mature forest remains standing at constant carbon stock,no new CHP; shared forest history cancels; Northern European electricity and heat markets provide the project's exported energy services,new CHP+CCS vs standing forest and Northern European energy,037b6e495636848065e2
BECCS,SSP2-NPi,2030,2087,IPCC 2021 (incl. biogenic CO2) no LT - climate change: total (incl. biogenic CO2) no LT - global warming potential (GWP100) no LT,"global warming potential (GWP100), including biogenic CO2",-26.39553451538086,kg CO2-Eq,existing mature forest remains standing at constant carbon stock,no new CHP; shared forest history cancels; Northern European electricity and heat markets provide the project's exported energy services,new CHP+CCS vs standing forest and Northern European energy,037b6e495636848065e2
BECCS,SSP2-NPi,2030,2088,IPCC 2021 (incl. biogenic CO2) no LT - climate change: total (incl. biogenic CO2) no LT - global warming potential (GWP100) no LT,"global warming potential (GWP100), including biogenic CO2",-26.395706176757812,kg CO2-Eq,existing mature forest remains standing at constant carbon stock,no new CHP; shared forest history cancels; Northern European electricity and heat markets provide the project's exported energy services,new CHP+CCS vs standing forest and Northern European energy,037b6e495636848065e2
BECCS,SSP2-NPi,2030,2089,IPCC 2021 (incl. biogenic CO2) no LT - climate change: total (incl. biogenic CO2) no LT - global warming potential (GWP100) no LT,"global warming potential (GWP100), including biogenic CO2",-24.663259506225586,kg CO2-Eq,existing mature forest remains standing at constant carbon stock,no new CHP; shared forest history cancels; Northern European electricity and heat markets provide the project's exported energy services,new CHP+CCS vs standing forest and Northern European energy,037b6e495636848065e2
BECCS,SSP2-NPi,2030,2090,IPCC 2021 (incl. biogenic CO2) no LT - climate change: total (incl. biogenic CO2) no LT - global warming potential (GWP100) no LT,"global warming potential (GWP100), including biogenic CO2",-24.663434982299805,kg CO2-Eq,existing mature forest remains standing at constant carbon stock,no new CHP; shared forest history cancels; Northern European electricity and heat markets provide the project's exported energy services,new CHP+CCS vs standing forest and Northern European energy,037b6e495636848065e2
BECCS,SSP2-NPi,2030,2091,IPCC 2021 (incl. biogenic CO2) no LT - climate change: total (incl. biogenic CO2) no LT - global warming potential (GWP100) no LT,"global warming potential (GWP100), including biogenic CO2",-22.65167236328125,kg CO2-Eq,existing mature forest remains standing at constant carbon stock,no new CHP; shared forest history cancels; Northern European electricity and heat markets provide the project's exported energy services,new CHP+CCS vs standing forest and Northern European energy,037b6e495636848065e2
BECCS,SSP2-NPi,2030,2092,IPCC 2021 (incl. biogenic CO2) no LT - climate change: total (incl. biogenic CO2) no LT - global warming potential (GWP100) no LT,"global warming potential (GWP100), including biogenic CO2",-22.65192985534668,kg CO2-Eq,existing mature forest remains standing at constant carbon stock,no new CHP; shared forest history cancels; Northern European electricity and heat markets provide the project's exported energy services,new CHP+CCS vs standing forest and Northern European energy,037b6e495636848065e2
BECCS,SSP2-NPi,2030,2093,IPCC 2021 (incl. biogenic CO2) no LT - climate change: total (incl. biogenic CO2) no LT - global warming potential (GWP100) no LT,"global warming potential (GWP100), including biogenic CO2",-20.464176177978516,kg CO2-Eq,existing mature forest remains standing at constant carbon stock,no new CHP; shared forest history cancels; Northern European electricity and heat markets provide the project's exported energy services,new CHP+CCS vs standing forest and Northern European energy,037b6e495636848065e2
BECCS,SSP2-NPi,2030,2094,IPCC 2021 (incl. biogenic CO2) no LT - climate change: total (incl. biogenic CO2) no LT - global warming potential (GWP100) no LT,"global warming potential (GWP100), including biogenic CO2",-20.464439392089844,kg CO2-Eq,existing mature forest remains standing at constant carbon stock,no new CHP; shared forest history cancels; Northern European electricity and heat markets provide the project's exported energy services,new CHP+CCS vs standing forest and Northern European energy,037b6e495636848065e2
BECCS,SSP2-NPi,2030,2095,IPCC 2021 (incl. biogenic CO2) no LT - climate change: total (incl. biogenic CO2) no LT - global warming potential (GWP100) no LT,"global warming potential (GWP100), including biogenic CO2",-18.202470779418945,kg CO2-Eq,existing mature forest remains standing at constant carbon stock,no new CHP; shared forest history cancels; Northern European electricity and heat markets provide the project's exported energy services,new CHP+CCS vs standing forest and Northern European energy,037b6e495636848065e2
BECCS,SSP2-NPi,2030,2096,IPCC 2021 (incl. biogenic CO2) no LT - climate change: total (incl. biogenic CO2) no LT - global warming potential (GWP100) no LT,"global warming potential (GWP100), including biogenic CO2",-18.20273780822754,kg CO2-Eq,existing mature forest remains standing at constant carbon stock,no new CHP; shared forest history cancels; Northern European electricity and heat markets provide the project's exported energy services,new CHP+CCS vs standing forest and Northern European energy,037b6e495636848065e2
BECCS,SSP2-NPi,2030,2097,IPCC 2021 (incl. biogenic CO2) no LT - climate change: total (incl. biogenic CO2) no LT - global warming potential (GWP100) no LT,"global warming potential (GWP100), including biogenic CO2",-15.958233833312988,kg CO2-Eq,existing mature forest remains standing at constant carbon stock,no new CHP; shared forest history cancels; Northern European electricity and heat markets provide the project's exported energy services,new CHP+CCS vs standing forest and Northern European energy,037b6e495636848065e2
BECCS,SSP2-NPi,2030,2098,IPCC 2021 (incl. biogenic CO2) no LT - climate change: total (incl. biogenic CO2) no LT - global warming potential (GWP100) no LT,"global warming potential (GWP100), including biogenic CO2",-15.958505630493164,kg CO2-Eq,existing mature forest remains standing at constant carbon stock,no new CHP; shared forest history cancels; Northern European electricity and heat markets provide the project's exported energy services,new CHP+CCS vs standing forest and Northern European energy,037b6e495636848065e2
BECCS,SSP2-NPi,2030,2099,IPCC 2021 (incl. biogenic CO2) no LT - climate change: total (incl. biogenic CO2) no LT - global warming potential (GWP100) no LT,"global warming potential (GWP100), including biogenic CO2",-13.806829452514648,kg CO2-Eq,existing mature forest remains standing at constant carbon stock,no new CHP; shared forest history cancels; Northern European electricity and heat markets provide the project's exported energy services,new CHP+CCS vs standing forest and Northern European energy,037b6e495636848065e2
BECCS,SSP2-NPi,2030,2100,IPCC 2021 (incl. biogenic CO2) no LT - climate change: total (incl. biogenic CO2) no LT - global warming potential (GWP100) no LT,"global warming potential (GWP100), including biogenic CO2",-13.807108879089355,kg CO2-Eq,existing mature forest remains standing at constant carbon stock,no new CHP; shared forest history cancels; Northern European electricity and heat markets provide the project's exported energy services,new CHP+CCS vs standing forest and Northern European energy,037b6e495636848065e2
BECCS,SSP2-NPi,2030,2101,IPCC 2021 (incl. biogenic CO2) no LT - climate change: total (incl. biogenic CO2) no LT - global warming potential (GWP100) no LT,"global warming potential (GWP100), including biogenic CO2",-11.803791999816895,kg CO2-Eq,existing mature forest remains standing at constant carbon stock,no new CHP; shared forest history cancels; Northern European electricity and heat markets provide the project's exported energy services,new CHP+CCS vs standing forest and Northern European energy,037b6e495636848065e2
BECCS,SSP2-NPi,2030,2102,IPCC 2021 (incl. biogenic CO2) no LT - climate change: total (incl. biogenic CO2) no LT - global warming potential (GWP100) no LT,"global warming potential (GWP100), including biogenic CO2",-11.803791999816895,kg CO2-Eq,existing mature forest remains standing at constant carbon stock,no new CHP; shared forest history cancels; Northern European electricity and heat markets provide the project's exported energy services,new CHP+CCS vs standing forest and Northern European energy,037b6e495636848065e2
BECCS,SSP2-NPi,2030,2103,IPCC 2021 (incl. biogenic CO2) no LT - climate change: total (incl. biogenic CO2) no LT - global warming potential (GWP100) no LT,"global warming potential (GWP100), including biogenic CO2",-9.984989166259766,kg CO2-Eq,existing mature forest remains standing at constant carbon stock,no new CHP; shared forest history cancels; Northern European electricity and heat markets provide the project's exported energy services,new CHP+CCS vs standing forest and Northern European energy,037b6e495636848065e2
BECCS,SSP2-NPi,2030,2104,IPCC 2021 (incl. biogenic CO2) no LT - climate change: total (incl. biogenic CO2) no LT - global warming potential (GWP100) no LT,"global warming potential (GWP100), including biogenic CO2",-9.984989166259766,kg CO2-Eq,existing mature forest remains standing at constant carbon stock,no new CHP; shared forest history cancels; Northern European electricity and heat markets provide the project's exported energy services,new CHP+CCS vs standing forest and Northern European energy,037b6e495636848065e2
BECCS,SSP2-NPi,2030,2105,IPCC 2021 (incl. biogenic CO2) no LT - climate change: total (incl. biogenic CO2) no LT - global warming potential (GWP100) no LT,"global warming potential (GWP100), including biogenic CO2",-8.368616104125977,kg CO2-Eq,existing mature forest remains standing at constant carbon stock,no new CHP; shared forest history cancels; Northern European electricity and heat markets provide the project's exported energy services,new CHP+CCS vs standing forest and Northern European energy,037b6e495636848065e2
BECCS,SSP2-NPi,2030,2106,IPCC 2021 (incl. biogenic CO2) no LT - climate change: total (incl. biogenic CO2) no LT - global warming potential (GWP100) no LT,"global warming potential (GWP100), including biogenic CO2",-8.368616104125977,kg CO2-Eq,existing mature forest remains standing at constant carbon stock,no new CHP; shared forest history cancels; Northern European electricity and heat markets provide the project's exported energy services,new CHP+CCS vs standing forest and Northern European energy,037b6e495636848065e2
BECCS,SSP2-NPi,2030,2107,IPCC 2021 (incl. biogenic CO2) no LT - climate change: total (incl. biogenic CO2) no LT - global warming potential (GWP100) no LT,"global warming potential (GWP100), including biogenic CO2",-6.957943439483643,kg CO2-Eq,existing mature forest remains standing at constant carbon stock,no new CHP; shared forest history cancels; Northern European electricity and heat markets provide the project's exported energy services,new CHP+CCS vs standing forest and Northern European energy,037b6e495636848065e2
BECCS,SSP2-NPi,2030,2108,IPCC 2021 (incl. biogenic CO2) no LT - climate change: total (incl. biogenic CO2) no LT - global warming potential (GWP100) no LT,"global warming potential (GWP100), including biogenic CO2",-6.957943439483643,kg CO2-Eq,existing mature forest remains standing at constant carbon stock,no new CHP; shared forest history cancels; Northern European electricity and heat markets provide the project's exported energy services,new CHP+CCS vs standing forest and Northern European energy,037b6e495636848065e2
BECCS,SSP2-NPi,2030,2109,IPCC 2021 (incl. biogenic CO2) no LT - climate change: total (incl. biogenic CO2) no LT - global warming potential (GWP100) no LT,"global warming potential (GWP100), including biogenic CO2",-5.7454705238342285,kg CO2-Eq,existing mature forest remains standing at constant carbon stock,no new CHP; shared forest history cancels; Northern European electricity and heat markets provide the project's exported energy services,new CHP+CCS vs standing forest and Northern European energy,037b6e495636848065e2
BECCS,SSP2-NPi,2030,2110,IPCC 2021 (incl. biogenic CO2) no LT - climate change: total (incl. biogenic CO2) no LT - global warming potential (GWP100) no LT,"global warming potential (GWP100), including biogenic CO2",-5.7454705238342285,kg CO2-Eq,existing mature forest remains standing at constant carbon stock,no new CHP; shared forest history cancels; Northern European electricity and heat markets provide the project's exported energy services,new CHP+CCS vs standing forest and Northern European energy,037b6e495636848065e2
BECCS,SSP2-NPi,2030,2111,IPCC 2021 (incl. biogenic CO2) no LT - climate change: total (incl. biogenic CO2) no LT - global warming potential (GWP100) no LT,"global warming potential (GWP100), including biogenic CO2",-4.71660041809082,kg CO2-Eq,existing mature forest remains standing at constant carbon stock,no new CHP; shared forest history cancels; Northern European electricity and heat markets provide the project's exported energy services,new CHP+CCS vs standing forest and Northern European energy,037b6e495636848065e2
BECCS,SSP2-NPi,2030,2112,IPCC 2021 (incl. biogenic CO2) no LT - climate change: total (incl. biogenic CO2) no LT - global warming potential (GWP100) no LT,"global warming potential (GWP100), including biogenic CO2",-4.71660041809082,kg CO2-Eq,existing mature forest remains standing at constant carbon stock,no new CHP; shared forest history cancels; Northern European electricity and heat markets provide the project's exported energy services,new CHP+CCS vs standing forest and Northern European energy,037b6e495636848065e2
BECCS,SSP2-NPi,2030,2113,IPCC 2021 (incl. biogenic CO2) no LT - climate change: total (incl. biogenic CO2) no LT - global warming potential (GWP100) no LT,"global warming potential (GWP100), including biogenic CO2",-3.7946414947509766,kg CO2-Eq,existing mature forest remains standing at constant carbon stock,no new CHP; shared forest history cancels; Northern European electricity and heat markets provide the project's exported energy services,new CHP+CCS vs standing forest and Northern European energy,037b6e495636848065e2
BECCS,SSP2-NPi,2030,2114,IPCC 2021 (incl. biogenic CO2) no LT - climate change: total (incl. biogenic CO2) no LT - global warming potential (GWP100) no LT,"global warming potential (GWP100), including biogenic CO2",-3.7960076332092285,kg CO2-Eq,existing mature forest remains standing at constant carbon stock,no new CHP; shared forest history cancels; Northern European electricity and heat markets provide the project's exported energy services,new CHP+CCS vs standing forest and Northern European energy,037b6e495636848065e2
BECCS,SSP2-NPi,2030,2115,IPCC 2021 (incl. biogenic CO2) no LT - climate change: total (incl. biogenic CO2) no LT - global warming potential (GWP100) no LT,"global warming potential (GWP100), including biogenic CO2",-2.977280855178833,kg CO2-Eq,existing mature forest remains standing at constant carbon stock,no new CHP; shared forest history cancels; Northern European electricity and heat markets provide the project's exported energy services,new CHP+CCS vs standing forest and Northern European energy,037b6e495636848065e2
BECCS,SSP2-NPi,2030,2116,IPCC 2021 (incl. biogenic CO2) no LT - climate change: total (incl. biogenic CO2) no LT - global warming potential (GWP100) no LT,"global warming potential (GWP100), including biogenic CO2",-2.978647232055664,kg CO2-Eq,existing mature forest remains standing at constant carbon stock,no new CHP; shared forest history cancels; Northern European electricity and heat markets provide the project's exported energy services,new CHP+CCS vs standing forest and Northern European energy,037b6e495636848065e2
BECCS,SSP2-NPi,2030,2117,IPCC 2021 (incl. biogenic CO2) no LT - climate change: total (incl. biogenic CO2) no LT - global warming potential (GWP100) no LT,"global warming potential (GWP100), including biogenic CO2",-2.304730176925659,kg CO2-Eq,existing mature forest remains standing at constant carbon stock,no new CHP; shared forest history cancels; Northern European electricity and heat markets provide the project's exported energy services,new CHP+CCS vs standing forest and Northern European energy,037b6e495636848065e2
BECCS,SSP2-NPi,2030,2118,IPCC 2021 (incl. biogenic CO2) no LT - climate change: total (incl. biogenic CO2) no LT - global warming potential (GWP100) no LT,"global warming potential (GWP100), including biogenic CO2",-2.306096076965332,kg CO2-Eq,existing mature forest remains standing at constant carbon stock,no new CHP; shared forest history cancels; Northern European electricity and heat markets provide the project's exported energy services,new CHP+CCS vs standing forest and Northern European energy,037b6e495636848065e2
BECCS,SSP2-NPi,2030,2119,IPCC 2021 (incl. biogenic CO2) no LT - climate change: total (incl. biogenic CO2) no LT - global warming potential (GWP100) no LT,"global warming potential (GWP100), including biogenic CO2",-1.7543137073516846,kg CO2-Eq,existing mature forest remains standing at constant carbon stock,no new CHP; shared forest history cancels; Northern European electricity and heat markets provide the project's exported energy services,new CHP+CCS vs standing forest and Northern European energy,037b6e495636848065e2
BECCS,SSP2-NPi,2030,2120,IPCC 2021 (incl. biogenic CO2) no LT - climate change: total (incl. biogenic CO2) no LT - global warming potential (GWP100) no LT,"global warming potential (GWP100), including biogenic CO2",-1.7556796073913574,kg CO2-Eq,existing mature forest remains standing at constant carbon stock,no new CHP; shared forest history cancels; Northern European electricity and heat markets provide the project's exported energy services,new CHP+CCS vs standing forest and Northern European energy,037b6e495636848065e2
BECCS,SSP2-NPi,2030,2121,IPCC 2021 (incl. biogenic CO2) no LT - climate change: total (incl. biogenic CO2) no LT - global warming potential (GWP100) no LT,"global warming potential (GWP100), including biogenic CO2",-1.3058768510818481,kg CO2-Eq,existing mature forest remains standing at constant carbon stock,no new CHP; shared forest history cancels; Northern European electricity and heat markets provide the project's exported energy services,new CHP+CCS vs standing forest and Northern European energy,037b6e495636848065e2
BECCS,SSP2-NPi,2030,2122,IPCC 2021 (incl. biogenic CO2) no LT - climate change: total (incl. biogenic CO2) no LT - global warming potential (GWP100) no LT,"global warming potential (GWP100), including biogenic CO2",-1.3072429895401,kg CO2-Eq,existing mature forest remains standing at constant carbon stock,no new CHP; shared forest history cancels; Northern European electricity and heat markets provide the project's exported energy services,new CHP+CCS vs standing forest and Northern European energy,037b6e495636848065e2
BECCS,SSP2-NPi,2030,2123,IPCC 2021 (incl. biogenic CO2) no LT - climate change: total (incl. biogenic CO2) no LT - global warming potential (GWP100) no LT,"global warming potential (GWP100), including biogenic CO2",-0.9419011473655701,kg CO2-Eq,existing mature forest remains standing at constant carbon stock,no new CHP; shared forest history cancels; Northern European electricity and heat markets provide the project's exported energy services,new CHP+CCS vs standing forest and Northern European energy,037b6e495636848065e2
BECCS,SSP2-NPi,2030,2124,IPCC 2021 (incl. biogenic CO2) no LT - climate change: total (incl. biogenic CO2) no LT - global warming potential (GWP100) no LT,"global warming potential (GWP100), including biogenic CO2",-0.9432670474052429,kg CO2-Eq,existing mature forest remains standing at constant carbon stock,no new CHP; shared forest history cancels; Northern European electricity and heat markets provide the project's exported energy services,new CHP+CCS vs standing forest and Northern European energy,037b6e495636848065e2
BECCS,SSP2-NPi,2030,2125,IPCC 2021 (incl. biogenic CO2) no LT - climate change: total (incl. biogenic CO2) no LT - global warming potential (GWP100) no LT,"global warming potential (GWP100), including biogenic CO2",-0.6474199295043945,kg CO2-Eq,existing mature forest remains standing at constant carbon stock,no new CHP; shared forest history cancels; Northern European electricity and heat markets provide the project's exported energy services,new CHP+CCS vs standing forest and Northern European energy,037b6e495636848065e2
BECCS,SSP2-NPi,2030,2126,IPCC 2021 (incl. biogenic CO2) no LT - climate change: total (incl. biogenic CO2) no LT - global warming potential (GWP100) no LT,"global warming potential (GWP100), including biogenic CO2",-0.6487859487533569,kg CO2-Eq,existing mature forest remains standing at constant carbon stock,no new CHP; shared forest history cancels; Northern European electricity and heat markets provide the project's exported energy services,new CHP+CCS vs standing forest and Northern European energy,037b6e495636848065e2
BECCS,SSP2-NPi,2030,2127,IPCC 2021 (incl. biogenic CO2) no LT - climate change: total (incl. biogenic CO2) no LT - global warming potential (GWP100) no LT,"global warming potential (GWP100), including biogenic CO2",-0.4098171591758728,kg CO2-Eq,existing mature forest remains standing at constant carbon stock,no new CHP; shared forest history cancels; Northern European electricity and heat markets provide the project's exported energy services,new CHP+CCS vs standing forest and Northern European energy,037b6e495636848065e2
BECCS,SSP2-NPi,2030,2128,IPCC 2021 (incl. biogenic CO2) no LT - climate change: total (incl. biogenic CO2) no LT - global warming potential (GWP100) no LT,"global warming potential (GWP100), including biogenic CO2",-0.41118311882019043,kg CO2-Eq,existing mature forest remains standing at constant carbon stock,no new CHP; shared forest history cancels; Northern European electricity and heat markets provide the project's exported energy services,new CHP+CCS vs standing forest and Northern European energy,037b6e495636848065e2
BECCS,SSP2-NPi,2030,2129,IPCC 2021 (incl. biogenic CO2) no LT - climate change: total (incl. biogenic CO2) no LT - global warming potential (GWP100) no LT,"global warming potential (GWP100), including biogenic CO2",-0.21856923401355743,kg CO2-Eq,existing mature forest remains standing at constant carbon stock,no new CHP; shared forest history cancels; Northern European electricity and heat markets provide the project's exported energy services,new CHP+CCS vs standing forest and Northern European energy,037b6e495636848065e2
BECCS,SSP2-NPi,2030,2130,IPCC 2021 (incl. biogenic CO2) no LT - climate change: total (incl. biogenic CO2) no LT - global warming potential (GWP100) no LT,"global warming potential (GWP100), including biogenic CO2",-0.21993519365787506,kg CO2-Eq,existing mature forest remains standing at constant carbon stock,no new CHP; shared forest history cancels; Northern European electricity and heat markets provide the project's exported energy services,new CHP+CCS vs standing forest and Northern European energy,037b6e495636848065e2
BECCS,SSP2-NPi,2030,2131,IPCC 2021 (incl. biogenic CO2) no LT - climate change: total (incl. biogenic CO2) no LT - global warming potential (GWP100) no LT,"global warming potential (GWP100), including biogenic CO2",-0.064970463514328,kg CO2-Eq,existing mature forest remains standing at constant carbon stock,no new CHP; shared forest history cancels; Northern European electricity and heat markets provide the project's exported energy services,new CHP+CCS vs standing forest and Northern European energy,037b6e495636848065e2
BECCS,SSP2-NPi,2030,2132,IPCC 2021 (incl. biogenic CO2) no LT - climate change: total (incl. biogenic CO2) no LT - global warming potential (GWP100) no LT,"global warming potential (GWP100), including biogenic CO2",-0.06633645296096802,kg CO2-Eq,existing mature forest remains standing at constant carbon stock,no new CHP; shared forest history cancels; Northern European electricity and heat markets provide the project's exported energy services,new CHP+CCS vs standing forest and Northern European energy,037b6e495636848065e2
DACCS,SSP2-NPi,2030,1882,IPCC 2021 (incl. biogenic CO2) no LT - climate change: total (incl. biogenic CO2) no LT - global warming potential (GWP100) no LT,"global warming potential (GWP100), including biogenic CO2",-3.4549625524959993e-06,kg CO2-Eq,not applicable,no DACCS project,not applicable,90bfd5c6cfce5bc4337e
DACCS,SSP2-NPi,2030,1883,IPCC 2021 (incl. biogenic CO2) no LT - climate change: total (incl. biogenic CO2) no LT - global warming potential (GWP100) no LT,"global warming potential (GWP100), including biogenic CO2",-7.227617402350006e-07,kg CO2-Eq,not applicable,no DACCS project,not applicable,90bfd5c6cfce5bc4337e
DACCS,SSP2-NPi,2030,1884,IPCC 2021 (incl. biogenic CO2) no LT - climate change: total (incl. biogenic CO2) no LT - global warming potential (GWP100) no LT,"global warming potential (GWP100), including biogenic CO2",-8.117081620184763e-07,kg CO2-Eq,not applicable,no DACCS project,not applicable,90bfd5c6cfce5bc4337e
DACCS,SSP2-NPi,2030,1885,IPCC 2021 (incl. biogenic CO2) no LT - climate change: total (incl. biogenic CO2) no LT - global warming potential (GWP100) no LT,"global warming potential (GWP100), including biogenic CO2",-9.085234182748536e-07,kg CO2-Eq,not applicable,no DACCS project,not applicable,90bfd5c6cfce5bc4337e
DACCS,SSP2-NPi,2030,1886,IPCC 2021 (incl. biogenic CO2) no LT - climate change: total (incl. biogenic CO2) no LT - global warming potential (GWP100) no LT,"global warming potential (GWP100), including biogenic CO2",-1.0138412562810117e-06,kg CO2-Eq,not applicable,no DACCS project,not applicable,90bfd5c6cfce5bc4337e
DACCS,SSP2-NPi,2030,1887,IPCC 2021 (incl. biogenic CO2) no LT - climate change: total (incl. biogenic CO2) no LT - global warming potential (GWP100) no LT,"global warming potential (GWP100), including biogenic CO2",-2.175751205868437e-06,kg CO2-Eq,not applicable,no DACCS project,not applicable,90bfd5c6cfce5bc4337e
DACCS,SSP2-NPi,2030,1888,IPCC 2021 (incl. biogenic CO2) no LT - climate change: total (incl. biogenic CO2) no LT - global warming potential (GWP100) no LT,"global warming potential (GWP100), including biogenic CO2",-2.889105644499068e-06,kg CO2-Eq,not applicable,no DACCS project,not applicable,90bfd5c6cfce5bc4337e
DACCS,SSP2-NPi,2030,1889,IPCC 2021 (incl. biogenic CO2) no LT - climate change: total (incl. biogenic CO2) no LT - global warming potential (GWP100) no LT,"global warming potential (GWP100), including biogenic CO2",-3.6626022392738378e-06,kg CO2-Eq,not applicable,no DACCS project,not applicable,90bfd5c6cfce5bc4337e
DACCS,SSP2-NPi,2030,1890,IPCC 2021 (incl. biogenic CO2) no LT - climate change: total (incl. biogenic CO2) no LT - global warming potential (GWP100) no LT,"global warming potential (GWP100), including biogenic CO2",-4.5000006139162e-06,kg CO2-Eq,not applicable,no DACCS project,not applicable,90bfd5c6cfce5bc4337e
DACCS,SSP2-NPi,2030,1891,IPCC 2021 (incl. biogenic CO2) no LT - climate change: total (incl. biogenic CO2) no LT - global warming potential (GWP100) no LT,"global warming potential (GWP100), including biogenic CO2",-2.1119047232787125e-05,kg CO2-Eq,not applicable,no DACCS project,not applicable,90bfd5c6cfce5bc4337e
DACCS,SSP2-NPi,2030,1892,IPCC 2021 (incl. biogenic CO2) no LT - climate change: total (incl. biogenic CO2) no LT - global warming potential (GWP100) no LT,"global warming potential (GWP100), including biogenic CO2",-8.466944564133883e-06,kg CO2-Eq,not applicable,no DACCS project,not applicable,90bfd5c6cfce5bc4337e
DACCS,SSP2-NPi,2030,1893,IPCC 2021 (incl. biogenic CO2) no LT - climate change: total (incl. biogenic CO2) no LT - global warming potential (GWP100) no LT,"global warming potential (GWP100), including biogenic CO2",-1.2340315151959658e-05,kg CO2-Eq,not applicable,no DACCS project,not applicable,90bfd5c6cfce5bc4337e
DACCS,SSP2-NPi,2030,1894,IPCC 2021 (incl. biogenic CO2) no LT - climate change: total (incl. biogenic CO2) no LT - global warming potential (GWP100) no LT,"global warming potential (GWP100), including biogenic CO2",-1.1264657587162219e-05,kg CO2-Eq,not applicable,no DACCS project,not applicable,90bfd5c6cfce5bc4337e
DACCS,SSP2-NPi,2030,1895,IPCC 2021 (incl. biogenic CO2) no LT - climate change: total (incl. biogenic CO2) no LT - global warming potential (GWP100) no LT,"global warming potential (GWP100), including biogenic CO2",-1.5781193724251352e-05,kg CO2-Eq,not applicable,no DACCS project,not applicable,90bfd5c6cfce5bc4337e
DACCS,SSP2-NPi,2030,1896,IPCC 2021 (incl. biogenic CO2) no LT - climate change: total (incl. biogenic CO2) no LT - global warming potential (GWP100) no LT,"global warming potential (GWP100), including biogenic CO2",-1.878662806120701e-05,kg CO2-Eq,not applicable,no DACCS project,not applicable,90bfd5c6cfce5bc4337e
DACCS,SSP2-NPi,2030,1897,IPCC 2021 (incl. biogenic CO2) no LT - climate change: total (incl. biogenic CO2) no LT - global warming potential (GWP100) no LT,"global warming potential (GWP100), including biogenic CO2",-2.5174756956403144e-05,kg CO2-Eq,not applicable,no DACCS project,not applicable,90bfd5c6cfce5bc4337e
DACCS,SSP2-NPi,2030,1898,IPCC 2021 (incl. biogenic CO2) no LT - climate change: total (incl. biogenic CO2) no LT - global warming potential (GWP100) no LT,"global warming potential (GWP100), including biogenic CO2",-2.5534423912176862e-05,kg CO2-Eq,not applicable,no DACCS project,not applicable,90bfd5c6cfce5bc4337e
DACCS,SSP2-NPi,2030,1899,IPCC 2021 (incl. biogenic CO2) no LT - climate change: total (incl. biogenic CO2) no LT - global warming potential (GWP100) no LT,"global warming potential (GWP100), including biogenic CO2",-3.3025764423655346e-05,kg CO2-Eq,not applicable,no DACCS project,not applicable,90bfd5c6cfce5bc4337e
DACCS,SSP2-NPi,2030,1900,IPCC 2021 (incl. biogenic CO2) no LT - climate change: total (incl. biogenic CO2) no LT - global warming potential (GWP100) no LT,"global warming potential (GWP100), including biogenic CO2",-3.3512340451125056e-05,kg CO2-Eq,not applicable,no DACCS project,not applicable,90bfd5c6cfce5bc4337e
DACCS,SSP2-NPi,2030,1901,IPCC 2021 (incl. biogenic CO2) no LT - climate change: total (incl. biogenic CO2) no LT - global warming potential (GWP100) no LT,"global warming potential (GWP100), including biogenic CO2",-4.230859485687688e-05,kg CO2-Eq,not applicable,no DACCS project,not applicable,90bfd5c6cfce5bc4337e
DACCS,SSP2-NPi,2030,1902,IPCC 2021 (incl. biogenic CO2) no LT - climate change: total (incl. biogenic CO2) no LT - global warming potential (GWP100) no LT,"global warming potential (GWP100), including biogenic CO2",-4.28158491558861e-05,kg CO2-Eq,not applicable,no DACCS project,not applicable,90bfd5c6cfce5bc4337e
DACCS,SSP2-NPi,2030,1903,IPCC 2021 (incl. biogenic CO2) no LT - climate change: total (incl. biogenic CO2) no LT - global warming potential (GWP100) no LT,"global warming potential (GWP100), including biogenic CO2",-5.2949664677726105e-05,kg CO2-Eq,not applicable,no DACCS project,not applicable,90bfd5c6cfce5bc4337e
DACCS,SSP2-NPi,2030,1904,IPCC 2021 (incl. biogenic CO2) no LT - climate change: total (incl. biogenic CO2) no LT - global warming potential (GWP100) no LT,"global warming potential (GWP100), including biogenic CO2",-5.353816959541291e-05,kg CO2-Eq,not applicable,no DACCS project,not applicable,90bfd5c6cfce5bc4337e
DACCS,SSP2-NPi,2030,1905,IPCC 2021 (incl. biogenic CO2) no LT - climate change: total (incl. biogenic CO2) no LT - global warming potential (GWP100) no LT,"global warming potential (GWP100), including biogenic CO2",-0.00012532263644970953,kg CO2-Eq,not applicable,no DACCS project,not applicable,90bfd5c6cfce5bc4337e
DACCS,SSP2-NPi,2030,1906,IPCC 2021 (incl. biogenic CO2) no LT - climate change: total (incl. biogenic CO2) no LT - global warming potential (GWP100) no LT,"global warming potential (GWP100), including biogenic CO2",-7.256280514411628e-05,kg CO2-Eq,not applicable,no DACCS project,not applicable,90bfd5c6cfce5bc4337e
DACCS,SSP2-NPi,2030,1907,IPCC 2021 (incl. biogenic CO2) no LT - climate change: total (incl. biogenic CO2) no LT - global warming potential (GWP100) no LT,"global warming potential (GWP100), including biogenic CO2",-0.008678830228745937,kg CO2-Eq,not applicable,no DACCS project,not applicable,90bfd5c6cfce5bc4337e
DACCS,SSP2-NPi,2030,1908,IPCC 2021 (incl. biogenic CO2) no LT - climate change: total (incl. biogenic CO2) no LT - global warming potential (GWP100) no LT,"global warming potential (GWP100), including biogenic CO2",-0.0007380540482699871,kg CO2-Eq,not applicable,no DACCS project,not applicable,90bfd5c6cfce5bc4337e
DACCS,SSP2-NPi,2030,1909,IPCC 2021 (incl. biogenic CO2) no LT - climate change: total (incl. biogenic CO2) no LT - global warming potential (GWP100) no LT,"global warming potential (GWP100), including biogenic CO2",-0.0007999047520570457,kg CO2-Eq,not applicable,no DACCS project,not applicable,90bfd5c6cfce5bc4337e
DACCS,SSP2-NPi,2030,1910,IPCC 2021 (incl. biogenic CO2) no LT - climate change: total (incl. biogenic CO2) no LT - global warming potential (GWP100) no LT,"global warming potential (GWP100), including biogenic CO2",-0.0008514313376508653,kg CO2-Eq,not applicable,no DACCS project,not applicable,90bfd5c6cfce5bc4337e
DACCS,SSP2-NPi,2030,1911,IPCC 2021 (incl. biogenic CO2) no LT - climate change: total (incl. biogenic CO2) no LT - global warming potential (GWP100) no LT,"global warming potential (GWP100), including biogenic CO2",-0.0009226836264133453,kg CO2-Eq,not applicable,no DACCS project,not applicable,90bfd5c6cfce5bc4337e
DACCS,SSP2-NPi,2030,1912,IPCC 2021 (incl. biogenic CO2) no LT - climate change: total (incl. biogenic CO2) no LT - global warming potential (GWP100) no LT,"global warming potential (GWP100), including biogenic CO2",-0.000980442389845848,kg CO2-Eq,not applicable,no DACCS project,not applicable,90bfd5c6cfce5bc4337e
DACCS,SSP2-NPi,2030,1913,IPCC 2021 (incl. biogenic CO2) no LT - climate change: total (incl. biogenic CO2) no LT - global warming potential (GWP100) no LT,"global warming potential (GWP100), including biogenic CO2",-0.001062639057636261,kg CO2-Eq,not applicable,no DACCS project,not applicable,90bfd5c6cfce5bc4337e
DACCS,SSP2-NPi,2030,1914,IPCC 2021 (incl. biogenic CO2) no LT - climate change: total (incl. biogenic CO2) no LT - global warming potential (GWP100) no LT,"global warming potential (GWP100), including biogenic CO2",-0.0011293909046798944,kg CO2-Eq,not applicable,no DACCS project,not applicable,90bfd5c6cfce5bc4337e
DACCS,SSP2-NPi,2030,1915,IPCC 2021 (incl. biogenic CO2) no LT - climate change: total (incl. biogenic CO2) no LT - global warming potential (GWP100) no LT,"global warming potential (GWP100), including biogenic CO2",-0.0012242067605257034,kg CO2-Eq,not applicable,no DACCS project,not applicable,90bfd5c6cfce5bc4337e
DACCS,SSP2-NPi,2030,1916,IPCC 2021 (incl. biogenic CO2) no LT - climate change: total (incl. biogenic CO2) no LT - global warming potential (GWP100) no LT,"global warming potential (GWP100), including biogenic CO2",-0.040002308785915375,kg CO2-Eq,not applicable,no DACCS project,not applicable,90bfd5c6cfce5bc4337e
DACCS,SSP2-NPi,2030,1917,IPCC 2021 (incl. biogenic CO2) no LT - climate change: total (incl. biogenic CO2) no LT - global warming potential (GWP100) no LT,"global warming potential (GWP100), including biogenic CO2",-0.001414667465724051,kg CO2-Eq,not applicable,no DACCS project,not applicable,90bfd5c6cfce5bc4337e
DACCS,SSP2-NPi,2030,1918,IPCC 2021 (incl. biogenic CO2) no LT - climate change: total (incl. biogenic CO2) no LT - global warming potential (GWP100) no LT,"global warming potential (GWP100), including biogenic CO2",-0.008137190714478493,kg CO2-Eq,not applicable,no DACCS project,not applicable,90bfd5c6cfce5bc4337e
DACCS,SSP2-NPi,2030,1919,IPCC 2021 (incl. biogenic CO2) no LT - climate change: total (incl. biogenic CO2) no LT - global warming potential (GWP100) no LT,"global warming potential (GWP100), including biogenic CO2",-0.0016325986944139004,kg CO2-Eq,not applicable,no DACCS project,not applicable,90bfd5c6cfce5bc4337e
DACCS,SSP2-NPi,2030,1920,IPCC 2021 (incl. biogenic CO2) no LT - climate change: total (incl. biogenic CO2) no LT - global warming potential (GWP100) no LT,"global warming potential (GWP100), including biogenic CO2",-0.009484980255365372,kg CO2-Eq,not applicable,no DACCS project,not applicable,90bfd5c6cfce5bc4337e
DACCS,SSP2-NPi,2030,1921,IPCC 2021 (incl. biogenic CO2) no LT - climate change: total (incl. biogenic CO2) no LT - global warming potential (GWP100) no LT,"global warming potential (GWP100), including biogenic CO2",-0.0018794148927554488,kg CO2-Eq,not applicable,no DACCS project,not applicable,90bfd5c6cfce5bc4337e
DACCS,SSP2-NPi,2030,1922,IPCC 2021 (incl. biogenic CO2) no LT - climate change: total (incl. biogenic CO2) no LT - global warming potential (GWP100) no LT,"global warming potential (GWP100), including biogenic CO2",-0.011046219617128372,kg CO2-Eq,not applicable,no DACCS project,not applicable,90bfd5c6cfce5bc4337e
DACCS,SSP2-NPi,2030,1923,IPCC 2021 (incl. biogenic CO2) no LT - climate change: total (incl. biogenic CO2) no LT - global warming potential (GWP100) no LT,"global warming potential (GWP100), including biogenic CO2",-0.0023486872669309378,kg CO2-Eq,not applicable,no DACCS project,not applicable,90bfd5c6cfce5bc4337e
DACCS,SSP2-NPi,2030,1924,IPCC 2021 (incl. biogenic CO2) no LT - climate change: total (incl. biogenic CO2) no LT - global warming potential (GWP100) no LT,"global warming potential (GWP100), including biogenic CO2",-0.012877101078629494,kg CO2-Eq,not applicable,no DACCS project,not applicable,90bfd5c6cfce5bc4337e
DACCS,SSP2-NPi,2030,1925,IPCC 2021 (incl. biogenic CO2) no LT - climate change: total (incl. biogenic CO2) no LT - global warming potential (GWP100) no LT,"global warming potential (GWP100), including biogenic CO2",-0.0025526529643684626,kg CO2-Eq,not applicable,no DACCS project,not applicable,90bfd5c6cfce5bc4337e
DACCS,SSP2-NPi,2030,1926,IPCC 2021 (incl. biogenic CO2) no LT - climate change: total (incl. biogenic CO2) no LT - global warming potential (GWP100) no LT,"global warming potential (GWP100), including biogenic CO2",-0.014971859753131866,kg CO2-Eq,not applicable,no DACCS project,not applicable,90bfd5c6cfce5bc4337e
DACCS,SSP2-NPi,2030,1927,IPCC 2021 (incl. biogenic CO2) no LT - climate change: total (incl. biogenic CO2) no LT - global warming potential (GWP100) no LT,"global warming potential (GWP100), including biogenic CO2",-0.0029354996513575315,kg CO2-Eq,not applicable,no DACCS project,not applicable,90bfd5c6cfce5bc4337e
DACCS,SSP2-NPi,2030,1928,IPCC 2021 (incl. biogenic CO2) no LT - climate change: total (incl. biogenic CO2) no LT - global warming potential (GWP100) no LT,"global warming potential (GWP100), including biogenic CO2",-0.01739095337688923,kg CO2-Eq,not applicable,no DACCS project,not applicable,90bfd5c6cfce5bc4337e
DACCS,SSP2-NPi,2030,1929,IPCC 2021 (incl. biogenic CO2) no LT - climate change: total (incl. biogenic CO2) no LT - global warming potential (GWP100) no LT,"global warming potential (GWP100), including biogenic CO2",-0.003372346982359886,kg CO2-Eq,not applicable,no DACCS project,not applicable,90bfd5c6cfce5bc4337e
DACCS,SSP2-NPi,2030,1930,IPCC 2021 (incl. biogenic CO2) no LT - climate change: total (incl. biogenic CO2) no LT - global warming potential (GWP100) no LT,"global warming potential (GWP100), including biogenic CO2",-0.030203714966773987,kg CO2-Eq,not applicable,no DACCS project,not applicable,90bfd5c6cfce5bc4337e
DACCS,SSP2-NPi,2030,1931,IPCC 2021 (incl. biogenic CO2) no LT - climate change: total (incl. biogenic CO2) no LT - global warming potential (GWP100) no LT,"global warming potential (GWP100), including biogenic CO2",-0.004815733525902033,kg CO2-Eq,not applicable,no DACCS project,not applicable,90bfd5c6cfce5bc4337e
DACCS,SSP2-NPi,2030,1932,IPCC 2021 (incl. biogenic CO2) no LT - climate change: total (incl. biogenic CO2) no LT - global warming potential (GWP100) no LT,"global warming potential (GWP100), including biogenic CO2",-0.02438097819685936,kg CO2-Eq,not applicable,no DACCS project,not applicable,90bfd5c6cfce5bc4337e
DACCS,SSP2-NPi,2030,1933,IPCC 2021 (incl. biogenic CO2) no LT - climate change: total (incl. biogenic CO2) no LT - global warming potential (GWP100) no LT,"global warming potential (GWP100), including biogenic CO2",-0.005554742645472288,kg CO2-Eq,not applicable,no DACCS project,not applicable,90bfd5c6cfce5bc4337e
DACCS,SSP2-NPi,2030,1934,IPCC 2021 (incl. biogenic CO2) no LT - climate change: total (incl. biogenic CO2) no LT - global warming potential (GWP100) no LT,"global warming potential (GWP100), including biogenic CO2",-0.02820974588394165,kg CO2-Eq,not applicable,no DACCS project,not applicable,90bfd5c6cfce5bc4337e
DACCS,SSP2-NPi,2030,1935,IPCC 2021 (incl. biogenic CO2) no LT - climate change: total (incl. biogenic CO2) no LT - global warming potential (GWP100) no LT,"global warming potential (GWP100), including biogenic CO2",-0.006394622847437859,kg CO2-Eq,not applicable,no DACCS project,not applicable,90bfd5c6cfce5bc4337e
DACCS,SSP2-NPi,2030,1936,IPCC 2021 (incl. biogenic CO2) no LT - climate change: total (incl. biogenic CO2) no LT - global warming potential (GWP100) no LT,"global warming potential (GWP100), including biogenic CO2",-0.032569728791713715,kg CO2-Eq,not applicable,no DACCS project,not applicable,90bfd5c6cfce5bc4337e
DACCS,SSP2-NPi,2030,1937,IPCC 2021 (incl. biogenic CO2) no LT - climate change: total (incl. biogenic CO2) no LT - global warming potential (GWP100) no LT,"global warming potential (GWP100), including biogenic CO2",-0.007351983804255724,kg CO2-Eq,not applicable,no DACCS project,not applicable,90bfd5c6cfce5bc4337e
DACCS,SSP2-NPi,2030,1938,IPCC 2021 (incl. biogenic CO2) no LT - climate change: total (incl. biogenic CO2) no LT - global warming potential (GWP100) no LT,"global warming potential (GWP100), including biogenic CO2",-0.03750430792570114,kg CO2-Eq,not applicable,no DACCS project,not applicable,90bfd5c6cfce5bc4337e
DACCS,SSP2-NPi,2030,1939,IPCC 2021 (incl. biogenic CO2) no LT - climate change: total (incl. biogenic CO2) no LT - global warming potential (GWP100) no LT,"global warming potential (GWP100), including biogenic CO2",-0.008404728025197983,kg CO2-Eq,not applicable,no DACCS project,not applicable,90bfd5c6cfce5bc4337e
DACCS,SSP2-NPi,2030,1940,IPCC 2021 (incl. biogenic CO2) no LT - climate change: total (incl. biogenic CO2) no LT - global warming potential (GWP100) no LT,"global warming potential (GWP100), including biogenic CO2",-0.04306108132004738,kg CO2-Eq,not applicable,no DACCS project,not applicable,90bfd5c6cfce5bc4337e
DACCS,SSP2-NPi,2030,1941,IPCC 2021 (incl. biogenic CO2) no LT - climate change: total (incl. biogenic CO2) no LT - global warming potential (GWP100) no LT,"global warming potential (GWP100), including biogenic CO2",-0.00959019921720028,kg CO2-Eq,not applicable,no DACCS project,not applicable,90bfd5c6cfce5bc4337e
DACCS,SSP2-NPi,2030,1942,IPCC 2021 (incl. biogenic CO2) no LT - climate change: total (incl. biogenic CO2) no LT - global warming potential (GWP100) no LT,"global warming potential (GWP100), including biogenic CO2",-0.049280520528554916,kg CO2-Eq,not applicable,no DACCS project,not applicable,90bfd5c6cfce5bc4337e
DACCS,SSP2-NPi,2030,1943,IPCC 2021 (incl. biogenic CO2) no LT - climate change: total (incl. biogenic CO2) no LT - global warming potential (GWP100) no LT,"global warming potential (GWP100), including biogenic CO2",-0.010906985960900784,kg CO2-Eq,not applicable,no DACCS project,not applicable,90bfd5c6cfce5bc4337e
DACCS,SSP2-NPi,2030,1944,IPCC 2021 (incl. biogenic CO2) no LT - climate change: total (incl. biogenic CO2) no LT - global warming potential (GWP100) no LT,"global warming potential (GWP100), including biogenic CO2",-0.05618918314576149,kg CO2-Eq,not applicable,no DACCS project,not applicable,90bfd5c6cfce5bc4337e
DACCS,SSP2-NPi,2030,1945,IPCC 2021 (incl. biogenic CO2) no LT - climate change: total (incl. biogenic CO2) no LT - global warming potential (GWP100) no LT,"global warming potential (GWP100), including biogenic CO2",-0.012371699325740337,kg CO2-Eq,not applicable,no DACCS project,not applicable,90bfd5c6cfce5bc4337e
DACCS,SSP2-NPi,2030,1946,IPCC 2021 (incl. biogenic CO2) no LT - climate change: total (incl. biogenic CO2) no LT - global warming potential (GWP100) no LT,"global warming potential (GWP100), including biogenic CO2",-0.06379832327365875,kg CO2-Eq,not applicable,no DACCS project,not applicable,90bfd5c6cfce5bc4337e
DACCS,SSP2-NPi,2030,1947,IPCC 2021 (incl. biogenic CO2) no LT - climate change: total (incl. biogenic CO2) no LT - global warming potential (GWP100) no LT,"global warming potential (GWP100), including biogenic CO2",-0.013952656649053097,kg CO2-Eq,not applicable,no DACCS project,not applicable,90bfd5c6cfce5bc4337e
DACCS,SSP2-NPi,2030,1948,IPCC 2021 (incl. biogenic CO2) no LT - climate change: total (incl. biogenic CO2) no LT - global warming potential (GWP100) no LT,"global warming potential (GWP100), including biogenic CO2",-0.10233917832374573,kg CO2-Eq,not applicable,no DACCS project,not applicable,90bfd5c6cfce5bc4337e
DACCS,SSP2-NPi,2030,1949,IPCC 2021 (incl. biogenic CO2) no LT - climate change: total (incl. biogenic CO2) no LT - global warming potential (GWP100) no LT,"global warming potential (GWP100), including biogenic CO2",-0.015680357813835144,kg CO2-Eq,not applicable,no DACCS project,not applicable,90bfd5c6cfce5bc4337e
DACCS,SSP2-NPi,2030,1950,IPCC 2021 (incl. biogenic CO2) no LT - climate change: total (incl. biogenic CO2) no LT - global warming potential (GWP100) no LT,"global warming potential (GWP100), including biogenic CO2",-0.08844058960676193,kg CO2-Eq,not applicable,no DACCS project,not applicable,90bfd5c6cfce5bc4337e
DACCS,SSP2-NPi,2030,1951,IPCC 2021 (incl. biogenic CO2) no LT - climate change: total (incl. biogenic CO2) no LT - global warming potential (GWP100) no LT,"global warming potential (GWP100), including biogenic CO2",-0.017544716596603394,kg CO2-Eq,not applicable,no DACCS project,not applicable,90bfd5c6cfce5bc4337e
DACCS,SSP2-NPi,2030,1952,IPCC 2021 (incl. biogenic CO2) no LT - climate change: total (incl. biogenic CO2) no LT - global warming potential (GWP100) no LT,"global warming potential (GWP100), including biogenic CO2",-0.09972726553678513,kg CO2-Eq,not applicable,no DACCS project,not applicable,90bfd5c6cfce5bc4337e
DACCS,SSP2-NPi,2030,1953,IPCC 2021 (incl. biogenic CO2) no LT - climate change: total (incl. biogenic CO2) no LT - global warming potential (GWP100) no LT,"global warming potential (GWP100), including biogenic CO2",-0.019510701298713684,kg CO2-Eq,not applicable,no DACCS project,not applicable,90bfd5c6cfce5bc4337e
DACCS,SSP2-NPi,2030,1954,IPCC 2021 (incl. biogenic CO2) no LT - climate change: total (incl. biogenic CO2) no LT - global warming potential (GWP100) no LT,"global warming potential (GWP100), including biogenic CO2",-0.11186249554157257,kg CO2-Eq,not applicable,no DACCS project,not applicable,90bfd5c6cfce5bc4337e
DACCS,SSP2-NPi,2030,1955,IPCC 2021 (incl. biogenic CO2) no LT - climate change: total (incl. biogenic CO2) no LT - global warming potential (GWP100) no LT,"global warming potential (GWP100), including biogenic CO2",-0.021571947261691093,kg CO2-Eq,not applicable,no DACCS project,not applicable,90bfd5c6cfce5bc4337e
DACCS,SSP2-NPi,2030,1956,IPCC 2021 (incl. biogenic CO2) no LT - climate change: total (incl. biogenic CO2) no LT - global warming potential (GWP100) no LT,"global warming potential (GWP100), including biogenic CO2",-0.12476018816232681,kg CO2-Eq,not applicable,no DACCS project,not applicable,90bfd5c6cfce5bc4337e
DACCS,SSP2-NPi,2030,1957,IPCC 2021 (incl. biogenic CO2) no LT - climate change: total (incl. biogenic CO2) no LT - global warming potential (GWP100) no LT,"global warming potential (GWP100), including biogenic CO2",-0.023695379495620728,kg CO2-Eq,not applicable,no DACCS project,not applicable,90bfd5c6cfce5bc4337e
DACCS,SSP2-NPi,2030,1958,IPCC 2021 (incl. biogenic CO2) no LT - climate change: total (incl. biogenic CO2) no LT - global warming potential (GWP100) no LT,"global warming potential (GWP100), including biogenic CO2",-0.1382971704006195,kg CO2-Eq,not applicable,no DACCS project,not applicable,90bfd5c6cfce5bc4337e
DACCS,SSP2-NPi,2030,1959,IPCC 2021 (incl. biogenic CO2) no LT - climate change: total (incl. biogenic CO2) no LT - global warming potential (GWP100) no LT,"global warming potential (GWP100), including biogenic CO2",-0.025843411684036255,kg CO2-Eq,not applicable,no DACCS project,not applicable,90bfd5c6cfce5bc4337e
DACCS,SSP2-NPi,2030,1960,IPCC 2021 (incl. biogenic CO2) no LT - climate change: total (incl. biogenic CO2) no LT - global warming potential (GWP100) no LT,"global warming potential (GWP100), including biogenic CO2",-0.15230892598628998,kg CO2-Eq,not applicable,no DACCS project,not applicable,90bfd5c6cfce5bc4337e
DACCS,SSP2-NPi,2030,1961,IPCC 2021 (incl. biogenic CO2) no LT - climate change: total (incl. biogenic CO2) no LT - global warming potential (GWP100) no LT,"global warming potential (GWP100), including biogenic CO2",-0.02796768955886364,kg CO2-Eq,not applicable,no DACCS project,not applicable,90bfd5c6cfce5bc4337e
DACCS,SSP2-NPi,2030,1962,IPCC 2021 (incl. biogenic CO2) no LT - climate change: total (incl. biogenic CO2) no LT - global warming potential (GWP100) no LT,"global warming potential (GWP100), including biogenic CO2",-0.16660675406455994,kg CO2-Eq,not applicable,no DACCS project,not applicable,90bfd5c6cfce5bc4337e
DACCS,SSP2-NPi,2030,1963,IPCC 2021 (incl. biogenic CO2) no LT - climate change: total (incl. biogenic CO2) no LT - global warming potential (GWP100) no LT,"global warming potential (GWP100), including biogenic CO2",-0.03002247028052807,kg CO2-Eq,not applicable,no DACCS project,not applicable,90bfd5c6cfce5bc4337e
DACCS,SSP2-NPi,2030,1964,IPCC 2021 (incl. biogenic CO2) no LT - climate change: total (incl. biogenic CO2) no LT - global warming potential (GWP100) no LT,"global warming potential (GWP100), including biogenic CO2",-0.18097716569900513,kg CO2-Eq,not applicable,no DACCS project,not applicable,90bfd5c6cfce5bc4337e
DACCS,SSP2-NPi,2030,1965,IPCC 2021 (incl. biogenic CO2) no LT - climate change: total (incl. biogenic CO2) no LT - global warming potential (GWP100) no LT,"global warming potential (GWP100), including biogenic CO2",-0.032001323997974396,kg CO2-Eq,not applicable,no DACCS project,not applicable,90bfd5c6cfce5bc4337e
DACCS,SSP2-NPi,2030,1966,IPCC 2021 (incl. biogenic CO2) no LT - climate change: total (incl. biogenic CO2) no LT - global warming potential (GWP100) no LT,"global warming potential (GWP100), including biogenic CO2",-0.19524429738521576,kg CO2-Eq,not applicable,no DACCS project,not applicable,90bfd5c6cfce5bc4337e
DACCS,SSP2-NPi,2030,1967,IPCC 2021 (incl. biogenic CO2) no LT - climate change: total (incl. biogenic CO2) no LT - global warming potential (GWP100) no LT,"global warming potential (GWP100), including biogenic CO2",-0.03375827521085739,kg CO2-Eq,not applicable,no DACCS project,not applicable,90bfd5c6cfce5bc4337e
DACCS,SSP2-NPi,2030,1968,IPCC 2021 (incl. biogenic CO2) no LT - climate change: total (incl. biogenic CO2) no LT - global warming potential (GWP100) no LT,"global warming potential (GWP100), including biogenic CO2",-0.20906879007816315,kg CO2-Eq,not applicable,no DACCS project,not applicable,90bfd5c6cfce5bc4337e
DACCS,SSP2-NPi,2030,1969,IPCC 2021 (incl. biogenic CO2) no LT - climate change: total (incl. biogenic CO2) no LT - global warming potential (GWP100) no LT,"global warming potential (GWP100), including biogenic CO2",-0.035283271223306656,kg CO2-Eq,not applicable,no DACCS project,not applicable,90bfd5c6cfce5bc4337e
DACCS,SSP2-NPi,2030,1970,IPCC 2021 (incl. biogenic CO2) no LT - climate change: total (incl. biogenic CO2) no LT - global warming potential (GWP100) no LT,"global warming potential (GWP100), including biogenic CO2",-0.2522878050804138,kg CO2-Eq,not applicable,no DACCS project,not applicable,90bfd5c6cfce5bc4337e
DACCS,SSP2-NPi,2030,1971,IPCC 2021 (incl. biogenic CO2) no LT - climate change: total (incl. biogenic CO2) no LT - global warming potential (GWP100) no LT,"global warming potential (GWP100), including biogenic CO2",-0.03647901862859726,kg CO2-Eq,not applicable,no DACCS project,not applicable,90bfd5c6cfce5bc4337e
DACCS,SSP2-NPi,2030,1972,IPCC 2021 (incl. biogenic CO2) no LT - climate change: total (incl. biogenic CO2) no LT - global warming potential (GWP100) no LT,"global warming potential (GWP100), including biogenic CO2",-0.24492192268371582,kg CO2-Eq,not applicable,no DACCS project,not applicable,90bfd5c6cfce5bc4337e
DACCS,SSP2-NPi,2030,1973,IPCC 2021 (incl. biogenic CO2) no LT - climate change: total (incl. biogenic CO2) no LT - global warming potential (GWP100) no LT,"global warming potential (GWP100), including biogenic CO2",-0.037323202937841415,kg CO2-Eq,not applicable,no DACCS project,not applicable,90bfd5c6cfce5bc4337e
DACCS,SSP2-NPi,2030,1974,IPCC 2021 (incl. biogenic CO2) no LT - climate change: total (incl. biogenic CO2) no LT - global warming potential (GWP100) no LT,"global warming potential (GWP100), including biogenic CO2",-0.25952044129371643,kg CO2-Eq,not applicable,no DACCS project,not applicable,90bfd5c6cfce5bc4337e
DACCS,SSP2-NPi,2030,1975,IPCC 2021 (incl. biogenic CO2) no LT - climate change: total (incl. biogenic CO2) no LT - global warming potential (GWP100) no LT,"global warming potential (GWP100), including biogenic CO2",-0.037749890238046646,kg CO2-Eq,not applicable,no DACCS project,not applicable,90bfd5c6cfce5bc4337e
DACCS,SSP2-NPi,2030,1976,IPCC 2021 (incl. biogenic CO2) no LT - climate change: total (incl. biogenic CO2) no LT - global warming potential (GWP100) no LT,"global warming potential (GWP100), including biogenic CO2",-0.2737286686897278,kg CO2-Eq,not applicable,no DACCS project,not applicable,90bfd5c6cfce5bc4337e
DACCS,SSP2-NPi,2030,1977,IPCC 2021 (incl. biogenic CO2) no LT - climate change: total (incl. biogenic CO2) no LT - global warming potential (GWP100) no LT,"global warming potential (GWP100), including biogenic CO2",-0.03773113340139389,kg CO2-Eq,not applicable,no DACCS project,not applicable,90bfd5c6cfce5bc4337e
DACCS,SSP2-NPi,2030,1978,IPCC 2021 (incl. biogenic CO2) no LT - climate change: total (incl. biogenic CO2) no LT - global warming potential (GWP100) no LT,"global warming potential (GWP100), including biogenic CO2",-0.2874780297279358,kg CO2-Eq,not applicable,no DACCS project,not applicable,90bfd5c6cfce5bc4337e
DACCS,SSP2-NPi,2030,1979,IPCC 2021 (incl. biogenic CO2) no LT - climate change: total (incl. biogenic CO2) no LT - global warming potential (GWP100) no LT,"global warming potential (GWP100), including biogenic CO2",-0.03725214675068855,kg CO2-Eq,not applicable,no DACCS project,not applicable,90bfd5c6cfce5bc4337e
DACCS,SSP2-NPi,2030,1980,IPCC 2021 (incl. biogenic CO2) no LT - climate change: total (incl. biogenic CO2) no LT - global warming potential (GWP100) no LT,"global warming potential (GWP100), including biogenic CO2",-0.3006816804409027,kg CO2-Eq,not applicable,no DACCS project,not applicable,90bfd5c6cfce5bc4337e
DACCS,SSP2-NPi,2030,1981,IPCC 2021 (incl. biogenic CO2) no LT - climate change: total (incl. biogenic CO2) no LT - global warming potential (GWP100) no LT,"global warming potential (GWP100), including biogenic CO2",-0.036317359656095505,kg CO2-Eq,not applicable,no DACCS project,not applicable,90bfd5c6cfce5bc4337e
DACCS,SSP2-NPi,2030,1982,IPCC 2021 (incl. biogenic CO2) no LT - climate change: total (incl. biogenic CO2) no LT - global warming potential (GWP100) no LT,"global warming potential (GWP100), including biogenic CO2",-0.3132303059101105,kg CO2-Eq,not applicable,no DACCS project,not applicable,90bfd5c6cfce5bc4337e
DACCS,SSP2-NPi,2030,1983,IPCC 2021 (incl. biogenic CO2) no LT - climate change: total (incl. biogenic CO2) no LT - global warming potential (GWP100) no LT,"global warming potential (GWP100), including biogenic CO2",-0.034957971423864365,kg CO2-Eq,not applicable,no DACCS project,not applicable,90bfd5c6cfce5bc4337e
DACCS,SSP2-NPi,2030,1984,IPCC 2021 (incl. biogenic CO2) no LT - climate change: total (incl. biogenic CO2) no LT - global warming potential (GWP100) no LT,"global warming potential (GWP100), including biogenic CO2",-0.32498475909233093,kg CO2-Eq,not applicable,no DACCS project,not applicable,90bfd5c6cfce5bc4337e
DACCS,SSP2-NPi,2030,1985,IPCC 2021 (incl. biogenic CO2) no LT - climate change: total (incl. biogenic CO2) no LT - global warming potential (GWP100) no LT,"global warming potential (GWP100), including biogenic CO2",-0.03322639688849449,kg CO2-Eq,not applicable,no DACCS project,not applicable,90bfd5c6cfce5bc4337e
DACCS,SSP2-NPi,2030,1986,IPCC 2021 (incl. biogenic CO2) no LT - climate change: total (incl. biogenic CO2) no LT - global warming potential (GWP100) no LT,"global warming potential (GWP100), including biogenic CO2",-0.33575186133384705,kg CO2-Eq,not applicable,no DACCS project,not applicable,90bfd5c6cfce5bc4337e
DACCS,SSP2-NPi,2030,1987,IPCC 2021 (incl. biogenic CO2) no LT - climate change: total (incl. biogenic CO2) no LT - global warming potential (GWP100) no LT,"global warming potential (GWP100), including biogenic CO2",-0.031190993264317513,kg CO2-Eq,not applicable,no DACCS project,not applicable,90bfd5c6cfce5bc4337e
DACCS,SSP2-NPi,2030,1988,IPCC 2021 (incl. biogenic CO2) no LT - climate change: total (incl. biogenic CO2) no LT - global warming potential (GWP100) no LT,"global warming potential (GWP100), including biogenic CO2",-0.3452249765396118,kg CO2-Eq,not applicable,no DACCS project,not applicable,90bfd5c6cfce5bc4337e
DACCS,SSP2-NPi,2030,1989,IPCC 2021 (incl. biogenic CO2) no LT - climate change: total (incl. biogenic CO2) no LT - global warming potential (GWP100) no LT,"global warming potential (GWP100), including biogenic CO2",-0.02893078327178955,kg CO2-Eq,not applicable,no DACCS project,not applicable,90bfd5c6cfce5bc4337e
DACCS,SSP2-NPi,2030,1990,IPCC 2021 (incl. biogenic CO2) no LT - climate change: total (incl. biogenic CO2) no LT - global warming potential (GWP100) no LT,"global warming potential (GWP100), including biogenic CO2",-0.35433533787727356,kg CO2-Eq,not applicable,no DACCS project,not applicable,90bfd5c6cfce5bc4337e
DACCS,SSP2-NPi,2030,1991,IPCC 2021 (incl. biogenic CO2) no LT - climate change: total (incl. biogenic CO2) no LT - global warming potential (GWP100) no LT,"global warming potential (GWP100), including biogenic CO2",-0.027991589158773422,kg CO2-Eq,not applicable,no DACCS project,not applicable,90bfd5c6cfce5bc4337e
DACCS,SSP2-NPi,2030,1992,IPCC 2021 (incl. biogenic CO2) no LT - climate change: total (incl. biogenic CO2) no LT - global warming potential (GWP100) no LT,"global warming potential (GWP100), including biogenic CO2",-0.359350323677063,kg CO2-Eq,not applicable,no DACCS project,not applicable,90bfd5c6cfce5bc4337e
DACCS,SSP2-NPi,2030,1993,IPCC 2021 (incl. biogenic CO2) no LT - climate change: total (incl. biogenic CO2) no LT - global warming potential (GWP100) no LT,"global warming potential (GWP100), including biogenic CO2",-0.026165001094341278,kg CO2-Eq,not applicable,no DACCS project,not applicable,90bfd5c6cfce5bc4337e
DACCS,SSP2-NPi,2030,1994,IPCC 2021 (incl. biogenic CO2) no LT - climate change: total (incl. biogenic CO2) no LT - global warming potential (GWP100) no LT,"global warming potential (GWP100), including biogenic CO2",-0.3612208068370819,kg CO2-Eq,not applicable,no DACCS project,not applicable,90bfd5c6cfce5bc4337e
DACCS,SSP2-NPi,2030,1995,IPCC 2021 (incl. biogenic CO2) no LT - climate change: total (incl. biogenic CO2) no LT - global warming potential (GWP100) no LT,"global warming potential (GWP100), including biogenic CO2",-0.023913729935884476,kg CO2-Eq,not applicable,no DACCS project,not applicable,90bfd5c6cfce5bc4337e
DACCS,SSP2-NPi,2030,1996,IPCC 2021 (incl. biogenic CO2) no LT - climate change: total (incl. biogenic CO2) no LT - global warming potential (GWP100) no LT,"global warming potential (GWP100), including biogenic CO2",-0.3572593033313751,kg CO2-Eq,not applicable,no DACCS project,not applicable,90bfd5c6cfce5bc4337e
DACCS,SSP2-NPi,2030,1997,IPCC 2021 (incl. biogenic CO2) no LT - climate change: total (incl. biogenic CO2) no LT - global warming potential (GWP100) no LT,"global warming potential (GWP100), including biogenic CO2",-0.021772408857941628,kg CO2-Eq,not applicable,no DACCS project,not applicable,90bfd5c6cfce5bc4337e
DACCS,SSP2-NPi,2030,1998,IPCC 2021 (incl. biogenic CO2) no LT - climate change: total (incl. biogenic CO2) no LT - global warming potential (GWP100) no LT,"global warming potential (GWP100), including biogenic CO2",-0.3473829925060272,kg CO2-Eq,not applicable,no DACCS project,not applicable,90bfd5c6cfce5bc4337e
DACCS,SSP2-NPi,2030,1999,IPCC 2021 (incl. biogenic CO2) no LT - climate change: total (incl. biogenic CO2) no LT - global warming potential (GWP100) no LT,"global warming potential (GWP100), including biogenic CO2",-0.020307226106524467,kg CO2-Eq,not applicable,no DACCS project,not applicable,90bfd5c6cfce5bc4337e
DACCS,SSP2-NPi,2030,2000,IPCC 2021 (incl. biogenic CO2) no LT - climate change: total (incl. biogenic CO2) no LT - global warming potential (GWP100) no LT,"global warming potential (GWP100), including biogenic CO2",-0.3301582336425781,kg CO2-Eq,not applicable,no DACCS project,not applicable,90bfd5c6cfce5bc4337e
DACCS,SSP2-NPi,2030,2001,IPCC 2021 (incl. biogenic CO2) no LT - climate change: total (incl. biogenic CO2) no LT - global warming potential (GWP100) no LT,"global warming potential (GWP100), including biogenic CO2",-0.019477348774671555,kg CO2-Eq,not applicable,no DACCS project,not applicable,90bfd5c6cfce5bc4337e
DACCS,SSP2-NPi,2030,2002,IPCC 2021 (incl. biogenic CO2) no LT - climate change: total (incl. biogenic CO2) no LT - global warming potential (GWP100) no LT,"global warming potential (GWP100), including biogenic CO2",-0.3068682849407196,kg CO2-Eq,not applicable,no DACCS project,not applicable,90bfd5c6cfce5bc4337e
DACCS,SSP2-NPi,2030,2003,IPCC 2021 (incl. biogenic CO2) no LT - climate change: total (incl. biogenic CO2) no LT - global warming potential (GWP100) no LT,"global warming potential (GWP100), including biogenic CO2",-0.019348984584212303,kg CO2-Eq,not applicable,no DACCS project,not applicable,90bfd5c6cfce5bc4337e
DACCS,SSP2-NPi,2030,2004,IPCC 2021 (incl. biogenic CO2) no LT - climate change: total (incl. biogenic CO2) no LT - global warming potential (GWP100) no LT,"global warming potential (GWP100), including biogenic CO2",-0.27892252802848816,kg CO2-Eq,not applicable,no DACCS project,not applicable,90bfd5c6cfce5bc4337e
DACCS,SSP2-NPi,2030,2005,IPCC 2021 (incl. biogenic CO2) no LT - climate change: total (incl. biogenic CO2) no LT - global warming potential (GWP100) no LT,"global warming potential (GWP100), including biogenic CO2",0.4833250641822815,kg CO2-Eq,not applicable,no DACCS project,not applicable,90bfd5c6cfce5bc4337e
DACCS,SSP2-NPi,2030,2006,IPCC 2021 (incl. biogenic CO2) no LT - climate change: total (incl. biogenic CO2) no LT - global warming potential (GWP100) no LT,"global warming potential (GWP100), including biogenic CO2",-0.18254953622817993,kg CO2-Eq,not applicable,no DACCS project,not applicable,90bfd5c6cfce5bc4337e
DACCS,SSP2-NPi,2030,2007,IPCC 2021 (incl. biogenic CO2) no LT - climate change: total (incl. biogenic CO2) no LT - global warming potential (GWP100) no LT,"global warming potential (GWP100), including biogenic CO2",0.048106756061315536,kg CO2-Eq,not applicable,no DACCS project,not applicable,90bfd5c6cfce5bc4337e
DACCS,SSP2-NPi,2030,2008,IPCC 2021 (incl. biogenic CO2) no LT - climate change: total (incl. biogenic CO2) no LT - global warming potential (GWP100) no LT,"global warming potential (GWP100), including biogenic CO2",-0.14492683112621307,kg CO2-Eq,not applicable,no DACCS project,not applicable,90bfd5c6cfce5bc4337e
DACCS,SSP2-NPi,2030,2009,IPCC 2021 (incl. biogenic CO2) no LT - climate change: total (incl. biogenic CO2) no LT - global warming potential (GWP100) no LT,"global warming potential (GWP100), including biogenic CO2",0.05355815589427948,kg CO2-Eq,not applicable,no DACCS project,not applicable,90bfd5c6cfce5bc4337e
DACCS,SSP2-NPi,2030,2010,IPCC 2021 (incl. biogenic CO2) no LT - climate change: total (incl. biogenic CO2) no LT - global warming potential (GWP100) no LT,"global warming potential (GWP100), including biogenic CO2",0.036142174154520035,kg CO2-Eq,not applicable,no DACCS project,not applicable,90bfd5c6cfce5bc4337e
DACCS,SSP2-NPi,2030,2011,IPCC 2021 (incl. biogenic CO2) no LT - climate change: total (incl. biogenic CO2) no LT - global warming potential (GWP100) no LT,"global warming potential (GWP100), including biogenic CO2",0.2734874188899994,kg CO2-Eq,not applicable,no DACCS project,not applicable,90bfd5c6cfce5bc4337e
DACCS,SSP2-NPi,2030,2012,IPCC 2021 (incl. biogenic CO2) no LT - climate change: total (incl. biogenic CO2) no LT - global warming potential (GWP100) no LT,"global warming potential (GWP100), including biogenic CO2",0.20804479718208313,kg CO2-Eq,not applicable,no DACCS project,not applicable,90bfd5c6cfce5bc4337e
DACCS,SSP2-NPi,2030,2013,IPCC 2021 (incl. biogenic CO2) no LT - climate change: total (incl. biogenic CO2) no LT - global warming potential (GWP100) no LT,"global warming potential (GWP100), including biogenic CO2",0.4157719314098358,kg CO2-Eq,not applicable,no DACCS project,not applicable,90bfd5c6cfce5bc4337e
DACCS,SSP2-NPi,2030,2014,IPCC 2021 (incl. biogenic CO2) no LT - climate change: total (incl. biogenic CO2) no LT - global warming potential (GWP100) no LT,"global warming potential (GWP100), including biogenic CO2",0.3737526535987854,kg CO2-Eq,not applicable,no DACCS project,not applicable,90bfd5c6cfce5bc4337e
DACCS,SSP2-NPi,2030,2015,IPCC 2021 (incl. biogenic CO2) no LT - climate change: total (incl. biogenic CO2) no LT - global warming potential (GWP100) no LT,"global warming potential (GWP100), including biogenic CO2",0.554936408996582,kg CO2-Eq,not applicable,no DACCS project,not applicable,90bfd5c6cfce5bc4337e
DACCS,SSP2-NPi,2030,2016,IPCC 2021 (incl. biogenic CO2) no LT - climate change: total (incl. biogenic CO2) no LT - global warming potential (GWP100) no LT,"global warming potential (GWP100), including biogenic CO2",0.5306615829467773,kg CO2-Eq,not applicable,no DACCS project,not applicable,90bfd5c6cfce5bc4337e
DACCS,SSP2-NPi,2030,2017,IPCC 2021 (incl. biogenic CO2) no LT - climate change: total (incl. biogenic CO2) no LT - global warming potential (GWP100) no LT,"global warming potential (GWP100), including biogenic CO2",0.6856894493103027,kg CO2-Eq,not applicable,no DACCS project,not applicable,90bfd5c6cfce5bc4337e
DACCS,SSP2-NPi,2030,2018,IPCC 2021 (incl. biogenic CO2) no LT - climate change: total (incl. biogenic CO2) no LT - global warming potential (GWP100) no LT,"global warming potential (GWP100), including biogenic CO2",-20.022855758666992,kg CO2-Eq,not applicable,no DACCS project,not applicable,90bfd5c6cfce5bc4337e
DACCS,SSP2-NPi,2030,2019,IPCC 2021 (incl. biogenic CO2) no LT - climate change: total (incl. biogenic CO2) no LT - global warming potential (GWP100) no LT,"global warming potential (GWP100), including biogenic CO2",-19.951364517211914,kg CO2-Eq,not applicable,no DACCS project,not applicable,90bfd5c6cfce5bc4337e
DACCS,SSP2-NPi,2030,2020,IPCC 2021 (incl. biogenic CO2) no LT - climate change: total (incl. biogenic CO2) no LT - global warming potential (GWP100) no LT,"global warming potential (GWP100), including biogenic CO2",-20.091075897216797,kg CO2-Eq,not applicable,no DACCS project,not applicable,90bfd5c6cfce5bc4337e
DACCS,SSP2-NPi,2030,2021,IPCC 2021 (incl. biogenic CO2) no LT - climate change: total (incl. biogenic CO2) no LT - global warming potential (GWP100) no LT,"global warming potential (GWP100), including biogenic CO2",-20.11556053161621,kg CO2-Eq,not applicable,no DACCS project,not applicable,90bfd5c6cfce5bc4337e
DACCS,SSP2-NPi,2030,2022,IPCC 2021 (incl. biogenic CO2) no LT - climate change: total (incl. biogenic CO2) no LT - global warming potential (GWP100) no LT,"global warming potential (GWP100), including biogenic CO2",-20.24007225036621,kg CO2-Eq,not applicable,no DACCS project,not applicable,90bfd5c6cfce5bc4337e
DACCS,SSP2-NPi,2030,2023,IPCC 2021 (incl. biogenic CO2) no LT - climate change: total (incl. biogenic CO2) no LT - global warming potential (GWP100) no LT,"global warming potential (GWP100), including biogenic CO2",-20.273019790649414,kg CO2-Eq,not applicable,no DACCS project,not applicable,90bfd5c6cfce5bc4337e
DACCS,SSP2-NPi,2030,2024,IPCC 2021 (incl. biogenic CO2) no LT - climate change: total (incl. biogenic CO2) no LT - global warming potential (GWP100) no LT,"global warming potential (GWP100), including biogenic CO2",-20.384273529052734,kg CO2-Eq,not applicable,no DACCS project,not applicable,90bfd5c6cfce5bc4337e
DACCS,SSP2-NPi,2030,2025,IPCC 2021 (incl. biogenic CO2) no LT - climate change: total (incl. biogenic CO2) no LT - global warming potential (GWP100) no LT,"global warming potential (GWP100), including biogenic CO2",-20.423046112060547,kg CO2-Eq,not applicable,no DACCS project,not applicable,90bfd5c6cfce5bc4337e
DACCS,SSP2-NPi,2030,2026,IPCC 2021 (incl. biogenic CO2) no LT - climate change: total (incl. biogenic CO2) no LT - global warming potential (GWP100) no LT,"global warming potential (GWP100), including biogenic CO2",-20.524320602416992,kg CO2-Eq,not applicable,no DACCS project,not applicable,90bfd5c6cfce5bc4337e
DACCS,SSP2-NPi,2030,2027,IPCC 2021 (incl. biogenic CO2) no LT - climate change: total (incl. biogenic CO2) no LT - global warming potential (GWP100) no LT,"global warming potential (GWP100), including biogenic CO2",-20.567291259765625,kg CO2-Eq,not applicable,no DACCS project,not applicable,90bfd5c6cfce5bc4337e
DACCS,SSP2-NPi,2030,2028,IPCC 2021 (incl. biogenic CO2) no LT - climate change: total (incl. biogenic CO2) no LT - global warming potential (GWP100) no LT,"global warming potential (GWP100), including biogenic CO2",-20.657222747802734,kg CO2-Eq,not applicable,no DACCS project,not applicable,90bfd5c6cfce5bc4337e
DACCS,SSP2-NPi,2030,2029,IPCC 2021 (incl. biogenic CO2) no LT - climate change: total (incl. biogenic CO2) no LT - global warming potential (GWP100) no LT,"global warming potential (GWP100), including biogenic CO2",-21.11299705505371,kg CO2-Eq,not applicable,no DACCS project,not applicable,90bfd5c6cfce5bc4337e
DACCS,SSP2-NPi,2030,2030,IPCC 2021 (incl. biogenic CO2) no LT - climate change: total (incl. biogenic CO2) no LT - global warming potential (GWP100) no LT,"global warming potential (GWP100), including biogenic CO2",-647.0760498046875,kg CO2-Eq,not applicable,no DACCS project,not applicable,90bfd5c6cfce5bc4337e
DACCS,SSP2-NPi,2030,2031,IPCC 2021 (incl. biogenic CO2) no LT - climate change: total (incl. biogenic CO2) no LT - global warming potential (GWP100) no LT,"global warming potential (GWP100), including biogenic CO2",-0.0001041404320858419,kg CO2-Eq,not applicable,no DACCS project,not applicable,90bfd5c6cfce5bc4337e
DACCS,SSP2-NPi,2030,2032,IPCC 2021 (incl. biogenic CO2) no LT - climate change: total (incl. biogenic CO2) no LT - global warming potential (GWP100) no LT,"global warming potential (GWP100), including biogenic CO2",8.440946658083703e-06,kg CO2-Eq,not applicable,no DACCS project,not applicable,90bfd5c6cfce5bc4337e
DACCS,SSP2-NPi,2030,2033,IPCC 2021 (incl. biogenic CO2) no LT - climate change: total (incl. biogenic CO2) no LT - global warming potential (GWP100) no LT,"global warming potential (GWP100), including biogenic CO2",-0.0001044142700266093,kg CO2-Eq,not applicable,no DACCS project,not applicable,90bfd5c6cfce5bc4337e
DACCS,SSP2-NPi,2030,2034,IPCC 2021 (incl. biogenic CO2) no LT - climate change: total (incl. biogenic CO2) no LT - global warming potential (GWP100) no LT,"global warming potential (GWP100), including biogenic CO2",7.720743269601371e-06,kg CO2-Eq,not applicable,no DACCS project,not applicable,90bfd5c6cfce5bc4337e
DACCS,SSP2-NPi,2030,2035,IPCC 2021 (incl. biogenic CO2) no LT - climate change: total (incl. biogenic CO2) no LT - global warming potential (GWP100) no LT,"global warming potential (GWP100), including biogenic CO2",-9.804873843677342e-05,kg CO2-Eq,not applicable,no DACCS project,not applicable,90bfd5c6cfce5bc4337e
DACCS,SSP2-NPi,2030,2036,IPCC 2021 (incl. biogenic CO2) no LT - climate change: total (incl. biogenic CO2) no LT - global warming potential (GWP100) no LT,"global warming potential (GWP100), including biogenic CO2",7.059891686367337e-06,kg CO2-Eq,not applicable,no DACCS project,not applicable,90bfd5c6cfce5bc4337e
DACCS,SSP2-NPi,2030,2037,IPCC 2021 (incl. biogenic CO2) no LT - climate change: total (incl. biogenic CO2) no LT - global warming potential (GWP100) no LT,"global warming potential (GWP100), including biogenic CO2",-8.370828436454758e-05,kg CO2-Eq,not applicable,no DACCS project,not applicable,90bfd5c6cfce5bc4337e
DACCS,SSP2-NPi,2030,2038,IPCC 2021 (incl. biogenic CO2) no LT - climate change: total (incl. biogenic CO2) no LT - global warming potential (GWP100) no LT,"global warming potential (GWP100), including biogenic CO2",6.4845080487430096e-06,kg CO2-Eq,not applicable,no DACCS project,not applicable,90bfd5c6cfce5bc4337e
DACCS,SSP2-NPi,2030,2039,IPCC 2021 (incl. biogenic CO2) no LT - climate change: total (incl. biogenic CO2) no LT - global warming potential (GWP100) no LT,"global warming potential (GWP100), including biogenic CO2",-0.0016293528024107218,kg CO2-Eq,not applicable,no DACCS project,not applicable,90bfd5c6cfce5bc4337e
DACCS,SSP2-NPi,2030,2040,IPCC 2021 (incl. biogenic CO2) no LT - climate change: total (incl. biogenic CO2) no LT - global warming potential (GWP100) no LT,"global warming potential (GWP100), including biogenic CO2",-0.0015585041837766767,kg CO2-Eq,not applicable,no DACCS project,not applicable,90bfd5c6cfce5bc4337e
DACCS,SSP2-NPi,2030,2041,IPCC 2021 (incl. biogenic CO2) no LT - climate change: total (incl. biogenic CO2) no LT - global warming potential (GWP100) no LT,"global warming potential (GWP100), including biogenic CO2",-0.0016109272837638855,kg CO2-Eq,not applicable,no DACCS project,not applicable,90bfd5c6cfce5bc4337e
DACCS,SSP2-NPi,2030,2042,IPCC 2021 (incl. biogenic CO2) no LT - climate change: total (incl. biogenic CO2) no LT - global warming potential (GWP100) no LT,"global warming potential (GWP100), including biogenic CO2",-0.0015589157119393349,kg CO2-Eq,not applicable,no DACCS project,not applicable,90bfd5c6cfce5bc4337e
DACCS,SSP2-NPi,2030,2043,IPCC 2021 (incl. biogenic CO2) no LT - climate change: total (incl. biogenic CO2) no LT - global warming potential (GWP100) no LT,"global warming potential (GWP100), including biogenic CO2",-0.0015958927106112242,kg CO2-Eq,not applicable,no DACCS project,not applicable,90bfd5c6cfce5bc4337e
DACCS,SSP2-NPi,2030,2044,IPCC 2021 (incl. biogenic CO2) no LT - climate change: total (incl. biogenic CO2) no LT - global warming potential (GWP100) no LT,"global warming potential (GWP100), including biogenic CO2",-0.001559297670610249,kg CO2-Eq,not applicable,no DACCS project,not applicable,90bfd5c6cfce5bc4337e
DACCS,SSP2-NPi,2030,2045,IPCC 2021 (incl. biogenic CO2) no LT - climate change: total (incl. biogenic CO2) no LT - global warming potential (GWP100) no LT,"global warming potential (GWP100), including biogenic CO2",-0.0015849551418796182,kg CO2-Eq,not applicable,no DACCS project,not applicable,90bfd5c6cfce5bc4337e
DACCS,SSP2-NPi,2030,2046,IPCC 2021 (incl. biogenic CO2) no LT - climate change: total (incl. biogenic CO2) no LT - global warming potential (GWP100) no LT,"global warming potential (GWP100), including biogenic CO2",-0.0015596495941281319,kg CO2-Eq,not applicable,no DACCS project,not applicable,90bfd5c6cfce5bc4337e
DACCS,SSP2-NPi,2030,2047,IPCC 2021 (incl. biogenic CO2) no LT - climate change: total (incl. biogenic CO2) no LT - global warming potential (GWP100) no LT,"global warming potential (GWP100), including biogenic CO2",-0.0015774834901094437,kg CO2-Eq,not applicable,no DACCS project,not applicable,90bfd5c6cfce5bc4337e
DACCS,SSP2-NPi,2030,2048,IPCC 2021 (incl. biogenic CO2) no LT - climate change: total (incl. biogenic CO2) no LT - global warming potential (GWP100) no LT,"global warming potential (GWP100), including biogenic CO2",-0.0015599903417751193,kg CO2-Eq,not applicable,no DACCS project,not applicable,90bfd5c6cfce5bc4337e
DACCS,SSP2-NPi,2030,2049,IPCC 2021 (incl. biogenic CO2) no LT - climate change: total (incl. biogenic CO2) no LT - global warming potential (GWP100) no LT,"global warming potential (GWP100), including biogenic CO2",-0.0015725478297099471,kg CO2-Eq,not applicable,no DACCS project,not applicable,90bfd5c6cfce5bc4337e
DACCS,SSP2-NPi,2030,2050,IPCC 2021 (incl. biogenic CO2) no LT - climate change: total (incl. biogenic CO2) no LT - global warming potential (GWP100) no LT,"global warming potential (GWP100), including biogenic CO2",-0.0033566663041710854,kg CO2-Eq,not applicable,no DACCS project,not applicable,90bfd5c6cfce5bc4337e
DACCS,SSP2-NPi,2030,2051,IPCC 2021 (incl. biogenic CO2) no LT - climate change: total (incl. biogenic CO2) no LT - global warming potential (GWP100) no LT,"global warming potential (GWP100), including biogenic CO2",0.42767059803009033,kg CO2-Eq,not applicable,no DACCS project,not applicable,90bfd5c6cfce5bc4337e
DACCS,SSP2-NPi,2030,2052,IPCC 2021 (incl. biogenic CO2) no LT - climate change: total (incl. biogenic CO2) no LT - global warming potential (GWP100) no LT,"global warming potential (GWP100), including biogenic CO2",9.215675163432024e-06,kg CO2-Eq,not applicable,no DACCS project,not applicable,90bfd5c6cfce5bc4337e
DACCS,SSP2-NPi,2030,2053,IPCC 2021 (incl. biogenic CO2) no LT - climate change: total (incl. biogenic CO2) no LT - global warming potential (GWP100) no LT,"global warming potential (GWP100), including biogenic CO2",9.38385164772626e-06,kg CO2-Eq,not applicable,no DACCS project,not applicable,90bfd5c6cfce5bc4337e
DACCS,SSP2-NPi,2030,2054,IPCC 2021 (incl. biogenic CO2) no LT - climate change: total (incl. biogenic CO2) no LT - global warming potential (GWP100) no LT,"global warming potential (GWP100), including biogenic CO2",9.552199117024429e-06,kg CO2-Eq,not applicable,no DACCS project,not applicable,90bfd5c6cfce5bc4337e
DACCS,SSP2-NPi,2030,2055,IPCC 2021 (incl. biogenic CO2) no LT - climate change: total (incl. biogenic CO2) no LT - global warming potential (GWP100) no LT,"global warming potential (GWP100), including biogenic CO2",9.724901246954687e-06,kg CO2-Eq,not applicable,no DACCS project,not applicable,90bfd5c6cfce5bc4337e
DACCS,SSP2-NPi,2030,2056,IPCC 2021 (incl. biogenic CO2) no LT - climate change: total (incl. biogenic CO2) no LT - global warming potential (GWP100) no LT,"global warming potential (GWP100), including biogenic CO2",9.882920494419523e-06,kg CO2-Eq,not applicable,no DACCS project,not applicable,90bfd5c6cfce5bc4337e
DACCS,SSP2-NPi,2030,2057,IPCC 2021 (incl. biogenic CO2) no LT - climate change: total (incl. biogenic CO2) no LT - global warming potential (GWP100) no LT,"global warming potential (GWP100), including biogenic CO2",1.0043720067187678e-05,kg CO2-Eq,not applicable,no DACCS project,not applicable,90bfd5c6cfce5bc4337e
DACCS,SSP2-NPi,2030,2058,IPCC 2021 (incl. biogenic CO2) no LT - climate change: total (incl. biogenic CO2) no LT - global warming potential (GWP100) no LT,"global warming potential (GWP100), including biogenic CO2",1.0204337741015479e-05,kg CO2-Eq,not applicable,no DACCS project,not applicable,90bfd5c6cfce5bc4337e
DACCS,SSP2-NPi,2030,2059,IPCC 2021 (incl. biogenic CO2) no LT - climate change: total (incl. biogenic CO2) no LT - global warming potential (GWP100) no LT,"global warming potential (GWP100), including biogenic CO2",1.0464154911460355e-05,kg CO2-Eq,not applicable,no DACCS project,not applicable,90bfd5c6cfce5bc4337e
DACCS,SSP2-NPi,2030,2060,IPCC 2021 (incl. biogenic CO2) no LT - climate change: total (incl. biogenic CO2) no LT - global warming potential (GWP100) no LT,"global warming potential (GWP100), including biogenic CO2",1.0724680578277912e-05,kg CO2-Eq,not applicable,no DACCS project,not applicable,90bfd5c6cfce5bc4337e
DACCS,SSP2-NPi,2030,2061,IPCC 2021 (incl. biogenic CO2) no LT - climate change: total (incl. biogenic CO2) no LT - global warming potential (GWP100) no LT,"global warming potential (GWP100), including biogenic CO2",1.0827386176970322e-05,kg CO2-Eq,not applicable,no DACCS project,not applicable,90bfd5c6cfce5bc4337e
DACCS,SSP2-NPi,2030,2062,IPCC 2021 (incl. biogenic CO2) no LT - climate change: total (incl. biogenic CO2) no LT - global warming potential (GWP100) no LT,"global warming potential (GWP100), including biogenic CO2",1.0931692486337852e-05,kg CO2-Eq,not applicable,no DACCS project,not applicable,90bfd5c6cfce5bc4337e
DACCS,SSP2-NPi,2030,2063,IPCC 2021 (incl. biogenic CO2) no LT - climate change: total (incl. biogenic CO2) no LT - global warming potential (GWP100) no LT,"global warming potential (GWP100), including biogenic CO2",1.1039169294235762e-05,kg CO2-Eq,not applicable,no DACCS project,not applicable,90bfd5c6cfce5bc4337e
DACCS,SSP2-NPi,2030,2064,IPCC 2021 (incl. biogenic CO2) no LT - climate change: total (incl. biogenic CO2) no LT - global warming potential (GWP100) no LT,"global warming potential (GWP100), including biogenic CO2",1.1148425983265042e-05,kg CO2-Eq,not applicable,no DACCS project,not applicable,90bfd5c6cfce5bc4337e
DACCS,SSP2-NPi,2030,2065,IPCC 2021 (incl. biogenic CO2) no LT - climate change: total (incl. biogenic CO2) no LT - global warming potential (GWP100) no LT,"global warming potential (GWP100), including biogenic CO2",1.1260700375714805e-05,kg CO2-Eq,not applicable,no DACCS project,not applicable,90bfd5c6cfce5bc4337e
DACCS,SSP2-NPi,2030,2066,IPCC 2021 (incl. biogenic CO2) no LT - climate change: total (incl. biogenic CO2) no LT - global warming potential (GWP100) no LT,"global warming potential (GWP100), including biogenic CO2",1.1374893801985309e-05,kg CO2-Eq,not applicable,no DACCS project,not applicable,90bfd5c6cfce5bc4337e
DACCS,SSP2-NPi,2030,2067,IPCC 2021 (incl. biogenic CO2) no LT - climate change: total (incl. biogenic CO2) no LT - global warming potential (GWP100) no LT,"global warming potential (GWP100), including biogenic CO2",1.149198942584917e-05,kg CO2-Eq,not applicable,no DACCS project,not applicable,90bfd5c6cfce5bc4337e
DACCS,SSP2-NPi,2030,2068,IPCC 2021 (incl. biogenic CO2) no LT - climate change: total (incl. biogenic CO2) no LT - global warming potential (GWP100) no LT,"global warming potential (GWP100), including biogenic CO2",1.1611110494413879e-05,kg CO2-Eq,not applicable,no DACCS project,not applicable,90bfd5c6cfce5bc4337e
DACCS,SSP2-NPi,2030,2069,IPCC 2021 (incl. biogenic CO2) no LT - climate change: total (incl. biogenic CO2) no LT - global warming potential (GWP100) no LT,"global warming potential (GWP100), including biogenic CO2",1.1733034625649452e-05,kg CO2-Eq,not applicable,no DACCS project,not applicable,90bfd5c6cfce5bc4337e
DACCS,SSP2-NPi,2030,2070,IPCC 2021 (incl. biogenic CO2) no LT - climate change: total (incl. biogenic CO2) no LT - global warming potential (GWP100) no LT,"global warming potential (GWP100), including biogenic CO2",1.1911321053048596e-05,kg CO2-Eq,not applicable,no DACCS project,not applicable,90bfd5c6cfce5bc4337e
BECCS,SSP2-NPi,2050,2047,IPCC 2021 (incl. biogenic CO2) no LT - climate change: total (incl. biogenic CO2) no LT - global warming potential (GWP100) no LT,"global warming potential (GWP100), including biogenic CO2",7.402318000793457,kg CO2-Eq,existing mature forest remains standing at constant carbon stock,no new CHP; shared forest history cancels; Northern European electricity and heat markets provide the project's exported energy services,new CHP+CCS vs standing forest and Northern European energy,b792c3bf556f195d07a0
BECCS,SSP2-NPi,2050,2048,IPCC 2021 (incl. biogenic CO2) no LT - climate change: total (incl. biogenic CO2) no LT - global warming potential (GWP100) no LT,"global warming potential (GWP100), including biogenic CO2",7.400075435638428,kg CO2-Eq,existing mature forest remains standing at constant carbon stock,no new CHP; shared forest history cancels; Northern European electricity and heat markets provide the project's exported energy services,new CHP+CCS vs standing forest and Northern European energy,b792c3bf556f195d07a0
BECCS,SSP2-NPi,2050,2049,IPCC 2021 (incl. biogenic CO2) no LT - climate change: total (incl. biogenic CO2) no LT - global warming potential (GWP100) no LT,"global warming potential (GWP100), including biogenic CO2",7.399010181427002,kg CO2-Eq,existing mature forest remains standing at constant carbon stock,no new CHP; shared forest history cancels; Northern European electricity and heat markets provide the project's exported energy services,new CHP+CCS vs standing forest and Northern European energy,b792c3bf556f195d07a0
BECCS,SSP2-NPi,2050,2050,IPCC 2021 (incl. biogenic CO2) no LT - climate change: total (incl. biogenic CO2) no LT - global warming potential (GWP100) no LT,"global warming potential (GWP100), including biogenic CO2",6.941051483154297,kg CO2-Eq,existing mature forest remains standing at constant carbon stock,no new CHP; shared forest history cancels; Northern European electricity and heat markets provide the project's exported energy services,new CHP+CCS vs standing forest and Northern European energy,b792c3bf556f195d07a0
BECCS,SSP2-NPi,2050,2051,IPCC 2021 (incl. biogenic CO2) no LT - climate change: total (incl. biogenic CO2) no LT - global warming potential (GWP100) no LT,"global warming potential (GWP100), including biogenic CO2",6.220978736877441,kg CO2-Eq,existing mature forest remains standing at constant carbon stock,no new CHP; shared forest history cancels; Northern European electricity and heat markets provide the project's exported energy services,new CHP+CCS vs standing forest and Northern European energy,b792c3bf556f195d07a0
BECCS,SSP2-NPi,2050,2052,IPCC 2021 (incl. biogenic CO2) no LT - climate change: total (incl. biogenic CO2) no LT - global warming potential (GWP100) no LT,"global warming potential (GWP100), including biogenic CO2",6.212766647338867,kg CO2-Eq,existing mature forest remains standing at constant carbon stock,no new CHP; shared forest history cancels; Northern European electricity and heat markets provide the project's exported energy services,new CHP+CCS vs standing forest and Northern European energy,b792c3bf556f195d07a0
BECCS,SSP2-NPi,2050,2053,IPCC 2021 (incl. biogenic CO2) no LT - climate change: total (incl. biogenic CO2) no LT - global warming potential (GWP100) no LT,"global warming potential (GWP100), including biogenic CO2",6.030407428741455,kg CO2-Eq,existing mature forest remains standing at constant carbon stock,no new CHP; shared forest history cancels; Northern European electricity and heat markets provide the project's exported energy services,new CHP+CCS vs standing forest and Northern European energy,b792c3bf556f195d07a0
BECCS,SSP2-NPi,2050,2054,IPCC 2021 (incl. biogenic CO2) no LT - climate change: total (incl. biogenic CO2) no LT - global warming potential (GWP100) no LT,"global warming potential (GWP100), including biogenic CO2",6.0222487449646,kg CO2-Eq,existing mature forest remains standing at constant carbon stock,no new CHP; shared forest history cancels; Northern European electricity and heat markets provide the project's exported energy services,new CHP+CCS vs standing forest and Northern European energy,b792c3bf556f195d07a0
BECCS,SSP2-NPi,2050,2055,IPCC 2021 (incl. biogenic CO2) no LT - climate change: total (incl. biogenic CO2) no LT - global warming potential (GWP100) no LT,"global warming potential (GWP100), including biogenic CO2",5.798154830932617,kg CO2-Eq,existing mature forest remains standing at constant carbon stock,no new CHP; shared forest history cancels; Northern European electricity and heat markets provide the project's exported energy services,new CHP+CCS vs standing forest and Northern European energy,b792c3bf556f195d07a0
BECCS,SSP2-NPi,2050,2056,IPCC 2021 (incl. biogenic CO2) no LT - climate change: total (incl. biogenic CO2) no LT - global warming potential (GWP100) no LT,"global warming potential (GWP100), including biogenic CO2",5.789675712585449,kg CO2-Eq,existing mature forest remains standing at constant carbon stock,no new CHP; shared forest history cancels; Northern European electricity and heat markets provide the project's exported energy services,new CHP+CCS vs standing forest and Northern European energy,b792c3bf556f195d07a0
BECCS,SSP2-NPi,2050,2057,IPCC 2021 (incl. biogenic CO2) no LT - climate change: total (incl. biogenic CO2) no LT - global warming potential (GWP100) no LT,"global warming potential (GWP100), including biogenic CO2",5.5139923095703125,kg CO2-Eq,existing mature forest remains standing at constant carbon stock,no new CHP; shared forest history cancels; Northern European electricity and heat markets provide the project's exported energy services,new CHP+CCS vs standing forest and Northern European energy,b792c3bf556f195d07a0
BECCS,SSP2-NPi,2050,2058,IPCC 2021 (incl. biogenic CO2) no LT - climate change: total (incl. biogenic CO2) no LT - global warming potential (GWP100) no LT,"global warming potential (GWP100), including biogenic CO2",5.50576639175415,kg CO2-Eq,existing mature forest remains standing at constant carbon stock,no new CHP; shared forest history cancels; Northern European electricity and heat markets provide the project's exported energy services,new CHP+CCS vs standing forest and Northern European energy,b792c3bf556f195d07a0
BECCS,SSP2-NPi,2050,2059,IPCC 2021 (incl. biogenic CO2) no LT - climate change: total (incl. biogenic CO2) no LT - global warming potential (GWP100) no LT,"global warming potential (GWP100), including biogenic CO2",5.167417526245117,kg CO2-Eq,existing mature forest remains standing at constant carbon stock,no new CHP; shared forest history cancels; Northern European electricity and heat markets provide the project's exported energy services,new CHP+CCS vs standing forest and Northern European energy,b792c3bf556f195d07a0
BECCS,SSP2-NPi,2050,2060,IPCC 2021 (incl. biogenic CO2) no LT - climate change: total (incl. biogenic CO2) no LT - global warming potential (GWP100) no LT,"global warming potential (GWP100), including biogenic CO2",5.159383296966553,kg CO2-Eq,existing mature forest remains standing at constant carbon stock,no new CHP; shared forest history cancels; Northern European electricity and heat markets provide the project's exported energy services,new CHP+CCS vs standing forest and Northern European energy,b792c3bf556f195d07a0
BECCS,SSP2-NPi,2050,2061,IPCC 2021 (incl. biogenic CO2) no LT - climate change: total (incl. biogenic CO2) no LT - global warming potential (GWP100) no LT,"global warming potential (GWP100), including biogenic CO2",4.75066614151001,kg CO2-Eq,existing mature forest remains standing at constant carbon stock,no new CHP; shared forest history cancels; Northern European electricity and heat markets provide the project's exported energy services,new CHP+CCS vs standing forest and Northern European energy,b792c3bf556f195d07a0
BECCS,SSP2-NPi,2050,2062,IPCC 2021 (incl. biogenic CO2) no LT - climate change: total (incl. biogenic CO2) no LT - global warming potential (GWP100) no LT,"global warming potential (GWP100), including biogenic CO2",4.748940944671631,kg CO2-Eq,existing mature forest remains standing at constant carbon stock,no new CHP; shared forest history cancels; Northern European electricity and heat markets provide the project's exported energy services,new CHP+CCS vs standing forest and Northern European energy,b792c3bf556f195d07a0
BECCS,SSP2-NPi,2050,2063,IPCC 2021 (incl. biogenic CO2) no LT - climate change: total (incl. biogenic CO2) no LT - global warming potential (GWP100) no LT,"global warming potential (GWP100), including biogenic CO2",4.247495651245117,kg CO2-Eq,existing mature forest remains standing at constant carbon stock,no new CHP; shared forest history cancels; Northern European electricity and heat markets provide the project's exported energy services,new CHP+CCS vs standing forest and Northern European energy,b792c3bf556f195d07a0
BECCS,SSP2-NPi,2050,2064,IPCC 2021 (incl. biogenic CO2) no LT - climate change: total (incl. biogenic CO2) no LT - global warming potential (GWP100) no LT,"global warming potential (GWP100), including biogenic CO2",4.245936870574951,kg CO2-Eq,existing mature forest remains standing at constant carbon stock,no new CHP; shared forest history cancels; Northern European electricity and heat markets provide the project's exported energy services,new CHP+CCS vs standing forest and Northern European energy,b792c3bf556f195d07a0
BECCS,SSP2-NPi,2050,2065,IPCC 2021 (incl. biogenic CO2) no LT - climate change: total (incl. biogenic CO2) no LT - global warming potential (GWP100) no LT,"global warming potential (GWP100), including biogenic CO2",3.6329281330108643,kg CO2-Eq,existing mature forest remains standing at constant carbon stock,no new CHP; shared forest history cancels; Northern European electricity and heat markets provide the project's exported energy services,new CHP+CCS vs standing forest and Northern European energy,b792c3bf556f195d07a0
BECCS,SSP2-NPi,2050,2066,IPCC 2021 (incl. biogenic CO2) no LT - climate change: total (incl. biogenic CO2) no LT - global warming potential (GWP100) no LT,"global warming potential (GWP100), including biogenic CO2",3.631537675857544,kg CO2-Eq,existing mature forest remains standing at constant carbon stock,no new CHP; shared forest history cancels; Northern European electricity and heat markets provide the project's exported energy services,new CHP+CCS vs standing forest and Northern European energy,b792c3bf556f195d07a0
BECCS,SSP2-NPi,2050,2067,IPCC 2021 (incl. biogenic CO2) no LT - climate change: total (incl. biogenic CO2) no LT - global warming potential (GWP100) no LT,"global warming potential (GWP100), including biogenic CO2",2.885519027709961,kg CO2-Eq,existing mature forest remains standing at constant carbon stock,no new CHP; shared forest history cancels; Northern European electricity and heat markets provide the project's exported energy services,new CHP+CCS vs standing forest and Northern European energy,b792c3bf556f195d07a0
BECCS,SSP2-NPi,2050,2068,IPCC 2021 (incl. biogenic CO2) no LT - climate change: total (incl. biogenic CO2) no LT - global warming potential (GWP100) no LT,"global warming potential (GWP100), including biogenic CO2",2.884291410446167,kg CO2-Eq,existing mature forest remains standing at constant carbon stock,no new CHP; shared forest history cancels; Northern European electricity and heat markets provide the project's exported energy services,new CHP+CCS vs standing forest and Northern European energy,b792c3bf556f195d07a0
BECCS,SSP2-NPi,2050,2069,IPCC 2021 (incl. biogenic CO2) no LT - climate change: total (incl. biogenic CO2) no LT - global warming potential (GWP100) no LT,"global warming potential (GWP100), including biogenic CO2",1.9814670085906982,kg CO2-Eq,existing mature forest remains standing at constant carbon stock,no new CHP; shared forest history cancels; Northern European electricity and heat markets provide the project's exported energy services,new CHP+CCS vs standing forest and Northern European energy,b792c3bf556f195d07a0
BECCS,SSP2-NPi,2050,2070,IPCC 2021 (incl. biogenic CO2) no LT - climate change: total (incl. biogenic CO2) no LT - global warming potential (GWP100) no LT,"global warming potential (GWP100), including biogenic CO2",-6.291327476501465,kg CO2-Eq,existing mature forest remains standing at constant carbon stock,no new CHP; shared forest history cancels; Northern European electricity and heat markets provide the project's exported energy services,new CHP+CCS vs standing forest and Northern European energy,b792c3bf556f195d07a0
BECCS,SSP2-NPi,2050,2071,IPCC 2021 (incl. biogenic CO2) no LT - climate change: total (incl. biogenic CO2) no LT - global warming potential (GWP100) no LT,"global warming potential (GWP100), including biogenic CO2",-5.204200744628906,kg CO2-Eq,existing mature forest remains standing at constant carbon stock,no new CHP; shared forest history cancels; Northern European electricity and heat markets provide the project's exported energy services,new CHP+CCS vs standing forest and Northern European energy,b792c3bf556f195d07a0
BECCS,SSP2-NPi,2050,2072,IPCC 2021 (incl. biogenic CO2) no LT - climate change: total (incl. biogenic CO2) no LT - global warming potential (GWP100) no LT,"global warming potential (GWP100), including biogenic CO2",-5.204283237457275,kg CO2-Eq,existing mature forest remains standing at constant carbon stock,no new CHP; shared forest history cancels; Northern European electricity and heat markets provide the project's exported energy services,new CHP+CCS vs standing forest and Northern European energy,b792c3bf556f195d07a0
BECCS,SSP2-NPi,2050,2073,IPCC 2021 (incl. biogenic CO2) no LT - climate change: total (incl. biogenic CO2) no LT - global warming potential (GWP100) no LT,"global warming potential (GWP100), including biogenic CO2",-6.32289981842041,kg CO2-Eq,existing mature forest remains standing at constant carbon stock,no new CHP; shared forest history cancels; Northern European electricity and heat markets provide the project's exported energy services,new CHP+CCS vs standing forest and Northern European energy,b792c3bf556f195d07a0
BECCS,SSP2-NPi,2050,2074,IPCC 2021 (incl. biogenic CO2) no LT - climate change: total (incl. biogenic CO2) no LT - global warming potential (GWP100) no LT,"global warming potential (GWP100), including biogenic CO2",-6.322981834411621,kg CO2-Eq,existing mature forest remains standing at constant carbon stock,no new CHP; shared forest history cancels; Northern European electricity and heat markets provide the project's exported energy services,new CHP+CCS vs standing forest and Northern European energy,b792c3bf556f195d07a0
BECCS,SSP2-NPi,2050,2075,IPCC 2021 (incl. biogenic CO2) no LT - climate change: total (incl. biogenic CO2) no LT - global warming potential (GWP100) no LT,"global warming potential (GWP100), including biogenic CO2",-7.633171558380127,kg CO2-Eq,existing mature forest remains standing at constant carbon stock,no new CHP; shared forest history cancels; Northern European electricity and heat markets provide the project's exported energy services,new CHP+CCS vs standing forest and Northern European energy,b792c3bf556f195d07a0
BECCS,SSP2-NPi,2050,2076,IPCC 2021 (incl. biogenic CO2) no LT - climate change: total (incl. biogenic CO2) no LT - global warming potential (GWP100) no LT,"global warming potential (GWP100), including biogenic CO2",-7.633254528045654,kg CO2-Eq,existing mature forest remains standing at constant carbon stock,no new CHP; shared forest history cancels; Northern European electricity and heat markets provide the project's exported energy services,new CHP+CCS vs standing forest and Northern European energy,b792c3bf556f195d07a0
BECCS,SSP2-NPi,2050,2077,IPCC 2021 (incl. biogenic CO2) no LT - climate change: total (incl. biogenic CO2) no LT - global warming potential (GWP100) no LT,"global warming potential (GWP100), including biogenic CO2",-9.146503448486328,kg CO2-Eq,existing mature forest remains standing at constant carbon stock,no new CHP; shared forest history cancels; Northern European electricity and heat markets provide the project's exported energy services,new CHP+CCS vs standing forest and Northern European energy,b792c3bf556f195d07a0
BECCS,SSP2-NPi,2050,2078,IPCC 2021 (incl. biogenic CO2) no LT - climate change: total (incl. biogenic CO2) no LT - global warming potential (GWP100) no LT,"global warming potential (GWP100), including biogenic CO2",-9.146589279174805,kg CO2-Eq,existing mature forest remains standing at constant carbon stock,no new CHP; shared forest history cancels; Northern European electricity and heat markets provide the project's exported energy services,new CHP+CCS vs standing forest and Northern European energy,b792c3bf556f195d07a0
BECCS,SSP2-NPi,2050,2079,IPCC 2021 (incl. biogenic CO2) no LT - climate change: total (incl. biogenic CO2) no LT - global warming potential (GWP100) no LT,"global warming potential (GWP100), including biogenic CO2",-10.865495681762695,kg CO2-Eq,existing mature forest remains standing at constant carbon stock,no new CHP; shared forest history cancels; Northern European electricity and heat markets provide the project's exported energy services,new CHP+CCS vs standing forest and Northern European energy,b792c3bf556f195d07a0
BECCS,SSP2-NPi,2050,2080,IPCC 2021 (incl. biogenic CO2) no LT - climate change: total (incl. biogenic CO2) no LT - global warming potential (GWP100) no LT,"global warming potential (GWP100), including biogenic CO2",-10.865578651428223,kg CO2-Eq,existing mature forest remains standing at constant carbon stock,no new CHP; shared forest history cancels; Northern European electricity and heat markets provide the project's exported energy services,new CHP+CCS vs standing forest and Northern European energy,b792c3bf556f195d07a0
BECCS,SSP2-NPi,2050,2081,IPCC 2021 (incl. biogenic CO2) no LT - climate change: total (incl. biogenic CO2) no LT - global warming potential (GWP100) no LT,"global warming potential (GWP100), including biogenic CO2",-12.78007698059082,kg CO2-Eq,existing mature forest remains standing at constant carbon stock,no new CHP; shared forest history cancels; Northern European electricity and heat markets provide the project's exported energy services,new CHP+CCS vs standing forest and Northern European energy,b792c3bf556f195d07a0
BECCS,SSP2-NPi,2050,2082,IPCC 2021 (incl. biogenic CO2) no LT - climate change: total (incl. biogenic CO2) no LT - global warming potential (GWP100) no LT,"global warming potential (GWP100), including biogenic CO2",-12.78022289276123,kg CO2-Eq,existing mature forest remains standing at constant carbon stock,no new CHP; shared forest history cancels; Northern European electricity and heat markets provide the project's exported energy services,new CHP+CCS vs standing forest and Northern European energy,b792c3bf556f195d07a0
BECCS,SSP2-NPi,2050,2083,IPCC 2021 (incl. biogenic CO2) no LT - climate change: total (incl. biogenic CO2) no LT - global warming potential (GWP100) no LT,"global warming potential (GWP100), including biogenic CO2",-14.863715171813965,kg CO2-Eq,existing mature forest remains standing at constant carbon stock,no new CHP; shared forest history cancels; Northern European electricity and heat markets provide the project's exported energy services,new CHP+CCS vs standing forest and Northern European energy,b792c3bf556f195d07a0
BECCS,SSP2-NPi,2050,2084,IPCC 2021 (incl. biogenic CO2) no LT - climate change: total (incl. biogenic CO2) no LT - global warming potential (GWP100) no LT,"global warming potential (GWP100), including biogenic CO2",-14.863868713378906,kg CO2-Eq,existing mature forest remains standing at constant carbon stock,no new CHP; shared forest history cancels; Northern European electricity and heat markets provide the project's exported energy services,new CHP+CCS vs standing forest and Northern European energy,b792c3bf556f195d07a0
BECCS,SSP2-NPi,2050,2085,IPCC 2021 (incl. biogenic CO2) no LT - climate change: total (incl. biogenic CO2) no LT - global warming potential (GWP100) no LT,"global warming potential (GWP100), including biogenic CO2",-17.070627212524414,kg CO2-Eq,existing mature forest remains standing at constant carbon stock,no new CHP; shared forest history cancels; Northern European electricity and heat markets provide the project's exported energy services,new CHP+CCS vs standing forest and Northern European energy,b792c3bf556f195d07a0
BECCS,SSP2-NPi,2050,2086,IPCC 2021 (incl. biogenic CO2) no LT - climate change: total (incl. biogenic CO2) no LT - global warming potential (GWP100) no LT,"global warming potential (GWP100), including biogenic CO2",-17.070783615112305,kg CO2-Eq,existing mature forest remains standing at constant carbon stock,no new CHP; shared forest history cancels; Northern European electricity and heat markets provide the project's exported energy services,new CHP+CCS vs standing forest and Northern European energy,b792c3bf556f195d07a0
BECCS,SSP2-NPi,2050,2087,IPCC 2021 (incl. biogenic CO2) no LT - climate change: total (incl. biogenic CO2) no LT - global warming potential (GWP100) no LT,"global warming potential (GWP100), including biogenic CO2",-19.335004806518555,kg CO2-Eq,existing mature forest remains standing at constant carbon stock,no new CHP; shared forest history cancels; Northern European electricity and heat markets provide the project's exported energy services,new CHP+CCS vs standing forest and Northern European energy,b792c3bf556f195d07a0
BECCS,SSP2-NPi,2050,2088,IPCC 2021 (incl. biogenic CO2) no LT - climate change: total (incl. biogenic CO2) no LT - global warming potential (GWP100) no LT,"global warming potential (GWP100), including biogenic CO2",-19.335174560546875,kg CO2-Eq,existing mature forest remains standing at constant carbon stock,no new CHP; shared forest history cancels; Northern European electricity and heat markets provide the project's exported energy services,new CHP+CCS vs standing forest and Northern European energy,b792c3bf556f195d07a0
BECCS,SSP2-NPi,2050,2089,IPCC 2021 (incl. biogenic CO2) no LT - climate change: total (incl. biogenic CO2) no LT - global warming potential (GWP100) no LT,"global warming potential (GWP100), including biogenic CO2",-21.57273292541504,kg CO2-Eq,existing mature forest remains standing at constant carbon stock,no new CHP; shared forest history cancels; Northern European electricity and heat markets provide the project's exported energy services,new CHP+CCS vs standing forest and Northern European energy,b792c3bf556f195d07a0
BECCS,SSP2-NPi,2050,2090,IPCC 2021 (incl. biogenic CO2) no LT - climate change: total (incl. biogenic CO2) no LT - global warming potential (GWP100) no LT,"global warming potential (GWP100), including biogenic CO2",-21.572908401489258,kg CO2-Eq,existing mature forest remains standing at constant carbon stock,no new CHP; shared forest history cancels; Northern European electricity and heat markets provide the project's exported energy services,new CHP+CCS vs standing forest and Northern European energy,b792c3bf556f195d07a0
BECCS,SSP2-NPi,2050,2091,IPCC 2021 (incl. biogenic CO2) no LT - climate change: total (incl. biogenic CO2) no LT - global warming potential (GWP100) no LT,"global warming potential (GWP100), including biogenic CO2",-23.686216354370117,kg CO2-Eq,existing mature forest remains standing at constant carbon stock,no new CHP; shared forest history cancels; Northern European electricity and heat markets provide the project's exported energy services,new CHP+CCS vs standing forest and Northern European energy,b792c3bf556f195d07a0
BECCS,SSP2-NPi,2050,2092,IPCC 2021 (incl. biogenic CO2) no LT - climate change: total (incl. biogenic CO2) no LT - global warming potential (GWP100) no LT,"global warming potential (GWP100), including biogenic CO2",-23.686471939086914,kg CO2-Eq,existing mature forest remains standing at constant carbon stock,no new CHP; shared forest history cancels; Northern European electricity and heat markets provide the project's exported energy services,new CHP+CCS vs standing forest and Northern European energy,b792c3bf556f195d07a0
BECCS,SSP2-NPi,2050,2093,IPCC 2021 (incl. biogenic CO2) no LT - climate change: total (incl. biogenic CO2) no LT - global warming potential (GWP100) no LT,"global warming potential (GWP100), including biogenic CO2",-25.571697235107422,kg CO2-Eq,existing mature forest remains standing at constant carbon stock,no new CHP; shared forest history cancels; Northern European electricity and heat markets provide the project's exported energy services,new CHP+CCS vs standing forest and Northern European energy,b792c3bf556f195d07a0
BECCS,SSP2-NPi,2050,2094,IPCC 2021 (incl. biogenic CO2) no LT - climate change: total (incl. biogenic CO2) no LT - global warming potential (GWP100) no LT,"global warming potential (GWP100), including biogenic CO2",-25.57196044921875,kg CO2-Eq,existing mature forest remains standing at constant carbon stock,no new CHP; shared forest history cancels; Northern European electricity and heat markets provide the project's exported energy services,new CHP+CCS vs standing forest and Northern European energy,b792c3bf556f195d07a0
BECCS,SSP2-NPi,2050,2095,IPCC 2021 (incl. biogenic CO2) no LT - climate change: total (incl. biogenic CO2) no LT - global warming potential (GWP100) no LT,"global warming potential (GWP100), including biogenic CO2",-27.128477096557617,kg CO2-Eq,existing mature forest remains standing at constant carbon stock,no new CHP; shared forest history cancels; Northern European electricity and heat markets provide the project's exported energy services,new CHP+CCS vs standing forest and Northern European energy,b792c3bf556f195d07a0
BECCS,SSP2-NPi,2050,2096,IPCC 2021 (incl. biogenic CO2) no LT - climate change: total (incl. biogenic CO2) no LT - global warming potential (GWP100) no LT,"global warming potential (GWP100), including biogenic CO2",-27.12874412536621,kg CO2-Eq,existing mature forest remains standing at constant carbon stock,no new CHP; shared forest history cancels; Northern European electricity and heat markets provide the project's exported energy services,new CHP+CCS vs standing forest and Northern European energy,b792c3bf556f195d07a0
BECCS,SSP2-NPi,2050,2097,IPCC 2021 (incl. biogenic CO2) no LT - climate change: total (incl. biogenic CO2) no LT - global warming potential (GWP100) no LT,"global warming potential (GWP100), including biogenic CO2",-28.268564224243164,kg CO2-Eq,existing mature forest remains standing at constant carbon stock,no new CHP; shared forest history cancels; Northern European electricity and heat markets provide the project's exported energy services,new CHP+CCS vs standing forest and Northern European energy,b792c3bf556f195d07a0
BECCS,SSP2-NPi,2050,2098,IPCC 2021 (incl. biogenic CO2) no LT - climate change: total (incl. biogenic CO2) no LT - global warming potential (GWP100) no LT,"global warming potential (GWP100), including biogenic CO2",-28.268836975097656,kg CO2-Eq,existing mature forest remains standing at constant carbon stock,no new CHP; shared forest history cancels; Northern European electricity and heat markets provide the project's exported energy services,new CHP+CCS vs standing forest and Northern European energy,b792c3bf556f195d07a0
BECCS,SSP2-NPi,2050,2099,IPCC 2021 (incl. biogenic CO2) no LT - climate change: total (incl. biogenic CO2) no LT - global warming potential (GWP100) no LT,"global warming potential (GWP100), including biogenic CO2",-28.925140380859375,kg CO2-Eq,existing mature forest remains standing at constant carbon stock,no new CHP; shared forest history cancels; Northern European electricity and heat markets provide the project's exported energy services,new CHP+CCS vs standing forest and Northern European energy,b792c3bf556f195d07a0
BECCS,SSP2-NPi,2050,2100,IPCC 2021 (incl. biogenic CO2) no LT - climate change: total (incl. biogenic CO2) no LT - global warming potential (GWP100) no LT,"global warming potential (GWP100), including biogenic CO2",-28.9254150390625,kg CO2-Eq,existing mature forest remains standing at constant carbon stock,no new CHP; shared forest history cancels; Northern European electricity and heat markets provide the project's exported energy services,new CHP+CCS vs standing forest and Northern European energy,b792c3bf556f195d07a0
BECCS,SSP2-NPi,2050,2101,IPCC 2021 (incl. biogenic CO2) no LT - climate change: total (incl. biogenic CO2) no LT - global warming potential (GWP100) no LT,"global warming potential (GWP100), including biogenic CO2",-29.058631896972656,kg CO2-Eq,existing mature forest remains standing at constant carbon stock,no new CHP; shared forest history cancels; Northern European electricity and heat markets provide the project's exported energy services,new CHP+CCS vs standing forest and Northern European energy,b792c3bf556f195d07a0
BECCS,SSP2-NPi,2050,2102,IPCC 2021 (incl. biogenic CO2) no LT - climate change: total (incl. biogenic CO2) no LT - global warming potential (GWP100) no LT,"global warming potential (GWP100), including biogenic CO2",-29.05863380432129,kg CO2-Eq,existing mature forest remains standing at constant carbon stock,no new CHP; shared forest history cancels; Northern European electricity and heat markets provide the project's exported energy services,new CHP+CCS vs standing forest and Northern European energy,b792c3bf556f195d07a0
BECCS,SSP2-NPi,2050,2103,IPCC 2021 (incl. biogenic CO2) no LT - climate change: total (incl. biogenic CO2) no LT - global warming potential (GWP100) no LT,"global warming potential (GWP100), including biogenic CO2",-28.660999298095703,kg CO2-Eq,existing mature forest remains standing at constant carbon stock,no new CHP; shared forest history cancels; Northern European electricity and heat markets provide the project's exported energy services,new CHP+CCS vs standing forest and Northern European energy,b792c3bf556f195d07a0
BECCS,SSP2-NPi,2050,2104,IPCC 2021 (incl. biogenic CO2) no LT - climate change: total (incl. biogenic CO2) no LT - global warming potential (GWP100) no LT,"global warming potential (GWP100), including biogenic CO2",-28.660999298095703,kg CO2-Eq,existing mature forest remains standing at constant carbon stock,no new CHP; shared forest history cancels; Northern European electricity and heat markets provide the project's exported energy services,new CHP+CCS vs standing forest and Northern European energy,b792c3bf556f195d07a0
BECCS,SSP2-NPi,2050,2105,IPCC 2021 (incl. biogenic CO2) no LT - climate change: total (incl. biogenic CO2) no LT - global warming potential (GWP100) no LT,"global warming potential (GWP100), including biogenic CO2",-27.756454467773438,kg CO2-Eq,existing mature forest remains standing at constant carbon stock,no new CHP; shared forest history cancels; Northern European electricity and heat markets provide the project's exported energy services,new CHP+CCS vs standing forest and Northern European energy,b792c3bf556f195d07a0
BECCS,SSP2-NPi,2050,2106,IPCC 2021 (incl. biogenic CO2) no LT - climate change: total (incl. biogenic CO2) no LT - global warming potential (GWP100) no LT,"global warming potential (GWP100), including biogenic CO2",-27.756454467773438,kg CO2-Eq,existing mature forest remains standing at constant carbon stock,no new CHP; shared forest history cancels; Northern European electricity and heat markets provide the project's exported energy services,new CHP+CCS vs standing forest and Northern European energy,b792c3bf556f195d07a0
BECCS,SSP2-NPi,2050,2107,IPCC 2021 (incl. biogenic CO2) no LT - climate change: total (incl. biogenic CO2) no LT - global warming potential (GWP100) no LT,"global warming potential (GWP100), including biogenic CO2",-26.398696899414062,kg CO2-Eq,existing mature forest remains standing at constant carbon stock,no new CHP; shared forest history cancels; Northern European electricity and heat markets provide the project's exported energy services,new CHP+CCS vs standing forest and Northern European energy,b792c3bf556f195d07a0
BECCS,SSP2-NPi,2050,2108,IPCC 2021 (incl. biogenic CO2) no LT - climate change: total (incl. biogenic CO2) no LT - global warming potential (GWP100) no LT,"global warming potential (GWP100), including biogenic CO2",-26.398696899414062,kg CO2-Eq,existing mature forest remains standing at constant carbon stock,no new CHP; shared forest history cancels; Northern European electricity and heat markets provide the project's exported energy services,new CHP+CCS vs standing forest and Northern European energy,b792c3bf556f195d07a0
BECCS,SSP2-NPi,2050,2109,IPCC 2021 (incl. biogenic CO2) no LT - climate change: total (incl. biogenic CO2) no LT - global warming potential (GWP100) no LT,"global warming potential (GWP100), including biogenic CO2",-24.666080474853516,kg CO2-Eq,existing mature forest remains standing at constant carbon stock,no new CHP; shared forest history cancels; Northern European electricity and heat markets provide the project's exported energy services,new CHP+CCS vs standing forest and Northern European energy,b792c3bf556f195d07a0
BECCS,SSP2-NPi,2050,2110,IPCC 2021 (incl. biogenic CO2) no LT - climate change: total (incl. biogenic CO2) no LT - global warming potential (GWP100) no LT,"global warming potential (GWP100), including biogenic CO2",-24.666080474853516,kg CO2-Eq,existing mature forest remains standing at constant carbon stock,no new CHP; shared forest history cancels; Northern European electricity and heat markets provide the project's exported energy services,new CHP+CCS vs standing forest and Northern European energy,b792c3bf556f195d07a0
BECCS,SSP2-NPi,2050,2111,IPCC 2021 (incl. biogenic CO2) no LT - climate change: total (incl. biogenic CO2) no LT - global warming potential (GWP100) no LT,"global warming potential (GWP100), including biogenic CO2",-22.65406608581543,kg CO2-Eq,existing mature forest remains standing at constant carbon stock,no new CHP; shared forest history cancels; Northern European electricity and heat markets provide the project's exported energy services,new CHP+CCS vs standing forest and Northern European energy,b792c3bf556f195d07a0
BECCS,SSP2-NPi,2050,2112,IPCC 2021 (incl. biogenic CO2) no LT - climate change: total (incl. biogenic CO2) no LT - global warming potential (GWP100) no LT,"global warming potential (GWP100), including biogenic CO2",-22.65406608581543,kg CO2-Eq,existing mature forest remains standing at constant carbon stock,no new CHP; shared forest history cancels; Northern European electricity and heat markets provide the project's exported energy services,new CHP+CCS vs standing forest and Northern European energy,b792c3bf556f195d07a0
BECCS,SSP2-NPi,2050,2113,IPCC 2021 (incl. biogenic CO2) no LT - climate change: total (incl. biogenic CO2) no LT - global warming potential (GWP100) no LT,"global warming potential (GWP100), including biogenic CO2",-20.466054916381836,kg CO2-Eq,existing mature forest remains standing at constant carbon stock,no new CHP; shared forest history cancels; Northern European electricity and heat markets provide the project's exported energy services,new CHP+CCS vs standing forest and Northern European energy,b792c3bf556f195d07a0
BECCS,SSP2-NPi,2050,2114,IPCC 2021 (incl. biogenic CO2) no LT - climate change: total (incl. biogenic CO2) no LT - global warming potential (GWP100) no LT,"global warming potential (GWP100), including biogenic CO2",-20.466054916381836,kg CO2-Eq,existing mature forest remains standing at constant carbon stock,no new CHP; shared forest history cancels; Northern European electricity and heat markets provide the project's exported energy services,new CHP+CCS vs standing forest and Northern European energy,b792c3bf556f195d07a0
BECCS,SSP2-NPi,2050,2115,IPCC 2021 (incl. biogenic CO2) no LT - climate change: total (incl. biogenic CO2) no LT - global warming potential (GWP100) no LT,"global warming potential (GWP100), including biogenic CO2",-18.203824996948242,kg CO2-Eq,existing mature forest remains standing at constant carbon stock,no new CHP; shared forest history cancels; Northern European electricity and heat markets provide the project's exported energy services,new CHP+CCS vs standing forest and Northern European energy,b792c3bf556f195d07a0
BECCS,SSP2-NPi,2050,2116,IPCC 2021 (incl. biogenic CO2) no LT - climate change: total (incl. biogenic CO2) no LT - global warming potential (GWP100) no LT,"global warming potential (GWP100), including biogenic CO2",-18.203824996948242,kg CO2-Eq,existing mature forest remains standing at constant carbon stock,no new CHP; shared forest history cancels; Northern European electricity and heat markets provide the project's exported energy services,new CHP+CCS vs standing forest and Northern European energy,b792c3bf556f195d07a0
BECCS,SSP2-NPi,2050,2117,IPCC 2021 (incl. biogenic CO2) no LT - climate change: total (incl. biogenic CO2) no LT - global warming potential (GWP100) no LT,"global warming potential (GWP100), including biogenic CO2",-15.95905876159668,kg CO2-Eq,existing mature forest remains standing at constant carbon stock,no new CHP; shared forest history cancels; Northern European electricity and heat markets provide the project's exported energy services,new CHP+CCS vs standing forest and Northern European energy,b792c3bf556f195d07a0
BECCS,SSP2-NPi,2050,2118,IPCC 2021 (incl. biogenic CO2) no LT - climate change: total (incl. biogenic CO2) no LT - global warming potential (GWP100) no LT,"global warming potential (GWP100), including biogenic CO2",-15.95905876159668,kg CO2-Eq,existing mature forest remains standing at constant carbon stock,no new CHP; shared forest history cancels; Northern European electricity and heat markets provide the project's exported energy services,new CHP+CCS vs standing forest and Northern European energy,b792c3bf556f195d07a0
BECCS,SSP2-NPi,2050,2119,IPCC 2021 (incl. biogenic CO2) no LT - climate change: total (incl. biogenic CO2) no LT - global warming potential (GWP100) no LT,"global warming potential (GWP100), including biogenic CO2",-13.807108879089355,kg CO2-Eq,existing mature forest remains standing at constant carbon stock,no new CHP; shared forest history cancels; Northern European electricity and heat markets provide the project's exported energy services,new CHP+CCS vs standing forest and Northern European energy,b792c3bf556f195d07a0
BECCS,SSP2-NPi,2050,2120,IPCC 2021 (incl. biogenic CO2) no LT - climate change: total (incl. biogenic CO2) no LT - global warming potential (GWP100) no LT,"global warming potential (GWP100), including biogenic CO2",-13.807108879089355,kg CO2-Eq,existing mature forest remains standing at constant carbon stock,no new CHP; shared forest history cancels; Northern European electricity and heat markets provide the project's exported energy services,new CHP+CCS vs standing forest and Northern European energy,b792c3bf556f195d07a0
BECCS,SSP2-NPi,2050,2121,IPCC 2021 (incl. biogenic CO2) no LT - climate change: total (incl. biogenic CO2) no LT - global warming potential (GWP100) no LT,"global warming potential (GWP100), including biogenic CO2",-11.803791999816895,kg CO2-Eq,existing mature forest remains standing at constant carbon stock,no new CHP; shared forest history cancels; Northern European electricity and heat markets provide the project's exported energy services,new CHP+CCS vs standing forest and Northern European energy,b792c3bf556f195d07a0
BECCS,SSP2-NPi,2050,2122,IPCC 2021 (incl. biogenic CO2) no LT - climate change: total (incl. biogenic CO2) no LT - global warming potential (GWP100) no LT,"global warming potential (GWP100), including biogenic CO2",-11.803791999816895,kg CO2-Eq,existing mature forest remains standing at constant carbon stock,no new CHP; shared forest history cancels; Northern European electricity and heat markets provide the project's exported energy services,new CHP+CCS vs standing forest and Northern European energy,b792c3bf556f195d07a0
BECCS,SSP2-NPi,2050,2123,IPCC 2021 (incl. biogenic CO2) no LT - climate change: total (incl. biogenic CO2) no LT - global warming potential (GWP100) no LT,"global warming potential (GWP100), including biogenic CO2",-9.984989166259766,kg CO2-Eq,existing mature forest remains standing at constant carbon stock,no new CHP; shared forest history cancels; Northern European electricity and heat markets provide the project's exported energy services,new CHP+CCS vs standing forest and Northern European energy,b792c3bf556f195d07a0
BECCS,SSP2-NPi,2050,2124,IPCC 2021 (incl. biogenic CO2) no LT - climate change: total (incl. biogenic CO2) no LT - global warming potential (GWP100) no LT,"global warming potential (GWP100), including biogenic CO2",-9.984989166259766,kg CO2-Eq,existing mature forest remains standing at constant carbon stock,no new CHP; shared forest history cancels; Northern European electricity and heat markets provide the project's exported energy services,new CHP+CCS vs standing forest and Northern European energy,b792c3bf556f195d07a0
BECCS,SSP2-NPi,2050,2125,IPCC 2021 (incl. biogenic CO2) no LT - climate change: total (incl. biogenic CO2) no LT - global warming potential (GWP100) no LT,"global warming potential (GWP100), including biogenic CO2",-8.368616104125977,kg CO2-Eq,existing mature forest remains standing at constant carbon stock,no new CHP; shared forest history cancels; Northern European electricity and heat markets provide the project's exported energy services,new CHP+CCS vs standing forest and Northern European energy,b792c3bf556f195d07a0
BECCS,SSP2-NPi,2050,2126,IPCC 2021 (incl. biogenic CO2) no LT - climate change: total (incl. biogenic CO2) no LT - global warming potential (GWP100) no LT,"global warming potential (GWP100), including biogenic CO2",-8.368616104125977,kg CO2-Eq,existing mature forest remains standing at constant carbon stock,no new CHP; shared forest history cancels; Northern European electricity and heat markets provide the project's exported energy services,new CHP+CCS vs standing forest and Northern European energy,b792c3bf556f195d07a0
BECCS,SSP2-NPi,2050,2127,IPCC 2021 (incl. biogenic CO2) no LT - climate change: total (incl. biogenic CO2) no LT - global warming potential (GWP100) no LT,"global warming potential (GWP100), including biogenic CO2",-6.957943439483643,kg CO2-Eq,existing mature forest remains standing at constant carbon stock,no new CHP; shared forest history cancels; Northern European electricity and heat markets provide the project's exported energy services,new CHP+CCS vs standing forest and Northern European energy,b792c3bf556f195d07a0
BECCS,SSP2-NPi,2050,2128,IPCC 2021 (incl. biogenic CO2) no LT - climate change: total (incl. biogenic CO2) no LT - global warming potential (GWP100) no LT,"global warming potential (GWP100), including biogenic CO2",-6.957943439483643,kg CO2-Eq,existing mature forest remains standing at constant carbon stock,no new CHP; shared forest history cancels; Northern European electricity and heat markets provide the project's exported energy services,new CHP+CCS vs standing forest and Northern European energy,b792c3bf556f195d07a0
BECCS,SSP2-NPi,2050,2129,IPCC 2021 (incl. biogenic CO2) no LT - climate change: total (incl. biogenic CO2) no LT - global warming potential (GWP100) no LT,"global warming potential (GWP100), including biogenic CO2",-5.7454705238342285,kg CO2-Eq,existing mature forest remains standing at constant carbon stock,no new CHP; shared forest history cancels; Northern European electricity and heat markets provide the project's exported energy services,new CHP+CCS vs standing forest and Northern European energy,b792c3bf556f195d07a0
BECCS,SSP2-NPi,2050,2130,IPCC 2021 (incl. biogenic CO2) no LT - climate change: total (incl. biogenic CO2) no LT - global warming potential (GWP100) no LT,"global warming potential (GWP100), including biogenic CO2",-5.7454705238342285,kg CO2-Eq,existing mature forest remains standing at constant carbon stock,no new CHP; shared forest history cancels; Northern European electricity and heat markets provide the project's exported energy services,new CHP+CCS vs standing forest and Northern European energy,b792c3bf556f195d07a0
BECCS,SSP2-NPi,2050,2131,IPCC 2021 (incl. biogenic CO2) no LT - climate change: total (incl. biogenic CO2) no LT - global warming potential (GWP100) no LT,"global warming potential (GWP100), including biogenic CO2",-4.71660041809082,kg CO2-Eq,existing mature forest remains standing at constant carbon stock,no new CHP; shared forest history cancels; Northern European electricity and heat markets provide the project's exported energy services,new CHP+CCS vs standing forest and Northern European energy,b792c3bf556f195d07a0
BECCS,SSP2-NPi,2050,2132,IPCC 2021 (incl. biogenic CO2) no LT - climate change: total (incl. biogenic CO2) no LT - global warming potential (GWP100) no LT,"global warming potential (GWP100), including biogenic CO2",-4.71660041809082,kg CO2-Eq,existing mature forest remains standing at constant carbon stock,no new CHP; shared forest history cancels; Northern European electricity and heat markets provide the project's exported energy services,new CHP+CCS vs standing forest and Northern European energy,b792c3bf556f195d07a0
BECCS,SSP2-NPi,2050,2133,IPCC 2021 (incl. biogenic CO2) no LT - climate change: total (incl. biogenic CO2) no LT - global warming potential (GWP100) no LT,"global warming potential (GWP100), including biogenic CO2",-3.7946414947509766,kg CO2-Eq,existing mature forest remains standing at constant carbon stock,no new CHP; shared forest history cancels; Northern European electricity and heat markets provide the project's exported energy services,new CHP+CCS vs standing forest and Northern European energy,b792c3bf556f195d07a0
BECCS,SSP2-NPi,2050,2134,IPCC 2021 (incl. biogenic CO2) no LT - climate change: total (incl. biogenic CO2) no LT - global warming potential (GWP100) no LT,"global warming potential (GWP100), including biogenic CO2",-3.7960076332092285,kg CO2-Eq,existing mature forest remains standing at constant carbon stock,no new CHP; shared forest history cancels; Northern European electricity and heat markets provide the project's exported energy services,new CHP+CCS vs standing forest and Northern European energy,b792c3bf556f195d07a0
BECCS,SSP2-NPi,2050,2135,IPCC 2021 (incl. biogenic CO2) no LT - climate change: total (incl. biogenic CO2) no LT - global warming potential (GWP100) no LT,"global warming potential (GWP100), including biogenic CO2",-2.977280855178833,kg CO2-Eq,existing mature forest remains standing at constant carbon stock,no new CHP; shared forest history cancels; Northern European electricity and heat markets provide the project's exported energy services,new CHP+CCS vs standing forest and Northern European energy,b792c3bf556f195d07a0
BECCS,SSP2-NPi,2050,2136,IPCC 2021 (incl. biogenic CO2) no LT - climate change: total (incl. biogenic CO2) no LT - global warming potential (GWP100) no LT,"global warming potential (GWP100), including biogenic CO2",-2.978647232055664,kg CO2-Eq,existing mature forest remains standing at constant carbon stock,no new CHP; shared forest history cancels; Northern European electricity and heat markets provide the project's exported energy services,new CHP+CCS vs standing forest and Northern European energy,b792c3bf556f195d07a0
BECCS,SSP2-NPi,2050,2137,IPCC 2021 (incl. biogenic CO2) no LT - climate change: total (incl. biogenic CO2) no LT - global warming potential (GWP100) no LT,"global warming potential (GWP100), including biogenic CO2",-2.304730176925659,kg CO2-Eq,existing mature forest remains standing at constant carbon stock,no new CHP; shared forest history cancels; Northern European electricity and heat markets provide the project's exported energy services,new CHP+CCS vs standing forest and Northern European energy,b792c3bf556f195d07a0
BECCS,SSP2-NPi,2050,2138,IPCC 2021 (incl. biogenic CO2) no LT - climate change: total (incl. biogenic CO2) no LT - global warming potential (GWP100) no LT,"global warming potential (GWP100), including biogenic CO2",-2.306095838546753,kg CO2-Eq,existing mature forest remains standing at constant carbon stock,no new CHP; shared forest history cancels; Northern European electricity and heat markets provide the project's exported energy services,new CHP+CCS vs standing forest and Northern European energy,b792c3bf556f195d07a0
BECCS,SSP2-NPi,2050,2139,IPCC 2021 (incl. biogenic CO2) no LT - climate change: total (incl. biogenic CO2) no LT - global warming potential (GWP100) no LT,"global warming potential (GWP100), including biogenic CO2",-1.7543137073516846,kg CO2-Eq,existing mature forest remains standing at constant carbon stock,no new CHP; shared forest history cancels; Northern European electricity and heat markets provide the project's exported energy services,new CHP+CCS vs standing forest and Northern European energy,b792c3bf556f195d07a0
BECCS,SSP2-NPi,2050,2140,IPCC 2021 (incl. biogenic CO2) no LT - climate change: total (incl. biogenic CO2) no LT - global warming potential (GWP100) no LT,"global warming potential (GWP100), including biogenic CO2",-1.7556796073913574,kg CO2-Eq,existing mature forest remains standing at constant carbon stock,no new CHP; shared forest history cancels; Northern European electricity and heat markets provide the project's exported energy services,new CHP+CCS vs standing forest and Northern European energy,b792c3bf556f195d07a0
BECCS,SSP2-NPi,2050,2141,IPCC 2021 (incl. biogenic CO2) no LT - climate change: total (incl. biogenic CO2) no LT - global warming potential (GWP100) no LT,"global warming potential (GWP100), including biogenic CO2",-1.3058768510818481,kg CO2-Eq,existing mature forest remains standing at constant carbon stock,no new CHP; shared forest history cancels; Northern European electricity and heat markets provide the project's exported energy services,new CHP+CCS vs standing forest and Northern European energy,b792c3bf556f195d07a0
BECCS,SSP2-NPi,2050,2142,IPCC 2021 (incl. biogenic CO2) no LT - climate change: total (incl. biogenic CO2) no LT - global warming potential (GWP100) no LT,"global warming potential (GWP100), including biogenic CO2",-1.3072429895401,kg CO2-Eq,existing mature forest remains standing at constant carbon stock,no new CHP; shared forest history cancels; Northern European electricity and heat markets provide the project's exported energy services,new CHP+CCS vs standing forest and Northern European energy,b792c3bf556f195d07a0
BECCS,SSP2-NPi,2050,2143,IPCC 2021 (incl. biogenic CO2) no LT - climate change: total (incl. biogenic CO2) no LT - global warming potential (GWP100) no LT,"global warming potential (GWP100), including biogenic CO2",-0.9419011473655701,kg CO2-Eq,existing mature forest remains standing at constant carbon stock,no new CHP; shared forest history cancels; Northern European electricity and heat markets provide the project's exported energy services,new CHP+CCS vs standing forest and Northern European energy,b792c3bf556f195d07a0
BECCS,SSP2-NPi,2050,2144,IPCC 2021 (incl. biogenic CO2) no LT - climate change: total (incl. biogenic CO2) no LT - global warming potential (GWP100) no LT,"global warming potential (GWP100), including biogenic CO2",-0.9432670474052429,kg CO2-Eq,existing mature forest remains standing at constant carbon stock,no new CHP; shared forest history cancels; Northern European electricity and heat markets provide the project's exported energy services,new CHP+CCS vs standing forest and Northern European energy,b792c3bf556f195d07a0
BECCS,SSP2-NPi,2050,2145,IPCC 2021 (incl. biogenic CO2) no LT - climate change: total (incl. biogenic CO2) no LT - global warming potential (GWP100) no LT,"global warming potential (GWP100), including biogenic CO2",-0.6474199295043945,kg CO2-Eq,existing mature forest remains standing at constant carbon stock,no new CHP; shared forest history cancels; Northern European electricity and heat markets provide the project's exported energy services,new CHP+CCS vs standing forest and Northern European energy,b792c3bf556f195d07a0
BECCS,SSP2-NPi,2050,2146,IPCC 2021 (incl. biogenic CO2) no LT - climate change: total (incl. biogenic CO2) no LT - global warming potential (GWP100) no LT,"global warming potential (GWP100), including biogenic CO2",-0.6487859487533569,kg CO2-Eq,existing mature forest remains standing at constant carbon stock,no new CHP; shared forest history cancels; Northern European electricity and heat markets provide the project's exported energy services,new CHP+CCS vs standing forest and Northern European energy,b792c3bf556f195d07a0
BECCS,SSP2-NPi,2050,2147,IPCC 2021 (incl. biogenic CO2) no LT - climate change: total (incl. biogenic CO2) no LT - global warming potential (GWP100) no LT,"global warming potential (GWP100), including biogenic CO2",-0.4098171591758728,kg CO2-Eq,existing mature forest remains standing at constant carbon stock,no new CHP; shared forest history cancels; Northern European electricity and heat markets provide the project's exported energy services,new CHP+CCS vs standing forest and Northern European energy,b792c3bf556f195d07a0
BECCS,SSP2-NPi,2050,2148,IPCC 2021 (incl. biogenic CO2) no LT - climate change: total (incl. biogenic CO2) no LT - global warming potential (GWP100) no LT,"global warming potential (GWP100), including biogenic CO2",-0.41118311882019043,kg CO2-Eq,existing mature forest remains standing at constant carbon stock,no new CHP; shared forest history cancels; Northern European electricity and heat markets provide the project's exported energy services,new CHP+CCS vs standing forest and Northern European energy,b792c3bf556f195d07a0
BECCS,SSP2-NPi,2050,2149,IPCC 2021 (incl. biogenic CO2) no LT - climate change: total (incl. biogenic CO2) no LT - global warming potential (GWP100) no LT,"global warming potential (GWP100), including biogenic CO2",-0.21856923401355743,kg CO2-Eq,existing mature forest remains standing at constant carbon stock,no new CHP; shared forest history cancels; Northern European electricity and heat markets provide the project's exported energy services,new CHP+CCS vs standing forest and Northern European energy,b792c3bf556f195d07a0
BECCS,SSP2-NPi,2050,2150,IPCC 2021 (incl. biogenic CO2) no LT - climate change: total (incl. biogenic CO2) no LT - global warming potential (GWP100) no LT,"global warming potential (GWP100), including biogenic CO2",-0.21993519365787506,kg CO2-Eq,existing mature forest remains standing at constant carbon stock,no new CHP; shared forest history cancels; Northern European electricity and heat markets provide the project's exported energy services,new CHP+CCS vs standing forest and Northern European energy,b792c3bf556f195d07a0
BECCS,SSP2-NPi,2050,2151,IPCC 2021 (incl. biogenic CO2) no LT - climate change: total (incl. biogenic CO2) no LT - global warming potential (GWP100) no LT,"global warming potential (GWP100), including biogenic CO2",-0.064970463514328,kg CO2-Eq,existing mature forest remains standing at constant carbon stock,no new CHP; shared forest history cancels; Northern European electricity and heat markets provide the project's exported energy services,new CHP+CCS vs standing forest and Northern European energy,b792c3bf556f195d07a0
BECCS,SSP2-NPi,2050,2152,IPCC 2021 (incl. biogenic CO2) no LT - climate change: total (incl. biogenic CO2) no LT - global warming potential (GWP100) no LT,"global warming potential (GWP100), including biogenic CO2",-0.06633645296096802,kg CO2-Eq,existing mature forest remains standing at constant carbon stock,no new CHP; shared forest history cancels; Northern European electricity and heat markets provide the project's exported energy services,new CHP+CCS vs standing forest and Northern European energy,b792c3bf556f195d07a0
DACCS,SSP2-NPi,2050,1882,IPCC 2021 (incl. biogenic CO2) no LT - climate change: total (incl. biogenic CO2) no LT - global warming potential (GWP100) no LT,"global warming potential (GWP100), including biogenic CO2",-9.237495213199054e-09,kg CO2-Eq,not applicable,no DACCS project,not applicable,3c824ba99bd0e90c137b
DACCS,SSP2-NPi,2050,1883,IPCC 2021 (incl. biogenic CO2) no LT - climate change: total (incl. biogenic CO2) no LT - global warming potential (GWP100) no LT,"global warming potential (GWP100), including biogenic CO2",-2.9849238636359132e-09,kg CO2-Eq,not applicable,no DACCS project,not applicable,3c824ba99bd0e90c137b
DACCS,SSP2-NPi,2050,1884,IPCC 2021 (incl. biogenic CO2) no LT - climate change: total (incl. biogenic CO2) no LT - global warming potential (GWP100) no LT,"global warming potential (GWP100), including biogenic CO2",-3.4644109803139145e-09,kg CO2-Eq,not applicable,no DACCS project,not applicable,3c824ba99bd0e90c137b
DACCS,SSP2-NPi,2050,1885,IPCC 2021 (incl. biogenic CO2) no LT - climate change: total (incl. biogenic CO2) no LT - global warming potential (GWP100) no LT,"global warming potential (GWP100), including biogenic CO2",-3.990718422386408e-09,kg CO2-Eq,not applicable,no DACCS project,not applicable,3c824ba99bd0e90c137b
DACCS,SSP2-NPi,2050,1886,IPCC 2021 (incl. biogenic CO2) no LT - climate change: total (incl. biogenic CO2) no LT - global warming potential (GWP100) no LT,"global warming potential (GWP100), including biogenic CO2",-4.567696887392003e-09,kg CO2-Eq,not applicable,no DACCS project,not applicable,3c824ba99bd0e90c137b
DACCS,SSP2-NPi,2050,1887,IPCC 2021 (incl. biogenic CO2) no LT - climate change: total (incl. biogenic CO2) no LT - global warming potential (GWP100) no LT,"global warming potential (GWP100), including biogenic CO2",-5.170669670206962e-09,kg CO2-Eq,not applicable,no DACCS project,not applicable,3c824ba99bd0e90c137b
DACCS,SSP2-NPi,2050,1888,IPCC 2021 (incl. biogenic CO2) no LT - climate change: total (incl. biogenic CO2) no LT - global warming potential (GWP100) no LT,"global warming potential (GWP100), including biogenic CO2",-3.582260887924349e-08,kg CO2-Eq,not applicable,no DACCS project,not applicable,3c824ba99bd0e90c137b
DACCS,SSP2-NPi,2050,1889,IPCC 2021 (incl. biogenic CO2) no LT - climate change: total (incl. biogenic CO2) no LT - global warming potential (GWP100) no LT,"global warming potential (GWP100), including biogenic CO2",-6.915391281836492e-08,kg CO2-Eq,not applicable,no DACCS project,not applicable,3c824ba99bd0e90c137b
DACCS,SSP2-NPi,2050,1890,IPCC 2021 (incl. biogenic CO2) no LT - climate change: total (incl. biogenic CO2) no LT - global warming potential (GWP100) no LT,"global warming potential (GWP100), including biogenic CO2",-1.0536698624719065e-07,kg CO2-Eq,not applicable,no DACCS project,not applicable,3c824ba99bd0e90c137b
DACCS,SSP2-NPi,2050,1891,IPCC 2021 (incl. biogenic CO2) no LT - climate change: total (incl. biogenic CO2) no LT - global warming potential (GWP100) no LT,"global warming potential (GWP100), including biogenic CO2",-1.8667130063931836e-07,kg CO2-Eq,not applicable,no DACCS project,not applicable,3c824ba99bd0e90c137b
DACCS,SSP2-NPi,2050,1892,IPCC 2021 (incl. biogenic CO2) no LT - climate change: total (incl. biogenic CO2) no LT - global warming potential (GWP100) no LT,"global warming potential (GWP100), including biogenic CO2",-1.9767550440974446e-07,kg CO2-Eq,not applicable,no DACCS project,not applicable,3c824ba99bd0e90c137b
DACCS,SSP2-NPi,2050,1893,IPCC 2021 (incl. biogenic CO2) no LT - climate change: total (incl. biogenic CO2) no LT - global warming potential (GWP100) no LT,"global warming potential (GWP100), including biogenic CO2",-2.481347110006027e-07,kg CO2-Eq,not applicable,no DACCS project,not applicable,3c824ba99bd0e90c137b
DACCS,SSP2-NPi,2050,1894,IPCC 2021 (incl. biogenic CO2) no LT - climate change: total (incl. biogenic CO2) no LT - global warming potential (GWP100) no LT,"global warming potential (GWP100), including biogenic CO2",-2.8794869422199554e-07,kg CO2-Eq,not applicable,no DACCS project,not applicable,3c824ba99bd0e90c137b
DACCS,SSP2-NPi,2050,1895,IPCC 2021 (incl. biogenic CO2) no LT - climate change: total (incl. biogenic CO2) no LT - global warming potential (GWP100) no LT,"global warming potential (GWP100), including biogenic CO2",-3.437966711317131e-07,kg CO2-Eq,not applicable,no DACCS project,not applicable,3c824ba99bd0e90c137b
DACCS,SSP2-NPi,2050,1896,IPCC 2021 (incl. biogenic CO2) no LT - climate change: total (incl. biogenic CO2) no LT - global warming potential (GWP100) no LT,"global warming potential (GWP100), including biogenic CO2",-3.868285034513974e-07,kg CO2-Eq,not applicable,no DACCS project,not applicable,3c824ba99bd0e90c137b
DACCS,SSP2-NPi,2050,1897,IPCC 2021 (incl. biogenic CO2) no LT - climate change: total (incl. biogenic CO2) no LT - global warming potential (GWP100) no LT,"global warming potential (GWP100), including biogenic CO2",-5.84632289246656e-07,kg CO2-Eq,not applicable,no DACCS project,not applicable,3c824ba99bd0e90c137b
DACCS,SSP2-NPi,2050,1898,IPCC 2021 (incl. biogenic CO2) no LT - climate change: total (incl. biogenic CO2) no LT - global warming potential (GWP100) no LT,"global warming potential (GWP100), including biogenic CO2",-7.71020836509706e-07,kg CO2-Eq,not applicable,no DACCS project,not applicable,3c824ba99bd0e90c137b
DACCS,SSP2-NPi,2050,1899,IPCC 2021 (incl. biogenic CO2) no LT - climate change: total (incl. biogenic CO2) no LT - global warming potential (GWP100) no LT,"global warming potential (GWP100), including biogenic CO2",-1.0042623443951015e-06,kg CO2-Eq,not applicable,no DACCS project,not applicable,3c824ba99bd0e90c137b
DACCS,SSP2-NPi,2050,1900,IPCC 2021 (incl. biogenic CO2) no LT - climate change: total (incl. biogenic CO2) no LT - global warming potential (GWP100) no LT,"global warming potential (GWP100), including biogenic CO2",-1.2218357596793794e-06,kg CO2-Eq,not applicable,no DACCS project,not applicable,3c824ba99bd0e90c137b
DACCS,SSP2-NPi,2050,1901,IPCC 2021 (incl. biogenic CO2) no LT - climate change: total (incl. biogenic CO2) no LT - global warming potential (GWP100) no LT,"global warming potential (GWP100), including biogenic CO2",-1.4939781749490066e-06,kg CO2-Eq,not applicable,no DACCS project,not applicable,3c824ba99bd0e90c137b
DACCS,SSP2-NPi,2050,1902,IPCC 2021 (incl. biogenic CO2) no LT - climate change: total (incl. biogenic CO2) no LT - global warming potential (GWP100) no LT,"global warming potential (GWP100), including biogenic CO2",-1.7296864598392858e-06,kg CO2-Eq,not applicable,no DACCS project,not applicable,3c824ba99bd0e90c137b
DACCS,SSP2-NPi,2050,1903,IPCC 2021 (incl. biogenic CO2) no LT - climate change: total (incl. biogenic CO2) no LT - global warming potential (GWP100) no LT,"global warming potential (GWP100), including biogenic CO2",-2.0137326828262303e-06,kg CO2-Eq,not applicable,no DACCS project,not applicable,3c824ba99bd0e90c137b
DACCS,SSP2-NPi,2050,1904,IPCC 2021 (incl. biogenic CO2) no LT - climate change: total (incl. biogenic CO2) no LT - global warming potential (GWP100) no LT,"global warming potential (GWP100), including biogenic CO2",-2.264526756334817e-06,kg CO2-Eq,not applicable,no DACCS project,not applicable,3c824ba99bd0e90c137b
DACCS,SSP2-NPi,2050,1905,IPCC 2021 (incl. biogenic CO2) no LT - climate change: total (incl. biogenic CO2) no LT - global warming potential (GWP100) no LT,"global warming potential (GWP100), including biogenic CO2",-2.857331537597929e-06,kg CO2-Eq,not applicable,no DACCS project,not applicable,3c824ba99bd0e90c137b
DACCS,SSP2-NPi,2050,1906,IPCC 2021 (incl. biogenic CO2) no LT - climate change: total (incl. biogenic CO2) no LT - global warming potential (GWP100) no LT,"global warming potential (GWP100), including biogenic CO2",-2.946589120256249e-06,kg CO2-Eq,not applicable,no DACCS project,not applicable,3c824ba99bd0e90c137b
DACCS,SSP2-NPi,2050,1907,IPCC 2021 (incl. biogenic CO2) no LT - climate change: total (incl. biogenic CO2) no LT - global warming potential (GWP100) no LT,"global warming potential (GWP100), including biogenic CO2",-4.190279923932394e-06,kg CO2-Eq,not applicable,no DACCS project,not applicable,3c824ba99bd0e90c137b
DACCS,SSP2-NPi,2050,1908,IPCC 2021 (incl. biogenic CO2) no LT - climate change: total (incl. biogenic CO2) no LT - global warming potential (GWP100) no LT,"global warming potential (GWP100), including biogenic CO2",-4.970552254235372e-06,kg CO2-Eq,not applicable,no DACCS project,not applicable,3c824ba99bd0e90c137b
DACCS,SSP2-NPi,2050,1909,IPCC 2021 (incl. biogenic CO2) no LT - climate change: total (incl. biogenic CO2) no LT - global warming potential (GWP100) no LT,"global warming potential (GWP100), including biogenic CO2",-5.84667668590555e-06,kg CO2-Eq,not applicable,no DACCS project,not applicable,3c824ba99bd0e90c137b
DACCS,SSP2-NPi,2050,1910,IPCC 2021 (incl. biogenic CO2) no LT - climate change: total (incl. biogenic CO2) no LT - global warming potential (GWP100) no LT,"global warming potential (GWP100), including biogenic CO2",-6.682341336272657e-06,kg CO2-Eq,not applicable,no DACCS project,not applicable,3c824ba99bd0e90c137b
DACCS,SSP2-NPi,2050,1911,IPCC 2021 (incl. biogenic CO2) no LT - climate change: total (incl. biogenic CO2) no LT - global warming potential (GWP100) no LT,"global warming potential (GWP100), including biogenic CO2",-8.131046342896298e-06,kg CO2-Eq,not applicable,no DACCS project,not applicable,3c824ba99bd0e90c137b
DACCS,SSP2-NPi,2050,1912,IPCC 2021 (incl. biogenic CO2) no LT - climate change: total (incl. biogenic CO2) no LT - global warming potential (GWP100) no LT,"global warming potential (GWP100), including biogenic CO2",-9.545923603582196e-06,kg CO2-Eq,not applicable,no DACCS project,not applicable,3c824ba99bd0e90c137b
DACCS,SSP2-NPi,2050,1913,IPCC 2021 (incl. biogenic CO2) no LT - climate change: total (incl. biogenic CO2) no LT - global warming potential (GWP100) no LT,"global warming potential (GWP100), including biogenic CO2",-1.1184552022314165e-05,kg CO2-Eq,not applicable,no DACCS project,not applicable,3c824ba99bd0e90c137b
DACCS,SSP2-NPi,2050,1914,IPCC 2021 (incl. biogenic CO2) no LT - climate change: total (incl. biogenic CO2) no LT - global warming potential (GWP100) no LT,"global warming potential (GWP100), including biogenic CO2",-1.2827235877921339e-05,kg CO2-Eq,not applicable,no DACCS project,not applicable,3c824ba99bd0e90c137b
DACCS,SSP2-NPi,2050,1915,IPCC 2021 (incl. biogenic CO2) no LT - climate change: total (incl. biogenic CO2) no LT - global warming potential (GWP100) no LT,"global warming potential (GWP100), including biogenic CO2",-1.4691766409669071e-05,kg CO2-Eq,not applicable,no DACCS project,not applicable,3c824ba99bd0e90c137b
DACCS,SSP2-NPi,2050,1916,IPCC 2021 (incl. biogenic CO2) no LT - climate change: total (incl. biogenic CO2) no LT - global warming potential (GWP100) no LT,"global warming potential (GWP100), including biogenic CO2",-2.023342858592514e-05,kg CO2-Eq,not applicable,no DACCS project,not applicable,3c824ba99bd0e90c137b
DACCS,SSP2-NPi,2050,1917,IPCC 2021 (incl. biogenic CO2) no LT - climate change: total (incl. biogenic CO2) no LT - global warming potential (GWP100) no LT,"global warming potential (GWP100), including biogenic CO2",-2.342124753340613e-05,kg CO2-Eq,not applicable,no DACCS project,not applicable,3c824ba99bd0e90c137b
DACCS,SSP2-NPi,2050,1918,IPCC 2021 (incl. biogenic CO2) no LT - climate change: total (incl. biogenic CO2) no LT - global warming potential (GWP100) no LT,"global warming potential (GWP100), including biogenic CO2",-2.722777753660921e-05,kg CO2-Eq,not applicable,no DACCS project,not applicable,3c824ba99bd0e90c137b
DACCS,SSP2-NPi,2050,1919,IPCC 2021 (incl. biogenic CO2) no LT - climate change: total (incl. biogenic CO2) no LT - global warming potential (GWP100) no LT,"global warming potential (GWP100), including biogenic CO2",-3.081636896240525e-05,kg CO2-Eq,not applicable,no DACCS project,not applicable,3c824ba99bd0e90c137b
DACCS,SSP2-NPi,2050,1920,IPCC 2021 (incl. biogenic CO2) no LT - climate change: total (incl. biogenic CO2) no LT - global warming potential (GWP100) no LT,"global warming potential (GWP100), including biogenic CO2",-3.5057204513577744e-05,kg CO2-Eq,not applicable,no DACCS project,not applicable,3c824ba99bd0e90c137b
DACCS,SSP2-NPi,2050,1921,IPCC 2021 (incl. biogenic CO2) no LT - climate change: total (incl. biogenic CO2) no LT - global warming potential (GWP100) no LT,"global warming potential (GWP100), including biogenic CO2",-3.903979086317122e-05,kg CO2-Eq,not applicable,no DACCS project,not applicable,3c824ba99bd0e90c137b
DACCS,SSP2-NPi,2050,1922,IPCC 2021 (incl. biogenic CO2) no LT - climate change: total (incl. biogenic CO2) no LT - global warming potential (GWP100) no LT,"global warming potential (GWP100), including biogenic CO2",-4.398053351906128e-05,kg CO2-Eq,not applicable,no DACCS project,not applicable,3c824ba99bd0e90c137b
DACCS,SSP2-NPi,2050,1923,IPCC 2021 (incl. biogenic CO2) no LT - climate change: total (incl. biogenic CO2) no LT - global warming potential (GWP100) no LT,"global warming potential (GWP100), including biogenic CO2",-4.9422149459132925e-05,kg CO2-Eq,not applicable,no DACCS project,not applicable,3c824ba99bd0e90c137b
DACCS,SSP2-NPi,2050,1924,IPCC 2021 (incl. biogenic CO2) no LT - climate change: total (incl. biogenic CO2) no LT - global warming potential (GWP100) no LT,"global warming potential (GWP100), including biogenic CO2",-5.446748036774807e-05,kg CO2-Eq,not applicable,no DACCS project,not applicable,3c824ba99bd0e90c137b
DACCS,SSP2-NPi,2050,1925,IPCC 2021 (incl. biogenic CO2) no LT - climate change: total (incl. biogenic CO2) no LT - global warming potential (GWP100) no LT,"global warming potential (GWP100), including biogenic CO2",-5.858845906914212e-05,kg CO2-Eq,not applicable,no DACCS project,not applicable,3c824ba99bd0e90c137b
DACCS,SSP2-NPi,2050,1926,IPCC 2021 (incl. biogenic CO2) no LT - climate change: total (incl. biogenic CO2) no LT - global warming potential (GWP100) no LT,"global warming potential (GWP100), including biogenic CO2",-6.179113552207127e-05,kg CO2-Eq,not applicable,no DACCS project,not applicable,3c824ba99bd0e90c137b
DACCS,SSP2-NPi,2050,1927,IPCC 2021 (incl. biogenic CO2) no LT - climate change: total (incl. biogenic CO2) no LT - global warming potential (GWP100) no LT,"global warming potential (GWP100), including biogenic CO2",-0.0036422288976609707,kg CO2-Eq,not applicable,no DACCS project,not applicable,3c824ba99bd0e90c137b
DACCS,SSP2-NPi,2050,1928,IPCC 2021 (incl. biogenic CO2) no LT - climate change: total (incl. biogenic CO2) no LT - global warming potential (GWP100) no LT,"global warming potential (GWP100), including biogenic CO2",-0.00034375122049823403,kg CO2-Eq,not applicable,no DACCS project,not applicable,3c824ba99bd0e90c137b
DACCS,SSP2-NPi,2050,1929,IPCC 2021 (incl. biogenic CO2) no LT - climate change: total (incl. biogenic CO2) no LT - global warming potential (GWP100) no LT,"global warming potential (GWP100), including biogenic CO2",-0.0003703777038026601,kg CO2-Eq,not applicable,no DACCS project,not applicable,3c824ba99bd0e90c137b
DACCS,SSP2-NPi,2050,1930,IPCC 2021 (incl. biogenic CO2) no LT - climate change: total (incl. biogenic CO2) no LT - global warming potential (GWP100) no LT,"global warming potential (GWP100), including biogenic CO2",-0.0004007659445051104,kg CO2-Eq,not applicable,no DACCS project,not applicable,3c824ba99bd0e90c137b
DACCS,SSP2-NPi,2050,1931,IPCC 2021 (incl. biogenic CO2) no LT - climate change: total (incl. biogenic CO2) no LT - global warming potential (GWP100) no LT,"global warming potential (GWP100), including biogenic CO2",-0.00043157333857379854,kg CO2-Eq,not applicable,no DACCS project,not applicable,3c824ba99bd0e90c137b
DACCS,SSP2-NPi,2050,1932,IPCC 2021 (incl. biogenic CO2) no LT - climate change: total (incl. biogenic CO2) no LT - global warming potential (GWP100) no LT,"global warming potential (GWP100), including biogenic CO2",-0.00046513305278494954,kg CO2-Eq,not applicable,no DACCS project,not applicable,3c824ba99bd0e90c137b
DACCS,SSP2-NPi,2050,1933,IPCC 2021 (incl. biogenic CO2) no LT - climate change: total (incl. biogenic CO2) no LT - global warming potential (GWP100) no LT,"global warming potential (GWP100), including biogenic CO2",-0.0005009145243093371,kg CO2-Eq,not applicable,no DACCS project,not applicable,3c824ba99bd0e90c137b
DACCS,SSP2-NPi,2050,1934,IPCC 2021 (incl. biogenic CO2) no LT - climate change: total (incl. biogenic CO2) no LT - global warming potential (GWP100) no LT,"global warming potential (GWP100), including biogenic CO2",-0.0005397087661549449,kg CO2-Eq,not applicable,no DACCS project,not applicable,3c824ba99bd0e90c137b
DACCS,SSP2-NPi,2050,1935,IPCC 2021 (incl. biogenic CO2) no LT - climate change: total (incl. biogenic CO2) no LT - global warming potential (GWP100) no LT,"global warming potential (GWP100), including biogenic CO2",-0.0005811023293063045,kg CO2-Eq,not applicable,no DACCS project,not applicable,3c824ba99bd0e90c137b
DACCS,SSP2-NPi,2050,1936,IPCC 2021 (incl. biogenic CO2) no LT - climate change: total (incl. biogenic CO2) no LT - global warming potential (GWP100) no LT,"global warming potential (GWP100), including biogenic CO2",-0.016752691939473152,kg CO2-Eq,not applicable,no DACCS project,not applicable,3c824ba99bd0e90c137b
DACCS,SSP2-NPi,2050,1937,IPCC 2021 (incl. biogenic CO2) no LT - climate change: total (incl. biogenic CO2) no LT - global warming potential (GWP100) no LT,"global warming potential (GWP100), including biogenic CO2",-0.0006767596350982785,kg CO2-Eq,not applicable,no DACCS project,not applicable,3c824ba99bd0e90c137b
DACCS,SSP2-NPi,2050,1938,IPCC 2021 (incl. biogenic CO2) no LT - climate change: total (incl. biogenic CO2) no LT - global warming potential (GWP100) no LT,"global warming potential (GWP100), including biogenic CO2",-0.0034934445284307003,kg CO2-Eq,not applicable,no DACCS project,not applicable,3c824ba99bd0e90c137b
DACCS,SSP2-NPi,2050,1939,IPCC 2021 (incl. biogenic CO2) no LT - climate change: total (incl. biogenic CO2) no LT - global warming potential (GWP100) no LT,"global warming potential (GWP100), including biogenic CO2",-0.0007865156512707472,kg CO2-Eq,not applicable,no DACCS project,not applicable,3c824ba99bd0e90c137b
DACCS,SSP2-NPi,2050,1940,IPCC 2021 (incl. biogenic CO2) no LT - climate change: total (incl. biogenic CO2) no LT - global warming potential (GWP100) no LT,"global warming potential (GWP100), including biogenic CO2",-0.0040756347589194775,kg CO2-Eq,not applicable,no DACCS project,not applicable,3c824ba99bd0e90c137b
DACCS,SSP2-NPi,2050,1941,IPCC 2021 (incl. biogenic CO2) no LT - climate change: total (incl. biogenic CO2) no LT - global warming potential (GWP100) no LT,"global warming potential (GWP100), including biogenic CO2",-0.0009104138589464128,kg CO2-Eq,not applicable,no DACCS project,not applicable,3c824ba99bd0e90c137b
DACCS,SSP2-NPi,2050,1942,IPCC 2021 (incl. biogenic CO2) no LT - climate change: total (incl. biogenic CO2) no LT - global warming potential (GWP100) no LT,"global warming potential (GWP100), including biogenic CO2",-0.0047499933280050755,kg CO2-Eq,not applicable,no DACCS project,not applicable,3c824ba99bd0e90c137b
DACCS,SSP2-NPi,2050,1943,IPCC 2021 (incl. biogenic CO2) no LT - climate change: total (incl. biogenic CO2) no LT - global warming potential (GWP100) no LT,"global warming potential (GWP100), including biogenic CO2",-0.0010525449179112911,kg CO2-Eq,not applicable,no DACCS project,not applicable,3c824ba99bd0e90c137b
DACCS,SSP2-NPi,2050,1944,IPCC 2021 (incl. biogenic CO2) no LT - climate change: total (incl. biogenic CO2) no LT - global warming potential (GWP100) no LT,"global warming potential (GWP100), including biogenic CO2",-0.005530642345547676,kg CO2-Eq,not applicable,no DACCS project,not applicable,3c824ba99bd0e90c137b
DACCS,SSP2-NPi,2050,1945,IPCC 2021 (incl. biogenic CO2) no LT - climate change: total (incl. biogenic CO2) no LT - global warming potential (GWP100) no LT,"global warming potential (GWP100), including biogenic CO2",-0.0012151289265602827,kg CO2-Eq,not applicable,no DACCS project,not applicable,3c824ba99bd0e90c137b
DACCS,SSP2-NPi,2050,1946,IPCC 2021 (incl. biogenic CO2) no LT - climate change: total (incl. biogenic CO2) no LT - global warming potential (GWP100) no LT,"global warming potential (GWP100), including biogenic CO2",-0.006432460155338049,kg CO2-Eq,not applicable,no DACCS project,not applicable,3c824ba99bd0e90c137b
DACCS,SSP2-NPi,2050,1947,IPCC 2021 (incl. biogenic CO2) no LT - climate change: total (incl. biogenic CO2) no LT - global warming potential (GWP100) no LT,"global warming potential (GWP100), including biogenic CO2",-0.0014004451222717762,kg CO2-Eq,not applicable,no DACCS project,not applicable,3c824ba99bd0e90c137b
DACCS,SSP2-NPi,2050,1948,IPCC 2021 (incl. biogenic CO2) no LT - climate change: total (incl. biogenic CO2) no LT - global warming potential (GWP100) no LT,"global warming potential (GWP100), including biogenic CO2",-0.0074795205146074295,kg CO2-Eq,not applicable,no DACCS project,not applicable,3c824ba99bd0e90c137b
DACCS,SSP2-NPi,2050,1949,IPCC 2021 (incl. biogenic CO2) no LT - climate change: total (incl. biogenic CO2) no LT - global warming potential (GWP100) no LT,"global warming potential (GWP100), including biogenic CO2",-0.001614319160580635,kg CO2-Eq,not applicable,no DACCS project,not applicable,3c824ba99bd0e90c137b
DACCS,SSP2-NPi,2050,1950,IPCC 2021 (incl. biogenic CO2) no LT - climate change: total (incl. biogenic CO2) no LT - global warming potential (GWP100) no LT,"global warming potential (GWP100), including biogenic CO2",-0.013769770972430706,kg CO2-Eq,not applicable,no DACCS project,not applicable,3c824ba99bd0e90c137b
DACCS,SSP2-NPi,2050,1951,IPCC 2021 (incl. biogenic CO2) no LT - climate change: total (incl. biogenic CO2) no LT - global warming potential (GWP100) no LT,"global warming potential (GWP100), including biogenic CO2",-0.0023370629642158747,kg CO2-Eq,not applicable,no DACCS project,not applicable,3c824ba99bd0e90c137b
DACCS,SSP2-NPi,2050,1952,IPCC 2021 (incl. biogenic CO2) no LT - climate change: total (incl. biogenic CO2) no LT - global warming potential (GWP100) no LT,"global warming potential (GWP100), including biogenic CO2",-0.010568337514996529,kg CO2-Eq,not applicable,no DACCS project,not applicable,3c824ba99bd0e90c137b
DACCS,SSP2-NPi,2050,1953,IPCC 2021 (incl. biogenic CO2) no LT - climate change: total (incl. biogenic CO2) no LT - global warming potential (GWP100) no LT,"global warming potential (GWP100), including biogenic CO2",-0.002701385412365198,kg CO2-Eq,not applicable,no DACCS project,not applicable,3c824ba99bd0e90c137b
DACCS,SSP2-NPi,2050,1954,IPCC 2021 (incl. biogenic CO2) no LT - climate change: total (incl. biogenic CO2) no LT - global warming potential (GWP100) no LT,"global warming potential (GWP100), including biogenic CO2",-0.012233969755470753,kg CO2-Eq,not applicable,no DACCS project,not applicable,3c824ba99bd0e90c137b
DACCS,SSP2-NPi,2050,1955,IPCC 2021 (incl. biogenic CO2) no LT - climate change: total (incl. biogenic CO2) no LT - global warming potential (GWP100) no LT,"global warming potential (GWP100), including biogenic CO2",-0.0031158425845205784,kg CO2-Eq,not applicable,no DACCS project,not applicable,3c824ba99bd0e90c137b
DACCS,SSP2-NPi,2050,1956,IPCC 2021 (incl. biogenic CO2) no LT - climate change: total (incl. biogenic CO2) no LT - global warming potential (GWP100) no LT,"global warming potential (GWP100), including biogenic CO2",-0.014131184667348862,kg CO2-Eq,not applicable,no DACCS project,not applicable,3c824ba99bd0e90c137b
DACCS,SSP2-NPi,2050,1957,IPCC 2021 (incl. biogenic CO2) no LT - climate change: total (incl. biogenic CO2) no LT - global warming potential (GWP100) no LT,"global warming potential (GWP100), including biogenic CO2",-0.0036009084433317184,kg CO2-Eq,not applicable,no DACCS project,not applicable,3c824ba99bd0e90c137b
DACCS,SSP2-NPi,2050,1958,IPCC 2021 (incl. biogenic CO2) no LT - climate change: total (incl. biogenic CO2) no LT - global warming potential (GWP100) no LT,"global warming potential (GWP100), including biogenic CO2",-0.016275564208626747,kg CO2-Eq,not applicable,no DACCS project,not applicable,3c824ba99bd0e90c137b
DACCS,SSP2-NPi,2050,1959,IPCC 2021 (incl. biogenic CO2) no LT - climate change: total (incl. biogenic CO2) no LT - global warming potential (GWP100) no LT,"global warming potential (GWP100), including biogenic CO2",-0.004105965606868267,kg CO2-Eq,not applicable,no DACCS project,not applicable,3c824ba99bd0e90c137b
DACCS,SSP2-NPi,2050,1960,IPCC 2021 (incl. biogenic CO2) no LT - climate change: total (incl. biogenic CO2) no LT - global warming potential (GWP100) no LT,"global warming potential (GWP100), including biogenic CO2",-0.018689580261707306,kg CO2-Eq,not applicable,no DACCS project,not applicable,3c824ba99bd0e90c137b
DACCS,SSP2-NPi,2050,1961,IPCC 2021 (incl. biogenic CO2) no LT - climate change: total (incl. biogenic CO2) no LT - global warming potential (GWP100) no LT,"global warming potential (GWP100), including biogenic CO2",-0.004687481094151735,kg CO2-Eq,not applicable,no DACCS project,not applicable,3c824ba99bd0e90c137b
DACCS,SSP2-NPi,2050,1962,IPCC 2021 (incl. biogenic CO2) no LT - climate change: total (incl. biogenic CO2) no LT - global warming potential (GWP100) no LT,"global warming potential (GWP100), including biogenic CO2",-0.02139137126505375,kg CO2-Eq,not applicable,no DACCS project,not applicable,3c824ba99bd0e90c137b
DACCS,SSP2-NPi,2050,1963,IPCC 2021 (incl. biogenic CO2) no LT - climate change: total (incl. biogenic CO2) no LT - global warming potential (GWP100) no LT,"global warming potential (GWP100), including biogenic CO2",-0.005333063192665577,kg CO2-Eq,not applicable,no DACCS project,not applicable,3c824ba99bd0e90c137b
DACCS,SSP2-NPi,2050,1964,IPCC 2021 (incl. biogenic CO2) no LT - climate change: total (incl. biogenic CO2) no LT - global warming potential (GWP100) no LT,"global warming potential (GWP100), including biogenic CO2",-0.02439231052994728,kg CO2-Eq,not applicable,no DACCS project,not applicable,3c824ba99bd0e90c137b
DACCS,SSP2-NPi,2050,1965,IPCC 2021 (incl. biogenic CO2) no LT - climate change: total (incl. biogenic CO2) no LT - global warming potential (GWP100) no LT,"global warming potential (GWP100), including biogenic CO2",-0.00604443671181798,kg CO2-Eq,not applicable,no DACCS project,not applicable,3c824ba99bd0e90c137b
DACCS,SSP2-NPi,2050,1966,IPCC 2021 (incl. biogenic CO2) no LT - climate change: total (incl. biogenic CO2) no LT - global warming potential (GWP100) no LT,"global warming potential (GWP100), including biogenic CO2",-0.027696246281266212,kg CO2-Eq,not applicable,no DACCS project,not applicable,3c824ba99bd0e90c137b
DACCS,SSP2-NPi,2050,1967,IPCC 2021 (incl. biogenic CO2) no LT - climate change: total (incl. biogenic CO2) no LT - global warming potential (GWP100) no LT,"global warming potential (GWP100), including biogenic CO2",-0.006821542978286743,kg CO2-Eq,not applicable,no DACCS project,not applicable,3c824ba99bd0e90c137b
DACCS,SSP2-NPi,2050,1968,IPCC 2021 (incl. biogenic CO2) no LT - climate change: total (incl. biogenic CO2) no LT - global warming potential (GWP100) no LT,"global warming potential (GWP100), including biogenic CO2",-0.04639820009469986,kg CO2-Eq,not applicable,no DACCS project,not applicable,3c824ba99bd0e90c137b
DACCS,SSP2-NPi,2050,1969,IPCC 2021 (incl. biogenic CO2) no LT - climate change: total (incl. biogenic CO2) no LT - global warming potential (GWP100) no LT,"global warming potential (GWP100), including biogenic CO2",-0.007668559439480305,kg CO2-Eq,not applicable,no DACCS project,not applicable,3c824ba99bd0e90c137b
DACCS,SSP2-NPi,2050,1970,IPCC 2021 (incl. biogenic CO2) no LT - climate change: total (incl. biogenic CO2) no LT - global warming potential (GWP100) no LT,"global warming potential (GWP100), including biogenic CO2",-0.038882844150066376,kg CO2-Eq,not applicable,no DACCS project,not applicable,3c824ba99bd0e90c137b
DACCS,SSP2-NPi,2050,1971,IPCC 2021 (incl. biogenic CO2) no LT - climate change: total (incl. biogenic CO2) no LT - global warming potential (GWP100) no LT,"global warming potential (GWP100), including biogenic CO2",-0.0085915457457304,kg CO2-Eq,not applicable,no DACCS project,not applicable,3c824ba99bd0e90c137b
DACCS,SSP2-NPi,2050,1972,IPCC 2021 (incl. biogenic CO2) no LT - climate change: total (incl. biogenic CO2) no LT - global warming potential (GWP100) no LT,"global warming potential (GWP100), including biogenic CO2",-0.0439058318734169,kg CO2-Eq,not applicable,no DACCS project,not applicable,3c824ba99bd0e90c137b
DACCS,SSP2-NPi,2050,1973,IPCC 2021 (incl. biogenic CO2) no LT - climate change: total (incl. biogenic CO2) no LT - global warming potential (GWP100) no LT,"global warming potential (GWP100), including biogenic CO2",-0.009554693475365639,kg CO2-Eq,not applicable,no DACCS project,not applicable,3c824ba99bd0e90c137b
DACCS,SSP2-NPi,2050,1974,IPCC 2021 (incl. biogenic CO2) no LT - climate change: total (incl. biogenic CO2) no LT - global warming potential (GWP100) no LT,"global warming potential (GWP100), including biogenic CO2",-0.04932556301355362,kg CO2-Eq,not applicable,no DACCS project,not applicable,3c824ba99bd0e90c137b
DACCS,SSP2-NPi,2050,1975,IPCC 2021 (incl. biogenic CO2) no LT - climate change: total (incl. biogenic CO2) no LT - global warming potential (GWP100) no LT,"global warming potential (GWP100), including biogenic CO2",-0.010573542676866055,kg CO2-Eq,not applicable,no DACCS project,not applicable,3c824ba99bd0e90c137b
DACCS,SSP2-NPi,2050,1976,IPCC 2021 (incl. biogenic CO2) no LT - climate change: total (incl. biogenic CO2) no LT - global warming potential (GWP100) no LT,"global warming potential (GWP100), including biogenic CO2",-0.055111512541770935,kg CO2-Eq,not applicable,no DACCS project,not applicable,3c824ba99bd0e90c137b
DACCS,SSP2-NPi,2050,1977,IPCC 2021 (incl. biogenic CO2) no LT - climate change: total (incl. biogenic CO2) no LT - global warming potential (GWP100) no LT,"global warming potential (GWP100), including biogenic CO2",-0.011628003790974617,kg CO2-Eq,not applicable,no DACCS project,not applicable,3c824ba99bd0e90c137b
DACCS,SSP2-NPi,2050,1978,IPCC 2021 (incl. biogenic CO2) no LT - climate change: total (incl. biogenic CO2) no LT - global warming potential (GWP100) no LT,"global warming potential (GWP100), including biogenic CO2",-0.0612175427377224,kg CO2-Eq,not applicable,no DACCS project,not applicable,3c824ba99bd0e90c137b
DACCS,SSP2-NPi,2050,1979,IPCC 2021 (incl. biogenic CO2) no LT - climate change: total (incl. biogenic CO2) no LT - global warming potential (GWP100) no LT,"global warming potential (GWP100), including biogenic CO2",-0.012700705789029598,kg CO2-Eq,not applicable,no DACCS project,not applicable,3c824ba99bd0e90c137b
DACCS,SSP2-NPi,2050,1980,IPCC 2021 (incl. biogenic CO2) no LT - climate change: total (incl. biogenic CO2) no LT - global warming potential (GWP100) no LT,"global warming potential (GWP100), including biogenic CO2",-0.06757941842079163,kg CO2-Eq,not applicable,no DACCS project,not applicable,3c824ba99bd0e90c137b
DACCS,SSP2-NPi,2050,1981,IPCC 2021 (incl. biogenic CO2) no LT - climate change: total (incl. biogenic CO2) no LT - global warming potential (GWP100) no LT,"global warming potential (GWP100), including biogenic CO2",-0.013769164681434631,kg CO2-Eq,not applicable,no DACCS project,not applicable,3c824ba99bd0e90c137b
DACCS,SSP2-NPi,2050,1982,IPCC 2021 (incl. biogenic CO2) no LT - climate change: total (incl. biogenic CO2) no LT - global warming potential (GWP100) no LT,"global warming potential (GWP100), including biogenic CO2",-0.07412503659725189,kg CO2-Eq,not applicable,no DACCS project,not applicable,3c824ba99bd0e90c137b
DACCS,SSP2-NPi,2050,1983,IPCC 2021 (incl. biogenic CO2) no LT - climate change: total (incl. biogenic CO2) no LT - global warming potential (GWP100) no LT,"global warming potential (GWP100), including biogenic CO2",-0.014812507666647434,kg CO2-Eq,not applicable,no DACCS project,not applicable,3c824ba99bd0e90c137b
DACCS,SSP2-NPi,2050,1984,IPCC 2021 (incl. biogenic CO2) no LT - climate change: total (incl. biogenic CO2) no LT - global warming potential (GWP100) no LT,"global warming potential (GWP100), including biogenic CO2",-0.08077007532119751,kg CO2-Eq,not applicable,no DACCS project,not applicable,3c824ba99bd0e90c137b
DACCS,SSP2-NPi,2050,1985,IPCC 2021 (incl. biogenic CO2) no LT - climate change: total (incl. biogenic CO2) no LT - global warming potential (GWP100) no LT,"global warming potential (GWP100), including biogenic CO2",-0.01580318808555603,kg CO2-Eq,not applicable,no DACCS project,not applicable,3c824ba99bd0e90c137b
DACCS,SSP2-NPi,2050,1986,IPCC 2021 (incl. biogenic CO2) no LT - climate change: total (incl. biogenic CO2) no LT - global warming potential (GWP100) no LT,"global warming potential (GWP100), including biogenic CO2",-0.08742128312587738,kg CO2-Eq,not applicable,no DACCS project,not applicable,3c824ba99bd0e90c137b
DACCS,SSP2-NPi,2050,1987,IPCC 2021 (incl. biogenic CO2) no LT - climate change: total (incl. biogenic CO2) no LT - global warming potential (GWP100) no LT,"global warming potential (GWP100), including biogenic CO2",-0.016710923984646797,kg CO2-Eq,not applicable,no DACCS project,not applicable,3c824ba99bd0e90c137b
DACCS,SSP2-NPi,2050,1988,IPCC 2021 (incl. biogenic CO2) no LT - climate change: total (incl. biogenic CO2) no LT - global warming potential (GWP100) no LT,"global warming potential (GWP100), including biogenic CO2",-0.09397844970226288,kg CO2-Eq,not applicable,no DACCS project,not applicable,3c824ba99bd0e90c137b
DACCS,SSP2-NPi,2050,1989,IPCC 2021 (incl. biogenic CO2) no LT - climate change: total (incl. biogenic CO2) no LT - global warming potential (GWP100) no LT,"global warming potential (GWP100), including biogenic CO2",-0.017528951168060303,kg CO2-Eq,not applicable,no DACCS project,not applicable,3c824ba99bd0e90c137b
DACCS,SSP2-NPi,2050,1990,IPCC 2021 (incl. biogenic CO2) no LT - climate change: total (incl. biogenic CO2) no LT - global warming potential (GWP100) no LT,"global warming potential (GWP100), including biogenic CO2",-0.11289814114570618,kg CO2-Eq,not applicable,no DACCS project,not applicable,3c824ba99bd0e90c137b
DACCS,SSP2-NPi,2050,1991,IPCC 2021 (incl. biogenic CO2) no LT - climate change: total (incl. biogenic CO2) no LT - global warming potential (GWP100) no LT,"global warming potential (GWP100), including biogenic CO2",-0.018157687038183212,kg CO2-Eq,not applicable,no DACCS project,not applicable,3c824ba99bd0e90c137b
DACCS,SSP2-NPi,2050,1992,IPCC 2021 (incl. biogenic CO2) no LT - climate change: total (incl. biogenic CO2) no LT - global warming potential (GWP100) no LT,"global warming potential (GWP100), including biogenic CO2",-0.11072485893964767,kg CO2-Eq,not applicable,no DACCS project,not applicable,3c824ba99bd0e90c137b
DACCS,SSP2-NPi,2050,1993,IPCC 2021 (incl. biogenic CO2) no LT - climate change: total (incl. biogenic CO2) no LT - global warming potential (GWP100) no LT,"global warming potential (GWP100), including biogenic CO2",-0.01863028109073639,kg CO2-Eq,not applicable,no DACCS project,not applicable,3c824ba99bd0e90c137b
DACCS,SSP2-NPi,2050,1994,IPCC 2021 (incl. biogenic CO2) no LT - climate change: total (incl. biogenic CO2) no LT - global warming potential (GWP100) no LT,"global warming potential (GWP100), including biogenic CO2",-0.11778085678815842,kg CO2-Eq,not applicable,no DACCS project,not applicable,3c824ba99bd0e90c137b
DACCS,SSP2-NPi,2050,1995,IPCC 2021 (incl. biogenic CO2) no LT - climate change: total (incl. biogenic CO2) no LT - global warming potential (GWP100) no LT,"global warming potential (GWP100), including biogenic CO2",-0.018895961344242096,kg CO2-Eq,not applicable,no DACCS project,not applicable,3c824ba99bd0e90c137b
DACCS,SSP2-NPi,2050,1996,IPCC 2021 (incl. biogenic CO2) no LT - climate change: total (incl. biogenic CO2) no LT - global warming potential (GWP100) no LT,"global warming potential (GWP100), including biogenic CO2",-0.12468501180410385,kg CO2-Eq,not applicable,no DACCS project,not applicable,3c824ba99bd0e90c137b
DACCS,SSP2-NPi,2050,1997,IPCC 2021 (incl. biogenic CO2) no LT - climate change: total (incl. biogenic CO2) no LT - global warming potential (GWP100) no LT,"global warming potential (GWP100), including biogenic CO2",-0.0189370084553957,kg CO2-Eq,not applicable,no DACCS project,not applicable,3c824ba99bd0e90c137b
DACCS,SSP2-NPi,2050,1998,IPCC 2021 (incl. biogenic CO2) no LT - climate change: total (incl. biogenic CO2) no LT - global warming potential (GWP100) no LT,"global warming potential (GWP100), including biogenic CO2",-0.13137167692184448,kg CO2-Eq,not applicable,no DACCS project,not applicable,3c824ba99bd0e90c137b
DACCS,SSP2-NPi,2050,1999,IPCC 2021 (incl. biogenic CO2) no LT - climate change: total (incl. biogenic CO2) no LT - global warming potential (GWP100) no LT,"global warming potential (GWP100), including biogenic CO2",-0.018750106915831566,kg CO2-Eq,not applicable,no DACCS project,not applicable,3c824ba99bd0e90c137b
DACCS,SSP2-NPi,2050,2000,IPCC 2021 (incl. biogenic CO2) no LT - climate change: total (incl. biogenic CO2) no LT - global warming potential (GWP100) no LT,"global warming potential (GWP100), including biogenic CO2",-0.13777105510234833,kg CO2-Eq,not applicable,no DACCS project,not applicable,3c824ba99bd0e90c137b
DACCS,SSP2-NPi,2050,2001,IPCC 2021 (incl. biogenic CO2) no LT - climate change: total (incl. biogenic CO2) no LT - global warming potential (GWP100) no LT,"global warming potential (GWP100), including biogenic CO2",-0.018351402133703232,kg CO2-Eq,not applicable,no DACCS project,not applicable,3c824ba99bd0e90c137b
DACCS,SSP2-NPi,2050,2002,IPCC 2021 (incl. biogenic CO2) no LT - climate change: total (incl. biogenic CO2) no LT - global warming potential (GWP100) no LT,"global warming potential (GWP100), including biogenic CO2",-0.14378699660301208,kg CO2-Eq,not applicable,no DACCS project,not applicable,3c824ba99bd0e90c137b
DACCS,SSP2-NPi,2050,2003,IPCC 2021 (incl. biogenic CO2) no LT - climate change: total (incl. biogenic CO2) no LT - global warming potential (GWP100) no LT,"global warming potential (GWP100), including biogenic CO2",-0.01775668002665043,kg CO2-Eq,not applicable,no DACCS project,not applicable,3c824ba99bd0e90c137b
DACCS,SSP2-NPi,2050,2004,IPCC 2021 (incl. biogenic CO2) no LT - climate change: total (incl. biogenic CO2) no LT - global warming potential (GWP100) no LT,"global warming potential (GWP100), including biogenic CO2",-0.14930762350559235,kg CO2-Eq,not applicable,no DACCS project,not applicable,3c824ba99bd0e90c137b
DACCS,SSP2-NPi,2050,2005,IPCC 2021 (incl. biogenic CO2) no LT - climate change: total (incl. biogenic CO2) no LT - global warming potential (GWP100) no LT,"global warming potential (GWP100), including biogenic CO2",-0.015317444689571857,kg CO2-Eq,not applicable,no DACCS project,not applicable,3c824ba99bd0e90c137b
DACCS,SSP2-NPi,2050,2006,IPCC 2021 (incl. biogenic CO2) no LT - climate change: total (incl. biogenic CO2) no LT - global warming potential (GWP100) no LT,"global warming potential (GWP100), including biogenic CO2",-0.15380187332630157,kg CO2-Eq,not applicable,no DACCS project,not applicable,3c824ba99bd0e90c137b
DACCS,SSP2-NPi,2050,2007,IPCC 2021 (incl. biogenic CO2) no LT - climate change: total (incl. biogenic CO2) no LT - global warming potential (GWP100) no LT,"global warming potential (GWP100), including biogenic CO2",-0.015676312148571014,kg CO2-Eq,not applicable,no DACCS project,not applicable,3c824ba99bd0e90c137b
DACCS,SSP2-NPi,2050,2008,IPCC 2021 (incl. biogenic CO2) no LT - climate change: total (incl. biogenic CO2) no LT - global warming potential (GWP100) no LT,"global warming potential (GWP100), including biogenic CO2",-0.1578599214553833,kg CO2-Eq,not applicable,no DACCS project,not applicable,3c824ba99bd0e90c137b
DACCS,SSP2-NPi,2050,2009,IPCC 2021 (incl. biogenic CO2) no LT - climate change: total (incl. biogenic CO2) no LT - global warming potential (GWP100) no LT,"global warming potential (GWP100), including biogenic CO2",-0.014650327153503895,kg CO2-Eq,not applicable,no DACCS project,not applicable,3c824ba99bd0e90c137b
DACCS,SSP2-NPi,2050,2010,IPCC 2021 (incl. biogenic CO2) no LT - climate change: total (incl. biogenic CO2) no LT - global warming potential (GWP100) no LT,"global warming potential (GWP100), including biogenic CO2",-0.1620534509420395,kg CO2-Eq,not applicable,no DACCS project,not applicable,3c824ba99bd0e90c137b
DACCS,SSP2-NPi,2050,2011,IPCC 2021 (incl. biogenic CO2) no LT - climate change: total (incl. biogenic CO2) no LT - global warming potential (GWP100) no LT,"global warming potential (GWP100), including biogenic CO2",-0.010891640558838844,kg CO2-Eq,not applicable,no DACCS project,not applicable,3c824ba99bd0e90c137b
DACCS,SSP2-NPi,2050,2012,IPCC 2021 (incl. biogenic CO2) no LT - climate change: total (incl. biogenic CO2) no LT - global warming potential (GWP100) no LT,"global warming potential (GWP100), including biogenic CO2",-0.15611493587493896,kg CO2-Eq,not applicable,no DACCS project,not applicable,3c824ba99bd0e90c137b
DACCS,SSP2-NPi,2050,2013,IPCC 2021 (incl. biogenic CO2) no LT - climate change: total (incl. biogenic CO2) no LT - global warming potential (GWP100) no LT,"global warming potential (GWP100), including biogenic CO2",-0.002285073045641184,kg CO2-Eq,not applicable,no DACCS project,not applicable,3c824ba99bd0e90c137b
DACCS,SSP2-NPi,2050,2014,IPCC 2021 (incl. biogenic CO2) no LT - climate change: total (incl. biogenic CO2) no LT - global warming potential (GWP100) no LT,"global warming potential (GWP100), including biogenic CO2",-0.1485835313796997,kg CO2-Eq,not applicable,no DACCS project,not applicable,3c824ba99bd0e90c137b
DACCS,SSP2-NPi,2050,2015,IPCC 2021 (incl. biogenic CO2) no LT - climate change: total (incl. biogenic CO2) no LT - global warming potential (GWP100) no LT,"global warming potential (GWP100), including biogenic CO2",0.006050529424101114,kg CO2-Eq,not applicable,no DACCS project,not applicable,3c824ba99bd0e90c137b
DACCS,SSP2-NPi,2050,2016,IPCC 2021 (incl. biogenic CO2) no LT - climate change: total (incl. biogenic CO2) no LT - global warming potential (GWP100) no LT,"global warming potential (GWP100), including biogenic CO2",-0.13914424180984497,kg CO2-Eq,not applicable,no DACCS project,not applicable,3c824ba99bd0e90c137b
DACCS,SSP2-NPi,2050,2017,IPCC 2021 (incl. biogenic CO2) no LT - climate change: total (incl. biogenic CO2) no LT - global warming potential (GWP100) no LT,"global warming potential (GWP100), including biogenic CO2",0.013509580865502357,kg CO2-Eq,not applicable,no DACCS project,not applicable,3c824ba99bd0e90c137b
DACCS,SSP2-NPi,2050,2018,IPCC 2021 (incl. biogenic CO2) no LT - climate change: total (incl. biogenic CO2) no LT - global warming potential (GWP100) no LT,"global warming potential (GWP100), including biogenic CO2",-0.12836846709251404,kg CO2-Eq,not applicable,no DACCS project,not applicable,3c824ba99bd0e90c137b
DACCS,SSP2-NPi,2050,2019,IPCC 2021 (incl. biogenic CO2) no LT - climate change: total (incl. biogenic CO2) no LT - global warming potential (GWP100) no LT,"global warming potential (GWP100), including biogenic CO2",0.019521284848451614,kg CO2-Eq,not applicable,no DACCS project,not applicable,3c824ba99bd0e90c137b
DACCS,SSP2-NPi,2050,2020,IPCC 2021 (incl. biogenic CO2) no LT - climate change: total (incl. biogenic CO2) no LT - global warming potential (GWP100) no LT,"global warming potential (GWP100), including biogenic CO2",-0.11531627178192139,kg CO2-Eq,not applicable,no DACCS project,not applicable,3c824ba99bd0e90c137b
DACCS,SSP2-NPi,2050,2021,IPCC 2021 (incl. biogenic CO2) no LT - climate change: total (incl. biogenic CO2) no LT - global warming potential (GWP100) no LT,"global warming potential (GWP100), including biogenic CO2",0.024407971650362015,kg CO2-Eq,not applicable,no DACCS project,not applicable,3c824ba99bd0e90c137b
DACCS,SSP2-NPi,2050,2022,IPCC 2021 (incl. biogenic CO2) no LT - climate change: total (incl. biogenic CO2) no LT - global warming potential (GWP100) no LT,"global warming potential (GWP100), including biogenic CO2",-0.10046213865280151,kg CO2-Eq,not applicable,no DACCS project,not applicable,3c824ba99bd0e90c137b
DACCS,SSP2-NPi,2050,2023,IPCC 2021 (incl. biogenic CO2) no LT - climate change: total (incl. biogenic CO2) no LT - global warming potential (GWP100) no LT,"global warming potential (GWP100), including biogenic CO2",0.028283236548304558,kg CO2-Eq,not applicable,no DACCS project,not applicable,3c824ba99bd0e90c137b
DACCS,SSP2-NPi,2050,2024,IPCC 2021 (incl. biogenic CO2) no LT - climate change: total (incl. biogenic CO2) no LT - global warming potential (GWP100) no LT,"global warming potential (GWP100), including biogenic CO2",-0.08466233313083649,kg CO2-Eq,not applicable,no DACCS project,not applicable,3c824ba99bd0e90c137b
DACCS,SSP2-NPi,2050,2025,IPCC 2021 (incl. biogenic CO2) no LT - climate change: total (incl. biogenic CO2) no LT - global warming potential (GWP100) no LT,"global warming potential (GWP100), including biogenic CO2",0.031014490872621536,kg CO2-Eq,not applicable,no DACCS project,not applicable,3c824ba99bd0e90c137b
DACCS,SSP2-NPi,2050,2026,IPCC 2021 (incl. biogenic CO2) no LT - climate change: total (incl. biogenic CO2) no LT - global warming potential (GWP100) no LT,"global warming potential (GWP100), including biogenic CO2",-0.06932723522186279,kg CO2-Eq,not applicable,no DACCS project,not applicable,3c824ba99bd0e90c137b
DACCS,SSP2-NPi,2050,2027,IPCC 2021 (incl. biogenic CO2) no LT - climate change: total (incl. biogenic CO2) no LT - global warming potential (GWP100) no LT,"global warming potential (GWP100), including biogenic CO2",0.031662240624427795,kg CO2-Eq,not applicable,no DACCS project,not applicable,3c824ba99bd0e90c137b
DACCS,SSP2-NPi,2050,2028,IPCC 2021 (incl. biogenic CO2) no LT - climate change: total (incl. biogenic CO2) no LT - global warming potential (GWP100) no LT,"global warming potential (GWP100), including biogenic CO2",-0.05516599863767624,kg CO2-Eq,not applicable,no DACCS project,not applicable,3c824ba99bd0e90c137b
DACCS,SSP2-NPi,2050,2029,IPCC 2021 (incl. biogenic CO2) no LT - climate change: total (incl. biogenic CO2) no LT - global warming potential (GWP100) no LT,"global warming potential (GWP100), including biogenic CO2",0.03175824135541916,kg CO2-Eq,not applicable,no DACCS project,not applicable,3c824ba99bd0e90c137b
DACCS,SSP2-NPi,2050,2030,IPCC 2021 (incl. biogenic CO2) no LT - climate change: total (incl. biogenic CO2) no LT - global warming potential (GWP100) no LT,"global warming potential (GWP100), including biogenic CO2",0.06895209103822708,kg CO2-Eq,not applicable,no DACCS project,not applicable,3c824ba99bd0e90c137b
DACCS,SSP2-NPi,2050,2031,IPCC 2021 (incl. biogenic CO2) no LT - climate change: total (incl. biogenic CO2) no LT - global warming potential (GWP100) no LT,"global warming potential (GWP100), including biogenic CO2",0.19594021141529083,kg CO2-Eq,not applicable,no DACCS project,not applicable,3c824ba99bd0e90c137b
DACCS,SSP2-NPi,2050,2032,IPCC 2021 (incl. biogenic CO2) no LT - climate change: total (incl. biogenic CO2) no LT - global warming potential (GWP100) no LT,"global warming potential (GWP100), including biogenic CO2",0.18551725149154663,kg CO2-Eq,not applicable,no DACCS project,not applicable,3c824ba99bd0e90c137b
DACCS,SSP2-NPi,2050,2033,IPCC 2021 (incl. biogenic CO2) no LT - climate change: total (incl. biogenic CO2) no LT - global warming potential (GWP100) no LT,"global warming potential (GWP100), including biogenic CO2",0.2973322868347168,kg CO2-Eq,not applicable,no DACCS project,not applicable,3c824ba99bd0e90c137b
DACCS,SSP2-NPi,2050,2034,IPCC 2021 (incl. biogenic CO2) no LT - climate change: total (incl. biogenic CO2) no LT - global warming potential (GWP100) no LT,"global warming potential (GWP100), including biogenic CO2",0.29459935426712036,kg CO2-Eq,not applicable,no DACCS project,not applicable,3c824ba99bd0e90c137b
DACCS,SSP2-NPi,2050,2035,IPCC 2021 (incl. biogenic CO2) no LT - climate change: total (incl. biogenic CO2) no LT - global warming potential (GWP100) no LT,"global warming potential (GWP100), including biogenic CO2",0.39240407943725586,kg CO2-Eq,not applicable,no DACCS project,not applicable,3c824ba99bd0e90c137b
DACCS,SSP2-NPi,2050,2036,IPCC 2021 (incl. biogenic CO2) no LT - climate change: total (incl. biogenic CO2) no LT - global warming potential (GWP100) no LT,"global warming potential (GWP100), including biogenic CO2",0.39905065298080444,kg CO2-Eq,not applicable,no DACCS project,not applicable,3c824ba99bd0e90c137b
DACCS,SSP2-NPi,2050,2037,IPCC 2021 (incl. biogenic CO2) no LT - climate change: total (incl. biogenic CO2) no LT - global warming potential (GWP100) no LT,"global warming potential (GWP100), including biogenic CO2",0.4874263405799866,kg CO2-Eq,not applicable,no DACCS project,not applicable,3c824ba99bd0e90c137b
DACCS,SSP2-NPi,2050,2038,IPCC 2021 (incl. biogenic CO2) no LT - climate change: total (incl. biogenic CO2) no LT - global warming potential (GWP100) no LT,"global warming potential (GWP100), including biogenic CO2",-7.1650190353393555,kg CO2-Eq,not applicable,no DACCS project,not applicable,3c824ba99bd0e90c137b
DACCS,SSP2-NPi,2050,2039,IPCC 2021 (incl. biogenic CO2) no LT - climate change: total (incl. biogenic CO2) no LT - global warming potential (GWP100) no LT,"global warming potential (GWP100), including biogenic CO2",-7.132116317749023,kg CO2-Eq,not applicable,no DACCS project,not applicable,3c824ba99bd0e90c137b
DACCS,SSP2-NPi,2050,2040,IPCC 2021 (incl. biogenic CO2) no LT - climate change: total (incl. biogenic CO2) no LT - global warming potential (GWP100) no LT,"global warming potential (GWP100), including biogenic CO2",-7.217306137084961,kg CO2-Eq,not applicable,no DACCS project,not applicable,3c824ba99bd0e90c137b
DACCS,SSP2-NPi,2050,2041,IPCC 2021 (incl. biogenic CO2) no LT - climate change: total (incl. biogenic CO2) no LT - global warming potential (GWP100) no LT,"global warming potential (GWP100), including biogenic CO2",-7.247416019439697,kg CO2-Eq,not applicable,no DACCS project,not applicable,3c824ba99bd0e90c137b
DACCS,SSP2-NPi,2050,2042,IPCC 2021 (incl. biogenic CO2) no LT - climate change: total (incl. biogenic CO2) no LT - global warming potential (GWP100) no LT,"global warming potential (GWP100), including biogenic CO2",-7.3229217529296875,kg CO2-Eq,not applicable,no DACCS project,not applicable,3c824ba99bd0e90c137b
DACCS,SSP2-NPi,2050,2043,IPCC 2021 (incl. biogenic CO2) no LT - climate change: total (incl. biogenic CO2) no LT - global warming potential (GWP100) no LT,"global warming potential (GWP100), including biogenic CO2",-7.35703182220459,kg CO2-Eq,not applicable,no DACCS project,not applicable,3c824ba99bd0e90c137b
DACCS,SSP2-NPi,2050,2044,IPCC 2021 (incl. biogenic CO2) no LT - climate change: total (incl. biogenic CO2) no LT - global warming potential (GWP100) no LT,"global warming potential (GWP100), including biogenic CO2",-7.426457405090332,kg CO2-Eq,not applicable,no DACCS project,not applicable,3c824ba99bd0e90c137b
DACCS,SSP2-NPi,2050,2045,IPCC 2021 (incl. biogenic CO2) no LT - climate change: total (incl. biogenic CO2) no LT - global warming potential (GWP100) no LT,"global warming potential (GWP100), including biogenic CO2",-7.463366985321045,kg CO2-Eq,not applicable,no DACCS project,not applicable,3c824ba99bd0e90c137b
DACCS,SSP2-NPi,2050,2046,IPCC 2021 (incl. biogenic CO2) no LT - climate change: total (incl. biogenic CO2) no LT - global warming potential (GWP100) no LT,"global warming potential (GWP100), including biogenic CO2",-7.526767730712891,kg CO2-Eq,not applicable,no DACCS project,not applicable,3c824ba99bd0e90c137b
DACCS,SSP2-NPi,2050,2047,IPCC 2021 (incl. biogenic CO2) no LT - climate change: total (incl. biogenic CO2) no LT - global warming potential (GWP100) no LT,"global warming potential (GWP100), including biogenic CO2",-7.5651702880859375,kg CO2-Eq,not applicable,no DACCS project,not applicable,3c824ba99bd0e90c137b
DACCS,SSP2-NPi,2050,2048,IPCC 2021 (incl. biogenic CO2) no LT - climate change: total (incl. biogenic CO2) no LT - global warming potential (GWP100) no LT,"global warming potential (GWP100), including biogenic CO2",-7.625483512878418,kg CO2-Eq,not applicable,no DACCS project,not applicable,3c824ba99bd0e90c137b
DACCS,SSP2-NPi,2050,2049,IPCC 2021 (incl. biogenic CO2) no LT - climate change: total (incl. biogenic CO2) no LT - global warming potential (GWP100) no LT,"global warming potential (GWP100), including biogenic CO2",-8.046161651611328,kg CO2-Eq,not applicable,no DACCS project,not applicable,3c824ba99bd0e90c137b
DACCS,SSP2-NPi,2050,2050,IPCC 2021 (incl. biogenic CO2) no LT - climate change: total (incl. biogenic CO2) no LT - global warming potential (GWP100) no LT,"global warming potential (GWP100), including biogenic CO2",-843.212158203125,kg CO2-Eq,not applicable,no DACCS project,not applicable,3c824ba99bd0e90c137b
DACCS,SSP2-NPi,2050,2051,IPCC 2021 (incl. biogenic CO2) no LT - climate change: total (incl. biogenic CO2) no LT - global warming potential (GWP100) no LT,"global warming potential (GWP100), including biogenic CO2",-0.00013990177831146866,kg CO2-Eq,not applicable,no DACCS project,not applicable,3c824ba99bd0e90c137b
DACCS,SSP2-NPi,2050,2052,IPCC 2021 (incl. biogenic CO2) no LT - climate change: total (incl. biogenic CO2) no LT - global warming potential (GWP100) no LT,"global warming potential (GWP100), including biogenic CO2",8.686552973813377e-06,kg CO2-Eq,not applicable,no DACCS project,not applicable,3c824ba99bd0e90c137b
DACCS,SSP2-NPi,2050,2053,IPCC 2021 (incl. biogenic CO2) no LT - climate change: total (incl. biogenic CO2) no LT - global warming potential (GWP100) no LT,"global warming potential (GWP100), including biogenic CO2",-0.00013159519585315138,kg CO2-Eq,not applicable,no DACCS project,not applicable,3c824ba99bd0e90c137b
DACCS,SSP2-NPi,2050,2054,IPCC 2021 (incl. biogenic CO2) no LT - climate change: total (incl. biogenic CO2) no LT - global warming potential (GWP100) no LT,"global warming potential (GWP100), including biogenic CO2",8.865135896485299e-06,kg CO2-Eq,not applicable,no DACCS project,not applicable,3c824ba99bd0e90c137b
DACCS,SSP2-NPi,2050,2055,IPCC 2021 (incl. biogenic CO2) no LT - climate change: total (incl. biogenic CO2) no LT - global warming potential (GWP100) no LT,"global warming potential (GWP100), including biogenic CO2",-0.00011820496729342267,kg CO2-Eq,not applicable,no DACCS project,not applicable,3c824ba99bd0e90c137b
DACCS,SSP2-NPi,2050,2056,IPCC 2021 (incl. biogenic CO2) no LT - climate change: total (incl. biogenic CO2) no LT - global warming potential (GWP100) no LT,"global warming potential (GWP100), including biogenic CO2",8.956911187851802e-06,kg CO2-Eq,not applicable,no DACCS project,not applicable,3c824ba99bd0e90c137b
DACCS,SSP2-NPi,2050,2057,IPCC 2021 (incl. biogenic CO2) no LT - climate change: total (incl. biogenic CO2) no LT - global warming potential (GWP100) no LT,"global warming potential (GWP100), including biogenic CO2",-9.865281754173338e-05,kg CO2-Eq,not applicable,no DACCS project,not applicable,3c824ba99bd0e90c137b
DACCS,SSP2-NPi,2050,2058,IPCC 2021 (incl. biogenic CO2) no LT - climate change: total (incl. biogenic CO2) no LT - global warming potential (GWP100) no LT,"global warming potential (GWP100), including biogenic CO2",8.971081115305424e-06,kg CO2-Eq,not applicable,no DACCS project,not applicable,3c824ba99bd0e90c137b
DACCS,SSP2-NPi,2050,2059,IPCC 2021 (incl. biogenic CO2) no LT - climate change: total (incl. biogenic CO2) no LT - global warming potential (GWP100) no LT,"global warming potential (GWP100), including biogenic CO2",-0.0026280584279447794,kg CO2-Eq,not applicable,no DACCS project,not applicable,3c824ba99bd0e90c137b
DACCS,SSP2-NPi,2050,2060,IPCC 2021 (incl. biogenic CO2) no LT - climate change: total (incl. biogenic CO2) no LT - global warming potential (GWP100) no LT,"global warming potential (GWP100), including biogenic CO2",-0.0025431124959141016,kg CO2-Eq,not applicable,no DACCS project,not applicable,3c824ba99bd0e90c137b
DACCS,SSP2-NPi,2050,2061,IPCC 2021 (incl. biogenic CO2) no LT - climate change: total (incl. biogenic CO2) no LT - global warming potential (GWP100) no LT,"global warming potential (GWP100), including biogenic CO2",-0.002606954425573349,kg CO2-Eq,not applicable,no DACCS project,not applicable,3c824ba99bd0e90c137b
DACCS,SSP2-NPi,2050,2062,IPCC 2021 (incl. biogenic CO2) no LT - climate change: total (incl. biogenic CO2) no LT - global warming potential (GWP100) no LT,"global warming potential (GWP100), including biogenic CO2",-0.002543563023209572,kg CO2-Eq,not applicable,no DACCS project,not applicable,3c824ba99bd0e90c137b
DACCS,SSP2-NPi,2050,2063,IPCC 2021 (incl. biogenic CO2) no LT - climate change: total (incl. biogenic CO2) no LT - global warming potential (GWP100) no LT,"global warming potential (GWP100), including biogenic CO2",-0.002590039512142539,kg CO2-Eq,not applicable,no DACCS project,not applicable,3c824ba99bd0e90c137b
DACCS,SSP2-NPi,2050,2064,IPCC 2021 (incl. biogenic CO2) no LT - climate change: total (incl. biogenic CO2) no LT - global warming potential (GWP100) no LT,"global warming potential (GWP100), including biogenic CO2",-0.002544074784964323,kg CO2-Eq,not applicable,no DACCS project,not applicable,3c824ba99bd0e90c137b
DACCS,SSP2-NPi,2050,2065,IPCC 2021 (incl. biogenic CO2) no LT - climate change: total (incl. biogenic CO2) no LT - global warming potential (GWP100) no LT,"global warming potential (GWP100), including biogenic CO2",-0.002577625447884202,kg CO2-Eq,not applicable,no DACCS project,not applicable,3c824ba99bd0e90c137b
DACCS,SSP2-NPi,2050,2066,IPCC 2021 (incl. biogenic CO2) no LT - climate change: total (incl. biogenic CO2) no LT - global warming potential (GWP100) no LT,"global warming potential (GWP100), including biogenic CO2",-0.002544641960412264,kg CO2-Eq,not applicable,no DACCS project,not applicable,3c824ba99bd0e90c137b
DACCS,SSP2-NPi,2050,2067,IPCC 2021 (incl. biogenic CO2) no LT - climate change: total (incl. biogenic CO2) no LT - global warming potential (GWP100) no LT,"global warming potential (GWP100), including biogenic CO2",-0.0025690027978271246,kg CO2-Eq,not applicable,no DACCS project,not applicable,3c824ba99bd0e90c137b
DACCS,SSP2-NPi,2050,2068,IPCC 2021 (incl. biogenic CO2) no LT - climate change: total (incl. biogenic CO2) no LT - global warming potential (GWP100) no LT,"global warming potential (GWP100), including biogenic CO2",-0.0025452570989727974,kg CO2-Eq,not applicable,no DACCS project,not applicable,3c824ba99bd0e90c137b
DACCS,SSP2-NPi,2050,2069,IPCC 2021 (incl. biogenic CO2) no LT - climate change: total (incl. biogenic CO2) no LT - global warming potential (GWP100) no LT,"global warming potential (GWP100), including biogenic CO2",-0.002563187386840582,kg CO2-Eq,not applicable,no DACCS project,not applicable,3c824ba99bd0e90c137b
DACCS,SSP2-NPi,2050,2070,IPCC 2021 (incl. biogenic CO2) no LT - climate change: total (incl. biogenic CO2) no LT - global warming potential (GWP100) no LT,"global warming potential (GWP100), including biogenic CO2",-0.003854629583656788,kg CO2-Eq,not applicable,no DACCS project,not applicable,3c824ba99bd0e90c137b
DACCS,SSP2-NPi,2050,2071,IPCC 2021 (incl. biogenic CO2) no LT - climate change: total (incl. biogenic CO2) no LT - global warming potential (GWP100) no LT,"global warming potential (GWP100), including biogenic CO2",0.46250098943710327,kg CO2-Eq,not applicable,no DACCS project,not applicable,3c824ba99bd0e90c137b
DACCS,SSP2-NPi,2050,2072,IPCC 2021 (incl. biogenic CO2) no LT - climate change: total (incl. biogenic CO2) no LT - global warming potential (GWP100) no LT,"global warming potential (GWP100), including biogenic CO2",1.0512028893572278e-05,kg CO2-Eq,not applicable,no DACCS project,not applicable,3c824ba99bd0e90c137b
DACCS,SSP2-NPi,2050,2073,IPCC 2021 (incl. biogenic CO2) no LT - climate change: total (incl. biogenic CO2) no LT - global warming potential (GWP100) no LT,"global warming potential (GWP100), including biogenic CO2",1.0493220543139614e-05,kg CO2-Eq,not applicable,no DACCS project,not applicable,3c824ba99bd0e90c137b
DACCS,SSP2-NPi,2050,2074,IPCC 2021 (incl. biogenic CO2) no LT - climate change: total (incl. biogenic CO2) no LT - global warming potential (GWP100) no LT,"global warming potential (GWP100), including biogenic CO2",1.0471808309375774e-05,kg CO2-Eq,not applicable,no DACCS project,not applicable,3c824ba99bd0e90c137b
DACCS,SSP2-NPi,2050,2075,IPCC 2021 (incl. biogenic CO2) no LT - climate change: total (incl. biogenic CO2) no LT - global warming potential (GWP100) no LT,"global warming potential (GWP100), including biogenic CO2",1.0452893548063003e-05,kg CO2-Eq,not applicable,no DACCS project,not applicable,3c824ba99bd0e90c137b
DACCS,SSP2-NPi,2050,2076,IPCC 2021 (incl. biogenic CO2) no LT - climate change: total (incl. biogenic CO2) no LT - global warming potential (GWP100) no LT,"global warming potential (GWP100), including biogenic CO2",1.0432047929498367e-05,kg CO2-Eq,not applicable,no DACCS project,not applicable,3c824ba99bd0e90c137b
DACCS,SSP2-NPi,2050,2077,IPCC 2021 (incl. biogenic CO2) no LT - climate change: total (incl. biogenic CO2) no LT - global warming potential (GWP100) no LT,"global warming potential (GWP100), including biogenic CO2",1.0413391464680899e-05,kg CO2-Eq,not applicable,no DACCS project,not applicable,3c824ba99bd0e90c137b
DACCS,SSP2-NPi,2050,2078,IPCC 2021 (incl. biogenic CO2) no LT - climate change: total (incl. biogenic CO2) no LT - global warming potential (GWP100) no LT,"global warming potential (GWP100), including biogenic CO2",1.0393092452432029e-05,kg CO2-Eq,not applicable,no DACCS project,not applicable,3c824ba99bd0e90c137b
DACCS,SSP2-NPi,2050,2079,IPCC 2021 (incl. biogenic CO2) no LT - climate change: total (incl. biogenic CO2) no LT - global warming potential (GWP100) no LT,"global warming potential (GWP100), including biogenic CO2",1.050244190992089e-05,kg CO2-Eq,not applicable,no DACCS project,not applicable,3c824ba99bd0e90c137b
DACCS,SSP2-NPi,2050,2080,IPCC 2021 (incl. biogenic CO2) no LT - climate change: total (incl. biogenic CO2) no LT - global warming potential (GWP100) no LT,"global warming potential (GWP100), including biogenic CO2",1.0611340258037671e-05,kg CO2-Eq,not applicable,no DACCS project,not applicable,3c824ba99bd0e90c137b
DACCS,SSP2-NPi,2050,2081,IPCC 2021 (incl. biogenic CO2) no LT - climate change: total (incl. biogenic CO2) no LT - global warming potential (GWP100) no LT,"global warming potential (GWP100), including biogenic CO2",1.0700872735469602e-05,kg CO2-Eq,not applicable,no DACCS project,not applicable,3c824ba99bd0e90c137b
DACCS,SSP2-NPi,2050,2082,IPCC 2021 (incl. biogenic CO2) no LT - climate change: total (incl. biogenic CO2) no LT - global warming potential (GWP100) no LT,"global warming potential (GWP100), including biogenic CO2",1.0789406587718986e-05,kg CO2-Eq,not applicable,no DACCS project,not applicable,3c824ba99bd0e90c137b
DACCS,SSP2-NPi,2050,2083,IPCC 2021 (incl. biogenic CO2) no LT - climate change: total (incl. biogenic CO2) no LT - global warming potential (GWP100) no LT,"global warming potential (GWP100), including biogenic CO2",1.0879055480472744e-05,kg CO2-Eq,not applicable,no DACCS project,not applicable,3c824ba99bd0e90c137b
DACCS,SSP2-NPi,2050,2084,IPCC 2021 (incl. biogenic CO2) no LT - climate change: total (incl. biogenic CO2) no LT - global warming potential (GWP100) no LT,"global warming potential (GWP100), including biogenic CO2",1.0967854905175045e-05,kg CO2-Eq,not applicable,no DACCS project,not applicable,3c824ba99bd0e90c137b
DACCS,SSP2-NPi,2050,2085,IPCC 2021 (incl. biogenic CO2) no LT - climate change: total (incl. biogenic CO2) no LT - global warming potential (GWP100) no LT,"global warming potential (GWP100), including biogenic CO2",1.1057459232688416e-05,kg CO2-Eq,not applicable,no DACCS project,not applicable,3c824ba99bd0e90c137b
DACCS,SSP2-NPi,2050,2086,IPCC 2021 (incl. biogenic CO2) no LT - climate change: total (incl. biogenic CO2) no LT - global warming potential (GWP100) no LT,"global warming potential (GWP100), including biogenic CO2",1.1146310498588718e-05,kg CO2-Eq,not applicable,no DACCS project,not applicable,3c824ba99bd0e90c137b
DACCS,SSP2-NPi,2050,2087,IPCC 2021 (incl. biogenic CO2) no LT - climate change: total (incl. biogenic CO2) no LT - global warming potential (GWP100) no LT,"global warming potential (GWP100), including biogenic CO2",1.1235697456868365e-05,kg CO2-Eq,not applicable,no DACCS project,not applicable,3c824ba99bd0e90c137b
DACCS,SSP2-NPi,2050,2088,IPCC 2021 (incl. biogenic CO2) no LT - climate change: total (incl. biogenic CO2) no LT - global warming potential (GWP100) no LT,"global warming potential (GWP100), including biogenic CO2",1.132437500928063e-05,kg CO2-Eq,not applicable,no DACCS project,not applicable,3c824ba99bd0e90c137b
DACCS,SSP2-NPi,2050,2089,IPCC 2021 (incl. biogenic CO2) no LT - climate change: total (incl. biogenic CO2) no LT - global warming potential (GWP100) no LT,"global warming potential (GWP100), including biogenic CO2",1.141335360443918e-05,kg CO2-Eq,not applicable,no DACCS project,not applicable,3c824ba99bd0e90c137b
DACCS,SSP2-NPi,2050,2090,IPCC 2021 (incl. biogenic CO2) no LT - climate change: total (incl. biogenic CO2) no LT - global warming potential (GWP100) no LT,"global warming potential (GWP100), including biogenic CO2",1.1547729627636727e-05,kg CO2-Eq,not applicable,no DACCS project,not applicable,3c824ba99bd0e90c137b
BECCS,SSP2-PkBudg1000,2030,2027,IPCC 2021 (incl. biogenic CO2) no LT - climate change: total (incl. biogenic CO2) no LT - global warming potential (GWP100) no LT,"global warming potential (GWP100), including biogenic CO2",8.808040618896484,kg CO2-Eq,existing mature forest remains standing at constant carbon stock,no new CHP; shared forest history cancels; Northern European electricity and heat markets provide the project's exported energy services,new CHP+CCS vs standing forest and Northern European energy,52eb4ca64ba6bd9d65f3
BECCS,SSP2-PkBudg1000,2030,2028,IPCC 2021 (incl. biogenic CO2) no LT - climate change: total (incl. biogenic CO2) no LT - global warming potential (GWP100) no LT,"global warming potential (GWP100), including biogenic CO2",8.612848281860352,kg CO2-Eq,existing mature forest remains standing at constant carbon stock,no new CHP; shared forest history cancels; Northern European electricity and heat markets provide the project's exported energy services,new CHP+CCS vs standing forest and Northern European energy,52eb4ca64ba6bd9d65f3
BECCS,SSP2-PkBudg1000,2030,2029,IPCC 2021 (incl. biogenic CO2) no LT - climate change: total (incl. biogenic CO2) no LT - global warming potential (GWP100) no LT,"global warming potential (GWP100), including biogenic CO2",8.41832447052002,kg CO2-Eq,existing mature forest remains standing at constant carbon stock,no new CHP; shared forest history cancels; Northern European electricity and heat markets provide the project's exported energy services,new CHP+CCS vs standing forest and Northern European energy,52eb4ca64ba6bd9d65f3
BECCS,SSP2-PkBudg1000,2030,2030,IPCC 2021 (incl. biogenic CO2) no LT - climate change: total (incl. biogenic CO2) no LT - global warming potential (GWP100) no LT,"global warming potential (GWP100), including biogenic CO2",7.3588480949401855,kg CO2-Eq,existing mature forest remains standing at constant carbon stock,no new CHP; shared forest history cancels; Northern European electricity and heat markets provide the project's exported energy services,new CHP+CCS vs standing forest and Northern European energy,52eb4ca64ba6bd9d65f3
BECCS,SSP2-PkBudg1000,2030,2031,IPCC 2021 (incl. biogenic CO2) no LT - climate change: total (incl. biogenic CO2) no LT - global warming potential (GWP100) no LT,"global warming potential (GWP100), including biogenic CO2",6.626226425170898,kg CO2-Eq,existing mature forest remains standing at constant carbon stock,no new CHP; shared forest history cancels; Northern European electricity and heat markets provide the project's exported energy services,new CHP+CCS vs standing forest and Northern European energy,52eb4ca64ba6bd9d65f3
BECCS,SSP2-PkBudg1000,2030,2032,IPCC 2021 (incl. biogenic CO2) no LT - climate change: total (incl. biogenic CO2) no LT - global warming potential (GWP100) no LT,"global warming potential (GWP100), including biogenic CO2",6.60569953918457,kg CO2-Eq,existing mature forest remains standing at constant carbon stock,no new CHP; shared forest history cancels; Northern European electricity and heat markets provide the project's exported energy services,new CHP+CCS vs standing forest and Northern European energy,52eb4ca64ba6bd9d65f3
BECCS,SSP2-PkBudg1000,2030,2033,IPCC 2021 (incl. biogenic CO2) no LT - climate change: total (incl. biogenic CO2) no LT - global warming potential (GWP100) no LT,"global warming potential (GWP100), including biogenic CO2",6.41127872467041,kg CO2-Eq,existing mature forest remains standing at constant carbon stock,no new CHP; shared forest history cancels; Northern European electricity and heat markets provide the project's exported energy services,new CHP+CCS vs standing forest and Northern European energy,52eb4ca64ba6bd9d65f3
BECCS,SSP2-PkBudg1000,2030,2034,IPCC 2021 (incl. biogenic CO2) no LT - climate change: total (incl. biogenic CO2) no LT - global warming potential (GWP100) no LT,"global warming potential (GWP100), including biogenic CO2",6.391302585601807,kg CO2-Eq,existing mature forest remains standing at constant carbon stock,no new CHP; shared forest history cancels; Northern European electricity and heat markets provide the project's exported energy services,new CHP+CCS vs standing forest and Northern European energy,52eb4ca64ba6bd9d65f3
BECCS,SSP2-PkBudg1000,2030,2035,IPCC 2021 (incl. biogenic CO2) no LT - climate change: total (incl. biogenic CO2) no LT - global warming potential (GWP100) no LT,"global warming potential (GWP100), including biogenic CO2",6.155657768249512,kg CO2-Eq,existing mature forest remains standing at constant carbon stock,no new CHP; shared forest history cancels; Northern European electricity and heat markets provide the project's exported energy services,new CHP+CCS vs standing forest and Northern European energy,52eb4ca64ba6bd9d65f3
BECCS,SSP2-PkBudg1000,2030,2036,IPCC 2021 (incl. biogenic CO2) no LT - climate change: total (incl. biogenic CO2) no LT - global warming potential (GWP100) no LT,"global warming potential (GWP100), including biogenic CO2",6.113033771514893,kg CO2-Eq,existing mature forest remains standing at constant carbon stock,no new CHP; shared forest history cancels; Northern European electricity and heat markets provide the project's exported energy services,new CHP+CCS vs standing forest and Northern European energy,52eb4ca64ba6bd9d65f3
BECCS,SSP2-PkBudg1000,2030,2037,IPCC 2021 (incl. biogenic CO2) no LT - climate change: total (incl. biogenic CO2) no LT - global warming potential (GWP100) no LT,"global warming potential (GWP100), including biogenic CO2",5.803889751434326,kg CO2-Eq,existing mature forest remains standing at constant carbon stock,no new CHP; shared forest history cancels; Northern European electricity and heat markets provide the project's exported energy services,new CHP+CCS vs standing forest and Northern European energy,52eb4ca64ba6bd9d65f3
BECCS,SSP2-PkBudg1000,2030,2038,IPCC 2021 (incl. biogenic CO2) no LT - climate change: total (incl. biogenic CO2) no LT - global warming potential (GWP100) no LT,"global warming potential (GWP100), including biogenic CO2",5.762879848480225,kg CO2-Eq,existing mature forest remains standing at constant carbon stock,no new CHP; shared forest history cancels; Northern European electricity and heat markets provide the project's exported energy services,new CHP+CCS vs standing forest and Northern European energy,52eb4ca64ba6bd9d65f3
BECCS,SSP2-PkBudg1000,2030,2039,IPCC 2021 (incl. biogenic CO2) no LT - climate change: total (incl. biogenic CO2) no LT - global warming potential (GWP100) no LT,"global warming potential (GWP100), including biogenic CO2",5.392436504364014,kg CO2-Eq,existing mature forest remains standing at constant carbon stock,no new CHP; shared forest history cancels; Northern European electricity and heat markets provide the project's exported energy services,new CHP+CCS vs standing forest and Northern European energy,52eb4ca64ba6bd9d65f3
BECCS,SSP2-PkBudg1000,2030,2040,IPCC 2021 (incl. biogenic CO2) no LT - climate change: total (incl. biogenic CO2) no LT - global warming potential (GWP100) no LT,"global warming potential (GWP100), including biogenic CO2",5.35305118560791,kg CO2-Eq,existing mature forest remains standing at constant carbon stock,no new CHP; shared forest history cancels; Northern European electricity and heat markets provide the project's exported energy services,new CHP+CCS vs standing forest and Northern European energy,52eb4ca64ba6bd9d65f3
BECCS,SSP2-PkBudg1000,2030,2041,IPCC 2021 (incl. biogenic CO2) no LT - climate change: total (incl. biogenic CO2) no LT - global warming potential (GWP100) no LT,"global warming potential (GWP100), including biogenic CO2",4.917855739593506,kg CO2-Eq,existing mature forest remains standing at constant carbon stock,no new CHP; shared forest history cancels; Northern European electricity and heat markets provide the project's exported energy services,new CHP+CCS vs standing forest and Northern European energy,52eb4ca64ba6bd9d65f3
BECCS,SSP2-PkBudg1000,2030,2042,IPCC 2021 (incl. biogenic CO2) no LT - climate change: total (incl. biogenic CO2) no LT - global warming potential (GWP100) no LT,"global warming potential (GWP100), including biogenic CO2",4.889997959136963,kg CO2-Eq,existing mature forest remains standing at constant carbon stock,no new CHP; shared forest history cancels; Northern European electricity and heat markets provide the project's exported energy services,new CHP+CCS vs standing forest and Northern European energy,52eb4ca64ba6bd9d65f3
BECCS,SSP2-PkBudg1000,2030,2043,IPCC 2021 (incl. biogenic CO2) no LT - climate change: total (incl. biogenic CO2) no LT - global warming potential (GWP100) no LT,"global warming potential (GWP100), including biogenic CO2",4.362757682800293,kg CO2-Eq,existing mature forest remains standing at constant carbon stock,no new CHP; shared forest history cancels; Northern European electricity and heat markets provide the project's exported energy services,new CHP+CCS vs standing forest and Northern European energy,52eb4ca64ba6bd9d65f3
BECCS,SSP2-PkBudg1000,2030,2044,IPCC 2021 (incl. biogenic CO2) no LT - climate change: total (incl. biogenic CO2) no LT - global warming potential (GWP100) no LT,"global warming potential (GWP100), including biogenic CO2",4.335752964019775,kg CO2-Eq,existing mature forest remains standing at constant carbon stock,no new CHP; shared forest history cancels; Northern European electricity and heat markets provide the project's exported energy services,new CHP+CCS vs standing forest and Northern European energy,52eb4ca64ba6bd9d65f3
BECCS,SSP2-PkBudg1000,2030,2045,IPCC 2021 (incl. biogenic CO2) no LT - climate change: total (incl. biogenic CO2) no LT - global warming potential (GWP100) no LT,"global warming potential (GWP100), including biogenic CO2",3.697599411010742,kg CO2-Eq,existing mature forest remains standing at constant carbon stock,no new CHP; shared forest history cancels; Northern European electricity and heat markets provide the project's exported energy services,new CHP+CCS vs standing forest and Northern European energy,52eb4ca64ba6bd9d65f3
BECCS,SSP2-PkBudg1000,2030,2046,IPCC 2021 (incl. biogenic CO2) no LT - climate change: total (incl. biogenic CO2) no LT - global warming potential (GWP100) no LT,"global warming potential (GWP100), including biogenic CO2",3.6921048164367676,kg CO2-Eq,existing mature forest remains standing at constant carbon stock,no new CHP; shared forest history cancels; Northern European electricity and heat markets provide the project's exported energy services,new CHP+CCS vs standing forest and Northern European energy,52eb4ca64ba6bd9d65f3
BECCS,SSP2-PkBudg1000,2030,2047,IPCC 2021 (incl. biogenic CO2) no LT - climate change: total (incl. biogenic CO2) no LT - global warming potential (GWP100) no LT,"global warming potential (GWP100), including biogenic CO2",2.942066192626953,kg CO2-Eq,existing mature forest remains standing at constant carbon stock,no new CHP; shared forest history cancels; Northern European electricity and heat markets provide the project's exported energy services,new CHP+CCS vs standing forest and Northern European energy,52eb4ca64ba6bd9d65f3
BECCS,SSP2-PkBudg1000,2030,2048,IPCC 2021 (incl. biogenic CO2) no LT - climate change: total (incl. biogenic CO2) no LT - global warming potential (GWP100) no LT,"global warming potential (GWP100), including biogenic CO2",2.9368979930877686,kg CO2-Eq,existing mature forest remains standing at constant carbon stock,no new CHP; shared forest history cancels; Northern European electricity and heat markets provide the project's exported energy services,new CHP+CCS vs standing forest and Northern European energy,52eb4ca64ba6bd9d65f3
BECCS,SSP2-PkBudg1000,2030,2049,IPCC 2021 (incl. biogenic CO2) no LT - climate change: total (incl. biogenic CO2) no LT - global warming potential (GWP100) no LT,"global warming potential (GWP100), including biogenic CO2",2.030211925506592,kg CO2-Eq,existing mature forest remains standing at constant carbon stock,no new CHP; shared forest history cancels; Northern European electricity and heat markets provide the project's exported energy services,new CHP+CCS vs standing forest and Northern European energy,52eb4ca64ba6bd9d65f3
BECCS,SSP2-PkBudg1000,2030,2050,IPCC 2021 (incl. biogenic CO2) no LT - climate change: total (incl. biogenic CO2) no LT - global warming potential (GWP100) no LT,"global warming potential (GWP100), including biogenic CO2",-5.688914775848389,kg CO2-Eq,existing mature forest remains standing at constant carbon stock,no new CHP; shared forest history cancels; Northern European electricity and heat markets provide the project's exported energy services,new CHP+CCS vs standing forest and Northern European energy,52eb4ca64ba6bd9d65f3
BECCS,SSP2-PkBudg1000,2030,2051,IPCC 2021 (incl. biogenic CO2) no LT - climate change: total (incl. biogenic CO2) no LT - global warming potential (GWP100) no LT,"global warming potential (GWP100), including biogenic CO2",-5.222206115722656,kg CO2-Eq,existing mature forest remains standing at constant carbon stock,no new CHP; shared forest history cancels; Northern European electricity and heat markets provide the project's exported energy services,new CHP+CCS vs standing forest and Northern European energy,52eb4ca64ba6bd9d65f3
BECCS,SSP2-PkBudg1000,2030,2052,IPCC 2021 (incl. biogenic CO2) no LT - climate change: total (incl. biogenic CO2) no LT - global warming potential (GWP100) no LT,"global warming potential (GWP100), including biogenic CO2",-5.222671985626221,kg CO2-Eq,existing mature forest remains standing at constant carbon stock,no new CHP; shared forest history cancels; Northern European electricity and heat markets provide the project's exported energy services,new CHP+CCS vs standing forest and Northern European energy,52eb4ca64ba6bd9d65f3
BECCS,SSP2-PkBudg1000,2030,2053,IPCC 2021 (incl. biogenic CO2) no LT - climate change: total (incl. biogenic CO2) no LT - global warming potential (GWP100) no LT,"global warming potential (GWP100), including biogenic CO2",-6.341672897338867,kg CO2-Eq,existing mature forest remains standing at constant carbon stock,no new CHP; shared forest history cancels; Northern European electricity and heat markets provide the project's exported energy services,new CHP+CCS vs standing forest and Northern European energy,52eb4ca64ba6bd9d65f3
BECCS,SSP2-PkBudg1000,2030,2054,IPCC 2021 (incl. biogenic CO2) no LT - climate change: total (incl. biogenic CO2) no LT - global warming potential (GWP100) no LT,"global warming potential (GWP100), including biogenic CO2",-6.342142105102539,kg CO2-Eq,existing mature forest remains standing at constant carbon stock,no new CHP; shared forest history cancels; Northern European electricity and heat markets provide the project's exported energy services,new CHP+CCS vs standing forest and Northern European energy,52eb4ca64ba6bd9d65f3
BECCS,SSP2-PkBudg1000,2030,2055,IPCC 2021 (incl. biogenic CO2) no LT - climate change: total (incl. biogenic CO2) no LT - global warming potential (GWP100) no LT,"global warming potential (GWP100), including biogenic CO2",-7.652719974517822,kg CO2-Eq,existing mature forest remains standing at constant carbon stock,no new CHP; shared forest history cancels; Northern European electricity and heat markets provide the project's exported energy services,new CHP+CCS vs standing forest and Northern European energy,52eb4ca64ba6bd9d65f3
BECCS,SSP2-PkBudg1000,2030,2056,IPCC 2021 (incl. biogenic CO2) no LT - climate change: total (incl. biogenic CO2) no LT - global warming potential (GWP100) no LT,"global warming potential (GWP100), including biogenic CO2",-7.653200149536133,kg CO2-Eq,existing mature forest remains standing at constant carbon stock,no new CHP; shared forest history cancels; Northern European electricity and heat markets provide the project's exported energy services,new CHP+CCS vs standing forest and Northern European energy,52eb4ca64ba6bd9d65f3
BECCS,SSP2-PkBudg1000,2030,2057,IPCC 2021 (incl. biogenic CO2) no LT - climate change: total (incl. biogenic CO2) no LT - global warming potential (GWP100) no LT,"global warming potential (GWP100), including biogenic CO2",-9.166855812072754,kg CO2-Eq,existing mature forest remains standing at constant carbon stock,no new CHP; shared forest history cancels; Northern European electricity and heat markets provide the project's exported energy services,new CHP+CCS vs standing forest and Northern European energy,52eb4ca64ba6bd9d65f3
BECCS,SSP2-PkBudg1000,2030,2058,IPCC 2021 (incl. biogenic CO2) no LT - climate change: total (incl. biogenic CO2) no LT - global warming potential (GWP100) no LT,"global warming potential (GWP100), including biogenic CO2",-9.167350769042969,kg CO2-Eq,existing mature forest remains standing at constant carbon stock,no new CHP; shared forest history cancels; Northern European electricity and heat markets provide the project's exported energy services,new CHP+CCS vs standing forest and Northern European energy,52eb4ca64ba6bd9d65f3
BECCS,SSP2-PkBudg1000,2030,2059,IPCC 2021 (incl. biogenic CO2) no LT - climate change: total (incl. biogenic CO2) no LT - global warming potential (GWP100) no LT,"global warming potential (GWP100), including biogenic CO2",-10.886678695678711,kg CO2-Eq,existing mature forest remains standing at constant carbon stock,no new CHP; shared forest history cancels; Northern European electricity and heat markets provide the project's exported energy services,new CHP+CCS vs standing forest and Northern European energy,52eb4ca64ba6bd9d65f3
BECCS,SSP2-PkBudg1000,2030,2060,IPCC 2021 (incl. biogenic CO2) no LT - climate change: total (incl. biogenic CO2) no LT - global warming potential (GWP100) no LT,"global warming potential (GWP100), including biogenic CO2",-10.887189865112305,kg CO2-Eq,existing mature forest remains standing at constant carbon stock,no new CHP; shared forest history cancels; Northern European electricity and heat markets provide the project's exported energy services,new CHP+CCS vs standing forest and Northern European energy,52eb4ca64ba6bd9d65f3
BECCS,SSP2-PkBudg1000,2030,2061,IPCC 2021 (incl. biogenic CO2) no LT - climate change: total (incl. biogenic CO2) no LT - global warming potential (GWP100) no LT,"global warming potential (GWP100), including biogenic CO2",-12.801758766174316,kg CO2-Eq,existing mature forest remains standing at constant carbon stock,no new CHP; shared forest history cancels; Northern European electricity and heat markets provide the project's exported energy services,new CHP+CCS vs standing forest and Northern European energy,52eb4ca64ba6bd9d65f3
BECCS,SSP2-PkBudg1000,2030,2062,IPCC 2021 (incl. biogenic CO2) no LT - climate change: total (incl. biogenic CO2) no LT - global warming potential (GWP100) no LT,"global warming potential (GWP100), including biogenic CO2",-12.801974296569824,kg CO2-Eq,existing mature forest remains standing at constant carbon stock,no new CHP; shared forest history cancels; Northern European electricity and heat markets provide the project's exported energy services,new CHP+CCS vs standing forest and Northern European energy,52eb4ca64ba6bd9d65f3
BECCS,SSP2-PkBudg1000,2030,2063,IPCC 2021 (incl. biogenic CO2) no LT - climate change: total (incl. biogenic CO2) no LT - global warming potential (GWP100) no LT,"global warming potential (GWP100), including biogenic CO2",-14.88553237915039,kg CO2-Eq,existing mature forest remains standing at constant carbon stock,no new CHP; shared forest history cancels; Northern European electricity and heat markets provide the project's exported energy services,new CHP+CCS vs standing forest and Northern European energy,52eb4ca64ba6bd9d65f3
BECCS,SSP2-PkBudg1000,2030,2064,IPCC 2021 (incl. biogenic CO2) no LT - climate change: total (incl. biogenic CO2) no LT - global warming potential (GWP100) no LT,"global warming potential (GWP100), including biogenic CO2",-14.885747909545898,kg CO2-Eq,existing mature forest remains standing at constant carbon stock,no new CHP; shared forest history cancels; Northern European electricity and heat markets provide the project's exported energy services,new CHP+CCS vs standing forest and Northern European energy,52eb4ca64ba6bd9d65f3
BECCS,SSP2-PkBudg1000,2030,2065,IPCC 2021 (incl. biogenic CO2) no LT - climate change: total (incl. biogenic CO2) no LT - global warming potential (GWP100) no LT,"global warming potential (GWP100), including biogenic CO2",-17.092561721801758,kg CO2-Eq,existing mature forest remains standing at constant carbon stock,no new CHP; shared forest history cancels; Northern European electricity and heat markets provide the project's exported energy services,new CHP+CCS vs standing forest and Northern European energy,52eb4ca64ba6bd9d65f3
BECCS,SSP2-PkBudg1000,2030,2066,IPCC 2021 (incl. biogenic CO2) no LT - climate change: total (incl. biogenic CO2) no LT - global warming potential (GWP100) no LT,"global warming potential (GWP100), including biogenic CO2",-17.092782974243164,kg CO2-Eq,existing mature forest remains standing at constant carbon stock,no new CHP; shared forest history cancels; Northern European electricity and heat markets provide the project's exported energy services,new CHP+CCS vs standing forest and Northern European energy,52eb4ca64ba6bd9d65f3
BECCS,SSP2-PkBudg1000,2030,2067,IPCC 2021 (incl. biogenic CO2) no LT - climate change: total (incl. biogenic CO2) no LT - global warming potential (GWP100) no LT,"global warming potential (GWP100), including biogenic CO2",-19.357057571411133,kg CO2-Eq,existing mature forest remains standing at constant carbon stock,no new CHP; shared forest history cancels; Northern European electricity and heat markets provide the project's exported energy services,new CHP+CCS vs standing forest and Northern European energy,52eb4ca64ba6bd9d65f3
BECCS,SSP2-PkBudg1000,2030,2068,IPCC 2021 (incl. biogenic CO2) no LT - climate change: total (incl. biogenic CO2) no LT - global warming potential (GWP100) no LT,"global warming potential (GWP100), including biogenic CO2",-19.357276916503906,kg CO2-Eq,existing mature forest remains standing at constant carbon stock,no new CHP; shared forest history cancels; Northern European electricity and heat markets provide the project's exported energy services,new CHP+CCS vs standing forest and Northern European energy,52eb4ca64ba6bd9d65f3
BECCS,SSP2-PkBudg1000,2030,2069,IPCC 2021 (incl. biogenic CO2) no LT - climate change: total (incl. biogenic CO2) no LT - global warming potential (GWP100) no LT,"global warming potential (GWP100), including biogenic CO2",-21.59488868713379,kg CO2-Eq,existing mature forest remains standing at constant carbon stock,no new CHP; shared forest history cancels; Northern European electricity and heat markets provide the project's exported energy services,new CHP+CCS vs standing forest and Northern European energy,52eb4ca64ba6bd9d65f3
BECCS,SSP2-PkBudg1000,2030,2070,IPCC 2021 (incl. biogenic CO2) no LT - climate change: total (incl. biogenic CO2) no LT - global warming potential (GWP100) no LT,"global warming potential (GWP100), including biogenic CO2",-21.595109939575195,kg CO2-Eq,existing mature forest remains standing at constant carbon stock,no new CHP; shared forest history cancels; Northern European electricity and heat markets provide the project's exported energy services,new CHP+CCS vs standing forest and Northern European energy,52eb4ca64ba6bd9d65f3
BECCS,SSP2-PkBudg1000,2030,2071,IPCC 2021 (incl. biogenic CO2) no LT - climate change: total (incl. biogenic CO2) no LT - global warming potential (GWP100) no LT,"global warming potential (GWP100), including biogenic CO2",-23.7083797454834,kg CO2-Eq,existing mature forest remains standing at constant carbon stock,no new CHP; shared forest history cancels; Northern European electricity and heat markets provide the project's exported energy services,new CHP+CCS vs standing forest and Northern European energy,52eb4ca64ba6bd9d65f3
BECCS,SSP2-PkBudg1000,2030,2072,IPCC 2021 (incl. biogenic CO2) no LT - climate change: total (incl. biogenic CO2) no LT - global warming potential (GWP100) no LT,"global warming potential (GWP100), including biogenic CO2",-23.70859146118164,kg CO2-Eq,existing mature forest remains standing at constant carbon stock,no new CHP; shared forest history cancels; Northern European electricity and heat markets provide the project's exported energy services,new CHP+CCS vs standing forest and Northern European energy,52eb4ca64ba6bd9d65f3
BECCS,SSP2-PkBudg1000,2030,2073,IPCC 2021 (incl. biogenic CO2) no LT - climate change: total (incl. biogenic CO2) no LT - global warming potential (GWP100) no LT,"global warming potential (GWP100), including biogenic CO2",-25.593767166137695,kg CO2-Eq,existing mature forest remains standing at constant carbon stock,no new CHP; shared forest history cancels; Northern European electricity and heat markets provide the project's exported energy services,new CHP+CCS vs standing forest and Northern European energy,52eb4ca64ba6bd9d65f3
BECCS,SSP2-PkBudg1000,2030,2074,IPCC 2021 (incl. biogenic CO2) no LT - climate change: total (incl. biogenic CO2) no LT - global warming potential (GWP100) no LT,"global warming potential (GWP100), including biogenic CO2",-25.59398078918457,kg CO2-Eq,existing mature forest remains standing at constant carbon stock,no new CHP; shared forest history cancels; Northern European electricity and heat markets provide the project's exported energy services,new CHP+CCS vs standing forest and Northern European energy,52eb4ca64ba6bd9d65f3
BECCS,SSP2-PkBudg1000,2030,2075,IPCC 2021 (incl. biogenic CO2) no LT - climate change: total (incl. biogenic CO2) no LT - global warming potential (GWP100) no LT,"global warming potential (GWP100), including biogenic CO2",-27.150447845458984,kg CO2-Eq,existing mature forest remains standing at constant carbon stock,no new CHP; shared forest history cancels; Northern European electricity and heat markets provide the project's exported energy services,new CHP+CCS vs standing forest and Northern European energy,52eb4ca64ba6bd9d65f3
BECCS,SSP2-PkBudg1000,2030,2076,IPCC 2021 (incl. biogenic CO2) no LT - climate change: total (incl. biogenic CO2) no LT - global warming potential (GWP100) no LT,"global warming potential (GWP100), including biogenic CO2",-27.150657653808594,kg CO2-Eq,existing mature forest remains standing at constant carbon stock,no new CHP; shared forest history cancels; Northern European electricity and heat markets provide the project's exported energy services,new CHP+CCS vs standing forest and Northern European energy,52eb4ca64ba6bd9d65f3
BECCS,SSP2-PkBudg1000,2030,2077,IPCC 2021 (incl. biogenic CO2) no LT - climate change: total (incl. biogenic CO2) no LT - global warming potential (GWP100) no LT,"global warming potential (GWP100), including biogenic CO2",-28.290420532226562,kg CO2-Eq,existing mature forest remains standing at constant carbon stock,no new CHP; shared forest history cancels; Northern European electricity and heat markets provide the project's exported energy services,new CHP+CCS vs standing forest and Northern European energy,52eb4ca64ba6bd9d65f3
BECCS,SSP2-PkBudg1000,2030,2078,IPCC 2021 (incl. biogenic CO2) no LT - climate change: total (incl. biogenic CO2) no LT - global warming potential (GWP100) no LT,"global warming potential (GWP100), including biogenic CO2",-28.29062843322754,kg CO2-Eq,existing mature forest remains standing at constant carbon stock,no new CHP; shared forest history cancels; Northern European electricity and heat markets provide the project's exported energy services,new CHP+CCS vs standing forest and Northern European energy,52eb4ca64ba6bd9d65f3
BECCS,SSP2-PkBudg1000,2030,2079,IPCC 2021 (incl. biogenic CO2) no LT - climate change: total (incl. biogenic CO2) no LT - global warming potential (GWP100) no LT,"global warming potential (GWP100), including biogenic CO2",-28.94686508178711,kg CO2-Eq,existing mature forest remains standing at constant carbon stock,no new CHP; shared forest history cancels; Northern European electricity and heat markets provide the project's exported energy services,new CHP+CCS vs standing forest and Northern European energy,52eb4ca64ba6bd9d65f3
BECCS,SSP2-PkBudg1000,2030,2080,IPCC 2021 (incl. biogenic CO2) no LT - climate change: total (incl. biogenic CO2) no LT - global warming potential (GWP100) no LT,"global warming potential (GWP100), including biogenic CO2",-28.94706916809082,kg CO2-Eq,existing mature forest remains standing at constant carbon stock,no new CHP; shared forest history cancels; Northern European electricity and heat markets provide the project's exported energy services,new CHP+CCS vs standing forest and Northern European energy,52eb4ca64ba6bd9d65f3
BECCS,SSP2-PkBudg1000,2030,2081,IPCC 2021 (incl. biogenic CO2) no LT - climate change: total (incl. biogenic CO2) no LT - global warming potential (GWP100) no LT,"global warming potential (GWP100), including biogenic CO2",-29.080455780029297,kg CO2-Eq,existing mature forest remains standing at constant carbon stock,no new CHP; shared forest history cancels; Northern European electricity and heat markets provide the project's exported energy services,new CHP+CCS vs standing forest and Northern European energy,52eb4ca64ba6bd9d65f3
BECCS,SSP2-PkBudg1000,2030,2082,IPCC 2021 (incl. biogenic CO2) no LT - climate change: total (incl. biogenic CO2) no LT - global warming potential (GWP100) no LT,"global warming potential (GWP100), including biogenic CO2",-29.080617904663086,kg CO2-Eq,existing mature forest remains standing at constant carbon stock,no new CHP; shared forest history cancels; Northern European electricity and heat markets provide the project's exported energy services,new CHP+CCS vs standing forest and Northern European energy,52eb4ca64ba6bd9d65f3
BECCS,SSP2-PkBudg1000,2030,2083,IPCC 2021 (incl. biogenic CO2) no LT - climate change: total (incl. biogenic CO2) no LT - global warming potential (GWP100) no LT,"global warming potential (GWP100), including biogenic CO2",-28.683143615722656,kg CO2-Eq,existing mature forest remains standing at constant carbon stock,no new CHP; shared forest history cancels; Northern European electricity and heat markets provide the project's exported energy services,new CHP+CCS vs standing forest and Northern European energy,52eb4ca64ba6bd9d65f3
BECCS,SSP2-PkBudg1000,2030,2084,IPCC 2021 (incl. biogenic CO2) no LT - climate change: total (incl. biogenic CO2) no LT - global warming potential (GWP100) no LT,"global warming potential (GWP100), including biogenic CO2",-28.68330192565918,kg CO2-Eq,existing mature forest remains standing at constant carbon stock,no new CHP; shared forest history cancels; Northern European electricity and heat markets provide the project's exported energy services,new CHP+CCS vs standing forest and Northern European energy,52eb4ca64ba6bd9d65f3
BECCS,SSP2-PkBudg1000,2030,2085,IPCC 2021 (incl. biogenic CO2) no LT - climate change: total (incl. biogenic CO2) no LT - global warming potential (GWP100) no LT,"global warming potential (GWP100), including biogenic CO2",-27.778907775878906,kg CO2-Eq,existing mature forest remains standing at constant carbon stock,no new CHP; shared forest history cancels; Northern European electricity and heat markets provide the project's exported energy services,new CHP+CCS vs standing forest and Northern European energy,52eb4ca64ba6bd9d65f3
BECCS,SSP2-PkBudg1000,2030,2086,IPCC 2021 (incl. biogenic CO2) no LT - climate change: total (incl. biogenic CO2) no LT - global warming potential (GWP100) no LT,"global warming potential (GWP100), including biogenic CO2",-27.779050827026367,kg CO2-Eq,existing mature forest remains standing at constant carbon stock,no new CHP; shared forest history cancels; Northern European electricity and heat markets provide the project's exported energy services,new CHP+CCS vs standing forest and Northern European energy,52eb4ca64ba6bd9d65f3
BECCS,SSP2-PkBudg1000,2030,2087,IPCC 2021 (incl. biogenic CO2) no LT - climate change: total (incl. biogenic CO2) no LT - global warming potential (GWP100) no LT,"global warming potential (GWP100), including biogenic CO2",-26.421438217163086,kg CO2-Eq,existing mature forest remains standing at constant carbon stock,no new CHP; shared forest history cancels; Northern European electricity and heat markets provide the project's exported energy services,new CHP+CCS vs standing forest and Northern European energy,52eb4ca64ba6bd9d65f3
BECCS,SSP2-PkBudg1000,2030,2088,IPCC 2021 (incl. biogenic CO2) no LT - climate change: total (incl. biogenic CO2) no LT - global warming potential (GWP100) no LT,"global warming potential (GWP100), including biogenic CO2",-26.421573638916016,kg CO2-Eq,existing mature forest remains standing at constant carbon stock,no new CHP; shared forest history cancels; Northern European electricity and heat markets provide the project's exported energy services,new CHP+CCS vs standing forest and Northern European energy,52eb4ca64ba6bd9d65f3
BECCS,SSP2-PkBudg1000,2030,2089,IPCC 2021 (incl. biogenic CO2) no LT - climate change: total (incl. biogenic CO2) no LT - global warming potential (GWP100) no LT,"global warming potential (GWP100), including biogenic CO2",-24.6890926361084,kg CO2-Eq,existing mature forest remains standing at constant carbon stock,no new CHP; shared forest history cancels; Northern European electricity and heat markets provide the project's exported energy services,new CHP+CCS vs standing forest and Northern European energy,52eb4ca64ba6bd9d65f3
BECCS,SSP2-PkBudg1000,2030,2090,IPCC 2021 (incl. biogenic CO2) no LT - climate change: total (incl. biogenic CO2) no LT - global warming potential (GWP100) no LT,"global warming potential (GWP100), including biogenic CO2",-24.689220428466797,kg CO2-Eq,existing mature forest remains standing at constant carbon stock,no new CHP; shared forest history cancels; Northern European electricity and heat markets provide the project's exported energy services,new CHP+CCS vs standing forest and Northern European energy,52eb4ca64ba6bd9d65f3
BECCS,SSP2-PkBudg1000,2030,2091,IPCC 2021 (incl. biogenic CO2) no LT - climate change: total (incl. biogenic CO2) no LT - global warming potential (GWP100) no LT,"global warming potential (GWP100), including biogenic CO2",-22.67729949951172,kg CO2-Eq,existing mature forest remains standing at constant carbon stock,no new CHP; shared forest history cancels; Northern European electricity and heat markets provide the project's exported energy services,new CHP+CCS vs standing forest and Northern European energy,52eb4ca64ba6bd9d65f3
BECCS,SSP2-PkBudg1000,2030,2092,IPCC 2021 (incl. biogenic CO2) no LT - climate change: total (incl. biogenic CO2) no LT - global warming potential (GWP100) no LT,"global warming potential (GWP100), including biogenic CO2",-22.677392959594727,kg CO2-Eq,existing mature forest remains standing at constant carbon stock,no new CHP; shared forest history cancels; Northern European electricity and heat markets provide the project's exported energy services,new CHP+CCS vs standing forest and Northern European energy,52eb4ca64ba6bd9d65f3
BECCS,SSP2-PkBudg1000,2030,2093,IPCC 2021 (incl. biogenic CO2) no LT - climate change: total (incl. biogenic CO2) no LT - global warming potential (GWP100) no LT,"global warming potential (GWP100), including biogenic CO2",-20.489471435546875,kg CO2-Eq,existing mature forest remains standing at constant carbon stock,no new CHP; shared forest history cancels; Northern European electricity and heat markets provide the project's exported energy services,new CHP+CCS vs standing forest and Northern European energy,52eb4ca64ba6bd9d65f3
BECCS,SSP2-PkBudg1000,2030,2094,IPCC 2021 (incl. biogenic CO2) no LT - climate change: total (incl. biogenic CO2) no LT - global warming potential (GWP100) no LT,"global warming potential (GWP100), including biogenic CO2",-20.48955535888672,kg CO2-Eq,existing mature forest remains standing at constant carbon stock,no new CHP; shared forest history cancels; Northern European electricity and heat markets provide the project's exported energy services,new CHP+CCS vs standing forest and Northern European energy,52eb4ca64ba6bd9d65f3
BECCS,SSP2-PkBudg1000,2030,2095,IPCC 2021 (incl. biogenic CO2) no LT - climate change: total (incl. biogenic CO2) no LT - global warming potential (GWP100) no LT,"global warming potential (GWP100), including biogenic CO2",-18.2274112701416,kg CO2-Eq,existing mature forest remains standing at constant carbon stock,no new CHP; shared forest history cancels; Northern European electricity and heat markets provide the project's exported energy services,new CHP+CCS vs standing forest and Northern European energy,52eb4ca64ba6bd9d65f3
BECCS,SSP2-PkBudg1000,2030,2096,IPCC 2021 (incl. biogenic CO2) no LT - climate change: total (incl. biogenic CO2) no LT - global warming potential (GWP100) no LT,"global warming potential (GWP100), including biogenic CO2",-18.227493286132812,kg CO2-Eq,existing mature forest remains standing at constant carbon stock,no new CHP; shared forest history cancels; Northern European electricity and heat markets provide the project's exported energy services,new CHP+CCS vs standing forest and Northern European energy,52eb4ca64ba6bd9d65f3
BECCS,SSP2-PkBudg1000,2030,2097,IPCC 2021 (incl. biogenic CO2) no LT - climate change: total (incl. biogenic CO2) no LT - global warming potential (GWP100) no LT,"global warming potential (GWP100), including biogenic CO2",-15.98280143737793,kg CO2-Eq,existing mature forest remains standing at constant carbon stock,no new CHP; shared forest history cancels; Northern European electricity and heat markets provide the project's exported energy services,new CHP+CCS vs standing forest and Northern European energy,52eb4ca64ba6bd9d65f3
BECCS,SSP2-PkBudg1000,2030,2098,IPCC 2021 (incl. biogenic CO2) no LT - climate change: total (incl. biogenic CO2) no LT - global warming potential (GWP100) no LT,"global warming potential (GWP100), including biogenic CO2",-15.982876777648926,kg CO2-Eq,existing mature forest remains standing at constant carbon stock,no new CHP; shared forest history cancels; Northern European electricity and heat markets provide the project's exported energy services,new CHP+CCS vs standing forest and Northern European energy,52eb4ca64ba6bd9d65f3
BECCS,SSP2-PkBudg1000,2030,2099,IPCC 2021 (incl. biogenic CO2) no LT - climate change: total (incl. biogenic CO2) no LT - global warming potential (GWP100) no LT,"global warming potential (GWP100), including biogenic CO2",-13.831000328063965,kg CO2-Eq,existing mature forest remains standing at constant carbon stock,no new CHP; shared forest history cancels; Northern European electricity and heat markets provide the project's exported energy services,new CHP+CCS vs standing forest and Northern European energy,52eb4ca64ba6bd9d65f3
BECCS,SSP2-PkBudg1000,2030,2100,IPCC 2021 (incl. biogenic CO2) no LT - climate change: total (incl. biogenic CO2) no LT - global warming potential (GWP100) no LT,"global warming potential (GWP100), including biogenic CO2",-13.831070899963379,kg CO2-Eq,existing mature forest remains standing at constant carbon stock,no new CHP; shared forest history cancels; Northern European electricity and heat markets provide the project's exported energy services,new CHP+CCS vs standing forest and Northern European energy,52eb4ca64ba6bd9d65f3
BECCS,SSP2-PkBudg1000,2030,2101,IPCC 2021 (incl. biogenic CO2) no LT - climate change: total (incl. biogenic CO2) no LT - global warming potential (GWP100) no LT,"global warming potential (GWP100), including biogenic CO2",-11.827754020690918,kg CO2-Eq,existing mature forest remains standing at constant carbon stock,no new CHP; shared forest history cancels; Northern European electricity and heat markets provide the project's exported energy services,new CHP+CCS vs standing forest and Northern European energy,52eb4ca64ba6bd9d65f3
BECCS,SSP2-PkBudg1000,2030,2102,IPCC 2021 (incl. biogenic CO2) no LT - climate change: total (incl. biogenic CO2) no LT - global warming potential (GWP100) no LT,"global warming potential (GWP100), including biogenic CO2",-11.827754020690918,kg CO2-Eq,existing mature forest remains standing at constant carbon stock,no new CHP; shared forest history cancels; Northern European electricity and heat markets provide the project's exported energy services,new CHP+CCS vs standing forest and Northern European energy,52eb4ca64ba6bd9d65f3
BECCS,SSP2-PkBudg1000,2030,2103,IPCC 2021 (incl. biogenic CO2) no LT - climate change: total (incl. biogenic CO2) no LT - global warming potential (GWP100) no LT,"global warming potential (GWP100), including biogenic CO2",-10.008951187133789,kg CO2-Eq,existing mature forest remains standing at constant carbon stock,no new CHP; shared forest history cancels; Northern European electricity and heat markets provide the project's exported energy services,new CHP+CCS vs standing forest and Northern European energy,52eb4ca64ba6bd9d65f3
BECCS,SSP2-PkBudg1000,2030,2104,IPCC 2021 (incl. biogenic CO2) no LT - climate change: total (incl. biogenic CO2) no LT - global warming potential (GWP100) no LT,"global warming potential (GWP100), including biogenic CO2",-10.008951187133789,kg CO2-Eq,existing mature forest remains standing at constant carbon stock,no new CHP; shared forest history cancels; Northern European electricity and heat markets provide the project's exported energy services,new CHP+CCS vs standing forest and Northern European energy,52eb4ca64ba6bd9d65f3
BECCS,SSP2-PkBudg1000,2030,2105,IPCC 2021 (incl. biogenic CO2) no LT - climate change: total (incl. biogenic CO2) no LT - global warming potential (GWP100) no LT,"global warming potential (GWP100), including biogenic CO2",-8.392578125,kg CO2-Eq,existing mature forest remains standing at constant carbon stock,no new CHP; shared forest history cancels; Northern European electricity and heat markets provide the project's exported energy services,new CHP+CCS vs standing forest and Northern European energy,52eb4ca64ba6bd9d65f3
BECCS,SSP2-PkBudg1000,2030,2106,IPCC 2021 (incl. biogenic CO2) no LT - climate change: total (incl. biogenic CO2) no LT - global warming potential (GWP100) no LT,"global warming potential (GWP100), including biogenic CO2",-8.392578125,kg CO2-Eq,existing mature forest remains standing at constant carbon stock,no new CHP; shared forest history cancels; Northern European electricity and heat markets provide the project's exported energy services,new CHP+CCS vs standing forest and Northern European energy,52eb4ca64ba6bd9d65f3
BECCS,SSP2-PkBudg1000,2030,2107,IPCC 2021 (incl. biogenic CO2) no LT - climate change: total (incl. biogenic CO2) no LT - global warming potential (GWP100) no LT,"global warming potential (GWP100), including biogenic CO2",-6.98190975189209,kg CO2-Eq,existing mature forest remains standing at constant carbon stock,no new CHP; shared forest history cancels; Northern European electricity and heat markets provide the project's exported energy services,new CHP+CCS vs standing forest and Northern European energy,52eb4ca64ba6bd9d65f3
BECCS,SSP2-PkBudg1000,2030,2108,IPCC 2021 (incl. biogenic CO2) no LT - climate change: total (incl. biogenic CO2) no LT - global warming potential (GWP100) no LT,"global warming potential (GWP100), including biogenic CO2",-6.98190975189209,kg CO2-Eq,existing mature forest remains standing at constant carbon stock,no new CHP; shared forest history cancels; Northern European electricity and heat markets provide the project's exported energy services,new CHP+CCS vs standing forest and Northern European energy,52eb4ca64ba6bd9d65f3
BECCS,SSP2-PkBudg1000,2030,2109,IPCC 2021 (incl. biogenic CO2) no LT - climate change: total (incl. biogenic CO2) no LT - global warming potential (GWP100) no LT,"global warming potential (GWP100), including biogenic CO2",-5.769436836242676,kg CO2-Eq,existing mature forest remains standing at constant carbon stock,no new CHP; shared forest history cancels; Northern European electricity and heat markets provide the project's exported energy services,new CHP+CCS vs standing forest and Northern European energy,52eb4ca64ba6bd9d65f3
BECCS,SSP2-PkBudg1000,2030,2110,IPCC 2021 (incl. biogenic CO2) no LT - climate change: total (incl. biogenic CO2) no LT - global warming potential (GWP100) no LT,"global warming potential (GWP100), including biogenic CO2",-5.769436836242676,kg CO2-Eq,existing mature forest remains standing at constant carbon stock,no new CHP; shared forest history cancels; Northern European electricity and heat markets provide the project's exported energy services,new CHP+CCS vs standing forest and Northern European energy,52eb4ca64ba6bd9d65f3
BECCS,SSP2-PkBudg1000,2030,2111,IPCC 2021 (incl. biogenic CO2) no LT - climate change: total (incl. biogenic CO2) no LT - global warming potential (GWP100) no LT,"global warming potential (GWP100), including biogenic CO2",-4.740566730499268,kg CO2-Eq,existing mature forest remains standing at constant carbon stock,no new CHP; shared forest history cancels; Northern European electricity and heat markets provide the project's exported energy services,new CHP+CCS vs standing forest and Northern European energy,52eb4ca64ba6bd9d65f3
BECCS,SSP2-PkBudg1000,2030,2112,IPCC 2021 (incl. biogenic CO2) no LT - climate change: total (incl. biogenic CO2) no LT - global warming potential (GWP100) no LT,"global warming potential (GWP100), including biogenic CO2",-4.740566730499268,kg CO2-Eq,existing mature forest remains standing at constant carbon stock,no new CHP; shared forest history cancels; Northern European electricity and heat markets provide the project's exported energy services,new CHP+CCS vs standing forest and Northern European energy,52eb4ca64ba6bd9d65f3
BECCS,SSP2-PkBudg1000,2030,2113,IPCC 2021 (incl. biogenic CO2) no LT - climate change: total (incl. biogenic CO2) no LT - global warming potential (GWP100) no LT,"global warming potential (GWP100), including biogenic CO2",-3.8174078464508057,kg CO2-Eq,existing mature forest remains standing at constant carbon stock,no new CHP; shared forest history cancels; Northern European electricity and heat markets provide the project's exported energy services,new CHP+CCS vs standing forest and Northern European energy,52eb4ca64ba6bd9d65f3
BECCS,SSP2-PkBudg1000,2030,2114,IPCC 2021 (incl. biogenic CO2) no LT - climate change: total (incl. biogenic CO2) no LT - global warming potential (GWP100) no LT,"global warming potential (GWP100), including biogenic CO2",-3.8175759315490723,kg CO2-Eq,existing mature forest remains standing at constant carbon stock,no new CHP; shared forest history cancels; Northern European electricity and heat markets provide the project's exported energy services,new CHP+CCS vs standing forest and Northern European energy,52eb4ca64ba6bd9d65f3
BECCS,SSP2-PkBudg1000,2030,2115,IPCC 2021 (incl. biogenic CO2) no LT - climate change: total (incl. biogenic CO2) no LT - global warming potential (GWP100) no LT,"global warming potential (GWP100), including biogenic CO2",-2.9976513385772705,kg CO2-Eq,existing mature forest remains standing at constant carbon stock,no new CHP; shared forest history cancels; Northern European electricity and heat markets provide the project's exported energy services,new CHP+CCS vs standing forest and Northern European energy,52eb4ca64ba6bd9d65f3
BECCS,SSP2-PkBudg1000,2030,2116,IPCC 2021 (incl. biogenic CO2) no LT - climate change: total (incl. biogenic CO2) no LT - global warming potential (GWP100) no LT,"global warming potential (GWP100), including biogenic CO2",-2.997819185256958,kg CO2-Eq,existing mature forest remains standing at constant carbon stock,no new CHP; shared forest history cancels; Northern European electricity and heat markets provide the project's exported energy services,new CHP+CCS vs standing forest and Northern European energy,52eb4ca64ba6bd9d65f3
BECCS,SSP2-PkBudg1000,2030,2117,IPCC 2021 (incl. biogenic CO2) no LT - climate change: total (incl. biogenic CO2) no LT - global warming potential (GWP100) no LT,"global warming potential (GWP100), including biogenic CO2",-2.3227035999298096,kg CO2-Eq,existing mature forest remains standing at constant carbon stock,no new CHP; shared forest history cancels; Northern European electricity and heat markets provide the project's exported energy services,new CHP+CCS vs standing forest and Northern European energy,52eb4ca64ba6bd9d65f3
BECCS,SSP2-PkBudg1000,2030,2118,IPCC 2021 (incl. biogenic CO2) no LT - climate change: total (incl. biogenic CO2) no LT - global warming potential (GWP100) no LT,"global warming potential (GWP100), including biogenic CO2",-2.322871208190918,kg CO2-Eq,existing mature forest remains standing at constant carbon stock,no new CHP; shared forest history cancels; Northern European electricity and heat markets provide the project's exported energy services,new CHP+CCS vs standing forest and Northern European energy,52eb4ca64ba6bd9d65f3
BECCS,SSP2-PkBudg1000,2030,2119,IPCC 2021 (incl. biogenic CO2) no LT - climate change: total (incl. biogenic CO2) no LT - global warming potential (GWP100) no LT,"global warming potential (GWP100), including biogenic CO2",-1.7698907852172852,kg CO2-Eq,existing mature forest remains standing at constant carbon stock,no new CHP; shared forest history cancels; Northern European electricity and heat markets provide the project's exported energy services,new CHP+CCS vs standing forest and Northern European energy,52eb4ca64ba6bd9d65f3
BECCS,SSP2-PkBudg1000,2030,2120,IPCC 2021 (incl. biogenic CO2) no LT - climate change: total (incl. biogenic CO2) no LT - global warming potential (GWP100) no LT,"global warming potential (GWP100), including biogenic CO2",-1.7700583934783936,kg CO2-Eq,existing mature forest remains standing at constant carbon stock,no new CHP; shared forest history cancels; Northern European electricity and heat markets provide the project's exported energy services,new CHP+CCS vs standing forest and Northern European energy,52eb4ca64ba6bd9d65f3
BECCS,SSP2-PkBudg1000,2030,2121,IPCC 2021 (incl. biogenic CO2) no LT - climate change: total (incl. biogenic CO2) no LT - global warming potential (GWP100) no LT,"global warming potential (GWP100), including biogenic CO2",-1.3190574645996094,kg CO2-Eq,existing mature forest remains standing at constant carbon stock,no new CHP; shared forest history cancels; Northern European electricity and heat markets provide the project's exported energy services,new CHP+CCS vs standing forest and Northern European energy,52eb4ca64ba6bd9d65f3
BECCS,SSP2-PkBudg1000,2030,2122,IPCC 2021 (incl. biogenic CO2) no LT - climate change: total (incl. biogenic CO2) no LT - global warming potential (GWP100) no LT,"global warming potential (GWP100), including biogenic CO2",-1.3192251920700073,kg CO2-Eq,existing mature forest remains standing at constant carbon stock,no new CHP; shared forest history cancels; Northern European electricity and heat markets provide the project's exported energy services,new CHP+CCS vs standing forest and Northern European energy,52eb4ca64ba6bd9d65f3
BECCS,SSP2-PkBudg1000,2030,2123,IPCC 2021 (incl. biogenic CO2) no LT - climate change: total (incl. biogenic CO2) no LT - global warming potential (GWP100) no LT,"global warming potential (GWP100), including biogenic CO2",-0.9526852965354919,kg CO2-Eq,existing mature forest remains standing at constant carbon stock,no new CHP; shared forest history cancels; Northern European electricity and heat markets provide the project's exported energy services,new CHP+CCS vs standing forest and Northern European energy,52eb4ca64ba6bd9d65f3
BECCS,SSP2-PkBudg1000,2030,2124,IPCC 2021 (incl. biogenic CO2) no LT - climate change: total (incl. biogenic CO2) no LT - global warming potential (GWP100) no LT,"global warming potential (GWP100), including biogenic CO2",-0.9528530836105347,kg CO2-Eq,existing mature forest remains standing at constant carbon stock,no new CHP; shared forest history cancels; Northern European electricity and heat markets provide the project's exported energy services,new CHP+CCS vs standing forest and Northern European energy,52eb4ca64ba6bd9d65f3
BECCS,SSP2-PkBudg1000,2030,2125,IPCC 2021 (incl. biogenic CO2) no LT - climate change: total (incl. biogenic CO2) no LT - global warming potential (GWP100) no LT,"global warming potential (GWP100), including biogenic CO2",-0.6558077931404114,kg CO2-Eq,existing mature forest remains standing at constant carbon stock,no new CHP; shared forest history cancels; Northern European electricity and heat markets provide the project's exported energy services,new CHP+CCS vs standing forest and Northern European energy,52eb4ca64ba6bd9d65f3
BECCS,SSP2-PkBudg1000,2030,2126,IPCC 2021 (incl. biogenic CO2) no LT - climate change: total (incl. biogenic CO2) no LT - global warming potential (GWP100) no LT,"global warming potential (GWP100), including biogenic CO2",-0.655975341796875,kg CO2-Eq,existing mature forest remains standing at constant carbon stock,no new CHP; shared forest history cancels; Northern European electricity and heat markets provide the project's exported energy services,new CHP+CCS vs standing forest and Northern European energy,52eb4ca64ba6bd9d65f3
BECCS,SSP2-PkBudg1000,2030,2127,IPCC 2021 (incl. biogenic CO2) no LT - climate change: total (incl. biogenic CO2) no LT - global warming potential (GWP100) no LT,"global warming potential (GWP100), including biogenic CO2",-0.41580837965011597,kg CO2-Eq,existing mature forest remains standing at constant carbon stock,no new CHP; shared forest history cancels; Northern European electricity and heat markets provide the project's exported energy services,new CHP+CCS vs standing forest and Northern European energy,52eb4ca64ba6bd9d65f3
BECCS,SSP2-PkBudg1000,2030,2128,IPCC 2021 (incl. biogenic CO2) no LT - climate change: total (incl. biogenic CO2) no LT - global warming potential (GWP100) no LT,"global warming potential (GWP100), including biogenic CO2",-0.4159761369228363,kg CO2-Eq,existing mature forest remains standing at constant carbon stock,no new CHP; shared forest history cancels; Northern European electricity and heat markets provide the project's exported energy services,new CHP+CCS vs standing forest and Northern European energy,52eb4ca64ba6bd9d65f3
BECCS,SSP2-PkBudg1000,2030,2129,IPCC 2021 (incl. biogenic CO2) no LT - climate change: total (incl. biogenic CO2) no LT - global warming potential (GWP100) no LT,"global warming potential (GWP100), including biogenic CO2",-0.22216399013996124,kg CO2-Eq,existing mature forest remains standing at constant carbon stock,no new CHP; shared forest history cancels; Northern European electricity and heat markets provide the project's exported energy services,new CHP+CCS vs standing forest and Northern European energy,52eb4ca64ba6bd9d65f3
BECCS,SSP2-PkBudg1000,2030,2130,IPCC 2021 (incl. biogenic CO2) no LT - climate change: total (incl. biogenic CO2) no LT - global warming potential (GWP100) no LT,"global warming potential (GWP100), including biogenic CO2",-0.222331702709198,kg CO2-Eq,existing mature forest remains standing at constant carbon stock,no new CHP; shared forest history cancels; Northern European electricity and heat markets provide the project's exported energy services,new CHP+CCS vs standing forest and Northern European energy,52eb4ca64ba6bd9d65f3
BECCS,SSP2-PkBudg1000,2030,2131,IPCC 2021 (incl. biogenic CO2) no LT - climate change: total (incl. biogenic CO2) no LT - global warming potential (GWP100) no LT,"global warming potential (GWP100), including biogenic CO2",-0.06616871803998947,kg CO2-Eq,existing mature forest remains standing at constant carbon stock,no new CHP; shared forest history cancels; Northern European electricity and heat markets provide the project's exported energy services,new CHP+CCS vs standing forest and Northern European energy,52eb4ca64ba6bd9d65f3
BECCS,SSP2-PkBudg1000,2030,2132,IPCC 2021 (incl. biogenic CO2) no LT - climate change: total (incl. biogenic CO2) no LT - global warming potential (GWP100) no LT,"global warming potential (GWP100), including biogenic CO2",-0.06633645296096802,kg CO2-Eq,existing mature forest remains standing at constant carbon stock,no new CHP; shared forest history cancels; Northern European electricity and heat markets provide the project's exported energy services,new CHP+CCS vs standing forest and Northern European energy,52eb4ca64ba6bd9d65f3
DACCS,SSP2-PkBudg1000,2030,1882,IPCC 2021 (incl. biogenic CO2) no LT - climate change: total (incl. biogenic CO2) no LT - global warming potential (GWP100) no LT,"global warming potential (GWP100), including biogenic CO2",-3.4549668725958327e-06,kg CO2-Eq,not applicable,no DACCS project,not applicable,e6bea0eb281170b52318
DACCS,SSP2-PkBudg1000,2030,1883,IPCC 2021 (incl. biogenic CO2) no LT - climate change: total (incl. biogenic CO2) no LT - global warming potential (GWP100) no LT,"global warming potential (GWP100), including biogenic CO2",-7.227627634165401e-07,kg CO2-Eq,not applicable,no DACCS project,not applicable,e6bea0eb281170b52318
DACCS,SSP2-PkBudg1000,2030,1884,IPCC 2021 (incl. biogenic CO2) no LT - climate change: total (incl. biogenic CO2) no LT - global warming potential (GWP100) no LT,"global warming potential (GWP100), including biogenic CO2",-8.117095262605289e-07,kg CO2-Eq,not applicable,no DACCS project,not applicable,e6bea0eb281170b52318
DACCS,SSP2-PkBudg1000,2030,1885,IPCC 2021 (incl. biogenic CO2) no LT - climate change: total (incl. biogenic CO2) no LT - global warming potential (GWP100) no LT,"global warming potential (GWP100), including biogenic CO2",-9.085251235774194e-07,kg CO2-Eq,not applicable,no DACCS project,not applicable,e6bea0eb281170b52318
DACCS,SSP2-PkBudg1000,2030,1886,IPCC 2021 (incl. biogenic CO2) no LT - climate change: total (incl. biogenic CO2) no LT - global warming potential (GWP100) no LT,"global warming potential (GWP100), including biogenic CO2",-1.0138430752704153e-06,kg CO2-Eq,not applicable,no DACCS project,not applicable,e6bea0eb281170b52318
DACCS,SSP2-PkBudg1000,2030,1887,IPCC 2021 (incl. biogenic CO2) no LT - climate change: total (incl. biogenic CO2) no LT - global warming potential (GWP100) no LT,"global warming potential (GWP100), including biogenic CO2",-2.175755753341946e-06,kg CO2-Eq,not applicable,no DACCS project,not applicable,e6bea0eb281170b52318
DACCS,SSP2-PkBudg1000,2030,1888,IPCC 2021 (incl. biogenic CO2) no LT - climate change: total (incl. biogenic CO2) no LT - global warming potential (GWP100) no LT,"global warming potential (GWP100), including biogenic CO2",-2.8891192869195947e-06,kg CO2-Eq,not applicable,no DACCS project,not applicable,e6bea0eb281170b52318
DACCS,SSP2-PkBudg1000,2030,1889,IPCC 2021 (incl. biogenic CO2) no LT - climate change: total (incl. biogenic CO2) no LT - global warming potential (GWP100) no LT,"global warming potential (GWP100), including biogenic CO2",-3.6626313431042945e-06,kg CO2-Eq,not applicable,no DACCS project,not applicable,e6bea0eb281170b52318
DACCS,SSP2-PkBudg1000,2030,1890,IPCC 2021 (incl. biogenic CO2) no LT - climate change: total (incl. biogenic CO2) no LT - global warming potential (GWP100) no LT,"global warming potential (GWP100), including biogenic CO2",-4.500054728850955e-06,kg CO2-Eq,not applicable,no DACCS project,not applicable,e6bea0eb281170b52318
DACCS,SSP2-PkBudg1000,2030,1891,IPCC 2021 (incl. biogenic CO2) no LT - climate change: total (incl. biogenic CO2) no LT - global warming potential (GWP100) no LT,"global warming potential (GWP100), including biogenic CO2",-2.1119156372151338e-05,kg CO2-Eq,not applicable,no DACCS project,not applicable,e6bea0eb281170b52318
DACCS,SSP2-PkBudg1000,2030,1892,IPCC 2021 (incl. biogenic CO2) no LT - climate change: total (incl. biogenic CO2) no LT - global warming potential (GWP100) no LT,"global warming potential (GWP100), including biogenic CO2",-8.467084626317956e-06,kg CO2-Eq,not applicable,no DACCS project,not applicable,e6bea0eb281170b52318
DACCS,SSP2-PkBudg1000,2030,1893,IPCC 2021 (incl. biogenic CO2) no LT - climate change: total (incl. biogenic CO2) no LT - global warming potential (GWP100) no LT,"global warming potential (GWP100), including biogenic CO2",-1.2340507964836434e-05,kg CO2-Eq,not applicable,no DACCS project,not applicable,e6bea0eb281170b52318
DACCS,SSP2-PkBudg1000,2030,1894,IPCC 2021 (incl. biogenic CO2) no LT - climate change: total (incl. biogenic CO2) no LT - global warming potential (GWP100) no LT,"global warming potential (GWP100), including biogenic CO2",-1.1264898603258189e-05,kg CO2-Eq,not applicable,no DACCS project,not applicable,e6bea0eb281170b52318
DACCS,SSP2-PkBudg1000,2030,1895,IPCC 2021 (incl. biogenic CO2) no LT - climate change: total (incl. biogenic CO2) no LT - global warming potential (GWP100) no LT,"global warming potential (GWP100), including biogenic CO2",-1.578149021952413e-05,kg CO2-Eq,not applicable,no DACCS project,not applicable,e6bea0eb281170b52318
DACCS,SSP2-PkBudg1000,2030,1896,IPCC 2021 (incl. biogenic CO2) no LT - climate change: total (incl. biogenic CO2) no LT - global warming potential (GWP100) no LT,"global warming potential (GWP100), including biogenic CO2",-1.8786959117278457e-05,kg CO2-Eq,not applicable,no DACCS project,not applicable,e6bea0eb281170b52318
DACCS,SSP2-PkBudg1000,2030,1897,IPCC 2021 (incl. biogenic CO2) no LT - climate change: total (incl. biogenic CO2) no LT - global warming potential (GWP100) no LT,"global warming potential (GWP100), including biogenic CO2",-2.5175126211252064e-05,kg CO2-Eq,not applicable,no DACCS project,not applicable,e6bea0eb281170b52318
DACCS,SSP2-PkBudg1000,2030,1898,IPCC 2021 (incl. biogenic CO2) no LT - climate change: total (incl. biogenic CO2) no LT - global warming potential (GWP100) no LT,"global warming potential (GWP100), including biogenic CO2",-2.5534851374686696e-05,kg CO2-Eq,not applicable,no DACCS project,not applicable,e6bea0eb281170b52318
DACCS,SSP2-PkBudg1000,2030,1899,IPCC 2021 (incl. biogenic CO2) no LT - climate change: total (incl. biogenic CO2) no LT - global warming potential (GWP100) no LT,"global warming potential (GWP100), including biogenic CO2",-3.3026291930582374e-05,kg CO2-Eq,not applicable,no DACCS project,not applicable,e6bea0eb281170b52318
DACCS,SSP2-PkBudg1000,2030,1900,IPCC 2021 (incl. biogenic CO2) no LT - climate change: total (incl. biogenic CO2) no LT - global warming potential (GWP100) no LT,"global warming potential (GWP100), including biogenic CO2",-3.351300983922556e-05,kg CO2-Eq,not applicable,no DACCS project,not applicable,e6bea0eb281170b52318
DACCS,SSP2-PkBudg1000,2030,1901,IPCC 2021 (incl. biogenic CO2) no LT - climate change: total (incl. biogenic CO2) no LT - global warming potential (GWP100) no LT,"global warming potential (GWP100), including biogenic CO2",-4.230946797179058e-05,kg CO2-Eq,not applicable,no DACCS project,not applicable,e6bea0eb281170b52318
DACCS,SSP2-PkBudg1000,2030,1902,IPCC 2021 (incl. biogenic CO2) no LT - climate change: total (incl. biogenic CO2) no LT - global warming potential (GWP100) no LT,"global warming potential (GWP100), including biogenic CO2",-4.281693327357061e-05,kg CO2-Eq,not applicable,no DACCS project,not applicable,e6bea0eb281170b52318
DACCS,SSP2-PkBudg1000,2030,1903,IPCC 2021 (incl. biogenic CO2) no LT - climate change: total (incl. biogenic CO2) no LT - global warming potential (GWP100) no LT,"global warming potential (GWP100), including biogenic CO2",-5.293706271913834e-05,kg CO2-Eq,not applicable,no DACCS project,not applicable,e6bea0eb281170b52318
DACCS,SSP2-PkBudg1000,2030,1904,IPCC 2021 (incl. biogenic CO2) no LT - climate change: total (incl. biogenic CO2) no LT - global warming potential (GWP100) no LT,"global warming potential (GWP100), including biogenic CO2",-5.3520088840741664e-05,kg CO2-Eq,not applicable,no DACCS project,not applicable,e6bea0eb281170b52318
DACCS,SSP2-PkBudg1000,2030,1905,IPCC 2021 (incl. biogenic CO2) no LT - climate change: total (incl. biogenic CO2) no LT - global warming potential (GWP100) no LT,"global warming potential (GWP100), including biogenic CO2",-0.00012530776439234614,kg CO2-Eq,not applicable,no DACCS project,not applicable,e6bea0eb281170b52318
DACCS,SSP2-PkBudg1000,2030,1906,IPCC 2021 (incl. biogenic CO2) no LT - climate change: total (incl. biogenic CO2) no LT - global warming potential (GWP100) no LT,"global warming potential (GWP100), including biogenic CO2",-7.256005483213812e-05,kg CO2-Eq,not applicable,no DACCS project,not applicable,e6bea0eb281170b52318
DACCS,SSP2-PkBudg1000,2030,1907,IPCC 2021 (incl. biogenic CO2) no LT - climate change: total (incl. biogenic CO2) no LT - global warming potential (GWP100) no LT,"global warming potential (GWP100), including biogenic CO2",-0.009761123917996883,kg CO2-Eq,not applicable,no DACCS project,not applicable,e6bea0eb281170b52318
DACCS,SSP2-PkBudg1000,2030,1908,IPCC 2021 (incl. biogenic CO2) no LT - climate change: total (incl. biogenic CO2) no LT - global warming potential (GWP100) no LT,"global warming potential (GWP100), including biogenic CO2",-0.0008208910003304482,kg CO2-Eq,not applicable,no DACCS project,not applicable,e6bea0eb281170b52318
DACCS,SSP2-PkBudg1000,2030,1909,IPCC 2021 (incl. biogenic CO2) no LT - climate change: total (incl. biogenic CO2) no LT - global warming potential (GWP100) no LT,"global warming potential (GWP100), including biogenic CO2",-0.0008890025783330202,kg CO2-Eq,not applicable,no DACCS project,not applicable,e6bea0eb281170b52318
DACCS,SSP2-PkBudg1000,2030,1910,IPCC 2021 (incl. biogenic CO2) no LT - climate change: total (incl. biogenic CO2) no LT - global warming potential (GWP100) no LT,"global warming potential (GWP100), including biogenic CO2",-0.000947251042816788,kg CO2-Eq,not applicable,no DACCS project,not applicable,e6bea0eb281170b52318
DACCS,SSP2-PkBudg1000,2030,1911,IPCC 2021 (incl. biogenic CO2) no LT - climate change: total (incl. biogenic CO2) no LT - global warming potential (GWP100) no LT,"global warming potential (GWP100), including biogenic CO2",-0.001025717705488205,kg CO2-Eq,not applicable,no DACCS project,not applicable,e6bea0eb281170b52318
DACCS,SSP2-PkBudg1000,2030,1912,IPCC 2021 (incl. biogenic CO2) no LT - climate change: total (incl. biogenic CO2) no LT - global warming potential (GWP100) no LT,"global warming potential (GWP100), including biogenic CO2",-0.0010911552235484123,kg CO2-Eq,not applicable,no DACCS project,not applicable,e6bea0eb281170b52318
DACCS,SSP2-PkBudg1000,2030,1913,IPCC 2021 (incl. biogenic CO2) no LT - climate change: total (incl. biogenic CO2) no LT - global warming potential (GWP100) no LT,"global warming potential (GWP100), including biogenic CO2",-0.0011816341429948807,kg CO2-Eq,not applicable,no DACCS project,not applicable,e6bea0eb281170b52318
DACCS,SSP2-PkBudg1000,2030,1914,IPCC 2021 (incl. biogenic CO2) no LT - climate change: total (incl. biogenic CO2) no LT - global warming potential (GWP100) no LT,"global warming potential (GWP100), including biogenic CO2",-0.001257298863492906,kg CO2-Eq,not applicable,no DACCS project,not applicable,e6bea0eb281170b52318
DACCS,SSP2-PkBudg1000,2030,1915,IPCC 2021 (incl. biogenic CO2) no LT - climate change: total (incl. biogenic CO2) no LT - global warming potential (GWP100) no LT,"global warming potential (GWP100), including biogenic CO2",-0.0013617143267765641,kg CO2-Eq,not applicable,no DACCS project,not applicable,e6bea0eb281170b52318
DACCS,SSP2-PkBudg1000,2030,1916,IPCC 2021 (incl. biogenic CO2) no LT - climate change: total (incl. biogenic CO2) no LT - global warming potential (GWP100) no LT,"global warming potential (GWP100), including biogenic CO2",-0.045017749071121216,kg CO2-Eq,not applicable,no DACCS project,not applicable,e6bea0eb281170b52318
DACCS,SSP2-PkBudg1000,2030,1917,IPCC 2021 (incl. biogenic CO2) no LT - climate change: total (incl. biogenic CO2) no LT - global warming potential (GWP100) no LT,"global warming potential (GWP100), including biogenic CO2",-0.0015733499312773347,kg CO2-Eq,not applicable,no DACCS project,not applicable,e6bea0eb281170b52318
DACCS,SSP2-PkBudg1000,2030,1918,IPCC 2021 (incl. biogenic CO2) no LT - climate change: total (incl. biogenic CO2) no LT - global warming potential (GWP100) no LT,"global warming potential (GWP100), including biogenic CO2",-0.009141722694039345,kg CO2-Eq,not applicable,no DACCS project,not applicable,e6bea0eb281170b52318
DACCS,SSP2-PkBudg1000,2030,1919,IPCC 2021 (incl. biogenic CO2) no LT - climate change: total (incl. biogenic CO2) no LT - global warming potential (GWP100) no LT,"global warming potential (GWP100), including biogenic CO2",-0.0018155424622818828,kg CO2-Eq,not applicable,no DACCS project,not applicable,e6bea0eb281170b52318
DACCS,SSP2-PkBudg1000,2030,1920,IPCC 2021 (incl. biogenic CO2) no LT - climate change: total (incl. biogenic CO2) no LT - global warming potential (GWP100) no LT,"global warming potential (GWP100), including biogenic CO2",-0.010656099766492844,kg CO2-Eq,not applicable,no DACCS project,not applicable,e6bea0eb281170b52318
DACCS,SSP2-PkBudg1000,2030,1921,IPCC 2021 (incl. biogenic CO2) no LT - climate change: total (incl. biogenic CO2) no LT - global warming potential (GWP100) no LT,"global warming potential (GWP100), including biogenic CO2",-0.0020901013631373644,kg CO2-Eq,not applicable,no DACCS project,not applicable,e6bea0eb281170b52318
DACCS,SSP2-PkBudg1000,2030,1922,IPCC 2021 (incl. biogenic CO2) no LT - climate change: total (incl. biogenic CO2) no LT - global warming potential (GWP100) no LT,"global warming potential (GWP100), including biogenic CO2",-0.012410479597747326,kg CO2-Eq,not applicable,no DACCS project,not applicable,e6bea0eb281170b52318
DACCS,SSP2-PkBudg1000,2030,1923,IPCC 2021 (incl. biogenic CO2) no LT - climate change: total (incl. biogenic CO2) no LT - global warming potential (GWP100) no LT,"global warming potential (GWP100), including biogenic CO2",-0.0025910234544426203,kg CO2-Eq,not applicable,no DACCS project,not applicable,e6bea0eb281170b52318
DACCS,SSP2-PkBudg1000,2030,1924,IPCC 2021 (incl. biogenic CO2) no LT - climate change: total (incl. biogenic CO2) no LT - global warming potential (GWP100) no LT,"global warming potential (GWP100), including biogenic CO2",-0.014464888721704483,kg CO2-Eq,not applicable,no DACCS project,not applicable,e6bea0eb281170b52318
DACCS,SSP2-PkBudg1000,2030,1925,IPCC 2021 (incl. biogenic CO2) no LT - climate change: total (incl. biogenic CO2) no LT - global warming potential (GWP100) no LT,"global warming potential (GWP100), including biogenic CO2",-0.0028309954795986414,kg CO2-Eq,not applicable,no DACCS project,not applicable,e6bea0eb281170b52318
DACCS,SSP2-PkBudg1000,2030,1926,IPCC 2021 (incl. biogenic CO2) no LT - climate change: total (incl. biogenic CO2) no LT - global warming potential (GWP100) no LT,"global warming potential (GWP100), including biogenic CO2",-0.016817834228277206,kg CO2-Eq,not applicable,no DACCS project,not applicable,e6bea0eb281170b52318
DACCS,SSP2-PkBudg1000,2030,1927,IPCC 2021 (incl. biogenic CO2) no LT - climate change: total (incl. biogenic CO2) no LT - global warming potential (GWP100) no LT,"global warming potential (GWP100), including biogenic CO2",-0.0032546808943152428,kg CO2-Eq,not applicable,no DACCS project,not applicable,e6bea0eb281170b52318
DACCS,SSP2-PkBudg1000,2030,1928,IPCC 2021 (incl. biogenic CO2) no LT - climate change: total (incl. biogenic CO2) no LT - global warming potential (GWP100) no LT,"global warming potential (GWP100), including biogenic CO2",-0.019543033093214035,kg CO2-Eq,not applicable,no DACCS project,not applicable,e6bea0eb281170b52318
DACCS,SSP2-PkBudg1000,2030,1929,IPCC 2021 (incl. biogenic CO2) no LT - climate change: total (incl. biogenic CO2) no LT - global warming potential (GWP100) no LT,"global warming potential (GWP100), including biogenic CO2",-0.003738319966942072,kg CO2-Eq,not applicable,no DACCS project,not applicable,e6bea0eb281170b52318
DACCS,SSP2-PkBudg1000,2030,1930,IPCC 2021 (incl. biogenic CO2) no LT - climate change: total (incl. biogenic CO2) no LT - global warming potential (GWP100) no LT,"global warming potential (GWP100), including biogenic CO2",-0.03377840667963028,kg CO2-Eq,not applicable,no DACCS project,not applicable,e6bea0eb281170b52318
DACCS,SSP2-PkBudg1000,2030,1931,IPCC 2021 (incl. biogenic CO2) no LT - climate change: total (incl. biogenic CO2) no LT - global warming potential (GWP100) no LT,"global warming potential (GWP100), including biogenic CO2",-0.005336964037269354,kg CO2-Eq,not applicable,no DACCS project,not applicable,e6bea0eb281170b52318
DACCS,SSP2-PkBudg1000,2030,1932,IPCC 2021 (incl. biogenic CO2) no LT - climate change: total (incl. biogenic CO2) no LT - global warming potential (GWP100) no LT,"global warming potential (GWP100), including biogenic CO2",-0.02737155370414257,kg CO2-Eq,not applicable,no DACCS project,not applicable,e6bea0eb281170b52318
DACCS,SSP2-PkBudg1000,2030,1933,IPCC 2021 (incl. biogenic CO2) no LT - climate change: total (incl. biogenic CO2) no LT - global warming potential (GWP100) no LT,"global warming potential (GWP100), including biogenic CO2",-0.00615441519767046,kg CO2-Eq,not applicable,no DACCS project,not applicable,e6bea0eb281170b52318
DACCS,SSP2-PkBudg1000,2030,1934,IPCC 2021 (incl. biogenic CO2) no LT - climate change: total (incl. biogenic CO2) no LT - global warming potential (GWP100) no LT,"global warming potential (GWP100), including biogenic CO2",-0.0316692553460598,kg CO2-Eq,not applicable,no DACCS project,not applicable,e6bea0eb281170b52318
DACCS,SSP2-PkBudg1000,2030,1935,IPCC 2021 (incl. biogenic CO2) no LT - climate change: total (incl. biogenic CO2) no LT - global warming potential (GWP100) no LT,"global warming potential (GWP100), including biogenic CO2",-0.007083154749125242,kg CO2-Eq,not applicable,no DACCS project,not applicable,e6bea0eb281170b52318
DACCS,SSP2-PkBudg1000,2030,1936,IPCC 2021 (incl. biogenic CO2) no LT - climate change: total (incl. biogenic CO2) no LT - global warming potential (GWP100) no LT,"global warming potential (GWP100), including biogenic CO2",-0.036563124507665634,kg CO2-Eq,not applicable,no DACCS project,not applicable,e6bea0eb281170b52318
DACCS,SSP2-PkBudg1000,2030,1937,IPCC 2021 (incl. biogenic CO2) no LT - climate change: total (incl. biogenic CO2) no LT - global warming potential (GWP100) no LT,"global warming potential (GWP100), including biogenic CO2",-0.008179494179785252,kg CO2-Eq,not applicable,no DACCS project,not applicable,e6bea0eb281170b52318
DACCS,SSP2-PkBudg1000,2030,1938,IPCC 2021 (incl. biogenic CO2) no LT - climate change: total (incl. biogenic CO2) no LT - global warming potential (GWP100) no LT,"global warming potential (GWP100), including biogenic CO2",-0.042102593928575516,kg CO2-Eq,not applicable,no DACCS project,not applicable,e6bea0eb281170b52318
DACCS,SSP2-PkBudg1000,2030,1939,IPCC 2021 (incl. biogenic CO2) no LT - climate change: total (incl. biogenic CO2) no LT - global warming potential (GWP100) no LT,"global warming potential (GWP100), including biogenic CO2",-0.00931260734796524,kg CO2-Eq,not applicable,no DACCS project,not applicable,e6bea0eb281170b52318
DACCS,SSP2-PkBudg1000,2030,1940,IPCC 2021 (incl. biogenic CO2) no LT - climate change: total (incl. biogenic CO2) no LT - global warming potential (GWP100) no LT,"global warming potential (GWP100), including biogenic CO2",-0.04834086075425148,kg CO2-Eq,not applicable,no DACCS project,not applicable,e6bea0eb281170b52318
DACCS,SSP2-PkBudg1000,2030,1941,IPCC 2021 (incl. biogenic CO2) no LT - climate change: total (incl. biogenic CO2) no LT - global warming potential (GWP100) no LT,"global warming potential (GWP100), including biogenic CO2",-0.010624726302921772,kg CO2-Eq,not applicable,no DACCS project,not applicable,e6bea0eb281170b52318
DACCS,SSP2-PkBudg1000,2030,1942,IPCC 2021 (incl. biogenic CO2) no LT - climate change: total (incl. biogenic CO2) no LT - global warming potential (GWP100) no LT,"global warming potential (GWP100), including biogenic CO2",-0.055323079228401184,kg CO2-Eq,not applicable,no DACCS project,not applicable,e6bea0eb281170b52318
DACCS,SSP2-PkBudg1000,2030,1943,IPCC 2021 (incl. biogenic CO2) no LT - climate change: total (incl. biogenic CO2) no LT - global warming potential (GWP100) no LT,"global warming potential (GWP100), including biogenic CO2",-0.012082021683454514,kg CO2-Eq,not applicable,no DACCS project,not applicable,e6bea0eb281170b52318
DACCS,SSP2-PkBudg1000,2030,1944,IPCC 2021 (incl. biogenic CO2) no LT - climate change: total (incl. biogenic CO2) no LT - global warming potential (GWP100) no LT,"global warming potential (GWP100), including biogenic CO2",-0.06307908892631531,kg CO2-Eq,not applicable,no DACCS project,not applicable,e6bea0eb281170b52318
DACCS,SSP2-PkBudg1000,2030,1945,IPCC 2021 (incl. biogenic CO2) no LT - climate change: total (incl. biogenic CO2) no LT - global warming potential (GWP100) no LT,"global warming potential (GWP100), including biogenic CO2",-0.013701530173420906,kg CO2-Eq,not applicable,no DACCS project,not applicable,e6bea0eb281170b52318
DACCS,SSP2-PkBudg1000,2030,1946,IPCC 2021 (incl. biogenic CO2) no LT - climate change: total (incl. biogenic CO2) no LT - global warming potential (GWP100) no LT,"global warming potential (GWP100), including biogenic CO2",-0.07162126153707504,kg CO2-Eq,not applicable,no DACCS project,not applicable,e6bea0eb281170b52318
DACCS,SSP2-PkBudg1000,2030,1947,IPCC 2021 (incl. biogenic CO2) no LT - climate change: total (incl. biogenic CO2) no LT - global warming potential (GWP100) no LT,"global warming potential (GWP100), including biogenic CO2",-0.015451640821993351,kg CO2-Eq,not applicable,no DACCS project,not applicable,e6bea0eb281170b52318
DACCS,SSP2-PkBudg1000,2030,1948,IPCC 2021 (incl. biogenic CO2) no LT - climate change: total (incl. biogenic CO2) no LT - global warming potential (GWP100) no LT,"global warming potential (GWP100), including biogenic CO2",-0.11451782286167145,kg CO2-Eq,not applicable,no DACCS project,not applicable,e6bea0eb281170b52318
DACCS,SSP2-PkBudg1000,2030,1949,IPCC 2021 (incl. biogenic CO2) no LT - climate change: total (incl. biogenic CO2) no LT - global warming potential (GWP100) no LT,"global warming potential (GWP100), including biogenic CO2",-0.017362577840685844,kg CO2-Eq,not applicable,no DACCS project,not applicable,e6bea0eb281170b52318
DACCS,SSP2-PkBudg1000,2030,1950,IPCC 2021 (incl. biogenic CO2) no LT - climate change: total (incl. biogenic CO2) no LT - global warming potential (GWP100) no LT,"global warming potential (GWP100), including biogenic CO2",-0.09919282793998718,kg CO2-Eq,not applicable,no DACCS project,not applicable,e6bea0eb281170b52318
DACCS,SSP2-PkBudg1000,2030,1951,IPCC 2021 (incl. biogenic CO2) no LT - climate change: total (incl. biogenic CO2) no LT - global warming potential (GWP100) no LT,"global warming potential (GWP100), including biogenic CO2",-0.01943190209567547,kg CO2-Eq,not applicable,no DACCS project,not applicable,e6bea0eb281170b52318
DACCS,SSP2-PkBudg1000,2030,1952,IPCC 2021 (incl. biogenic CO2) no LT - climate change: total (incl. biogenic CO2) no LT - global warming potential (GWP100) no LT,"global warming potential (GWP100), including biogenic CO2",-0.11184027791023254,kg CO2-Eq,not applicable,no DACCS project,not applicable,e6bea0eb281170b52318
DACCS,SSP2-PkBudg1000,2030,1953,IPCC 2021 (incl. biogenic CO2) no LT - climate change: total (incl. biogenic CO2) no LT - global warming potential (GWP100) no LT,"global warming potential (GWP100), including biogenic CO2",-0.021598735824227333,kg CO2-Eq,not applicable,no DACCS project,not applicable,e6bea0eb281170b52318
DACCS,SSP2-PkBudg1000,2030,1954,IPCC 2021 (incl. biogenic CO2) no LT - climate change: total (incl. biogenic CO2) no LT - global warming potential (GWP100) no LT,"global warming potential (GWP100), including biogenic CO2",-0.1254337579011917,kg CO2-Eq,not applicable,no DACCS project,not applicable,e6bea0eb281170b52318
DACCS,SSP2-PkBudg1000,2030,1955,IPCC 2021 (incl. biogenic CO2) no LT - climate change: total (incl. biogenic CO2) no LT - global warming potential (GWP100) no LT,"global warming potential (GWP100), including biogenic CO2",-0.023878445848822594,kg CO2-Eq,not applicable,no DACCS project,not applicable,e6bea0eb281170b52318
DACCS,SSP2-PkBudg1000,2030,1956,IPCC 2021 (incl. biogenic CO2) no LT - climate change: total (incl. biogenic CO2) no LT - global warming potential (GWP100) no LT,"global warming potential (GWP100), including biogenic CO2",-0.13987602293491364,kg CO2-Eq,not applicable,no DACCS project,not applicable,e6bea0eb281170b52318
DACCS,SSP2-PkBudg1000,2030,1957,IPCC 2021 (incl. biogenic CO2) no LT - climate change: total (incl. biogenic CO2) no LT - global warming potential (GWP100) no LT,"global warming potential (GWP100), including biogenic CO2",-0.02622745931148529,kg CO2-Eq,not applicable,no DACCS project,not applicable,e6bea0eb281170b52318
DACCS,SSP2-PkBudg1000,2030,1958,IPCC 2021 (incl. biogenic CO2) no LT - climate change: total (incl. biogenic CO2) no LT - global warming potential (GWP100) no LT,"global warming potential (GWP100), including biogenic CO2",-0.15502722561359406,kg CO2-Eq,not applicable,no DACCS project,not applicable,e6bea0eb281170b52318
DACCS,SSP2-PkBudg1000,2030,1959,IPCC 2021 (incl. biogenic CO2) no LT - climate change: total (incl. biogenic CO2) no LT - global warming potential (GWP100) no LT,"global warming potential (GWP100), including biogenic CO2",-0.028604652732610703,kg CO2-Eq,not applicable,no DACCS project,not applicable,e6bea0eb281170b52318
DACCS,SSP2-PkBudg1000,2030,1960,IPCC 2021 (incl. biogenic CO2) no LT - climate change: total (incl. biogenic CO2) no LT - global warming potential (GWP100) no LT,"global warming potential (GWP100), including biogenic CO2",-0.1707017868757248,kg CO2-Eq,not applicable,no DACCS project,not applicable,e6bea0eb281170b52318
DACCS,SSP2-PkBudg1000,2030,1961,IPCC 2021 (incl. biogenic CO2) no LT - climate change: total (incl. biogenic CO2) no LT - global warming potential (GWP100) no LT,"global warming potential (GWP100), including biogenic CO2",-0.030957335606217384,kg CO2-Eq,not applicable,no DACCS project,not applicable,e6bea0eb281170b52318
DACCS,SSP2-PkBudg1000,2030,1962,IPCC 2021 (incl. biogenic CO2) no LT - climate change: total (incl. biogenic CO2) no LT - global warming potential (GWP100) no LT,"global warming potential (GWP100), including biogenic CO2",-0.18668608367443085,kg CO2-Eq,not applicable,no DACCS project,not applicable,e6bea0eb281170b52318
DACCS,SSP2-PkBudg1000,2030,1963,IPCC 2021 (incl. biogenic CO2) no LT - climate change: total (incl. biogenic CO2) no LT - global warming potential (GWP100) no LT,"global warming potential (GWP100), including biogenic CO2",-0.03323462978005409,kg CO2-Eq,not applicable,no DACCS project,not applicable,e6bea0eb281170b52318
DACCS,SSP2-PkBudg1000,2030,1964,IPCC 2021 (incl. biogenic CO2) no LT - climate change: total (incl. biogenic CO2) no LT - global warming potential (GWP100) no LT,"global warming potential (GWP100), including biogenic CO2",-0.20273873209953308,kg CO2-Eq,not applicable,no DACCS project,not applicable,e6bea0eb281170b52318
DACCS,SSP2-PkBudg1000,2030,1965,IPCC 2021 (incl. biogenic CO2) no LT - climate change: total (incl. biogenic CO2) no LT - global warming potential (GWP100) no LT,"global warming potential (GWP100), including biogenic CO2",-0.03542424738407135,kg CO2-Eq,not applicable,no DACCS project,not applicable,e6bea0eb281170b52318
DACCS,SSP2-PkBudg1000,2030,1966,IPCC 2021 (incl. biogenic CO2) no LT - climate change: total (incl. biogenic CO2) no LT - global warming potential (GWP100) no LT,"global warming potential (GWP100), including biogenic CO2",-0.21865420043468475,kg CO2-Eq,not applicable,no DACCS project,not applicable,e6bea0eb281170b52318
DACCS,SSP2-PkBudg1000,2030,1967,IPCC 2021 (incl. biogenic CO2) no LT - climate change: total (incl. biogenic CO2) no LT - global warming potential (GWP100) no LT,"global warming potential (GWP100), including biogenic CO2",-0.037373725324869156,kg CO2-Eq,not applicable,no DACCS project,not applicable,e6bea0eb281170b52318
DACCS,SSP2-PkBudg1000,2030,1968,IPCC 2021 (incl. biogenic CO2) no LT - climate change: total (incl. biogenic CO2) no LT - global warming potential (GWP100) no LT,"global warming potential (GWP100), including biogenic CO2",-0.23406283557415009,kg CO2-Eq,not applicable,no DACCS project,not applicable,e6bea0eb281170b52318
DACCS,SSP2-PkBudg1000,2030,1969,IPCC 2021 (incl. biogenic CO2) no LT - climate change: total (incl. biogenic CO2) no LT - global warming potential (GWP100) no LT,"global warming potential (GWP100), including biogenic CO2",-0.03909216448664665,kg CO2-Eq,not applicable,no DACCS project,not applicable,e6bea0eb281170b52318
DACCS,SSP2-PkBudg1000,2030,1970,IPCC 2021 (incl. biogenic CO2) no LT - climate change: total (incl. biogenic CO2) no LT - global warming potential (GWP100) no LT,"global warming potential (GWP100), including biogenic CO2",-0.28254854679107666,kg CO2-Eq,not applicable,no DACCS project,not applicable,e6bea0eb281170b52318
DACCS,SSP2-PkBudg1000,2030,1971,IPCC 2021 (incl. biogenic CO2) no LT - climate change: total (incl. biogenic CO2) no LT - global warming potential (GWP100) no LT,"global warming potential (GWP100), including biogenic CO2",-0.04040420800447464,kg CO2-Eq,not applicable,no DACCS project,not applicable,e6bea0eb281170b52318
DACCS,SSP2-PkBudg1000,2030,1972,IPCC 2021 (incl. biogenic CO2) no LT - climate change: total (incl. biogenic CO2) no LT - global warming potential (GWP100) no LT,"global warming potential (GWP100), including biogenic CO2",-0.27407801151275635,kg CO2-Eq,not applicable,no DACCS project,not applicable,e6bea0eb281170b52318
DACCS,SSP2-PkBudg1000,2030,1973,IPCC 2021 (incl. biogenic CO2) no LT - climate change: total (incl. biogenic CO2) no LT - global warming potential (GWP100) no LT,"global warming potential (GWP100), including biogenic CO2",-0.04134747013449669,kg CO2-Eq,not applicable,no DACCS project,not applicable,e6bea0eb281170b52318
DACCS,SSP2-PkBudg1000,2030,1974,IPCC 2021 (incl. biogenic CO2) no LT - climate change: total (incl. biogenic CO2) no LT - global warming potential (GWP100) no LT,"global warming potential (GWP100), including biogenic CO2",-0.2903263568878174,kg CO2-Eq,not applicable,no DACCS project,not applicable,e6bea0eb281170b52318
DACCS,SSP2-PkBudg1000,2030,1975,IPCC 2021 (incl. biogenic CO2) no LT - climate change: total (incl. biogenic CO2) no LT - global warming potential (GWP100) no LT,"global warming potential (GWP100), including biogenic CO2",-0.04182994365692139,kg CO2-Eq,not applicable,no DACCS project,not applicable,e6bea0eb281170b52318
DACCS,SSP2-PkBudg1000,2030,1976,IPCC 2021 (incl. biogenic CO2) no LT - climate change: total (incl. biogenic CO2) no LT - global warming potential (GWP100) no LT,"global warming potential (GWP100), including biogenic CO2",-0.30613380670547485,kg CO2-Eq,not applicable,no DACCS project,not applicable,e6bea0eb281170b52318
DACCS,SSP2-PkBudg1000,2030,1977,IPCC 2021 (incl. biogenic CO2) no LT - climate change: total (incl. biogenic CO2) no LT - global warming potential (GWP100) no LT,"global warming potential (GWP100), including biogenic CO2",-0.04181988164782524,kg CO2-Eq,not applicable,no DACCS project,not applicable,e6bea0eb281170b52318
DACCS,SSP2-PkBudg1000,2030,1978,IPCC 2021 (incl. biogenic CO2) no LT - climate change: total (incl. biogenic CO2) no LT - global warming potential (GWP100) no LT,"global warming potential (GWP100), including biogenic CO2",-0.32143068313598633,kg CO2-Eq,not applicable,no DACCS project,not applicable,e6bea0eb281170b52318
DACCS,SSP2-PkBudg1000,2030,1979,IPCC 2021 (incl. biogenic CO2) no LT - climate change: total (incl. biogenic CO2) no LT - global warming potential (GWP100) no LT,"global warming potential (GWP100), including biogenic CO2",-0.04130079969763756,kg CO2-Eq,not applicable,no DACCS project,not applicable,e6bea0eb281170b52318
DACCS,SSP2-PkBudg1000,2030,1980,IPCC 2021 (incl. biogenic CO2) no LT - climate change: total (incl. biogenic CO2) no LT - global warming potential (GWP100) no LT,"global warming potential (GWP100), including biogenic CO2",-0.3361290991306305,kg CO2-Eq,not applicable,no DACCS project,not applicable,e6bea0eb281170b52318
DACCS,SSP2-PkBudg1000,2030,1981,IPCC 2021 (incl. biogenic CO2) no LT - climate change: total (incl. biogenic CO2) no LT - global warming potential (GWP100) no LT,"global warming potential (GWP100), including biogenic CO2",-0.0402778685092926,kg CO2-Eq,not applicable,no DACCS project,not applicable,e6bea0eb281170b52318
DACCS,SSP2-PkBudg1000,2030,1982,IPCC 2021 (incl. biogenic CO2) no LT - climate change: total (incl. biogenic CO2) no LT - global warming potential (GWP100) no LT,"global warming potential (GWP100), including biogenic CO2",-0.3501170575618744,kg CO2-Eq,not applicable,no DACCS project,not applicable,e6bea0eb281170b52318
DACCS,SSP2-PkBudg1000,2030,1983,IPCC 2021 (incl. biogenic CO2) no LT - climate change: total (incl. biogenic CO2) no LT - global warming potential (GWP100) no LT,"global warming potential (GWP100), including biogenic CO2",-0.03878560662269592,kg CO2-Eq,not applicable,no DACCS project,not applicable,e6bea0eb281170b52318
DACCS,SSP2-PkBudg1000,2030,1984,IPCC 2021 (incl. biogenic CO2) no LT - climate change: total (incl. biogenic CO2) no LT - global warming potential (GWP100) no LT,"global warming potential (GWP100), including biogenic CO2",-0.36324888467788696,kg CO2-Eq,not applicable,no DACCS project,not applicable,e6bea0eb281170b52318
DACCS,SSP2-PkBudg1000,2030,1985,IPCC 2021 (incl. biogenic CO2) no LT - climate change: total (incl. biogenic CO2) no LT - global warming potential (GWP100) no LT,"global warming potential (GWP100), including biogenic CO2",-0.03688201308250427,kg CO2-Eq,not applicable,no DACCS project,not applicable,e6bea0eb281170b52318
DACCS,SSP2-PkBudg1000,2030,1986,IPCC 2021 (incl. biogenic CO2) no LT - climate change: total (incl. biogenic CO2) no LT - global warming potential (GWP100) no LT,"global warming potential (GWP100), including biogenic CO2",-0.37531644105911255,kg CO2-Eq,not applicable,no DACCS project,not applicable,e6bea0eb281170b52318
DACCS,SSP2-PkBudg1000,2030,1987,IPCC 2021 (incl. biogenic CO2) no LT - climate change: total (incl. biogenic CO2) no LT - global warming potential (GWP100) no LT,"global warming potential (GWP100), including biogenic CO2",-0.03464285284280777,kg CO2-Eq,not applicable,no DACCS project,not applicable,e6bea0eb281170b52318
DACCS,SSP2-PkBudg1000,2030,1988,IPCC 2021 (incl. biogenic CO2) no LT - climate change: total (incl. biogenic CO2) no LT - global warming potential (GWP100) no LT,"global warming potential (GWP100), including biogenic CO2",-0.38598108291625977,kg CO2-Eq,not applicable,no DACCS project,not applicable,e6bea0eb281170b52318
DACCS,SSP2-PkBudg1000,2030,1989,IPCC 2021 (incl. biogenic CO2) no LT - climate change: total (incl. biogenic CO2) no LT - global warming potential (GWP100) no LT,"global warming potential (GWP100), including biogenic CO2",-0.03215564414858818,kg CO2-Eq,not applicable,no DACCS project,not applicable,e6bea0eb281170b52318
DACCS,SSP2-PkBudg1000,2030,1990,IPCC 2021 (incl. biogenic CO2) no LT - climate change: total (incl. biogenic CO2) no LT - global warming potential (GWP100) no LT,"global warming potential (GWP100), including biogenic CO2",-0.3961714208126068,kg CO2-Eq,not applicable,no DACCS project,not applicable,e6bea0eb281170b52318
DACCS,SSP2-PkBudg1000,2030,1991,IPCC 2021 (incl. biogenic CO2) no LT - climate change: total (incl. biogenic CO2) no LT - global warming potential (GWP100) no LT,"global warming potential (GWP100), including biogenic CO2",-0.03106558322906494,kg CO2-Eq,not applicable,no DACCS project,not applicable,e6bea0eb281170b52318
DACCS,SSP2-PkBudg1000,2030,1992,IPCC 2021 (incl. biogenic CO2) no LT - climate change: total (incl. biogenic CO2) no LT - global warming potential (GWP100) no LT,"global warming potential (GWP100), including biogenic CO2",-0.4019249975681305,kg CO2-Eq,not applicable,no DACCS project,not applicable,e6bea0eb281170b52318
DACCS,SSP2-PkBudg1000,2030,1993,IPCC 2021 (incl. biogenic CO2) no LT - climate change: total (incl. biogenic CO2) no LT - global warming potential (GWP100) no LT,"global warming potential (GWP100), including biogenic CO2",-0.028971683233976364,kg CO2-Eq,not applicable,no DACCS project,not applicable,e6bea0eb281170b52318
DACCS,SSP2-PkBudg1000,2030,1994,IPCC 2021 (incl. biogenic CO2) no LT - climate change: total (incl. biogenic CO2) no LT - global warming potential (GWP100) no LT,"global warming potential (GWP100), including biogenic CO2",-0.4040934443473816,kg CO2-Eq,not applicable,no DACCS project,not applicable,e6bea0eb281170b52318
DACCS,SSP2-PkBudg1000,2030,1995,IPCC 2021 (incl. biogenic CO2) no LT - climate change: total (incl. biogenic CO2) no LT - global warming potential (GWP100) no LT,"global warming potential (GWP100), including biogenic CO2",-0.026477549225091934,kg CO2-Eq,not applicable,no DACCS project,not applicable,e6bea0eb281170b52318
DACCS,SSP2-PkBudg1000,2030,1996,IPCC 2021 (incl. biogenic CO2) no LT - climate change: total (incl. biogenic CO2) no LT - global warming potential (GWP100) no LT,"global warming potential (GWP100), including biogenic CO2",-0.3997965455055237,kg CO2-Eq,not applicable,no DACCS project,not applicable,e6bea0eb281170b52318
DACCS,SSP2-PkBudg1000,2030,1997,IPCC 2021 (incl. biogenic CO2) no LT - climate change: total (incl. biogenic CO2) no LT - global warming potential (GWP100) no LT,"global warming potential (GWP100), including biogenic CO2",-0.0241016186773777,kg CO2-Eq,not applicable,no DACCS project,not applicable,e6bea0eb281170b52318
DACCS,SSP2-PkBudg1000,2030,1998,IPCC 2021 (incl. biogenic CO2) no LT - climate change: total (incl. biogenic CO2) no LT - global warming potential (GWP100) no LT,"global warming potential (GWP100), including biogenic CO2",-0.38877689838409424,kg CO2-Eq,not applicable,no DACCS project,not applicable,e6bea0eb281170b52318
DACCS,SSP2-PkBudg1000,2030,1999,IPCC 2021 (incl. biogenic CO2) no LT - climate change: total (incl. biogenic CO2) no LT - global warming potential (GWP100) no LT,"global warming potential (GWP100), including biogenic CO2",-0.022414809092879295,kg CO2-Eq,not applicable,no DACCS project,not applicable,e6bea0eb281170b52318
DACCS,SSP2-PkBudg1000,2030,2000,IPCC 2021 (incl. biogenic CO2) no LT - climate change: total (incl. biogenic CO2) no LT - global warming potential (GWP100) no LT,"global warming potential (GWP100), including biogenic CO2",-0.36949482560157776,kg CO2-Eq,not applicable,no DACCS project,not applicable,e6bea0eb281170b52318
DACCS,SSP2-PkBudg1000,2030,2001,IPCC 2021 (incl. biogenic CO2) no LT - climate change: total (incl. biogenic CO2) no LT - global warming potential (GWP100) no LT,"global warming potential (GWP100), including biogenic CO2",-0.021379491314291954,kg CO2-Eq,not applicable,no DACCS project,not applicable,e6bea0eb281170b52318
DACCS,SSP2-PkBudg1000,2030,2002,IPCC 2021 (incl. biogenic CO2) no LT - climate change: total (incl. biogenic CO2) no LT - global warming potential (GWP100) no LT,"global warming potential (GWP100), including biogenic CO2",-0.34327787160873413,kg CO2-Eq,not applicable,no DACCS project,not applicable,e6bea0eb281170b52318
DACCS,SSP2-PkBudg1000,2030,2003,IPCC 2021 (incl. biogenic CO2) no LT - climate change: total (incl. biogenic CO2) no LT - global warming potential (GWP100) no LT,"global warming potential (GWP100), including biogenic CO2",-0.021063290536403656,kg CO2-Eq,not applicable,no DACCS project,not applicable,e6bea0eb281170b52318
DACCS,SSP2-PkBudg1000,2030,2004,IPCC 2021 (incl. biogenic CO2) no LT - climate change: total (incl. biogenic CO2) no LT - global warming potential (GWP100) no LT,"global warming potential (GWP100), including biogenic CO2",-0.31171348690986633,kg CO2-Eq,not applicable,no DACCS project,not applicable,e6bea0eb281170b52318
DACCS,SSP2-PkBudg1000,2030,2005,IPCC 2021 (incl. biogenic CO2) no LT - climate change: total (incl. biogenic CO2) no LT - global warming potential (GWP100) no LT,"global warming potential (GWP100), including biogenic CO2",0.4817363917827606,kg CO2-Eq,not applicable,no DACCS project,not applicable,e6bea0eb281170b52318
DACCS,SSP2-PkBudg1000,2030,2006,IPCC 2021 (incl. biogenic CO2) no LT - climate change: total (incl. biogenic CO2) no LT - global warming potential (GWP100) no LT,"global warming potential (GWP100), including biogenic CO2",-0.21131661534309387,kg CO2-Eq,not applicable,no DACCS project,not applicable,e6bea0eb281170b52318
DACCS,SSP2-PkBudg1000,2030,2007,IPCC 2021 (incl. biogenic CO2) no LT - climate change: total (incl. biogenic CO2) no LT - global warming potential (GWP100) no LT,"global warming potential (GWP100), including biogenic CO2",0.046705927699804306,kg CO2-Eq,not applicable,no DACCS project,not applicable,e6bea0eb281170b52318
DACCS,SSP2-PkBudg1000,2030,2008,IPCC 2021 (incl. biogenic CO2) no LT - climate change: total (incl. biogenic CO2) no LT - global warming potential (GWP100) no LT,"global warming potential (GWP100), including biogenic CO2",-0.16956278681755066,kg CO2-Eq,not applicable,no DACCS project,not applicable,e6bea0eb281170b52318
DACCS,SSP2-PkBudg1000,2030,2009,IPCC 2021 (incl. biogenic CO2) no LT - climate change: total (incl. biogenic CO2) no LT - global warming potential (GWP100) no LT,"global warming potential (GWP100), including biogenic CO2",0.05229046940803528,kg CO2-Eq,not applicable,no DACCS project,not applicable,e6bea0eb281170b52318
DACCS,SSP2-PkBudg1000,2030,2010,IPCC 2021 (incl. biogenic CO2) no LT - climate change: total (incl. biogenic CO2) no LT - global warming potential (GWP100) no LT,"global warming potential (GWP100), including biogenic CO2",0.015469702892005444,kg CO2-Eq,not applicable,no DACCS project,not applicable,e6bea0eb281170b52318
DACCS,SSP2-PkBudg1000,2030,2011,IPCC 2021 (incl. biogenic CO2) no LT - climate change: total (incl. biogenic CO2) no LT - global warming potential (GWP100) no LT,"global warming potential (GWP100), including biogenic CO2",0.27232593297958374,kg CO2-Eq,not applicable,no DACCS project,not applicable,e6bea0eb281170b52318
DACCS,SSP2-PkBudg1000,2030,2012,IPCC 2021 (incl. biogenic CO2) no LT - climate change: total (incl. biogenic CO2) no LT - global warming potential (GWP100) no LT,"global warming potential (GWP100), including biogenic CO2",0.19097614288330078,kg CO2-Eq,not applicable,no DACCS project,not applicable,e6bea0eb281170b52318
DACCS,SSP2-PkBudg1000,2030,2013,IPCC 2021 (incl. biogenic CO2) no LT - climate change: total (incl. biogenic CO2) no LT - global warming potential (GWP100) no LT,"global warming potential (GWP100), including biogenic CO2",0.41470998525619507,kg CO2-Eq,not applicable,no DACCS project,not applicable,e6bea0eb281170b52318
DACCS,SSP2-PkBudg1000,2030,2014,IPCC 2021 (incl. biogenic CO2) no LT - climate change: total (incl. biogenic CO2) no LT - global warming potential (GWP100) no LT,"global warming potential (GWP100), including biogenic CO2",0.3598428964614868,kg CO2-Eq,not applicable,no DACCS project,not applicable,e6bea0eb281170b52318
DACCS,SSP2-PkBudg1000,2030,2015,IPCC 2021 (incl. biogenic CO2) no LT - climate change: total (incl. biogenic CO2) no LT - global warming potential (GWP100) no LT,"global warming potential (GWP100), including biogenic CO2",0.5539603233337402,kg CO2-Eq,not applicable,no DACCS project,not applicable,e6bea0eb281170b52318
DACCS,SSP2-PkBudg1000,2030,2016,IPCC 2021 (incl. biogenic CO2) no LT - climate change: total (incl. biogenic CO2) no LT - global warming potential (GWP100) no LT,"global warming potential (GWP100), including biogenic CO2",0.5194352865219116,kg CO2-Eq,not applicable,no DACCS project,not applicable,e6bea0eb281170b52318
DACCS,SSP2-PkBudg1000,2030,2017,IPCC 2021 (incl. biogenic CO2) no LT - climate change: total (incl. biogenic CO2) no LT - global warming potential (GWP100) no LT,"global warming potential (GWP100), including biogenic CO2",0.6848026514053345,kg CO2-Eq,not applicable,no DACCS project,not applicable,e6bea0eb281170b52318
DACCS,SSP2-PkBudg1000,2030,2018,IPCC 2021 (incl. biogenic CO2) no LT - climate change: total (incl. biogenic CO2) no LT - global warming potential (GWP100) no LT,"global warming potential (GWP100), including biogenic CO2",-21.331449508666992,kg CO2-Eq,not applicable,no DACCS project,not applicable,e6bea0eb281170b52318
DACCS,SSP2-PkBudg1000,2030,2019,IPCC 2021 (incl. biogenic CO2) no LT - climate change: total (incl. biogenic CO2) no LT - global warming potential (GWP100) no LT,"global warming potential (GWP100), including biogenic CO2",-21.25176239013672,kg CO2-Eq,not applicable,no DACCS project,not applicable,e6bea0eb281170b52318
DACCS,SSP2-PkBudg1000,2030,2020,IPCC 2021 (incl. biogenic CO2) no LT - climate change: total (incl. biogenic CO2) no LT - global warming potential (GWP100) no LT,"global warming potential (GWP100), including biogenic CO2",-21.39784812927246,kg CO2-Eq,not applicable,no DACCS project,not applicable,e6bea0eb281170b52318
DACCS,SSP2-PkBudg1000,2030,2021,IPCC 2021 (incl. biogenic CO2) no LT - climate change: total (incl. biogenic CO2) no LT - global warming potential (GWP100) no LT,"global warming potential (GWP100), including biogenic CO2",-21.415878295898438,kg CO2-Eq,not applicable,no DACCS project,not applicable,e6bea0eb281170b52318
DACCS,SSP2-PkBudg1000,2030,2022,IPCC 2021 (incl. biogenic CO2) no LT - climate change: total (incl. biogenic CO2) no LT - global warming potential (GWP100) no LT,"global warming potential (GWP100), including biogenic CO2",-21.54538917541504,kg CO2-Eq,not applicable,no DACCS project,not applicable,e6bea0eb281170b52318
DACCS,SSP2-PkBudg1000,2030,2023,IPCC 2021 (incl. biogenic CO2) no LT - climate change: total (incl. biogenic CO2) no LT - global warming potential (GWP100) no LT,"global warming potential (GWP100), including biogenic CO2",-21.573266983032227,kg CO2-Eq,not applicable,no DACCS project,not applicable,e6bea0eb281170b52318
DACCS,SSP2-PkBudg1000,2030,2024,IPCC 2021 (incl. biogenic CO2) no LT - climate change: total (incl. biogenic CO2) no LT - global warming potential (GWP100) no LT,"global warming potential (GWP100), including biogenic CO2",-21.688430786132812,kg CO2-Eq,not applicable,no DACCS project,not applicable,e6bea0eb281170b52318
DACCS,SSP2-PkBudg1000,2030,2025,IPCC 2021 (incl. biogenic CO2) no LT - climate change: total (incl. biogenic CO2) no LT - global warming potential (GWP100) no LT,"global warming potential (GWP100), including biogenic CO2",-21.72322654724121,kg CO2-Eq,not applicable,no DACCS project,not applicable,e6bea0eb281170b52318
DACCS,SSP2-PkBudg1000,2030,2026,IPCC 2021 (incl. biogenic CO2) no LT - climate change: total (incl. biogenic CO2) no LT - global warming potential (GWP100) no LT,"global warming potential (GWP100), including biogenic CO2",-21.82898712158203,kg CO2-Eq,not applicable,no DACCS project,not applicable,e6bea0eb281170b52318
DACCS,SSP2-PkBudg1000,2030,2027,IPCC 2021 (incl. biogenic CO2) no LT - climate change: total (incl. biogenic CO2) no LT - global warming potential (GWP100) no LT,"global warming potential (GWP100), including biogenic CO2",-21.86933135986328,kg CO2-Eq,not applicable,no DACCS project,not applicable,e6bea0eb281170b52318
DACCS,SSP2-PkBudg1000,2030,2028,IPCC 2021 (incl. biogenic CO2) no LT - climate change: total (incl. biogenic CO2) no LT - global warming potential (GWP100) no LT,"global warming potential (GWP100), including biogenic CO2",-21.961210250854492,kg CO2-Eq,not applicable,no DACCS project,not applicable,e6bea0eb281170b52318
DACCS,SSP2-PkBudg1000,2030,2029,IPCC 2021 (incl. biogenic CO2) no LT - climate change: total (incl. biogenic CO2) no LT - global warming potential (GWP100) no LT,"global warming potential (GWP100), including biogenic CO2",-22.433582305908203,kg CO2-Eq,not applicable,no DACCS project,not applicable,e6bea0eb281170b52318
DACCS,SSP2-PkBudg1000,2030,2030,IPCC 2021 (incl. biogenic CO2) no LT - climate change: total (incl. biogenic CO2) no LT - global warming potential (GWP100) no LT,"global warming potential (GWP100), including biogenic CO2",-630.08203125,kg CO2-Eq,not applicable,no DACCS project,not applicable,e6bea0eb281170b52318
DACCS,SSP2-PkBudg1000,2030,2031,IPCC 2021 (incl. biogenic CO2) no LT - climate change: total (incl. biogenic CO2) no LT - global warming potential (GWP100) no LT,"global warming potential (GWP100), including biogenic CO2",-0.00027632073033601046,kg CO2-Eq,not applicable,no DACCS project,not applicable,e6bea0eb281170b52318
DACCS,SSP2-PkBudg1000,2030,2032,IPCC 2021 (incl. biogenic CO2) no LT - climate change: total (incl. biogenic CO2) no LT - global warming potential (GWP100) no LT,"global warming potential (GWP100), including biogenic CO2",-4.916303623758722e-06,kg CO2-Eq,not applicable,no DACCS project,not applicable,e6bea0eb281170b52318
DACCS,SSP2-PkBudg1000,2030,2033,IPCC 2021 (incl. biogenic CO2) no LT - climate change: total (incl. biogenic CO2) no LT - global warming potential (GWP100) no LT,"global warming potential (GWP100), including biogenic CO2",-0.0002486561133991927,kg CO2-Eq,not applicable,no DACCS project,not applicable,e6bea0eb281170b52318
DACCS,SSP2-PkBudg1000,2030,2034,IPCC 2021 (incl. biogenic CO2) no LT - climate change: total (incl. biogenic CO2) no LT - global warming potential (GWP100) no LT,"global warming potential (GWP100), including biogenic CO2",-5.043941655458184e-06,kg CO2-Eq,not applicable,no DACCS project,not applicable,e6bea0eb281170b52318
DACCS,SSP2-PkBudg1000,2030,2035,IPCC 2021 (incl. biogenic CO2) no LT - climate change: total (incl. biogenic CO2) no LT - global warming potential (GWP100) no LT,"global warming potential (GWP100), including biogenic CO2",-0.00021761076641269028,kg CO2-Eq,not applicable,no DACCS project,not applicable,e6bea0eb281170b52318
DACCS,SSP2-PkBudg1000,2030,2036,IPCC 2021 (incl. biogenic CO2) no LT - climate change: total (incl. biogenic CO2) no LT - global warming potential (GWP100) no LT,"global warming potential (GWP100), including biogenic CO2",-5.254970346868504e-06,kg CO2-Eq,not applicable,no DACCS project,not applicable,e6bea0eb281170b52318
DACCS,SSP2-PkBudg1000,2030,2037,IPCC 2021 (incl. biogenic CO2) no LT - climate change: total (incl. biogenic CO2) no LT - global warming potential (GWP100) no LT,"global warming potential (GWP100), including biogenic CO2",-0.00018207033281214535,kg CO2-Eq,not applicable,no DACCS project,not applicable,e6bea0eb281170b52318
DACCS,SSP2-PkBudg1000,2030,2038,IPCC 2021 (incl. biogenic CO2) no LT - climate change: total (incl. biogenic CO2) no LT - global warming potential (GWP100) no LT,"global warming potential (GWP100), including biogenic CO2",-5.504632099473383e-06,kg CO2-Eq,not applicable,no DACCS project,not applicable,e6bea0eb281170b52318
DACCS,SSP2-PkBudg1000,2030,2039,IPCC 2021 (incl. biogenic CO2) no LT - climate change: total (incl. biogenic CO2) no LT - global warming potential (GWP100) no LT,"global warming potential (GWP100), including biogenic CO2",-0.0037633399479091167,kg CO2-Eq,not applicable,no DACCS project,not applicable,e6bea0eb281170b52318
DACCS,SSP2-PkBudg1000,2030,2040,IPCC 2021 (incl. biogenic CO2) no LT - climate change: total (incl. biogenic CO2) no LT - global warming potential (GWP100) no LT,"global warming potential (GWP100), including biogenic CO2",-0.0036236695013940334,kg CO2-Eq,not applicable,no DACCS project,not applicable,e6bea0eb281170b52318
DACCS,SSP2-PkBudg1000,2030,2041,IPCC 2021 (incl. biogenic CO2) no LT - climate change: total (incl. biogenic CO2) no LT - global warming potential (GWP100) no LT,"global warming potential (GWP100), including biogenic CO2",-0.0037304030265659094,kg CO2-Eq,not applicable,no DACCS project,not applicable,e6bea0eb281170b52318
DACCS,SSP2-PkBudg1000,2030,2042,IPCC 2021 (incl. biogenic CO2) no LT - climate change: total (incl. biogenic CO2) no LT - global warming potential (GWP100) no LT,"global warming potential (GWP100), including biogenic CO2",-0.003623989410698414,kg CO2-Eq,not applicable,no DACCS project,not applicable,e6bea0eb281170b52318
DACCS,SSP2-PkBudg1000,2030,2043,IPCC 2021 (incl. biogenic CO2) no LT - climate change: total (incl. biogenic CO2) no LT - global warming potential (GWP100) no LT,"global warming potential (GWP100), including biogenic CO2",-0.003703799331560731,kg CO2-Eq,not applicable,no DACCS project,not applicable,e6bea0eb281170b52318
DACCS,SSP2-PkBudg1000,2030,2044,IPCC 2021 (incl. biogenic CO2) no LT - climate change: total (incl. biogenic CO2) no LT - global warming potential (GWP100) no LT,"global warming potential (GWP100), including biogenic CO2",-0.0036243495997041464,kg CO2-Eq,not applicable,no DACCS project,not applicable,e6bea0eb281170b52318
DACCS,SSP2-PkBudg1000,2030,2045,IPCC 2021 (incl. biogenic CO2) no LT - climate change: total (incl. biogenic CO2) no LT - global warming potential (GWP100) no LT,"global warming potential (GWP100), including biogenic CO2",-0.0036837623920291662,kg CO2-Eq,not applicable,no DACCS project,not applicable,e6bea0eb281170b52318
DACCS,SSP2-PkBudg1000,2030,2046,IPCC 2021 (incl. biogenic CO2) no LT - climate change: total (incl. biogenic CO2) no LT - global warming potential (GWP100) no LT,"global warming potential (GWP100), including biogenic CO2",-0.003624732606112957,kg CO2-Eq,not applicable,no DACCS project,not applicable,e6bea0eb281170b52318
DACCS,SSP2-PkBudg1000,2030,2047,IPCC 2021 (incl. biogenic CO2) no LT - climate change: total (incl. biogenic CO2) no LT - global warming potential (GWP100) no LT,"global warming potential (GWP100), including biogenic CO2",-0.003669185098260641,kg CO2-Eq,not applicable,no DACCS project,not applicable,e6bea0eb281170b52318
DACCS,SSP2-PkBudg1000,2030,2048,IPCC 2021 (incl. biogenic CO2) no LT - climate change: total (incl. biogenic CO2) no LT - global warming potential (GWP100) no LT,"global warming potential (GWP100), including biogenic CO2",-0.003625130746513605,kg CO2-Eq,not applicable,no DACCS project,not applicable,e6bea0eb281170b52318
DACCS,SSP2-PkBudg1000,2030,2049,IPCC 2021 (incl. biogenic CO2) no LT - climate change: total (incl. biogenic CO2) no LT - global warming potential (GWP100) no LT,"global warming potential (GWP100), including biogenic CO2",-0.0036587233189493418,kg CO2-Eq,not applicable,no DACCS project,not applicable,e6bea0eb281170b52318
DACCS,SSP2-PkBudg1000,2030,2050,IPCC 2021 (incl. biogenic CO2) no LT - climate change: total (incl. biogenic CO2) no LT - global warming potential (GWP100) no LT,"global warming potential (GWP100), including biogenic CO2",-0.006123013328760862,kg CO2-Eq,not applicable,no DACCS project,not applicable,e6bea0eb281170b52318
DACCS,SSP2-PkBudg1000,2030,2051,IPCC 2021 (incl. biogenic CO2) no LT - climate change: total (incl. biogenic CO2) no LT - global warming potential (GWP100) no LT,"global warming potential (GWP100), including biogenic CO2",0.35362961888313293,kg CO2-Eq,not applicable,no DACCS project,not applicable,e6bea0eb281170b52318
DACCS,SSP2-PkBudg1000,2030,2052,IPCC 2021 (incl. biogenic CO2) no LT - climate change: total (incl. biogenic CO2) no LT - global warming potential (GWP100) no LT,"global warming potential (GWP100), including biogenic CO2",4.626281679520616e-06,kg CO2-Eq,not applicable,no DACCS project,not applicable,e6bea0eb281170b52318
DACCS,SSP2-PkBudg1000,2030,2053,IPCC 2021 (incl. biogenic CO2) no LT - climate change: total (incl. biogenic CO2) no LT - global warming potential (GWP100) no LT,"global warming potential (GWP100), including biogenic CO2",4.594716756400885e-06,kg CO2-Eq,not applicable,no DACCS project,not applicable,e6bea0eb281170b52318
DACCS,SSP2-PkBudg1000,2030,2054,IPCC 2021 (incl. biogenic CO2) no LT - climate change: total (incl. biogenic CO2) no LT - global warming potential (GWP100) no LT,"global warming potential (GWP100), including biogenic CO2",4.543071099760709e-06,kg CO2-Eq,not applicable,no DACCS project,not applicable,e6bea0eb281170b52318
DACCS,SSP2-PkBudg1000,2030,2055,IPCC 2021 (incl. biogenic CO2) no LT - climate change: total (incl. biogenic CO2) no LT - global warming potential (GWP100) no LT,"global warming potential (GWP100), including biogenic CO2",4.507840003498131e-06,kg CO2-Eq,not applicable,no DACCS project,not applicable,e6bea0eb281170b52318
DACCS,SSP2-PkBudg1000,2030,2056,IPCC 2021 (incl. biogenic CO2) no LT - climate change: total (incl. biogenic CO2) no LT - global warming potential (GWP100) no LT,"global warming potential (GWP100), including biogenic CO2",4.453938799997559e-06,kg CO2-Eq,not applicable,no DACCS project,not applicable,e6bea0eb281170b52318
DACCS,SSP2-PkBudg1000,2030,2057,IPCC 2021 (incl. biogenic CO2) no LT - climate change: total (incl. biogenic CO2) no LT - global warming potential (GWP100) no LT,"global warming potential (GWP100), including biogenic CO2",4.409022949403152e-06,kg CO2-Eq,not applicable,no DACCS project,not applicable,e6bea0eb281170b52318
DACCS,SSP2-PkBudg1000,2030,2058,IPCC 2021 (incl. biogenic CO2) no LT - climate change: total (incl. biogenic CO2) no LT - global warming potential (GWP100) no LT,"global warming potential (GWP100), including biogenic CO2",4.346788955444936e-06,kg CO2-Eq,not applicable,no DACCS project,not applicable,e6bea0eb281170b52318
DACCS,SSP2-PkBudg1000,2030,2059,IPCC 2021 (incl. biogenic CO2) no LT - climate change: total (incl. biogenic CO2) no LT - global warming potential (GWP100) no LT,"global warming potential (GWP100), including biogenic CO2",4.471692591323517e-06,kg CO2-Eq,not applicable,no DACCS project,not applicable,e6bea0eb281170b52318
DACCS,SSP2-PkBudg1000,2030,2060,IPCC 2021 (incl. biogenic CO2) no LT - climate change: total (incl. biogenic CO2) no LT - global warming potential (GWP100) no LT,"global warming potential (GWP100), including biogenic CO2",4.578438620228553e-06,kg CO2-Eq,not applicable,no DACCS project,not applicable,e6bea0eb281170b52318
DACCS,SSP2-PkBudg1000,2030,2061,IPCC 2021 (incl. biogenic CO2) no LT - climate change: total (incl. biogenic CO2) no LT - global warming potential (GWP100) no LT,"global warming potential (GWP100), including biogenic CO2",4.734263711725362e-06,kg CO2-Eq,not applicable,no DACCS project,not applicable,e6bea0eb281170b52318
DACCS,SSP2-PkBudg1000,2030,2062,IPCC 2021 (incl. biogenic CO2) no LT - climate change: total (incl. biogenic CO2) no LT - global warming potential (GWP100) no LT,"global warming potential (GWP100), including biogenic CO2",4.881821041635703e-06,kg CO2-Eq,not applicable,no DACCS project,not applicable,e6bea0eb281170b52318
DACCS,SSP2-PkBudg1000,2030,2063,IPCC 2021 (incl. biogenic CO2) no LT - climate change: total (incl. biogenic CO2) no LT - global warming potential (GWP100) no LT,"global warming potential (GWP100), including biogenic CO2",5.035361027694307e-06,kg CO2-Eq,not applicable,no DACCS project,not applicable,e6bea0eb281170b52318
DACCS,SSP2-PkBudg1000,2030,2064,IPCC 2021 (incl. biogenic CO2) no LT - climate change: total (incl. biogenic CO2) no LT - global warming potential (GWP100) no LT,"global warming potential (GWP100), including biogenic CO2",5.18203660249128e-06,kg CO2-Eq,not applicable,no DACCS project,not applicable,e6bea0eb281170b52318
DACCS,SSP2-PkBudg1000,2030,2065,IPCC 2021 (incl. biogenic CO2) no LT - climate change: total (incl. biogenic CO2) no LT - global warming potential (GWP100) no LT,"global warming potential (GWP100), including biogenic CO2",5.333030458132271e-06,kg CO2-Eq,not applicable,no DACCS project,not applicable,e6bea0eb281170b52318
DACCS,SSP2-PkBudg1000,2030,2066,IPCC 2021 (incl. biogenic CO2) no LT - climate change: total (incl. biogenic CO2) no LT - global warming potential (GWP100) no LT,"global warming potential (GWP100), including biogenic CO2",5.478166258399142e-06,kg CO2-Eq,not applicable,no DACCS project,not applicable,e6bea0eb281170b52318
DACCS,SSP2-PkBudg1000,2030,2067,IPCC 2021 (incl. biogenic CO2) no LT - climate change: total (incl. biogenic CO2) no LT - global warming potential (GWP100) no LT,"global warming potential (GWP100), including biogenic CO2",5.626297934213653e-06,kg CO2-Eq,not applicable,no DACCS project,not applicable,e6bea0eb281170b52318
DACCS,SSP2-PkBudg1000,2030,2068,IPCC 2021 (incl. biogenic CO2) no LT - climate change: total (incl. biogenic CO2) no LT - global warming potential (GWP100) no LT,"global warming potential (GWP100), including biogenic CO2",5.769335075456183e-06,kg CO2-Eq,not applicable,no DACCS project,not applicable,e6bea0eb281170b52318
DACCS,SSP2-PkBudg1000,2030,2069,IPCC 2021 (incl. biogenic CO2) no LT - climate change: total (incl. biogenic CO2) no LT - global warming potential (GWP100) no LT,"global warming potential (GWP100), including biogenic CO2",5.914250778005226e-06,kg CO2-Eq,not applicable,no DACCS project,not applicable,e6bea0eb281170b52318
DACCS,SSP2-PkBudg1000,2030,2070,IPCC 2021 (incl. biogenic CO2) no LT - climate change: total (incl. biogenic CO2) no LT - global warming potential (GWP100) no LT,"global warming potential (GWP100), including biogenic CO2",6.126178050180897e-06,kg CO2-Eq,not applicable,no DACCS project,not applicable,e6bea0eb281170b52318
BECCS,SSP2-PkBudg1000,2050,2047,IPCC 2021 (incl. biogenic CO2) no LT - climate change: total (incl. biogenic CO2) no LT - global warming potential (GWP100) no LT,"global warming potential (GWP100), including biogenic CO2",5.081468105316162,kg CO2-Eq,existing mature forest remains standing at constant carbon stock,no new CHP; shared forest history cancels; Northern European electricity and heat markets provide the project's exported energy services,new CHP+CCS vs standing forest and Northern European energy,02594c6f953837c8eb63
BECCS,SSP2-PkBudg1000,2050,2048,IPCC 2021 (incl. biogenic CO2) no LT - climate change: total (incl. biogenic CO2) no LT - global warming potential (GWP100) no LT,"global warming potential (GWP100), including biogenic CO2",4.898219585418701,kg CO2-Eq,existing mature forest remains standing at constant carbon stock,no new CHP; shared forest history cancels; Northern European electricity and heat markets provide the project's exported energy services,new CHP+CCS vs standing forest and Northern European energy,02594c6f953837c8eb63
BECCS,SSP2-PkBudg1000,2050,2049,IPCC 2021 (incl. biogenic CO2) no LT - climate change: total (incl. biogenic CO2) no LT - global warming potential (GWP100) no LT,"global warming potential (GWP100), including biogenic CO2",4.714215278625488,kg CO2-Eq,existing mature forest remains standing at constant carbon stock,no new CHP; shared forest history cancels; Northern European electricity and heat markets provide the project's exported energy services,new CHP+CCS vs standing forest and Northern European energy,02594c6f953837c8eb63
BECCS,SSP2-PkBudg1000,2050,2050,IPCC 2021 (incl. biogenic CO2) no LT - climate change: total (incl. biogenic CO2) no LT - global warming potential (GWP100) no LT,"global warming potential (GWP100), including biogenic CO2",6.874783515930176,kg CO2-Eq,existing mature forest remains standing at constant carbon stock,no new CHP; shared forest history cancels; Northern European electricity and heat markets provide the project's exported energy services,new CHP+CCS vs standing forest and Northern European energy,02594c6f953837c8eb63
BECCS,SSP2-PkBudg1000,2050,2051,IPCC 2021 (incl. biogenic CO2) no LT - climate change: total (incl. biogenic CO2) no LT - global warming potential (GWP100) no LT,"global warming potential (GWP100), including biogenic CO2",6.1624908447265625,kg CO2-Eq,existing mature forest remains standing at constant carbon stock,no new CHP; shared forest history cancels; Northern European electricity and heat markets provide the project's exported energy services,new CHP+CCS vs standing forest and Northern European energy,02594c6f953837c8eb63
BECCS,SSP2-PkBudg1000,2050,2052,IPCC 2021 (incl. biogenic CO2) no LT - climate change: total (incl. biogenic CO2) no LT - global warming potential (GWP100) no LT,"global warming potential (GWP100), including biogenic CO2",6.16200065612793,kg CO2-Eq,existing mature forest remains standing at constant carbon stock,no new CHP; shared forest history cancels; Northern European electricity and heat markets provide the project's exported energy services,new CHP+CCS vs standing forest and Northern European energy,02594c6f953837c8eb63
BECCS,SSP2-PkBudg1000,2050,2053,IPCC 2021 (incl. biogenic CO2) no LT - climate change: total (incl. biogenic CO2) no LT - global warming potential (GWP100) no LT,"global warming potential (GWP100), including biogenic CO2",5.987305641174316,kg CO2-Eq,existing mature forest remains standing at constant carbon stock,no new CHP; shared forest history cancels; Northern European electricity and heat markets provide the project's exported energy services,new CHP+CCS vs standing forest and Northern European energy,02594c6f953837c8eb63
BECCS,SSP2-PkBudg1000,2050,2054,IPCC 2021 (incl. biogenic CO2) no LT - climate change: total (incl. biogenic CO2) no LT - global warming potential (GWP100) no LT,"global warming potential (GWP100), including biogenic CO2",5.986747741699219,kg CO2-Eq,existing mature forest remains standing at constant carbon stock,no new CHP; shared forest history cancels; Northern European electricity and heat markets provide the project's exported energy services,new CHP+CCS vs standing forest and Northern European energy,02594c6f953837c8eb63
BECCS,SSP2-PkBudg1000,2050,2055,IPCC 2021 (incl. biogenic CO2) no LT - climate change: total (incl. biogenic CO2) no LT - global warming potential (GWP100) no LT,"global warming potential (GWP100), including biogenic CO2",5.770191669464111,kg CO2-Eq,existing mature forest remains standing at constant carbon stock,no new CHP; shared forest history cancels; Northern European electricity and heat markets provide the project's exported energy services,new CHP+CCS vs standing forest and Northern European energy,02594c6f953837c8eb63
BECCS,SSP2-PkBudg1000,2050,2056,IPCC 2021 (incl. biogenic CO2) no LT - climate change: total (incl. biogenic CO2) no LT - global warming potential (GWP100) no LT,"global warming potential (GWP100), including biogenic CO2",5.765637397766113,kg CO2-Eq,existing mature forest remains standing at constant carbon stock,no new CHP; shared forest history cancels; Northern European electricity and heat markets provide the project's exported energy services,new CHP+CCS vs standing forest and Northern European energy,02594c6f953837c8eb63
BECCS,SSP2-PkBudg1000,2050,2057,IPCC 2021 (incl. biogenic CO2) no LT - climate change: total (incl. biogenic CO2) no LT - global warming potential (GWP100) no LT,"global warming potential (GWP100), including biogenic CO2",5.4935784339904785,kg CO2-Eq,existing mature forest remains standing at constant carbon stock,no new CHP; shared forest history cancels; Northern European electricity and heat markets provide the project's exported energy services,new CHP+CCS vs standing forest and Northern European energy,02594c6f953837c8eb63
BECCS,SSP2-PkBudg1000,2050,2058,IPCC 2021 (incl. biogenic CO2) no LT - climate change: total (incl. biogenic CO2) no LT - global warming potential (GWP100) no LT,"global warming potential (GWP100), including biogenic CO2",5.488679885864258,kg CO2-Eq,existing mature forest remains standing at constant carbon stock,no new CHP; shared forest history cancels; Northern European electricity and heat markets provide the project's exported energy services,new CHP+CCS vs standing forest and Northern European energy,02594c6f953837c8eb63
BECCS,SSP2-PkBudg1000,2050,2059,IPCC 2021 (incl. biogenic CO2) no LT - climate change: total (incl. biogenic CO2) no LT - global warming potential (GWP100) no LT,"global warming potential (GWP100), including biogenic CO2",5.153367042541504,kg CO2-Eq,existing mature forest remains standing at constant carbon stock,no new CHP; shared forest history cancels; Northern European electricity and heat markets provide the project's exported energy services,new CHP+CCS vs standing forest and Northern European energy,02594c6f953837c8eb63
BECCS,SSP2-PkBudg1000,2050,2060,IPCC 2021 (incl. biogenic CO2) no LT - climate change: total (incl. biogenic CO2) no LT - global warming potential (GWP100) no LT,"global warming potential (GWP100), including biogenic CO2",5.148122787475586,kg CO2-Eq,existing mature forest remains standing at constant carbon stock,no new CHP; shared forest history cancels; Northern European electricity and heat markets provide the project's exported energy services,new CHP+CCS vs standing forest and Northern European energy,02594c6f953837c8eb63
BECCS,SSP2-PkBudg1000,2050,2061,IPCC 2021 (incl. biogenic CO2) no LT - climate change: total (incl. biogenic CO2) no LT - global warming potential (GWP100) no LT,"global warming potential (GWP100), including biogenic CO2",4.738138675689697,kg CO2-Eq,existing mature forest remains standing at constant carbon stock,no new CHP; shared forest history cancels; Northern European electricity and heat markets provide the project's exported energy services,new CHP+CCS vs standing forest and Northern European energy,02594c6f953837c8eb63
BECCS,SSP2-PkBudg1000,2050,2062,IPCC 2021 (incl. biogenic CO2) no LT - climate change: total (incl. biogenic CO2) no LT - global warming potential (GWP100) no LT,"global warming potential (GWP100), including biogenic CO2",4.734872817993164,kg CO2-Eq,existing mature forest remains standing at constant carbon stock,no new CHP; shared forest history cancels; Northern European electricity and heat markets provide the project's exported energy services,new CHP+CCS vs standing forest and Northern European energy,02594c6f953837c8eb63
BECCS,SSP2-PkBudg1000,2050,2063,IPCC 2021 (incl. biogenic CO2) no LT - climate change: total (incl. biogenic CO2) no LT - global warming potential (GWP100) no LT,"global warming potential (GWP100), including biogenic CO2",4.231610298156738,kg CO2-Eq,existing mature forest remains standing at constant carbon stock,no new CHP; shared forest history cancels; Northern European electricity and heat markets provide the project's exported energy services,new CHP+CCS vs standing forest and Northern European energy,02594c6f953837c8eb63
BECCS,SSP2-PkBudg1000,2050,2064,IPCC 2021 (incl. biogenic CO2) no LT - climate change: total (incl. biogenic CO2) no LT - global warming potential (GWP100) no LT,"global warming potential (GWP100), including biogenic CO2",4.227960109710693,kg CO2-Eq,existing mature forest remains standing at constant carbon stock,no new CHP; shared forest history cancels; Northern European electricity and heat markets provide the project's exported energy services,new CHP+CCS vs standing forest and Northern European energy,02594c6f953837c8eb63
BECCS,SSP2-PkBudg1000,2050,2065,IPCC 2021 (incl. biogenic CO2) no LT - climate change: total (incl. biogenic CO2) no LT - global warming potential (GWP100) no LT,"global warming potential (GWP100), including biogenic CO2",3.6125869750976562,kg CO2-Eq,existing mature forest remains standing at constant carbon stock,no new CHP; shared forest history cancels; Northern European electricity and heat markets provide the project's exported energy services,new CHP+CCS vs standing forest and Northern European energy,02594c6f953837c8eb63
BECCS,SSP2-PkBudg1000,2050,2066,IPCC 2021 (incl. biogenic CO2) no LT - climate change: total (incl. biogenic CO2) no LT - global warming potential (GWP100) no LT,"global warming potential (GWP100), including biogenic CO2",3.608556032180786,kg CO2-Eq,existing mature forest remains standing at constant carbon stock,no new CHP; shared forest history cancels; Northern European electricity and heat markets provide the project's exported energy services,new CHP+CCS vs standing forest and Northern European energy,02594c6f953837c8eb63
BECCS,SSP2-PkBudg1000,2050,2067,IPCC 2021 (incl. biogenic CO2) no LT - climate change: total (incl. biogenic CO2) no LT - global warming potential (GWP100) no LT,"global warming potential (GWP100), including biogenic CO2",2.8596270084381104,kg CO2-Eq,existing mature forest remains standing at constant carbon stock,no new CHP; shared forest history cancels; Northern European electricity and heat markets provide the project's exported energy services,new CHP+CCS vs standing forest and Northern European energy,02594c6f953837c8eb63
BECCS,SSP2-PkBudg1000,2050,2068,IPCC 2021 (incl. biogenic CO2) no LT - climate change: total (incl. biogenic CO2) no LT - global warming potential (GWP100) no LT,"global warming potential (GWP100), including biogenic CO2",2.8552169799804688,kg CO2-Eq,existing mature forest remains standing at constant carbon stock,no new CHP; shared forest history cancels; Northern European electricity and heat markets provide the project's exported energy services,new CHP+CCS vs standing forest and Northern European energy,02594c6f953837c8eb63
BECCS,SSP2-PkBudg1000,2050,2069,IPCC 2021 (incl. biogenic CO2) no LT - climate change: total (incl. biogenic CO2) no LT - global warming potential (GWP100) no LT,"global warming potential (GWP100), including biogenic CO2",1.9489399194717407,kg CO2-Eq,existing mature forest remains standing at constant carbon stock,no new CHP; shared forest history cancels; Northern European electricity and heat markets provide the project's exported energy services,new CHP+CCS vs standing forest and Northern European energy,02594c6f953837c8eb63
BECCS,SSP2-PkBudg1000,2050,2070,IPCC 2021 (incl. biogenic CO2) no LT - climate change: total (incl. biogenic CO2) no LT - global warming potential (GWP100) no LT,"global warming potential (GWP100), including biogenic CO2",-5.450950622558594,kg CO2-Eq,existing mature forest remains standing at constant carbon stock,no new CHP; shared forest history cancels; Northern European electricity and heat markets provide the project's exported energy services,new CHP+CCS vs standing forest and Northern European energy,02594c6f953837c8eb63
BECCS,SSP2-PkBudg1000,2050,2071,IPCC 2021 (incl. biogenic CO2) no LT - climate change: total (incl. biogenic CO2) no LT - global warming potential (GWP100) no LT,"global warming potential (GWP100), including biogenic CO2",-5.228951930999756,kg CO2-Eq,existing mature forest remains standing at constant carbon stock,no new CHP; shared forest history cancels; Northern European electricity and heat markets provide the project's exported energy services,new CHP+CCS vs standing forest and Northern European energy,02594c6f953837c8eb63
BECCS,SSP2-PkBudg1000,2050,2072,IPCC 2021 (incl. biogenic CO2) no LT - climate change: total (incl. biogenic CO2) no LT - global warming potential (GWP100) no LT,"global warming potential (GWP100), including biogenic CO2",-5.229165554046631,kg CO2-Eq,existing mature forest remains standing at constant carbon stock,no new CHP; shared forest history cancels; Northern European electricity and heat markets provide the project's exported energy services,new CHP+CCS vs standing forest and Northern European energy,02594c6f953837c8eb63
BECCS,SSP2-PkBudg1000,2050,2073,IPCC 2021 (incl. biogenic CO2) no LT - climate change: total (incl. biogenic CO2) no LT - global warming potential (GWP100) no LT,"global warming potential (GWP100), including biogenic CO2",-6.347911357879639,kg CO2-Eq,existing mature forest remains standing at constant carbon stock,no new CHP; shared forest history cancels; Northern European electricity and heat markets provide the project's exported energy services,new CHP+CCS vs standing forest and Northern European energy,02594c6f953837c8eb63
BECCS,SSP2-PkBudg1000,2050,2074,IPCC 2021 (incl. biogenic CO2) no LT - climate change: total (incl. biogenic CO2) no LT - global warming potential (GWP100) no LT,"global warming potential (GWP100), including biogenic CO2",-6.3481221199035645,kg CO2-Eq,existing mature forest remains standing at constant carbon stock,no new CHP; shared forest history cancels; Northern European electricity and heat markets provide the project's exported energy services,new CHP+CCS vs standing forest and Northern European energy,02594c6f953837c8eb63
BECCS,SSP2-PkBudg1000,2050,2075,IPCC 2021 (incl. biogenic CO2) no LT - climate change: total (incl. biogenic CO2) no LT - global warming potential (GWP100) no LT,"global warming potential (GWP100), including biogenic CO2",-7.658439636230469,kg CO2-Eq,existing mature forest remains standing at constant carbon stock,no new CHP; shared forest history cancels; Northern European electricity and heat markets provide the project's exported energy services,new CHP+CCS vs standing forest and Northern European energy,02594c6f953837c8eb63
BECCS,SSP2-PkBudg1000,2050,2076,IPCC 2021 (incl. biogenic CO2) no LT - climate change: total (incl. biogenic CO2) no LT - global warming potential (GWP100) no LT,"global warming potential (GWP100), including biogenic CO2",-7.658651828765869,kg CO2-Eq,existing mature forest remains standing at constant carbon stock,no new CHP; shared forest history cancels; Northern European electricity and heat markets provide the project's exported energy services,new CHP+CCS vs standing forest and Northern European energy,02594c6f953837c8eb63
BECCS,SSP2-PkBudg1000,2050,2077,IPCC 2021 (incl. biogenic CO2) no LT - climate change: total (incl. biogenic CO2) no LT - global warming potential (GWP100) no LT,"global warming potential (GWP100), including biogenic CO2",-9.172025680541992,kg CO2-Eq,existing mature forest remains standing at constant carbon stock,no new CHP; shared forest history cancels; Northern European electricity and heat markets provide the project's exported energy services,new CHP+CCS vs standing forest and Northern European energy,02594c6f953837c8eb63
BECCS,SSP2-PkBudg1000,2050,2078,IPCC 2021 (incl. biogenic CO2) no LT - climate change: total (incl. biogenic CO2) no LT - global warming potential (GWP100) no LT,"global warming potential (GWP100), including biogenic CO2",-9.172232627868652,kg CO2-Eq,existing mature forest remains standing at constant carbon stock,no new CHP; shared forest history cancels; Northern European electricity and heat markets provide the project's exported energy services,new CHP+CCS vs standing forest and Northern European energy,02594c6f953837c8eb63
BECCS,SSP2-PkBudg1000,2050,2079,IPCC 2021 (incl. biogenic CO2) no LT - climate change: total (incl. biogenic CO2) no LT - global warming potential (GWP100) no LT,"global warming potential (GWP100), including biogenic CO2",-10.891264915466309,kg CO2-Eq,existing mature forest remains standing at constant carbon stock,no new CHP; shared forest history cancels; Northern European electricity and heat markets provide the project's exported energy services,new CHP+CCS vs standing forest and Northern European energy,02594c6f953837c8eb63
BECCS,SSP2-PkBudg1000,2050,2080,IPCC 2021 (incl. biogenic CO2) no LT - climate change: total (incl. biogenic CO2) no LT - global warming potential (GWP100) no LT,"global warming potential (GWP100), including biogenic CO2",-10.891471862792969,kg CO2-Eq,existing mature forest remains standing at constant carbon stock,no new CHP; shared forest history cancels; Northern European electricity and heat markets provide the project's exported energy services,new CHP+CCS vs standing forest and Northern European energy,02594c6f953837c8eb63
BECCS,SSP2-PkBudg1000,2050,2081,IPCC 2021 (incl. biogenic CO2) no LT - climate change: total (incl. biogenic CO2) no LT - global warming potential (GWP100) no LT,"global warming potential (GWP100), including biogenic CO2",-12.805994033813477,kg CO2-Eq,existing mature forest remains standing at constant carbon stock,no new CHP; shared forest history cancels; Northern European electricity and heat markets provide the project's exported energy services,new CHP+CCS vs standing forest and Northern European energy,02594c6f953837c8eb63
BECCS,SSP2-PkBudg1000,2050,2082,IPCC 2021 (incl. biogenic CO2) no LT - climate change: total (incl. biogenic CO2) no LT - global warming potential (GWP100) no LT,"global warming potential (GWP100), including biogenic CO2",-12.806156158447266,kg CO2-Eq,existing mature forest remains standing at constant carbon stock,no new CHP; shared forest history cancels; Northern European electricity and heat markets provide the project's exported energy services,new CHP+CCS vs standing forest and Northern European energy,02594c6f953837c8eb63
BECCS,SSP2-PkBudg1000,2050,2083,IPCC 2021 (incl. biogenic CO2) no LT - climate change: total (incl. biogenic CO2) no LT - global warming potential (GWP100) no LT,"global warming potential (GWP100), including biogenic CO2",-14.889657974243164,kg CO2-Eq,existing mature forest remains standing at constant carbon stock,no new CHP; shared forest history cancels; Northern European electricity and heat markets provide the project's exported energy services,new CHP+CCS vs standing forest and Northern European energy,02594c6f953837c8eb63
BECCS,SSP2-PkBudg1000,2050,2084,IPCC 2021 (incl. biogenic CO2) no LT - climate change: total (incl. biogenic CO2) no LT - global warming potential (GWP100) no LT,"global warming potential (GWP100), including biogenic CO2",-14.889812469482422,kg CO2-Eq,existing mature forest remains standing at constant carbon stock,no new CHP; shared forest history cancels; Northern European electricity and heat markets provide the project's exported energy services,new CHP+CCS vs standing forest and Northern European energy,02594c6f953837c8eb63
BECCS,SSP2-PkBudg1000,2050,2085,IPCC 2021 (incl. biogenic CO2) no LT - climate change: total (incl. biogenic CO2) no LT - global warming potential (GWP100) no LT,"global warming potential (GWP100), including biogenic CO2",-17.0965633392334,kg CO2-Eq,existing mature forest remains standing at constant carbon stock,no new CHP; shared forest history cancels; Northern European electricity and heat markets provide the project's exported energy services,new CHP+CCS vs standing forest and Northern European energy,02594c6f953837c8eb63
BECCS,SSP2-PkBudg1000,2050,2086,IPCC 2021 (incl. biogenic CO2) no LT - climate change: total (incl. biogenic CO2) no LT - global warming potential (GWP100) no LT,"global warming potential (GWP100), including biogenic CO2",-17.09670639038086,kg CO2-Eq,existing mature forest remains standing at constant carbon stock,no new CHP; shared forest history cancels; Northern European electricity and heat markets provide the project's exported energy services,new CHP+CCS vs standing forest and Northern European energy,02594c6f953837c8eb63
BECCS,SSP2-PkBudg1000,2050,2087,IPCC 2021 (incl. biogenic CO2) no LT - climate change: total (incl. biogenic CO2) no LT - global warming potential (GWP100) no LT,"global warming potential (GWP100), including biogenic CO2",-19.36090660095215,kg CO2-Eq,existing mature forest remains standing at constant carbon stock,no new CHP; shared forest history cancels; Northern European electricity and heat markets provide the project's exported energy services,new CHP+CCS vs standing forest and Northern European energy,02594c6f953837c8eb63
BECCS,SSP2-PkBudg1000,2050,2088,IPCC 2021 (incl. biogenic CO2) no LT - climate change: total (incl. biogenic CO2) no LT - global warming potential (GWP100) no LT,"global warming potential (GWP100), including biogenic CO2",-19.361042022705078,kg CO2-Eq,existing mature forest remains standing at constant carbon stock,no new CHP; shared forest history cancels; Northern European electricity and heat markets provide the project's exported energy services,new CHP+CCS vs standing forest and Northern European energy,02594c6f953837c8eb63
BECCS,SSP2-PkBudg1000,2050,2089,IPCC 2021 (incl. biogenic CO2) no LT - climate change: total (incl. biogenic CO2) no LT - global warming potential (GWP100) no LT,"global warming potential (GWP100), including biogenic CO2",-21.59856605529785,kg CO2-Eq,existing mature forest remains standing at constant carbon stock,no new CHP; shared forest history cancels; Northern European electricity and heat markets provide the project's exported energy services,new CHP+CCS vs standing forest and Northern European energy,02594c6f953837c8eb63
BECCS,SSP2-PkBudg1000,2050,2090,IPCC 2021 (incl. biogenic CO2) no LT - climate change: total (incl. biogenic CO2) no LT - global warming potential (GWP100) no LT,"global warming potential (GWP100), including biogenic CO2",-21.59869384765625,kg CO2-Eq,existing mature forest remains standing at constant carbon stock,no new CHP; shared forest history cancels; Northern European electricity and heat markets provide the project's exported energy services,new CHP+CCS vs standing forest and Northern European energy,02594c6f953837c8eb63
BECCS,SSP2-PkBudg1000,2050,2091,IPCC 2021 (incl. biogenic CO2) no LT - climate change: total (incl. biogenic CO2) no LT - global warming potential (GWP100) no LT,"global warming potential (GWP100), including biogenic CO2",-23.711841583251953,kg CO2-Eq,existing mature forest remains standing at constant carbon stock,no new CHP; shared forest history cancels; Northern European electricity and heat markets provide the project's exported energy services,new CHP+CCS vs standing forest and Northern European energy,02594c6f953837c8eb63
BECCS,SSP2-PkBudg1000,2050,2092,IPCC 2021 (incl. biogenic CO2) no LT - climate change: total (incl. biogenic CO2) no LT - global warming potential (GWP100) no LT,"global warming potential (GWP100), including biogenic CO2",-23.71193504333496,kg CO2-Eq,existing mature forest remains standing at constant carbon stock,no new CHP; shared forest history cancels; Northern European electricity and heat markets provide the project's exported energy services,new CHP+CCS vs standing forest and Northern European energy,02594c6f953837c8eb63
BECCS,SSP2-PkBudg1000,2050,2093,IPCC 2021 (incl. biogenic CO2) no LT - climate change: total (incl. biogenic CO2) no LT - global warming potential (GWP100) no LT,"global warming potential (GWP100), including biogenic CO2",-25.596994400024414,kg CO2-Eq,existing mature forest remains standing at constant carbon stock,no new CHP; shared forest history cancels; Northern European electricity and heat markets provide the project's exported energy services,new CHP+CCS vs standing forest and Northern European energy,02594c6f953837c8eb63
BECCS,SSP2-PkBudg1000,2050,2094,IPCC 2021 (incl. biogenic CO2) no LT - climate change: total (incl. biogenic CO2) no LT - global warming potential (GWP100) no LT,"global warming potential (GWP100), including biogenic CO2",-25.597076416015625,kg CO2-Eq,existing mature forest remains standing at constant carbon stock,no new CHP; shared forest history cancels; Northern European electricity and heat markets provide the project's exported energy services,new CHP+CCS vs standing forest and Northern European energy,02594c6f953837c8eb63
BECCS,SSP2-PkBudg1000,2050,2095,IPCC 2021 (incl. biogenic CO2) no LT - climate change: total (incl. biogenic CO2) no LT - global warming potential (GWP100) no LT,"global warming potential (GWP100), including biogenic CO2",-27.153417587280273,kg CO2-Eq,existing mature forest remains standing at constant carbon stock,no new CHP; shared forest history cancels; Northern European electricity and heat markets provide the project's exported energy services,new CHP+CCS vs standing forest and Northern European energy,02594c6f953837c8eb63
BECCS,SSP2-PkBudg1000,2050,2096,IPCC 2021 (incl. biogenic CO2) no LT - climate change: total (incl. biogenic CO2) no LT - global warming potential (GWP100) no LT,"global warming potential (GWP100), including biogenic CO2",-27.153499603271484,kg CO2-Eq,existing mature forest remains standing at constant carbon stock,no new CHP; shared forest history cancels; Northern European electricity and heat markets provide the project's exported energy services,new CHP+CCS vs standing forest and Northern European energy,02594c6f953837c8eb63
BECCS,SSP2-PkBudg1000,2050,2097,IPCC 2021 (incl. biogenic CO2) no LT - climate change: total (incl. biogenic CO2) no LT - global warming potential (GWP100) no LT,"global warming potential (GWP100), including biogenic CO2",-28.293128967285156,kg CO2-Eq,existing mature forest remains standing at constant carbon stock,no new CHP; shared forest history cancels; Northern European electricity and heat markets provide the project's exported energy services,new CHP+CCS vs standing forest and Northern European energy,02594c6f953837c8eb63
BECCS,SSP2-PkBudg1000,2050,2098,IPCC 2021 (incl. biogenic CO2) no LT - climate change: total (incl. biogenic CO2) no LT - global warming potential (GWP100) no LT,"global warming potential (GWP100), including biogenic CO2",-28.29320526123047,kg CO2-Eq,existing mature forest remains standing at constant carbon stock,no new CHP; shared forest history cancels; Northern European electricity and heat markets provide the project's exported energy services,new CHP+CCS vs standing forest and Northern European energy,02594c6f953837c8eb63
BECCS,SSP2-PkBudg1000,2050,2099,IPCC 2021 (incl. biogenic CO2) no LT - climate change: total (incl. biogenic CO2) no LT - global warming potential (GWP100) no LT,"global warming potential (GWP100), including biogenic CO2",-28.949312210083008,kg CO2-Eq,existing mature forest remains standing at constant carbon stock,no new CHP; shared forest history cancels; Northern European electricity and heat markets provide the project's exported energy services,new CHP+CCS vs standing forest and Northern European energy,02594c6f953837c8eb63
BECCS,SSP2-PkBudg1000,2050,2100,IPCC 2021 (incl. biogenic CO2) no LT - climate change: total (incl. biogenic CO2) no LT - global warming potential (GWP100) no LT,"global warming potential (GWP100), including biogenic CO2",-28.949384689331055,kg CO2-Eq,existing mature forest remains standing at constant carbon stock,no new CHP; shared forest history cancels; Northern European electricity and heat markets provide the project's exported energy services,new CHP+CCS vs standing forest and Northern European energy,02594c6f953837c8eb63
BECCS,SSP2-PkBudg1000,2050,2101,IPCC 2021 (incl. biogenic CO2) no LT - climate change: total (incl. biogenic CO2) no LT - global warming potential (GWP100) no LT,"global warming potential (GWP100), including biogenic CO2",-29.08260154724121,kg CO2-Eq,existing mature forest remains standing at constant carbon stock,no new CHP; shared forest history cancels; Northern European electricity and heat markets provide the project's exported energy services,new CHP+CCS vs standing forest and Northern European energy,02594c6f953837c8eb63
BECCS,SSP2-PkBudg1000,2050,2102,IPCC 2021 (incl. biogenic CO2) no LT - climate change: total (incl. biogenic CO2) no LT - global warming potential (GWP100) no LT,"global warming potential (GWP100), including biogenic CO2",-29.08260154724121,kg CO2-Eq,existing mature forest remains standing at constant carbon stock,no new CHP; shared forest history cancels; Northern European electricity and heat markets provide the project's exported energy services,new CHP+CCS vs standing forest and Northern European energy,02594c6f953837c8eb63
BECCS,SSP2-PkBudg1000,2050,2103,IPCC 2021 (incl. biogenic CO2) no LT - climate change: total (incl. biogenic CO2) no LT - global warming potential (GWP100) no LT,"global warming potential (GWP100), including biogenic CO2",-28.684968948364258,kg CO2-Eq,existing mature forest remains standing at constant carbon stock,no new CHP; shared forest history cancels; Northern European electricity and heat markets provide the project's exported energy services,new CHP+CCS vs standing forest and Northern European energy,02594c6f953837c8eb63
BECCS,SSP2-PkBudg1000,2050,2104,IPCC 2021 (incl. biogenic CO2) no LT - climate change: total (incl. biogenic CO2) no LT - global warming potential (GWP100) no LT,"global warming potential (GWP100), including biogenic CO2",-28.684968948364258,kg CO2-Eq,existing mature forest remains standing at constant carbon stock,no new CHP; shared forest history cancels; Northern European electricity and heat markets provide the project's exported energy services,new CHP+CCS vs standing forest and Northern European energy,02594c6f953837c8eb63
BECCS,SSP2-PkBudg1000,2050,2105,IPCC 2021 (incl. biogenic CO2) no LT - climate change: total (incl. biogenic CO2) no LT - global warming potential (GWP100) no LT,"global warming potential (GWP100), including biogenic CO2",-27.780424118041992,kg CO2-Eq,existing mature forest remains standing at constant carbon stock,no new CHP; shared forest history cancels; Northern European electricity and heat markets provide the project's exported energy services,new CHP+CCS vs standing forest and Northern European energy,02594c6f953837c8eb63
BECCS,SSP2-PkBudg1000,2050,2106,IPCC 2021 (incl. biogenic CO2) no LT - climate change: total (incl. biogenic CO2) no LT - global warming potential (GWP100) no LT,"global warming potential (GWP100), including biogenic CO2",-27.780424118041992,kg CO2-Eq,existing mature forest remains standing at constant carbon stock,no new CHP; shared forest history cancels; Northern European electricity and heat markets provide the project's exported energy services,new CHP+CCS vs standing forest and Northern European energy,02594c6f953837c8eb63
BECCS,SSP2-PkBudg1000,2050,2107,IPCC 2021 (incl. biogenic CO2) no LT - climate change: total (incl. biogenic CO2) no LT - global warming potential (GWP100) no LT,"global warming potential (GWP100), including biogenic CO2",-26.422666549682617,kg CO2-Eq,existing mature forest remains standing at constant carbon stock,no new CHP; shared forest history cancels; Northern European electricity and heat markets provide the project's exported energy services,new CHP+CCS vs standing forest and Northern European energy,02594c6f953837c8eb63
BECCS,SSP2-PkBudg1000,2050,2108,IPCC 2021 (incl. biogenic CO2) no LT - climate change: total (incl. biogenic CO2) no LT - global warming potential (GWP100) no LT,"global warming potential (GWP100), including biogenic CO2",-26.422666549682617,kg CO2-Eq,existing mature forest remains standing at constant carbon stock,no new CHP; shared forest history cancels; Northern European electricity and heat markets provide the project's exported energy services,new CHP+CCS vs standing forest and Northern European energy,02594c6f953837c8eb63
BECCS,SSP2-PkBudg1000,2050,2109,IPCC 2021 (incl. biogenic CO2) no LT - climate change: total (incl. biogenic CO2) no LT - global warming potential (GWP100) no LT,"global warming potential (GWP100), including biogenic CO2",-24.69005012512207,kg CO2-Eq,existing mature forest remains standing at constant carbon stock,no new CHP; shared forest history cancels; Northern European electricity and heat markets provide the project's exported energy services,new CHP+CCS vs standing forest and Northern European energy,02594c6f953837c8eb63
BECCS,SSP2-PkBudg1000,2050,2110,IPCC 2021 (incl. biogenic CO2) no LT - climate change: total (incl. biogenic CO2) no LT - global warming potential (GWP100) no LT,"global warming potential (GWP100), including biogenic CO2",-24.69005012512207,kg CO2-Eq,existing mature forest remains standing at constant carbon stock,no new CHP; shared forest history cancels; Northern European electricity and heat markets provide the project's exported energy services,new CHP+CCS vs standing forest and Northern European energy,02594c6f953837c8eb63
BECCS,SSP2-PkBudg1000,2050,2111,IPCC 2021 (incl. biogenic CO2) no LT - climate change: total (incl. biogenic CO2) no LT - global warming potential (GWP100) no LT,"global warming potential (GWP100), including biogenic CO2",-22.678035736083984,kg CO2-Eq,existing mature forest remains standing at constant carbon stock,no new CHP; shared forest history cancels; Northern European electricity and heat markets provide the project's exported energy services,new CHP+CCS vs standing forest and Northern European energy,02594c6f953837c8eb63
BECCS,SSP2-PkBudg1000,2050,2112,IPCC 2021 (incl. biogenic CO2) no LT - climate change: total (incl. biogenic CO2) no LT - global warming potential (GWP100) no LT,"global warming potential (GWP100), including biogenic CO2",-22.678035736083984,kg CO2-Eq,existing mature forest remains standing at constant carbon stock,no new CHP; shared forest history cancels; Northern European electricity and heat markets provide the project's exported energy services,new CHP+CCS vs standing forest and Northern European energy,02594c6f953837c8eb63
BECCS,SSP2-PkBudg1000,2050,2113,IPCC 2021 (incl. biogenic CO2) no LT - climate change: total (incl. biogenic CO2) no LT - global warming potential (GWP100) no LT,"global warming potential (GWP100), including biogenic CO2",-20.49002456665039,kg CO2-Eq,existing mature forest remains standing at constant carbon stock,no new CHP; shared forest history cancels; Northern European electricity and heat markets provide the project's exported energy services,new CHP+CCS vs standing forest and Northern European energy,02594c6f953837c8eb63
BECCS,SSP2-PkBudg1000,2050,2114,IPCC 2021 (incl. biogenic CO2) no LT - climate change: total (incl. biogenic CO2) no LT - global warming potential (GWP100) no LT,"global warming potential (GWP100), including biogenic CO2",-20.49002456665039,kg CO2-Eq,existing mature forest remains standing at constant carbon stock,no new CHP; shared forest history cancels; Northern European electricity and heat markets provide the project's exported energy services,new CHP+CCS vs standing forest and Northern European energy,02594c6f953837c8eb63
BECCS,SSP2-PkBudg1000,2050,2115,IPCC 2021 (incl. biogenic CO2) no LT - climate change: total (incl. biogenic CO2) no LT - global warming potential (GWP100) no LT,"global warming potential (GWP100), including biogenic CO2",-18.227794647216797,kg CO2-Eq,existing mature forest remains standing at constant carbon stock,no new CHP; shared forest history cancels; Northern European electricity and heat markets provide the project's exported energy services,new CHP+CCS vs standing forest and Northern European energy,02594c6f953837c8eb63
BECCS,SSP2-PkBudg1000,2050,2116,IPCC 2021 (incl. biogenic CO2) no LT - climate change: total (incl. biogenic CO2) no LT - global warming potential (GWP100) no LT,"global warming potential (GWP100), including biogenic CO2",-18.227794647216797,kg CO2-Eq,existing mature forest remains standing at constant carbon stock,no new CHP; shared forest history cancels; Northern European electricity and heat markets provide the project's exported energy services,new CHP+CCS vs standing forest and Northern European energy,02594c6f953837c8eb63
BECCS,SSP2-PkBudg1000,2050,2117,IPCC 2021 (incl. biogenic CO2) no LT - climate change: total (incl. biogenic CO2) no LT - global warming potential (GWP100) no LT,"global warming potential (GWP100), including biogenic CO2",-15.983020782470703,kg CO2-Eq,existing mature forest remains standing at constant carbon stock,no new CHP; shared forest history cancels; Northern European electricity and heat markets provide the project's exported energy services,new CHP+CCS vs standing forest and Northern European energy,02594c6f953837c8eb63
BECCS,SSP2-PkBudg1000,2050,2118,IPCC 2021 (incl. biogenic CO2) no LT - climate change: total (incl. biogenic CO2) no LT - global warming potential (GWP100) no LT,"global warming potential (GWP100), including biogenic CO2",-15.983020782470703,kg CO2-Eq,existing mature forest remains standing at constant carbon stock,no new CHP; shared forest history cancels; Northern European electricity and heat markets provide the project's exported energy services,new CHP+CCS vs standing forest and Northern European energy,02594c6f953837c8eb63
BECCS,SSP2-PkBudg1000,2050,2119,IPCC 2021 (incl. biogenic CO2) no LT - climate change: total (incl. biogenic CO2) no LT - global warming potential (GWP100) no LT,"global warming potential (GWP100), including biogenic CO2",-13.831070899963379,kg CO2-Eq,existing mature forest remains standing at constant carbon stock,no new CHP; shared forest history cancels; Northern European electricity and heat markets provide the project's exported energy services,new CHP+CCS vs standing forest and Northern European energy,02594c6f953837c8eb63
BECCS,SSP2-PkBudg1000,2050,2120,IPCC 2021 (incl. biogenic CO2) no LT - climate change: total (incl. biogenic CO2) no LT - global warming potential (GWP100) no LT,"global warming potential (GWP100), including biogenic CO2",-13.831070899963379,kg CO2-Eq,existing mature forest remains standing at constant carbon stock,no new CHP; shared forest history cancels; Northern European electricity and heat markets provide the project's exported energy services,new CHP+CCS vs standing forest and Northern European energy,02594c6f953837c8eb63
BECCS,SSP2-PkBudg1000,2050,2121,IPCC 2021 (incl. biogenic CO2) no LT - climate change: total (incl. biogenic CO2) no LT - global warming potential (GWP100) no LT,"global warming potential (GWP100), including biogenic CO2",-11.827754020690918,kg CO2-Eq,existing mature forest remains standing at constant carbon stock,no new CHP; shared forest history cancels; Northern European electricity and heat markets provide the project's exported energy services,new CHP+CCS vs standing forest and Northern European energy,02594c6f953837c8eb63
BECCS,SSP2-PkBudg1000,2050,2122,IPCC 2021 (incl. biogenic CO2) no LT - climate change: total (incl. biogenic CO2) no LT - global warming potential (GWP100) no LT,"global warming potential (GWP100), including biogenic CO2",-11.827754020690918,kg CO2-Eq,existing mature forest remains standing at constant carbon stock,no new CHP; shared forest history cancels; Northern European electricity and heat markets provide the project's exported energy services,new CHP+CCS vs standing forest and Northern European energy,02594c6f953837c8eb63
BECCS,SSP2-PkBudg1000,2050,2123,IPCC 2021 (incl. biogenic CO2) no LT - climate change: total (incl. biogenic CO2) no LT - global warming potential (GWP100) no LT,"global warming potential (GWP100), including biogenic CO2",-10.008951187133789,kg CO2-Eq,existing mature forest remains standing at constant carbon stock,no new CHP; shared forest history cancels; Northern European electricity and heat markets provide the project's exported energy services,new CHP+CCS vs standing forest and Northern European energy,02594c6f953837c8eb63
BECCS,SSP2-PkBudg1000,2050,2124,IPCC 2021 (incl. biogenic CO2) no LT - climate change: total (incl. biogenic CO2) no LT - global warming potential (GWP100) no LT,"global warming potential (GWP100), including biogenic CO2",-10.008951187133789,kg CO2-Eq,existing mature forest remains standing at constant carbon stock,no new CHP; shared forest history cancels; Northern European electricity and heat markets provide the project's exported energy services,new CHP+CCS vs standing forest and Northern European energy,02594c6f953837c8eb63
BECCS,SSP2-PkBudg1000,2050,2125,IPCC 2021 (incl. biogenic CO2) no LT - climate change: total (incl. biogenic CO2) no LT - global warming potential (GWP100) no LT,"global warming potential (GWP100), including biogenic CO2",-8.392578125,kg CO2-Eq,existing mature forest remains standing at constant carbon stock,no new CHP; shared forest history cancels; Northern European electricity and heat markets provide the project's exported energy services,new CHP+CCS vs standing forest and Northern European energy,02594c6f953837c8eb63
BECCS,SSP2-PkBudg1000,2050,2126,IPCC 2021 (incl. biogenic CO2) no LT - climate change: total (incl. biogenic CO2) no LT - global warming potential (GWP100) no LT,"global warming potential (GWP100), including biogenic CO2",-8.392578125,kg CO2-Eq,existing mature forest remains standing at constant carbon stock,no new CHP; shared forest history cancels; Northern European electricity and heat markets provide the project's exported energy services,new CHP+CCS vs standing forest and Northern European energy,02594c6f953837c8eb63
BECCS,SSP2-PkBudg1000,2050,2127,IPCC 2021 (incl. biogenic CO2) no LT - climate change: total (incl. biogenic CO2) no LT - global warming potential (GWP100) no LT,"global warming potential (GWP100), including biogenic CO2",-6.98190975189209,kg CO2-Eq,existing mature forest remains standing at constant carbon stock,no new CHP; shared forest history cancels; Northern European electricity and heat markets provide the project's exported energy services,new CHP+CCS vs standing forest and Northern European energy,02594c6f953837c8eb63
BECCS,SSP2-PkBudg1000,2050,2128,IPCC 2021 (incl. biogenic CO2) no LT - climate change: total (incl. biogenic CO2) no LT - global warming potential (GWP100) no LT,"global warming potential (GWP100), including biogenic CO2",-6.98190975189209,kg CO2-Eq,existing mature forest remains standing at constant carbon stock,no new CHP; shared forest history cancels; Northern European electricity and heat markets provide the project's exported energy services,new CHP+CCS vs standing forest and Northern European energy,02594c6f953837c8eb63
BECCS,SSP2-PkBudg1000,2050,2129,IPCC 2021 (incl. biogenic CO2) no LT - climate change: total (incl. biogenic CO2) no LT - global warming potential (GWP100) no LT,"global warming potential (GWP100), including biogenic CO2",-5.769436836242676,kg CO2-Eq,existing mature forest remains standing at constant carbon stock,no new CHP; shared forest history cancels; Northern European electricity and heat markets provide the project's exported energy services,new CHP+CCS vs standing forest and Northern European energy,02594c6f953837c8eb63
BECCS,SSP2-PkBudg1000,2050,2130,IPCC 2021 (incl. biogenic CO2) no LT - climate change: total (incl. biogenic CO2) no LT - global warming potential (GWP100) no LT,"global warming potential (GWP100), including biogenic CO2",-5.769436836242676,kg CO2-Eq,existing mature forest remains standing at constant carbon stock,no new CHP; shared forest history cancels; Northern European electricity and heat markets provide the project's exported energy services,new CHP+CCS vs standing forest and Northern European energy,02594c6f953837c8eb63
BECCS,SSP2-PkBudg1000,2050,2131,IPCC 2021 (incl. biogenic CO2) no LT - climate change: total (incl. biogenic CO2) no LT - global warming potential (GWP100) no LT,"global warming potential (GWP100), including biogenic CO2",-4.740566730499268,kg CO2-Eq,existing mature forest remains standing at constant carbon stock,no new CHP; shared forest history cancels; Northern European electricity and heat markets provide the project's exported energy services,new CHP+CCS vs standing forest and Northern European energy,02594c6f953837c8eb63
BECCS,SSP2-PkBudg1000,2050,2132,IPCC 2021 (incl. biogenic CO2) no LT - climate change: total (incl. biogenic CO2) no LT - global warming potential (GWP100) no LT,"global warming potential (GWP100), including biogenic CO2",-4.740566730499268,kg CO2-Eq,existing mature forest remains standing at constant carbon stock,no new CHP; shared forest history cancels; Northern European electricity and heat markets provide the project's exported energy services,new CHP+CCS vs standing forest and Northern European energy,02594c6f953837c8eb63
BECCS,SSP2-PkBudg1000,2050,2133,IPCC 2021 (incl. biogenic CO2) no LT - climate change: total (incl. biogenic CO2) no LT - global warming potential (GWP100) no LT,"global warming potential (GWP100), including biogenic CO2",-3.8174078464508057,kg CO2-Eq,existing mature forest remains standing at constant carbon stock,no new CHP; shared forest history cancels; Northern European electricity and heat markets provide the project's exported energy services,new CHP+CCS vs standing forest and Northern European energy,02594c6f953837c8eb63
BECCS,SSP2-PkBudg1000,2050,2134,IPCC 2021 (incl. biogenic CO2) no LT - climate change: total (incl. biogenic CO2) no LT - global warming potential (GWP100) no LT,"global warming potential (GWP100), including biogenic CO2",-3.8175759315490723,kg CO2-Eq,existing mature forest remains standing at constant carbon stock,no new CHP; shared forest history cancels; Northern European electricity and heat markets provide the project's exported energy services,new CHP+CCS vs standing forest and Northern European energy,02594c6f953837c8eb63
BECCS,SSP2-PkBudg1000,2050,2135,IPCC 2021 (incl. biogenic CO2) no LT - climate change: total (incl. biogenic CO2) no LT - global warming potential (GWP100) no LT,"global warming potential (GWP100), including biogenic CO2",-2.9976513385772705,kg CO2-Eq,existing mature forest remains standing at constant carbon stock,no new CHP; shared forest history cancels; Northern European electricity and heat markets provide the project's exported energy services,new CHP+CCS vs standing forest and Northern European energy,02594c6f953837c8eb63
BECCS,SSP2-PkBudg1000,2050,2136,IPCC 2021 (incl. biogenic CO2) no LT - climate change: total (incl. biogenic CO2) no LT - global warming potential (GWP100) no LT,"global warming potential (GWP100), including biogenic CO2",-2.997819185256958,kg CO2-Eq,existing mature forest remains standing at constant carbon stock,no new CHP; shared forest history cancels; Northern European electricity and heat markets provide the project's exported energy services,new CHP+CCS vs standing forest and Northern European energy,02594c6f953837c8eb63
BECCS,SSP2-PkBudg1000,2050,2137,IPCC 2021 (incl. biogenic CO2) no LT - climate change: total (incl. biogenic CO2) no LT - global warming potential (GWP100) no LT,"global warming potential (GWP100), including biogenic CO2",-2.3227035999298096,kg CO2-Eq,existing mature forest remains standing at constant carbon stock,no new CHP; shared forest history cancels; Northern European electricity and heat markets provide the project's exported energy services,new CHP+CCS vs standing forest and Northern European energy,02594c6f953837c8eb63
BECCS,SSP2-PkBudg1000,2050,2138,IPCC 2021 (incl. biogenic CO2) no LT - climate change: total (incl. biogenic CO2) no LT - global warming potential (GWP100) no LT,"global warming potential (GWP100), including biogenic CO2",-2.322871208190918,kg CO2-Eq,existing mature forest remains standing at constant carbon stock,no new CHP; shared forest history cancels; Northern European electricity and heat markets provide the project's exported energy services,new CHP+CCS vs standing forest and Northern European energy,02594c6f953837c8eb63
BECCS,SSP2-PkBudg1000,2050,2139,IPCC 2021 (incl. biogenic CO2) no LT - climate change: total (incl. biogenic CO2) no LT - global warming potential (GWP100) no LT,"global warming potential (GWP100), including biogenic CO2",-1.7698907852172852,kg CO2-Eq,existing mature forest remains standing at constant carbon stock,no new CHP; shared forest history cancels; Northern European electricity and heat markets provide the project's exported energy services,new CHP+CCS vs standing forest and Northern European energy,02594c6f953837c8eb63
BECCS,SSP2-PkBudg1000,2050,2140,IPCC 2021 (incl. biogenic CO2) no LT - climate change: total (incl. biogenic CO2) no LT - global warming potential (GWP100) no LT,"global warming potential (GWP100), including biogenic CO2",-1.7700583934783936,kg CO2-Eq,existing mature forest remains standing at constant carbon stock,no new CHP; shared forest history cancels; Northern European electricity and heat markets provide the project's exported energy services,new CHP+CCS vs standing forest and Northern European energy,02594c6f953837c8eb63
BECCS,SSP2-PkBudg1000,2050,2141,IPCC 2021 (incl. biogenic CO2) no LT - climate change: total (incl. biogenic CO2) no LT - global warming potential (GWP100) no LT,"global warming potential (GWP100), including biogenic CO2",-1.3190574645996094,kg CO2-Eq,existing mature forest remains standing at constant carbon stock,no new CHP; shared forest history cancels; Northern European electricity and heat markets provide the project's exported energy services,new CHP+CCS vs standing forest and Northern European energy,02594c6f953837c8eb63
BECCS,SSP2-PkBudg1000,2050,2142,IPCC 2021 (incl. biogenic CO2) no LT - climate change: total (incl. biogenic CO2) no LT - global warming potential (GWP100) no LT,"global warming potential (GWP100), including biogenic CO2",-1.3192251920700073,kg CO2-Eq,existing mature forest remains standing at constant carbon stock,no new CHP; shared forest history cancels; Northern European electricity and heat markets provide the project's exported energy services,new CHP+CCS vs standing forest and Northern European energy,02594c6f953837c8eb63
BECCS,SSP2-PkBudg1000,2050,2143,IPCC 2021 (incl. biogenic CO2) no LT - climate change: total (incl. biogenic CO2) no LT - global warming potential (GWP100) no LT,"global warming potential (GWP100), including biogenic CO2",-0.9526852965354919,kg CO2-Eq,existing mature forest remains standing at constant carbon stock,no new CHP; shared forest history cancels; Northern European electricity and heat markets provide the project's exported energy services,new CHP+CCS vs standing forest and Northern European energy,02594c6f953837c8eb63
BECCS,SSP2-PkBudg1000,2050,2144,IPCC 2021 (incl. biogenic CO2) no LT - climate change: total (incl. biogenic CO2) no LT - global warming potential (GWP100) no LT,"global warming potential (GWP100), including biogenic CO2",-0.9528530836105347,kg CO2-Eq,existing mature forest remains standing at constant carbon stock,no new CHP; shared forest history cancels; Northern European electricity and heat markets provide the project's exported energy services,new CHP+CCS vs standing forest and Northern European energy,02594c6f953837c8eb63
BECCS,SSP2-PkBudg1000,2050,2145,IPCC 2021 (incl. biogenic CO2) no LT - climate change: total (incl. biogenic CO2) no LT - global warming potential (GWP100) no LT,"global warming potential (GWP100), including biogenic CO2",-0.6558077931404114,kg CO2-Eq,existing mature forest remains standing at constant carbon stock,no new CHP; shared forest history cancels; Northern European electricity and heat markets provide the project's exported energy services,new CHP+CCS vs standing forest and Northern European energy,02594c6f953837c8eb63
BECCS,SSP2-PkBudg1000,2050,2146,IPCC 2021 (incl. biogenic CO2) no LT - climate change: total (incl. biogenic CO2) no LT - global warming potential (GWP100) no LT,"global warming potential (GWP100), including biogenic CO2",-0.655975341796875,kg CO2-Eq,existing mature forest remains standing at constant carbon stock,no new CHP; shared forest history cancels; Northern European electricity and heat markets provide the project's exported energy services,new CHP+CCS vs standing forest and Northern European energy,02594c6f953837c8eb63
BECCS,SSP2-PkBudg1000,2050,2147,IPCC 2021 (incl. biogenic CO2) no LT - climate change: total (incl. biogenic CO2) no LT - global warming potential (GWP100) no LT,"global warming potential (GWP100), including biogenic CO2",-0.41580837965011597,kg CO2-Eq,existing mature forest remains standing at constant carbon stock,no new CHP; shared forest history cancels; Northern European electricity and heat markets provide the project's exported energy services,new CHP+CCS vs standing forest and Northern European energy,02594c6f953837c8eb63
BECCS,SSP2-PkBudg1000,2050,2148,IPCC 2021 (incl. biogenic CO2) no LT - climate change: total (incl. biogenic CO2) no LT - global warming potential (GWP100) no LT,"global warming potential (GWP100), including biogenic CO2",-0.4159761369228363,kg CO2-Eq,existing mature forest remains standing at constant carbon stock,no new CHP; shared forest history cancels; Northern European electricity and heat markets provide the project's exported energy services,new CHP+CCS vs standing forest and Northern European energy,02594c6f953837c8eb63
BECCS,SSP2-PkBudg1000,2050,2149,IPCC 2021 (incl. biogenic CO2) no LT - climate change: total (incl. biogenic CO2) no LT - global warming potential (GWP100) no LT,"global warming potential (GWP100), including biogenic CO2",-0.22216399013996124,kg CO2-Eq,existing mature forest remains standing at constant carbon stock,no new CHP; shared forest history cancels; Northern European electricity and heat markets provide the project's exported energy services,new CHP+CCS vs standing forest and Northern European energy,02594c6f953837c8eb63
BECCS,SSP2-PkBudg1000,2050,2150,IPCC 2021 (incl. biogenic CO2) no LT - climate change: total (incl. biogenic CO2) no LT - global warming potential (GWP100) no LT,"global warming potential (GWP100), including biogenic CO2",-0.222331702709198,kg CO2-Eq,existing mature forest remains standing at constant carbon stock,no new CHP; shared forest history cancels; Northern European electricity and heat markets provide the project's exported energy services,new CHP+CCS vs standing forest and Northern European energy,02594c6f953837c8eb63
BECCS,SSP2-PkBudg1000,2050,2151,IPCC 2021 (incl. biogenic CO2) no LT - climate change: total (incl. biogenic CO2) no LT - global warming potential (GWP100) no LT,"global warming potential (GWP100), including biogenic CO2",-0.06616871803998947,kg CO2-Eq,existing mature forest remains standing at constant carbon stock,no new CHP; shared forest history cancels; Northern European electricity and heat markets provide the project's exported energy services,new CHP+CCS vs standing forest and Northern European energy,02594c6f953837c8eb63
BECCS,SSP2-PkBudg1000,2050,2152,IPCC 2021 (incl. biogenic CO2) no LT - climate change: total (incl. biogenic CO2) no LT - global warming potential (GWP100) no LT,"global warming potential (GWP100), including biogenic CO2",-0.06633645296096802,kg CO2-Eq,existing mature forest remains standing at constant carbon stock,no new CHP; shared forest history cancels; Northern European electricity and heat markets provide the project's exported energy services,new CHP+CCS vs standing forest and Northern European energy,02594c6f953837c8eb63
DACCS,SSP2-PkBudg1000,2050,1882,IPCC 2021 (incl. biogenic CO2) no LT - climate change: total (incl. biogenic CO2) no LT - global warming potential (GWP100) no LT,"global warming potential (GWP100), including biogenic CO2",-9.237503206804831e-09,kg CO2-Eq,not applicable,no DACCS project,not applicable,559a66ab6b5171aa483e
DACCS,SSP2-PkBudg1000,2050,1883,IPCC 2021 (incl. biogenic CO2) no LT - climate change: total (incl. biogenic CO2) no LT - global warming potential (GWP100) no LT,"global warming potential (GWP100), including biogenic CO2",-2.9849267502157772e-09,kg CO2-Eq,not applicable,no DACCS project,not applicable,559a66ab6b5171aa483e
DACCS,SSP2-PkBudg1000,2050,1884,IPCC 2021 (incl. biogenic CO2) no LT - climate change: total (incl. biogenic CO2) no LT - global warming potential (GWP100) no LT,"global warming potential (GWP100), including biogenic CO2",-3.464415199161408e-09,kg CO2-Eq,not applicable,no DACCS project,not applicable,559a66ab6b5171aa483e
DACCS,SSP2-PkBudg1000,2050,1885,IPCC 2021 (incl. biogenic CO2) no LT - climate change: total (incl. biogenic CO2) no LT - global warming potential (GWP100) no LT,"global warming potential (GWP100), including biogenic CO2",-3.990723751456926e-09,kg CO2-Eq,not applicable,no DACCS project,not applicable,559a66ab6b5171aa483e
DACCS,SSP2-PkBudg1000,2050,1886,IPCC 2021 (incl. biogenic CO2) no LT - climate change: total (incl. biogenic CO2) no LT - global warming potential (GWP100) no LT,"global warming potential (GWP100), including biogenic CO2",-4.567703992819361e-09,kg CO2-Eq,not applicable,no DACCS project,not applicable,559a66ab6b5171aa483e
DACCS,SSP2-PkBudg1000,2050,1887,IPCC 2021 (incl. biogenic CO2) no LT - climate change: total (incl. biogenic CO2) no LT - global warming potential (GWP100) no LT,"global warming potential (GWP100), including biogenic CO2",-5.170678996080369e-09,kg CO2-Eq,not applicable,no DACCS project,not applicable,559a66ab6b5171aa483e
DACCS,SSP2-PkBudg1000,2050,1888,IPCC 2021 (incl. biogenic CO2) no LT - climate change: total (incl. biogenic CO2) no LT - global warming potential (GWP100) no LT,"global warming potential (GWP100), including biogenic CO2",-3.582281848935054e-08,kg CO2-Eq,not applicable,no DACCS project,not applicable,559a66ab6b5171aa483e
DACCS,SSP2-PkBudg1000,2050,1889,IPCC 2021 (incl. biogenic CO2) no LT - climate change: total (incl. biogenic CO2) no LT - global warming potential (GWP100) no LT,"global warming potential (GWP100), including biogenic CO2",-6.915463757195539e-08,kg CO2-Eq,not applicable,no DACCS project,not applicable,559a66ab6b5171aa483e
DACCS,SSP2-PkBudg1000,2050,1890,IPCC 2021 (incl. biogenic CO2) no LT - climate change: total (incl. biogenic CO2) no LT - global warming potential (GWP100) no LT,"global warming potential (GWP100), including biogenic CO2",-1.0536870576061119e-07,kg CO2-Eq,not applicable,no DACCS project,not applicable,559a66ab6b5171aa483e
DACCS,SSP2-PkBudg1000,2050,1891,IPCC 2021 (incl. biogenic CO2) no LT - climate change: total (incl. biogenic CO2) no LT - global warming potential (GWP100) no LT,"global warming potential (GWP100), including biogenic CO2",-1.8667462597932172e-07,kg CO2-Eq,not applicable,no DACCS project,not applicable,559a66ab6b5171aa483e
DACCS,SSP2-PkBudg1000,2050,1892,IPCC 2021 (incl. biogenic CO2) no LT - climate change: total (incl. biogenic CO2) no LT - global warming potential (GWP100) no LT,"global warming potential (GWP100), including biogenic CO2",-1.976811461190664e-07,kg CO2-Eq,not applicable,no DACCS project,not applicable,559a66ab6b5171aa483e
DACCS,SSP2-PkBudg1000,2050,1893,IPCC 2021 (incl. biogenic CO2) no LT - climate change: total (incl. biogenic CO2) no LT - global warming potential (GWP100) no LT,"global warming potential (GWP100), including biogenic CO2",-2.4814278276608093e-07,kg CO2-Eq,not applicable,no DACCS project,not applicable,559a66ab6b5171aa483e
DACCS,SSP2-PkBudg1000,2050,1894,IPCC 2021 (incl. biogenic CO2) no LT - climate change: total (incl. biogenic CO2) no LT - global warming potential (GWP100) no LT,"global warming potential (GWP100), including biogenic CO2",-2.879593239413225e-07,kg CO2-Eq,not applicable,no DACCS project,not applicable,559a66ab6b5171aa483e
DACCS,SSP2-PkBudg1000,2050,1895,IPCC 2021 (incl. biogenic CO2) no LT - climate change: total (incl. biogenic CO2) no LT - global warming potential (GWP100) no LT,"global warming potential (GWP100), including biogenic CO2",-3.438096030095039e-07,kg CO2-Eq,not applicable,no DACCS project,not applicable,559a66ab6b5171aa483e
DACCS,SSP2-PkBudg1000,2050,1896,IPCC 2021 (incl. biogenic CO2) no LT - climate change: total (incl. biogenic CO2) no LT - global warming potential (GWP100) no LT,"global warming potential (GWP100), including biogenic CO2",-3.868435669573955e-07,kg CO2-Eq,not applicable,no DACCS project,not applicable,559a66ab6b5171aa483e
DACCS,SSP2-PkBudg1000,2050,1897,IPCC 2021 (incl. biogenic CO2) no LT - climate change: total (incl. biogenic CO2) no LT - global warming potential (GWP100) no LT,"global warming potential (GWP100), including biogenic CO2",-5.846497401762463e-07,kg CO2-Eq,not applicable,no DACCS project,not applicable,559a66ab6b5171aa483e
DACCS,SSP2-PkBudg1000,2050,1898,IPCC 2021 (incl. biogenic CO2) no LT - climate change: total (incl. biogenic CO2) no LT - global warming potential (GWP100) no LT,"global warming potential (GWP100), including biogenic CO2",-7.710405043326318e-07,kg CO2-Eq,not applicable,no DACCS project,not applicable,559a66ab6b5171aa483e
DACCS,SSP2-PkBudg1000,2050,1899,IPCC 2021 (incl. biogenic CO2) no LT - climate change: total (incl. biogenic CO2) no LT - global warming potential (GWP100) no LT,"global warming potential (GWP100), including biogenic CO2",-1.00428587757051e-06,kg CO2-Eq,not applicable,no DACCS project,not applicable,559a66ab6b5171aa483e
DACCS,SSP2-PkBudg1000,2050,1900,IPCC 2021 (incl. biogenic CO2) no LT - climate change: total (incl. biogenic CO2) no LT - global warming potential (GWP100) no LT,"global warming potential (GWP100), including biogenic CO2",-1.2218652045703493e-06,kg CO2-Eq,not applicable,no DACCS project,not applicable,559a66ab6b5171aa483e
DACCS,SSP2-PkBudg1000,2050,1901,IPCC 2021 (incl. biogenic CO2) no LT - climate change: total (incl. biogenic CO2) no LT - global warming potential (GWP100) no LT,"global warming potential (GWP100), including biogenic CO2",-1.4940164874133188e-06,kg CO2-Eq,not applicable,no DACCS project,not applicable,559a66ab6b5171aa483e
DACCS,SSP2-PkBudg1000,2050,1902,IPCC 2021 (incl. biogenic CO2) no LT - climate change: total (incl. biogenic CO2) no LT - global warming potential (GWP100) no LT,"global warming potential (GWP100), including biogenic CO2",-1.7297338672506157e-06,kg CO2-Eq,not applicable,no DACCS project,not applicable,559a66ab6b5171aa483e
DACCS,SSP2-PkBudg1000,2050,1903,IPCC 2021 (incl. biogenic CO2) no LT - climate change: total (incl. biogenic CO2) no LT - global warming potential (GWP100) no LT,"global warming potential (GWP100), including biogenic CO2",-2.0114321159780957e-06,kg CO2-Eq,not applicable,no DACCS project,not applicable,559a66ab6b5171aa483e
DACCS,SSP2-PkBudg1000,2050,1904,IPCC 2021 (incl. biogenic CO2) no LT - climate change: total (incl. biogenic CO2) no LT - global warming potential (GWP100) no LT,"global warming potential (GWP100), including biogenic CO2",-2.259438360852073e-06,kg CO2-Eq,not applicable,no DACCS project,not applicable,559a66ab6b5171aa483e
DACCS,SSP2-PkBudg1000,2050,1905,IPCC 2021 (incl. biogenic CO2) no LT - climate change: total (incl. biogenic CO2) no LT - global warming potential (GWP100) no LT,"global warming potential (GWP100), including biogenic CO2",-2.8489905616879696e-06,kg CO2-Eq,not applicable,no DACCS project,not applicable,559a66ab6b5171aa483e
DACCS,SSP2-PkBudg1000,2050,1906,IPCC 2021 (incl. biogenic CO2) no LT - climate change: total (incl. biogenic CO2) no LT - global warming potential (GWP100) no LT,"global warming potential (GWP100), including biogenic CO2",-2.934504209406441e-06,kg CO2-Eq,not applicable,no DACCS project,not applicable,559a66ab6b5171aa483e
DACCS,SSP2-PkBudg1000,2050,1907,IPCC 2021 (incl. biogenic CO2) no LT - climate change: total (incl. biogenic CO2) no LT - global warming potential (GWP100) no LT,"global warming potential (GWP100), including biogenic CO2",-4.133709808229469e-06,kg CO2-Eq,not applicable,no DACCS project,not applicable,559a66ab6b5171aa483e
DACCS,SSP2-PkBudg1000,2050,1908,IPCC 2021 (incl. biogenic CO2) no LT - climate change: total (incl. biogenic CO2) no LT - global warming potential (GWP100) no LT,"global warming potential (GWP100), including biogenic CO2",-4.880292181042023e-06,kg CO2-Eq,not applicable,no DACCS project,not applicable,559a66ab6b5171aa483e
DACCS,SSP2-PkBudg1000,2050,1909,IPCC 2021 (incl. biogenic CO2) no LT - climate change: total (incl. biogenic CO2) no LT - global warming potential (GWP100) no LT,"global warming potential (GWP100), including biogenic CO2",-5.714933649869636e-06,kg CO2-Eq,not applicable,no DACCS project,not applicable,559a66ab6b5171aa483e
DACCS,SSP2-PkBudg1000,2050,1910,IPCC 2021 (incl. biogenic CO2) no LT - climate change: total (incl. biogenic CO2) no LT - global warming potential (GWP100) no LT,"global warming potential (GWP100), including biogenic CO2",-6.499869414255954e-06,kg CO2-Eq,not applicable,no DACCS project,not applicable,559a66ab6b5171aa483e
DACCS,SSP2-PkBudg1000,2050,1911,IPCC 2021 (incl. biogenic CO2) no LT - climate change: total (incl. biogenic CO2) no LT - global warming potential (GWP100) no LT,"global warming potential (GWP100), including biogenic CO2",-7.887252650107257e-06,kg CO2-Eq,not applicable,no DACCS project,not applicable,559a66ab6b5171aa483e
DACCS,SSP2-PkBudg1000,2050,1912,IPCC 2021 (incl. biogenic CO2) no LT - climate change: total (incl. biogenic CO2) no LT - global warming potential (GWP100) no LT,"global warming potential (GWP100), including biogenic CO2",-9.2182790467632e-06,kg CO2-Eq,not applicable,no DACCS project,not applicable,559a66ab6b5171aa483e
DACCS,SSP2-PkBudg1000,2050,1913,IPCC 2021 (incl. biogenic CO2) no LT - climate change: total (incl. biogenic CO2) no LT - global warming potential (GWP100) no LT,"global warming potential (GWP100), including biogenic CO2",-1.0880598892981652e-05,kg CO2-Eq,not applicable,no DACCS project,not applicable,559a66ab6b5171aa483e
DACCS,SSP2-PkBudg1000,2050,1914,IPCC 2021 (incl. biogenic CO2) no LT - climate change: total (incl. biogenic CO2) no LT - global warming potential (GWP100) no LT,"global warming potential (GWP100), including biogenic CO2",-1.2576362678373698e-05,kg CO2-Eq,not applicable,no DACCS project,not applicable,559a66ab6b5171aa483e
DACCS,SSP2-PkBudg1000,2050,1915,IPCC 2021 (incl. biogenic CO2) no LT - climate change: total (incl. biogenic CO2) no LT - global warming potential (GWP100) no LT,"global warming potential (GWP100), including biogenic CO2",-1.4528714018524624e-05,kg CO2-Eq,not applicable,no DACCS project,not applicable,559a66ab6b5171aa483e
DACCS,SSP2-PkBudg1000,2050,1916,IPCC 2021 (incl. biogenic CO2) no LT - climate change: total (incl. biogenic CO2) no LT - global warming potential (GWP100) no LT,"global warming potential (GWP100), including biogenic CO2",-2.0004003090434708e-05,kg CO2-Eq,not applicable,no DACCS project,not applicable,559a66ab6b5171aa483e
DACCS,SSP2-PkBudg1000,2050,1917,IPCC 2021 (incl. biogenic CO2) no LT - climate change: total (incl. biogenic CO2) no LT - global warming potential (GWP100) no LT,"global warming potential (GWP100), including biogenic CO2",-2.317658072570339e-05,kg CO2-Eq,not applicable,no DACCS project,not applicable,559a66ab6b5171aa483e
DACCS,SSP2-PkBudg1000,2050,1918,IPCC 2021 (incl. biogenic CO2) no LT - climate change: total (incl. biogenic CO2) no LT - global warming potential (GWP100) no LT,"global warming potential (GWP100), including biogenic CO2",-2.698341450013686e-05,kg CO2-Eq,not applicable,no DACCS project,not applicable,559a66ab6b5171aa483e
DACCS,SSP2-PkBudg1000,2050,1919,IPCC 2021 (incl. biogenic CO2) no LT - climate change: total (incl. biogenic CO2) no LT - global warming potential (GWP100) no LT,"global warming potential (GWP100), including biogenic CO2",-3.0534072720911354e-05,kg CO2-Eq,not applicable,no DACCS project,not applicable,559a66ab6b5171aa483e
DACCS,SSP2-PkBudg1000,2050,1920,IPCC 2021 (incl. biogenic CO2) no LT - climate change: total (incl. biogenic CO2) no LT - global warming potential (GWP100) no LT,"global warming potential (GWP100), including biogenic CO2",-3.46330416505225e-05,kg CO2-Eq,not applicable,no DACCS project,not applicable,559a66ab6b5171aa483e
DACCS,SSP2-PkBudg1000,2050,1921,IPCC 2021 (incl. biogenic CO2) no LT - climate change: total (incl. biogenic CO2) no LT - global warming potential (GWP100) no LT,"global warming potential (GWP100), including biogenic CO2",-3.8408528780564666e-05,kg CO2-Eq,not applicable,no DACCS project,not applicable,559a66ab6b5171aa483e
DACCS,SSP2-PkBudg1000,2050,1922,IPCC 2021 (incl. biogenic CO2) no LT - climate change: total (incl. biogenic CO2) no LT - global warming potential (GWP100) no LT,"global warming potential (GWP100), including biogenic CO2",-4.35508118243888e-05,kg CO2-Eq,not applicable,no DACCS project,not applicable,559a66ab6b5171aa483e
DACCS,SSP2-PkBudg1000,2050,1923,IPCC 2021 (incl. biogenic CO2) no LT - climate change: total (incl. biogenic CO2) no LT - global warming potential (GWP100) no LT,"global warming potential (GWP100), including biogenic CO2",-4.930069553665817e-05,kg CO2-Eq,not applicable,no DACCS project,not applicable,559a66ab6b5171aa483e
DACCS,SSP2-PkBudg1000,2050,1924,IPCC 2021 (incl. biogenic CO2) no LT - climate change: total (incl. biogenic CO2) no LT - global warming potential (GWP100) no LT,"global warming potential (GWP100), including biogenic CO2",-5.473120108945295e-05,kg CO2-Eq,not applicable,no DACCS project,not applicable,559a66ab6b5171aa483e
DACCS,SSP2-PkBudg1000,2050,1925,IPCC 2021 (incl. biogenic CO2) no LT - climate change: total (incl. biogenic CO2) no LT - global warming potential (GWP100) no LT,"global warming potential (GWP100), including biogenic CO2",-5.92531832808163e-05,kg CO2-Eq,not applicable,no DACCS project,not applicable,559a66ab6b5171aa483e
DACCS,SSP2-PkBudg1000,2050,1926,IPCC 2021 (incl. biogenic CO2) no LT - climate change: total (incl. biogenic CO2) no LT - global warming potential (GWP100) no LT,"global warming potential (GWP100), including biogenic CO2",-6.268415745580569e-05,kg CO2-Eq,not applicable,no DACCS project,not applicable,559a66ab6b5171aa483e
DACCS,SSP2-PkBudg1000,2050,1927,IPCC 2021 (incl. biogenic CO2) no LT - climate change: total (incl. biogenic CO2) no LT - global warming potential (GWP100) no LT,"global warming potential (GWP100), including biogenic CO2",-0.004972230643033981,kg CO2-Eq,not applicable,no DACCS project,not applicable,559a66ab6b5171aa483e
DACCS,SSP2-PkBudg1000,2050,1928,IPCC 2021 (incl. biogenic CO2) no LT - climate change: total (incl. biogenic CO2) no LT - global warming potential (GWP100) no LT,"global warming potential (GWP100), including biogenic CO2",-0.0004479141207411885,kg CO2-Eq,not applicable,no DACCS project,not applicable,559a66ab6b5171aa483e
DACCS,SSP2-PkBudg1000,2050,1929,IPCC 2021 (incl. biogenic CO2) no LT - climate change: total (incl. biogenic CO2) no LT - global warming potential (GWP100) no LT,"global warming potential (GWP100), including biogenic CO2",-0.00048288286780007184,kg CO2-Eq,not applicable,no DACCS project,not applicable,559a66ab6b5171aa483e
DACCS,SSP2-PkBudg1000,2050,1930,IPCC 2021 (incl. biogenic CO2) no LT - climate change: total (incl. biogenic CO2) no LT - global warming potential (GWP100) no LT,"global warming potential (GWP100), including biogenic CO2",-0.0005219854647293687,kg CO2-Eq,not applicable,no DACCS project,not applicable,559a66ab6b5171aa483e
DACCS,SSP2-PkBudg1000,2050,1931,IPCC 2021 (incl. biogenic CO2) no LT - climate change: total (incl. biogenic CO2) no LT - global warming potential (GWP100) no LT,"global warming potential (GWP100), including biogenic CO2",-0.0005619488074444234,kg CO2-Eq,not applicable,no DACCS project,not applicable,559a66ab6b5171aa483e
DACCS,SSP2-PkBudg1000,2050,1932,IPCC 2021 (incl. biogenic CO2) no LT - climate change: total (incl. biogenic CO2) no LT - global warming potential (GWP100) no LT,"global warming potential (GWP100), including biogenic CO2",-0.0006051540840417147,kg CO2-Eq,not applicable,no DACCS project,not applicable,559a66ab6b5171aa483e
DACCS,SSP2-PkBudg1000,2050,1933,IPCC 2021 (incl. biogenic CO2) no LT - climate change: total (incl. biogenic CO2) no LT - global warming potential (GWP100) no LT,"global warming potential (GWP100), including biogenic CO2",-0.0006509471568278968,kg CO2-Eq,not applicable,no DACCS project,not applicable,559a66ab6b5171aa483e
DACCS,SSP2-PkBudg1000,2050,1934,IPCC 2021 (incl. biogenic CO2) no LT - climate change: total (incl. biogenic CO2) no LT - global warming potential (GWP100) no LT,"global warming potential (GWP100), including biogenic CO2",-0.0007000159821473062,kg CO2-Eq,not applicable,no DACCS project,not applicable,559a66ab6b5171aa483e
DACCS,SSP2-PkBudg1000,2050,1935,IPCC 2021 (incl. biogenic CO2) no LT - climate change: total (incl. biogenic CO2) no LT - global warming potential (GWP100) no LT,"global warming potential (GWP100), including biogenic CO2",-0.0007519875071011484,kg CO2-Eq,not applicable,no DACCS project,not applicable,559a66ab6b5171aa483e
DACCS,SSP2-PkBudg1000,2050,1936,IPCC 2021 (incl. biogenic CO2) no LT - climate change: total (incl. biogenic CO2) no LT - global warming potential (GWP100) no LT,"global warming potential (GWP100), including biogenic CO2",-0.0229178536683321,kg CO2-Eq,not applicable,no DACCS project,not applicable,559a66ab6b5171aa483e
DACCS,SSP2-PkBudg1000,2050,1937,IPCC 2021 (incl. biogenic CO2) no LT - climate change: total (incl. biogenic CO2) no LT - global warming potential (GWP100) no LT,"global warming potential (GWP100), including biogenic CO2",-0.0008742604404687881,kg CO2-Eq,not applicable,no DACCS project,not applicable,559a66ab6b5171aa483e
DACCS,SSP2-PkBudg1000,2050,1938,IPCC 2021 (incl. biogenic CO2) no LT - climate change: total (incl. biogenic CO2) no LT - global warming potential (GWP100) no LT,"global warming potential (GWP100), including biogenic CO2",-0.004730814136564732,kg CO2-Eq,not applicable,no DACCS project,not applicable,559a66ab6b5171aa483e
DACCS,SSP2-PkBudg1000,2050,1939,IPCC 2021 (incl. biogenic CO2) no LT - climate change: total (incl. biogenic CO2) no LT - global warming potential (GWP100) no LT,"global warming potential (GWP100), including biogenic CO2",-0.0010146994609385729,kg CO2-Eq,not applicable,no DACCS project,not applicable,559a66ab6b5171aa483e
DACCS,SSP2-PkBudg1000,2050,1940,IPCC 2021 (incl. biogenic CO2) no LT - climate change: total (incl. biogenic CO2) no LT - global warming potential (GWP100) no LT,"global warming potential (GWP100), including biogenic CO2",-0.005518533289432526,kg CO2-Eq,not applicable,no DACCS project,not applicable,559a66ab6b5171aa483e
DACCS,SSP2-PkBudg1000,2050,1941,IPCC 2021 (incl. biogenic CO2) no LT - climate change: total (incl. biogenic CO2) no LT - global warming potential (GWP100) no LT,"global warming potential (GWP100), including biogenic CO2",-0.0011735279113054276,kg CO2-Eq,not applicable,no DACCS project,not applicable,559a66ab6b5171aa483e
DACCS,SSP2-PkBudg1000,2050,1942,IPCC 2021 (incl. biogenic CO2) no LT - climate change: total (incl. biogenic CO2) no LT - global warming potential (GWP100) no LT,"global warming potential (GWP100), including biogenic CO2",-0.0064311558380723,kg CO2-Eq,not applicable,no DACCS project,not applicable,559a66ab6b5171aa483e
DACCS,SSP2-PkBudg1000,2050,1943,IPCC 2021 (incl. biogenic CO2) no LT - climate change: total (incl. biogenic CO2) no LT - global warming potential (GWP100) no LT,"global warming potential (GWP100), including biogenic CO2",-0.00135545723605901,kg CO2-Eq,not applicable,no DACCS project,not applicable,559a66ab6b5171aa483e
DACCS,SSP2-PkBudg1000,2050,1944,IPCC 2021 (incl. biogenic CO2) no LT - climate change: total (incl. biogenic CO2) no LT - global warming potential (GWP100) no LT,"global warming potential (GWP100), including biogenic CO2",-0.007487368769943714,kg CO2-Eq,not applicable,no DACCS project,not applicable,559a66ab6b5171aa483e
DACCS,SSP2-PkBudg1000,2050,1945,IPCC 2021 (incl. biogenic CO2) no LT - climate change: total (incl. biogenic CO2) no LT - global warming potential (GWP100) no LT,"global warming potential (GWP100), including biogenic CO2",-0.0015631087590008974,kg CO2-Eq,not applicable,no DACCS project,not applicable,559a66ab6b5171aa483e
DACCS,SSP2-PkBudg1000,2050,1946,IPCC 2021 (incl. biogenic CO2) no LT - climate change: total (incl. biogenic CO2) no LT - global warming potential (GWP100) no LT,"global warming potential (GWP100), including biogenic CO2",-0.008707244880497456,kg CO2-Eq,not applicable,no DACCS project,not applicable,559a66ab6b5171aa483e
DACCS,SSP2-PkBudg1000,2050,1947,IPCC 2021 (incl. biogenic CO2) no LT - climate change: total (incl. biogenic CO2) no LT - global warming potential (GWP100) no LT,"global warming potential (GWP100), including biogenic CO2",-0.001799319521524012,kg CO2-Eq,not applicable,no DACCS project,not applicable,559a66ab6b5171aa483e
DACCS,SSP2-PkBudg1000,2050,1948,IPCC 2021 (incl. biogenic CO2) no LT - climate change: total (incl. biogenic CO2) no LT - global warming potential (GWP100) no LT,"global warming potential (GWP100), including biogenic CO2",-0.010145781561732292,kg CO2-Eq,not applicable,no DACCS project,not applicable,559a66ab6b5171aa483e
DACCS,SSP2-PkBudg1000,2050,1949,IPCC 2021 (incl. biogenic CO2) no LT - climate change: total (incl. biogenic CO2) no LT - global warming potential (GWP100) no LT,"global warming potential (GWP100), including biogenic CO2",-0.0020722972694784403,kg CO2-Eq,not applicable,no DACCS project,not applicable,559a66ab6b5171aa483e
DACCS,SSP2-PkBudg1000,2050,1950,IPCC 2021 (incl. biogenic CO2) no LT - climate change: total (incl. biogenic CO2) no LT - global warming potential (GWP100) no LT,"global warming potential (GWP100), including biogenic CO2",-0.018262697383761406,kg CO2-Eq,not applicable,no DACCS project,not applicable,559a66ab6b5171aa483e
DACCS,SSP2-PkBudg1000,2050,1951,IPCC 2021 (incl. biogenic CO2) no LT - climate change: total (incl. biogenic CO2) no LT - global warming potential (GWP100) no LT,"global warming potential (GWP100), including biogenic CO2",-0.002996011171489954,kg CO2-Eq,not applicable,no DACCS project,not applicable,559a66ab6b5171aa483e
DACCS,SSP2-PkBudg1000,2050,1952,IPCC 2021 (incl. biogenic CO2) no LT - climate change: total (incl. biogenic CO2) no LT - global warming potential (GWP100) no LT,"global warming potential (GWP100), including biogenic CO2",-0.014263494871556759,kg CO2-Eq,not applicable,no DACCS project,not applicable,559a66ab6b5171aa483e
DACCS,SSP2-PkBudg1000,2050,1953,IPCC 2021 (incl. biogenic CO2) no LT - climate change: total (incl. biogenic CO2) no LT - global warming potential (GWP100) no LT,"global warming potential (GWP100), including biogenic CO2",-0.003460266161710024,kg CO2-Eq,not applicable,no DACCS project,not applicable,559a66ab6b5171aa483e
DACCS,SSP2-PkBudg1000,2050,1954,IPCC 2021 (incl. biogenic CO2) no LT - climate change: total (incl. biogenic CO2) no LT - global warming potential (GWP100) no LT,"global warming potential (GWP100), including biogenic CO2",-0.016509579494595528,kg CO2-Eq,not applicable,no DACCS project,not applicable,559a66ab6b5171aa483e
DACCS,SSP2-PkBudg1000,2050,1955,IPCC 2021 (incl. biogenic CO2) no LT - climate change: total (incl. biogenic CO2) no LT - global warming potential (GWP100) no LT,"global warming potential (GWP100), including biogenic CO2",-0.0039888909086585045,kg CO2-Eq,not applicable,no DACCS project,not applicable,559a66ab6b5171aa483e
DACCS,SSP2-PkBudg1000,2050,1956,IPCC 2021 (incl. biogenic CO2) no LT - climate change: total (incl. biogenic CO2) no LT - global warming potential (GWP100) no LT,"global warming potential (GWP100), including biogenic CO2",-0.019068511202931404,kg CO2-Eq,not applicable,no DACCS project,not applicable,559a66ab6b5171aa483e
DACCS,SSP2-PkBudg1000,2050,1957,IPCC 2021 (incl. biogenic CO2) no LT - climate change: total (incl. biogenic CO2) no LT - global warming potential (GWP100) no LT,"global warming potential (GWP100), including biogenic CO2",-0.0047170561738312244,kg CO2-Eq,not applicable,no DACCS project,not applicable,559a66ab6b5171aa483e
DACCS,SSP2-PkBudg1000,2050,1958,IPCC 2021 (incl. biogenic CO2) no LT - climate change: total (incl. biogenic CO2) no LT - global warming potential (GWP100) no LT,"global warming potential (GWP100), including biogenic CO2",-0.021962549537420273,kg CO2-Eq,not applicable,no DACCS project,not applicable,559a66ab6b5171aa483e
DACCS,SSP2-PkBudg1000,2050,1959,IPCC 2021 (incl. biogenic CO2) no LT - climate change: total (incl. biogenic CO2) no LT - global warming potential (GWP100) no LT,"global warming potential (GWP100), including biogenic CO2",-0.0052727945148944855,kg CO2-Eq,not applicable,no DACCS project,not applicable,559a66ab6b5171aa483e
DACCS,SSP2-PkBudg1000,2050,1960,IPCC 2021 (incl. biogenic CO2) no LT - climate change: total (incl. biogenic CO2) no LT - global warming potential (GWP100) no LT,"global warming potential (GWP100), including biogenic CO2",-0.02522137016057968,kg CO2-Eq,not applicable,no DACCS project,not applicable,559a66ab6b5171aa483e
DACCS,SSP2-PkBudg1000,2050,1961,IPCC 2021 (incl. biogenic CO2) no LT - climate change: total (incl. biogenic CO2) no LT - global warming potential (GWP100) no LT,"global warming potential (GWP100), including biogenic CO2",-0.006019525695592165,kg CO2-Eq,not applicable,no DACCS project,not applicable,559a66ab6b5171aa483e
DACCS,SSP2-PkBudg1000,2050,1962,IPCC 2021 (incl. biogenic CO2) no LT - climate change: total (incl. biogenic CO2) no LT - global warming potential (GWP100) no LT,"global warming potential (GWP100), including biogenic CO2",-0.028868529945611954,kg CO2-Eq,not applicable,no DACCS project,not applicable,559a66ab6b5171aa483e
DACCS,SSP2-PkBudg1000,2050,1963,IPCC 2021 (incl. biogenic CO2) no LT - climate change: total (incl. biogenic CO2) no LT - global warming potential (GWP100) no LT,"global warming potential (GWP100), including biogenic CO2",-0.006848252844065428,kg CO2-Eq,not applicable,no DACCS project,not applicable,559a66ab6b5171aa483e
DACCS,SSP2-PkBudg1000,2050,1964,IPCC 2021 (incl. biogenic CO2) no LT - climate change: total (incl. biogenic CO2) no LT - global warming potential (GWP100) no LT,"global warming potential (GWP100), including biogenic CO2",-0.032919351011514664,kg CO2-Eq,not applicable,no DACCS project,not applicable,559a66ab6b5171aa483e
DACCS,SSP2-PkBudg1000,2050,1965,IPCC 2021 (incl. biogenic CO2) no LT - climate change: total (incl. biogenic CO2) no LT - global warming potential (GWP100) no LT,"global warming potential (GWP100), including biogenic CO2",-0.00776125630363822,kg CO2-Eq,not applicable,no DACCS project,not applicable,559a66ab6b5171aa483e
DACCS,SSP2-PkBudg1000,2050,1966,IPCC 2021 (incl. biogenic CO2) no LT - climate change: total (incl. biogenic CO2) no LT - global warming potential (GWP100) no LT,"global warming potential (GWP100), including biogenic CO2",-0.03737872838973999,kg CO2-Eq,not applicable,no DACCS project,not applicable,559a66ab6b5171aa483e
DACCS,SSP2-PkBudg1000,2050,1967,IPCC 2021 (incl. biogenic CO2) no LT - climate change: total (incl. biogenic CO2) no LT - global warming potential (GWP100) no LT,"global warming potential (GWP100), including biogenic CO2",-0.008758011274039745,kg CO2-Eq,not applicable,no DACCS project,not applicable,559a66ab6b5171aa483e
DACCS,SSP2-PkBudg1000,2050,1968,IPCC 2021 (incl. biogenic CO2) no LT - climate change: total (incl. biogenic CO2) no LT - global warming potential (GWP100) no LT,"global warming potential (GWP100), including biogenic CO2",-0.06168053671717644,kg CO2-Eq,not applicable,no DACCS project,not applicable,559a66ab6b5171aa483e
DACCS,SSP2-PkBudg1000,2050,1969,IPCC 2021 (incl. biogenic CO2) no LT - climate change: total (incl. biogenic CO2) no LT - global warming potential (GWP100) no LT,"global warming potential (GWP100), including biogenic CO2",-0.009845735505223274,kg CO2-Eq,not applicable,no DACCS project,not applicable,559a66ab6b5171aa483e
DACCS,SSP2-PkBudg1000,2050,1970,IPCC 2021 (incl. biogenic CO2) no LT - climate change: total (incl. biogenic CO2) no LT - global warming potential (GWP100) no LT,"global warming potential (GWP100), including biogenic CO2",-0.05224618315696716,kg CO2-Eq,not applicable,no DACCS project,not applicable,559a66ab6b5171aa483e
DACCS,SSP2-PkBudg1000,2050,1971,IPCC 2021 (incl. biogenic CO2) no LT - climate change: total (incl. biogenic CO2) no LT - global warming potential (GWP100) no LT,"global warming potential (GWP100), including biogenic CO2",-0.011051323264837265,kg CO2-Eq,not applicable,no DACCS project,not applicable,559a66ab6b5171aa483e
DACCS,SSP2-PkBudg1000,2050,1972,IPCC 2021 (incl. biogenic CO2) no LT - climate change: total (incl. biogenic CO2) no LT - global warming potential (GWP100) no LT,"global warming potential (GWP100), including biogenic CO2",-0.05897091329097748,kg CO2-Eq,not applicable,no DACCS project,not applicable,559a66ab6b5171aa483e
DACCS,SSP2-PkBudg1000,2050,1973,IPCC 2021 (incl. biogenic CO2) no LT - climate change: total (incl. biogenic CO2) no LT - global warming potential (GWP100) no LT,"global warming potential (GWP100), including biogenic CO2",-0.012269124388694763,kg CO2-Eq,not applicable,no DACCS project,not applicable,559a66ab6b5171aa483e
DACCS,SSP2-PkBudg1000,2050,1974,IPCC 2021 (incl. biogenic CO2) no LT - climate change: total (incl. biogenic CO2) no LT - global warming potential (GWP100) no LT,"global warming potential (GWP100), including biogenic CO2",-0.06621591001749039,kg CO2-Eq,not applicable,no DACCS project,not applicable,559a66ab6b5171aa483e
DACCS,SSP2-PkBudg1000,2050,1975,IPCC 2021 (incl. biogenic CO2) no LT - climate change: total (incl. biogenic CO2) no LT - global warming potential (GWP100) no LT,"global warming potential (GWP100), including biogenic CO2",-0.013578533194959164,kg CO2-Eq,not applicable,no DACCS project,not applicable,559a66ab6b5171aa483e
DACCS,SSP2-PkBudg1000,2050,1976,IPCC 2021 (incl. biogenic CO2) no LT - climate change: total (incl. biogenic CO2) no LT - global warming potential (GWP100) no LT,"global warming potential (GWP100), including biogenic CO2",-0.07393893599510193,kg CO2-Eq,not applicable,no DACCS project,not applicable,559a66ab6b5171aa483e
DACCS,SSP2-PkBudg1000,2050,1977,IPCC 2021 (incl. biogenic CO2) no LT - climate change: total (incl. biogenic CO2) no LT - global warming potential (GWP100) no LT,"global warming potential (GWP100), including biogenic CO2",-0.014935431070625782,kg CO2-Eq,not applicable,no DACCS project,not applicable,559a66ab6b5171aa483e
DACCS,SSP2-PkBudg1000,2050,1978,IPCC 2021 (incl. biogenic CO2) no LT - climate change: total (incl. biogenic CO2) no LT - global warming potential (GWP100) no LT,"global warming potential (GWP100), including biogenic CO2",-0.08207452297210693,kg CO2-Eq,not applicable,no DACCS project,not applicable,559a66ab6b5171aa483e
DACCS,SSP2-PkBudg1000,2050,1979,IPCC 2021 (incl. biogenic CO2) no LT - climate change: total (incl. biogenic CO2) no LT - global warming potential (GWP100) no LT,"global warming potential (GWP100), including biogenic CO2",-0.01631779596209526,kg CO2-Eq,not applicable,no DACCS project,not applicable,559a66ab6b5171aa483e
DACCS,SSP2-PkBudg1000,2050,1980,IPCC 2021 (incl. biogenic CO2) no LT - climate change: total (incl. biogenic CO2) no LT - global warming potential (GWP100) no LT,"global warming potential (GWP100), including biogenic CO2",-0.0905328094959259,kg CO2-Eq,not applicable,no DACCS project,not applicable,559a66ab6b5171aa483e
DACCS,SSP2-PkBudg1000,2050,1981,IPCC 2021 (incl. biogenic CO2) no LT - climate change: total (incl. biogenic CO2) no LT - global warming potential (GWP100) no LT,"global warming potential (GWP100), including biogenic CO2",-0.01769746094942093,kg CO2-Eq,not applicable,no DACCS project,not applicable,559a66ab6b5171aa483e
DACCS,SSP2-PkBudg1000,2050,1982,IPCC 2021 (incl. biogenic CO2) no LT - climate change: total (incl. biogenic CO2) no LT - global warming potential (GWP100) no LT,"global warming potential (GWP100), including biogenic CO2",-0.09921179711818695,kg CO2-Eq,not applicable,no DACCS project,not applicable,559a66ab6b5171aa483e
DACCS,SSP2-PkBudg1000,2050,1983,IPCC 2021 (incl. biogenic CO2) no LT - climate change: total (incl. biogenic CO2) no LT - global warming potential (GWP100) no LT,"global warming potential (GWP100), including biogenic CO2",-0.019046831876039505,kg CO2-Eq,not applicable,no DACCS project,not applicable,559a66ab6b5171aa483e
DACCS,SSP2-PkBudg1000,2050,1984,IPCC 2021 (incl. biogenic CO2) no LT - climate change: total (incl. biogenic CO2) no LT - global warming potential (GWP100) no LT,"global warming potential (GWP100), including biogenic CO2",-0.10799271613359451,kg CO2-Eq,not applicable,no DACCS project,not applicable,559a66ab6b5171aa483e
DACCS,SSP2-PkBudg1000,2050,1985,IPCC 2021 (incl. biogenic CO2) no LT - climate change: total (incl. biogenic CO2) no LT - global warming potential (GWP100) no LT,"global warming potential (GWP100), including biogenic CO2",-0.0203302763402462,kg CO2-Eq,not applicable,no DACCS project,not applicable,559a66ab6b5171aa483e
DACCS,SSP2-PkBudg1000,2050,1986,IPCC 2021 (incl. biogenic CO2) no LT - climate change: total (incl. biogenic CO2) no LT - global warming potential (GWP100) no LT,"global warming potential (GWP100), including biogenic CO2",-0.1167459636926651,kg CO2-Eq,not applicable,no DACCS project,not applicable,559a66ab6b5171aa483e
DACCS,SSP2-PkBudg1000,2050,1987,IPCC 2021 (incl. biogenic CO2) no LT - climate change: total (incl. biogenic CO2) no LT - global warming potential (GWP100) no LT,"global warming potential (GWP100), including biogenic CO2",-0.021508868783712387,kg CO2-Eq,not applicable,no DACCS project,not applicable,559a66ab6b5171aa483e
DACCS,SSP2-PkBudg1000,2050,1988,IPCC 2021 (incl. biogenic CO2) no LT - climate change: total (incl. biogenic CO2) no LT - global warming potential (GWP100) no LT,"global warming potential (GWP100), including biogenic CO2",-0.12533356249332428,kg CO2-Eq,not applicable,no DACCS project,not applicable,559a66ab6b5171aa483e
DACCS,SSP2-PkBudg1000,2050,1989,IPCC 2021 (incl. biogenic CO2) no LT - climate change: total (incl. biogenic CO2) no LT - global warming potential (GWP100) no LT,"global warming potential (GWP100), including biogenic CO2",-0.02263806387782097,kg CO2-Eq,not applicable,no DACCS project,not applicable,559a66ab6b5171aa483e
DACCS,SSP2-PkBudg1000,2050,1990,IPCC 2021 (incl. biogenic CO2) no LT - climate change: total (incl. biogenic CO2) no LT - global warming potential (GWP100) no LT,"global warming potential (GWP100), including biogenic CO2",-0.15085843205451965,kg CO2-Eq,not applicable,no DACCS project,not applicable,559a66ab6b5171aa483e
DACCS,SSP2-PkBudg1000,2050,1991,IPCC 2021 (incl. biogenic CO2) no LT - climate change: total (incl. biogenic CO2) no LT - global warming potential (GWP100) no LT,"global warming potential (GWP100), including biogenic CO2",-0.023413218557834625,kg CO2-Eq,not applicable,no DACCS project,not applicable,559a66ab6b5171aa483e
DACCS,SSP2-PkBudg1000,2050,1992,IPCC 2021 (incl. biogenic CO2) no LT - climate change: total (incl. biogenic CO2) no LT - global warming potential (GWP100) no LT,"global warming potential (GWP100), including biogenic CO2",-0.14739879965782166,kg CO2-Eq,not applicable,no DACCS project,not applicable,559a66ab6b5171aa483e
DACCS,SSP2-PkBudg1000,2050,1993,IPCC 2021 (incl. biogenic CO2) no LT - climate change: total (incl. biogenic CO2) no LT - global warming potential (GWP100) no LT,"global warming potential (GWP100), including biogenic CO2",-0.02404255047440529,kg CO2-Eq,not applicable,no DACCS project,not applicable,559a66ab6b5171aa483e
DACCS,SSP2-PkBudg1000,2050,1994,IPCC 2021 (incl. biogenic CO2) no LT - climate change: total (incl. biogenic CO2) no LT - global warming potential (GWP100) no LT,"global warming potential (GWP100), including biogenic CO2",-0.1565900593996048,kg CO2-Eq,not applicable,no DACCS project,not applicable,559a66ab6b5171aa483e
DACCS,SSP2-PkBudg1000,2050,1995,IPCC 2021 (incl. biogenic CO2) no LT - climate change: total (incl. biogenic CO2) no LT - global warming potential (GWP100) no LT,"global warming potential (GWP100), including biogenic CO2",-0.024409905076026917,kg CO2-Eq,not applicable,no DACCS project,not applicable,559a66ab6b5171aa483e
DACCS,SSP2-PkBudg1000,2050,1996,IPCC 2021 (incl. biogenic CO2) no LT - climate change: total (incl. biogenic CO2) no LT - global warming potential (GWP100) no LT,"global warming potential (GWP100), including biogenic CO2",-0.16557037830352783,kg CO2-Eq,not applicable,no DACCS project,not applicable,559a66ab6b5171aa483e
DACCS,SSP2-PkBudg1000,2050,1997,IPCC 2021 (incl. biogenic CO2) no LT - climate change: total (incl. biogenic CO2) no LT - global warming potential (GWP100) no LT,"global warming potential (GWP100), including biogenic CO2",-0.024492301046848297,kg CO2-Eq,not applicable,no DACCS project,not applicable,559a66ab6b5171aa483e
DACCS,SSP2-PkBudg1000,2050,1998,IPCC 2021 (incl. biogenic CO2) no LT - climate change: total (incl. biogenic CO2) no LT - global warming potential (GWP100) no LT,"global warming potential (GWP100), including biogenic CO2",-0.17426925897598267,kg CO2-Eq,not applicable,no DACCS project,not applicable,559a66ab6b5171aa483e
DACCS,SSP2-PkBudg1000,2050,1999,IPCC 2021 (incl. biogenic CO2) no LT - climate change: total (incl. biogenic CO2) no LT - global warming potential (GWP100) no LT,"global warming potential (GWP100), including biogenic CO2",-0.024283800274133682,kg CO2-Eq,not applicable,no DACCS project,not applicable,559a66ab6b5171aa483e
DACCS,SSP2-PkBudg1000,2050,2000,IPCC 2021 (incl. biogenic CO2) no LT - climate change: total (incl. biogenic CO2) no LT - global warming potential (GWP100) no LT,"global warming potential (GWP100), including biogenic CO2",-0.1826111078262329,kg CO2-Eq,not applicable,no DACCS project,not applicable,559a66ab6b5171aa483e
DACCS,SSP2-PkBudg1000,2050,2001,IPCC 2021 (incl. biogenic CO2) no LT - climate change: total (incl. biogenic CO2) no LT - global warming potential (GWP100) no LT,"global warming potential (GWP100), including biogenic CO2",-0.02380097284913063,kg CO2-Eq,not applicable,no DACCS project,not applicable,559a66ab6b5171aa483e
DACCS,SSP2-PkBudg1000,2050,2002,IPCC 2021 (incl. biogenic CO2) no LT - climate change: total (incl. biogenic CO2) no LT - global warming potential (GWP100) no LT,"global warming potential (GWP100), including biogenic CO2",-0.19049149751663208,kg CO2-Eq,not applicable,no DACCS project,not applicable,559a66ab6b5171aa483e
DACCS,SSP2-PkBudg1000,2050,2003,IPCC 2021 (incl. biogenic CO2) no LT - climate change: total (incl. biogenic CO2) no LT - global warming potential (GWP100) no LT,"global warming potential (GWP100), including biogenic CO2",-0.02306359075009823,kg CO2-Eq,not applicable,no DACCS project,not applicable,559a66ab6b5171aa483e
DACCS,SSP2-PkBudg1000,2050,2004,IPCC 2021 (incl. biogenic CO2) no LT - climate change: total (incl. biogenic CO2) no LT - global warming potential (GWP100) no LT,"global warming potential (GWP100), including biogenic CO2",-0.19778506457805634,kg CO2-Eq,not applicable,no DACCS project,not applicable,559a66ab6b5171aa483e
DACCS,SSP2-PkBudg1000,2050,2005,IPCC 2021 (incl. biogenic CO2) no LT - climate change: total (incl. biogenic CO2) no LT - global warming potential (GWP100) no LT,"global warming potential (GWP100), including biogenic CO2",-0.02042955718934536,kg CO2-Eq,not applicable,no DACCS project,not applicable,559a66ab6b5171aa483e
DACCS,SSP2-PkBudg1000,2050,2006,IPCC 2021 (incl. biogenic CO2) no LT - climate change: total (incl. biogenic CO2) no LT - global warming potential (GWP100) no LT,"global warming potential (GWP100), including biogenic CO2",-0.20393715798854828,kg CO2-Eq,not applicable,no DACCS project,not applicable,559a66ab6b5171aa483e
DACCS,SSP2-PkBudg1000,2050,2007,IPCC 2021 (incl. biogenic CO2) no LT - climate change: total (incl. biogenic CO2) no LT - global warming potential (GWP100) no LT,"global warming potential (GWP100), including biogenic CO2",-0.020549936220049858,kg CO2-Eq,not applicable,no DACCS project,not applicable,559a66ab6b5171aa483e
DACCS,SSP2-PkBudg1000,2050,2008,IPCC 2021 (incl. biogenic CO2) no LT - climate change: total (incl. biogenic CO2) no LT - global warming potential (GWP100) no LT,"global warming potential (GWP100), including biogenic CO2",-0.2094941884279251,kg CO2-Eq,not applicable,no DACCS project,not applicable,559a66ab6b5171aa483e
DACCS,SSP2-PkBudg1000,2050,2009,IPCC 2021 (incl. biogenic CO2) no LT - climate change: total (incl. biogenic CO2) no LT - global warming potential (GWP100) no LT,"global warming potential (GWP100), including biogenic CO2",-0.019251585006713867,kg CO2-Eq,not applicable,no DACCS project,not applicable,559a66ab6b5171aa483e
DACCS,SSP2-PkBudg1000,2050,2010,IPCC 2021 (incl. biogenic CO2) no LT - climate change: total (incl. biogenic CO2) no LT - global warming potential (GWP100) no LT,"global warming potential (GWP100), including biogenic CO2",-0.21563854813575745,kg CO2-Eq,not applicable,no DACCS project,not applicable,559a66ab6b5171aa483e
DACCS,SSP2-PkBudg1000,2050,2011,IPCC 2021 (incl. biogenic CO2) no LT - climate change: total (incl. biogenic CO2) no LT - global warming potential (GWP100) no LT,"global warming potential (GWP100), including biogenic CO2",-0.01597793586552143,kg CO2-Eq,not applicable,no DACCS project,not applicable,559a66ab6b5171aa483e
DACCS,SSP2-PkBudg1000,2050,2012,IPCC 2021 (incl. biogenic CO2) no LT - climate change: total (incl. biogenic CO2) no LT - global warming potential (GWP100) no LT,"global warming potential (GWP100), including biogenic CO2",-0.21058709919452667,kg CO2-Eq,not applicable,no DACCS project,not applicable,559a66ab6b5171aa483e
DACCS,SSP2-PkBudg1000,2050,2013,IPCC 2021 (incl. biogenic CO2) no LT - climate change: total (incl. biogenic CO2) no LT - global warming potential (GWP100) no LT,"global warming potential (GWP100), including biogenic CO2",-0.007006452418863773,kg CO2-Eq,not applicable,no DACCS project,not applicable,559a66ab6b5171aa483e
DACCS,SSP2-PkBudg1000,2050,2014,IPCC 2021 (incl. biogenic CO2) no LT - climate change: total (incl. biogenic CO2) no LT - global warming potential (GWP100) no LT,"global warming potential (GWP100), including biogenic CO2",-0.20337311923503876,kg CO2-Eq,not applicable,no DACCS project,not applicable,559a66ab6b5171aa483e
DACCS,SSP2-PkBudg1000,2050,2015,IPCC 2021 (incl. biogenic CO2) no LT - climate change: total (incl. biogenic CO2) no LT - global warming potential (GWP100) no LT,"global warming potential (GWP100), including biogenic CO2",0.001631817314773798,kg CO2-Eq,not applicable,no DACCS project,not applicable,559a66ab6b5171aa483e
DACCS,SSP2-PkBudg1000,2050,2016,IPCC 2021 (incl. biogenic CO2) no LT - climate change: total (incl. biogenic CO2) no LT - global warming potential (GWP100) no LT,"global warming potential (GWP100), including biogenic CO2",-0.19344286620616913,kg CO2-Eq,not applicable,no DACCS project,not applicable,559a66ab6b5171aa483e
DACCS,SSP2-PkBudg1000,2050,2017,IPCC 2021 (incl. biogenic CO2) no LT - climate change: total (incl. biogenic CO2) no LT - global warming potential (GWP100) no LT,"global warming potential (GWP100), including biogenic CO2",0.00939144380390644,kg CO2-Eq,not applicable,no DACCS project,not applicable,559a66ab6b5171aa483e
DACCS,SSP2-PkBudg1000,2050,2018,IPCC 2021 (incl. biogenic CO2) no LT - climate change: total (incl. biogenic CO2) no LT - global warming potential (GWP100) no LT,"global warming potential (GWP100), including biogenic CO2",-0.18120968341827393,kg CO2-Eq,not applicable,no DACCS project,not applicable,559a66ab6b5171aa483e
DACCS,SSP2-PkBudg1000,2050,2019,IPCC 2021 (incl. biogenic CO2) no LT - climate change: total (incl. biogenic CO2) no LT - global warming potential (GWP100) no LT,"global warming potential (GWP100), including biogenic CO2",0.01567263901233673,kg CO2-Eq,not applicable,no DACCS project,not applicable,559a66ab6b5171aa483e
DACCS,SSP2-PkBudg1000,2050,2020,IPCC 2021 (incl. biogenic CO2) no LT - climate change: total (incl. biogenic CO2) no LT - global warming potential (GWP100) no LT,"global warming potential (GWP100), including biogenic CO2",-0.16554003953933716,kg CO2-Eq,not applicable,no DACCS project,not applicable,559a66ab6b5171aa483e
DACCS,SSP2-PkBudg1000,2050,2021,IPCC 2021 (incl. biogenic CO2) no LT - climate change: total (incl. biogenic CO2) no LT - global warming potential (GWP100) no LT,"global warming potential (GWP100), including biogenic CO2",0.020744357258081436,kg CO2-Eq,not applicable,no DACCS project,not applicable,559a66ab6b5171aa483e
DACCS,SSP2-PkBudg1000,2050,2022,IPCC 2021 (incl. biogenic CO2) no LT - climate change: total (incl. biogenic CO2) no LT - global warming potential (GWP100) no LT,"global warming potential (GWP100), including biogenic CO2",-0.14710640907287598,kg CO2-Eq,not applicable,no DACCS project,not applicable,559a66ab6b5171aa483e
DACCS,SSP2-PkBudg1000,2050,2023,IPCC 2021 (incl. biogenic CO2) no LT - climate change: total (incl. biogenic CO2) no LT - global warming potential (GWP100) no LT,"global warming potential (GWP100), including biogenic CO2",0.024685733020305634,kg CO2-Eq,not applicable,no DACCS project,not applicable,559a66ab6b5171aa483e
DACCS,SSP2-PkBudg1000,2050,2024,IPCC 2021 (incl. biogenic CO2) no LT - climate change: total (incl. biogenic CO2) no LT - global warming potential (GWP100) no LT,"global warming potential (GWP100), including biogenic CO2",-0.12703540921211243,kg CO2-Eq,not applicable,no DACCS project,not applicable,559a66ab6b5171aa483e
DACCS,SSP2-PkBudg1000,2050,2025,IPCC 2021 (incl. biogenic CO2) no LT - climate change: total (incl. biogenic CO2) no LT - global warming potential (GWP100) no LT,"global warming potential (GWP100), including biogenic CO2",0.027208717539906502,kg CO2-Eq,not applicable,no DACCS project,not applicable,559a66ab6b5171aa483e
DACCS,SSP2-PkBudg1000,2050,2026,IPCC 2021 (incl. biogenic CO2) no LT - climate change: total (incl. biogenic CO2) no LT - global warming potential (GWP100) no LT,"global warming potential (GWP100), including biogenic CO2",-0.1075378805398941,kg CO2-Eq,not applicable,no DACCS project,not applicable,559a66ab6b5171aa483e
DACCS,SSP2-PkBudg1000,2050,2027,IPCC 2021 (incl. biogenic CO2) no LT - climate change: total (incl. biogenic CO2) no LT - global warming potential (GWP100) no LT,"global warming potential (GWP100), including biogenic CO2",0.026731271296739578,kg CO2-Eq,not applicable,no DACCS project,not applicable,559a66ab6b5171aa483e
DACCS,SSP2-PkBudg1000,2050,2028,IPCC 2021 (incl. biogenic CO2) no LT - climate change: total (incl. biogenic CO2) no LT - global warming potential (GWP100) no LT,"global warming potential (GWP100), including biogenic CO2",-0.08971811830997467,kg CO2-Eq,not applicable,no DACCS project,not applicable,559a66ab6b5171aa483e
DACCS,SSP2-PkBudg1000,2050,2029,IPCC 2021 (incl. biogenic CO2) no LT - climate change: total (incl. biogenic CO2) no LT - global warming potential (GWP100) no LT,"global warming potential (GWP100), including biogenic CO2",0.02541360631585121,kg CO2-Eq,not applicable,no DACCS project,not applicable,559a66ab6b5171aa483e
DACCS,SSP2-PkBudg1000,2050,2030,IPCC 2021 (incl. biogenic CO2) no LT - climate change: total (incl. biogenic CO2) no LT - global warming potential (GWP100) no LT,"global warming potential (GWP100), including biogenic CO2",0.033280108124017715,kg CO2-Eq,not applicable,no DACCS project,not applicable,559a66ab6b5171aa483e
DACCS,SSP2-PkBudg1000,2050,2031,IPCC 2021 (incl. biogenic CO2) no LT - climate change: total (incl. biogenic CO2) no LT - global warming potential (GWP100) no LT,"global warming potential (GWP100), including biogenic CO2",0.18015098571777344,kg CO2-Eq,not applicable,no DACCS project,not applicable,559a66ab6b5171aa483e
DACCS,SSP2-PkBudg1000,2050,2032,IPCC 2021 (incl. biogenic CO2) no LT - climate change: total (incl. biogenic CO2) no LT - global warming potential (GWP100) no LT,"global warming potential (GWP100), including biogenic CO2",0.1447281688451767,kg CO2-Eq,not applicable,no DACCS project,not applicable,559a66ab6b5171aa483e
DACCS,SSP2-PkBudg1000,2050,2033,IPCC 2021 (incl. biogenic CO2) no LT - climate change: total (incl. biogenic CO2) no LT - global warming potential (GWP100) no LT,"global warming potential (GWP100), including biogenic CO2",0.2704054117202759,kg CO2-Eq,not applicable,no DACCS project,not applicable,559a66ab6b5171aa483e
DACCS,SSP2-PkBudg1000,2050,2034,IPCC 2021 (incl. biogenic CO2) no LT - climate change: total (incl. biogenic CO2) no LT - global warming potential (GWP100) no LT,"global warming potential (GWP100), including biogenic CO2",0.2447427660226822,kg CO2-Eq,not applicable,no DACCS project,not applicable,559a66ab6b5171aa483e
DACCS,SSP2-PkBudg1000,2050,2035,IPCC 2021 (incl. biogenic CO2) no LT - climate change: total (incl. biogenic CO2) no LT - global warming potential (GWP100) no LT,"global warming potential (GWP100), including biogenic CO2",0.35073062777519226,kg CO2-Eq,not applicable,no DACCS project,not applicable,559a66ab6b5171aa483e
DACCS,SSP2-PkBudg1000,2050,2036,IPCC 2021 (incl. biogenic CO2) no LT - climate change: total (incl. biogenic CO2) no LT - global warming potential (GWP100) no LT,"global warming potential (GWP100), including biogenic CO2",0.3379806876182556,kg CO2-Eq,not applicable,no DACCS project,not applicable,559a66ab6b5171aa483e
DACCS,SSP2-PkBudg1000,2050,2037,IPCC 2021 (incl. biogenic CO2) no LT - climate change: total (incl. biogenic CO2) no LT - global warming potential (GWP100) no LT,"global warming potential (GWP100), including biogenic CO2",0.4318895936012268,kg CO2-Eq,not applicable,no DACCS project,not applicable,559a66ab6b5171aa483e
DACCS,SSP2-PkBudg1000,2050,2038,IPCC 2021 (incl. biogenic CO2) no LT - climate change: total (incl. biogenic CO2) no LT - global warming potential (GWP100) no LT,"global warming potential (GWP100), including biogenic CO2",-7.954165458679199,kg CO2-Eq,not applicable,no DACCS project,not applicable,559a66ab6b5171aa483e
DACCS,SSP2-PkBudg1000,2050,2039,IPCC 2021 (incl. biogenic CO2) no LT - climate change: total (incl. biogenic CO2) no LT - global warming potential (GWP100) no LT,"global warming potential (GWP100), including biogenic CO2",-7.9148406982421875,kg CO2-Eq,not applicable,no DACCS project,not applicable,559a66ab6b5171aa483e
DACCS,SSP2-PkBudg1000,2050,2040,IPCC 2021 (incl. biogenic CO2) no LT - climate change: total (incl. biogenic CO2) no LT - global warming potential (GWP100) no LT,"global warming potential (GWP100), including biogenic CO2",-8.004423141479492,kg CO2-Eq,not applicable,no DACCS project,not applicable,559a66ab6b5171aa483e
DACCS,SSP2-PkBudg1000,2050,2041,IPCC 2021 (incl. biogenic CO2) no LT - climate change: total (incl. biogenic CO2) no LT - global warming potential (GWP100) no LT,"global warming potential (GWP100), including biogenic CO2",-8.021974563598633,kg CO2-Eq,not applicable,no DACCS project,not applicable,559a66ab6b5171aa483e
DACCS,SSP2-PkBudg1000,2050,2042,IPCC 2021 (incl. biogenic CO2) no LT - climate change: total (incl. biogenic CO2) no LT - global warming potential (GWP100) no LT,"global warming potential (GWP100), including biogenic CO2",-8.098196029663086,kg CO2-Eq,not applicable,no DACCS project,not applicable,559a66ab6b5171aa483e
DACCS,SSP2-PkBudg1000,2050,2043,IPCC 2021 (incl. biogenic CO2) no LT - climate change: total (incl. biogenic CO2) no LT - global warming potential (GWP100) no LT,"global warming potential (GWP100), including biogenic CO2",-8.12065601348877,kg CO2-Eq,not applicable,no DACCS project,not applicable,559a66ab6b5171aa483e
DACCS,SSP2-PkBudg1000,2050,2044,IPCC 2021 (incl. biogenic CO2) no LT - climate change: total (incl. biogenic CO2) no LT - global warming potential (GWP100) no LT,"global warming potential (GWP100), including biogenic CO2",-8.188485145568848,kg CO2-Eq,not applicable,no DACCS project,not applicable,559a66ab6b5171aa483e
DACCS,SSP2-PkBudg1000,2050,2045,IPCC 2021 (incl. biogenic CO2) no LT - climate change: total (incl. biogenic CO2) no LT - global warming potential (GWP100) no LT,"global warming potential (GWP100), including biogenic CO2",-8.214091300964355,kg CO2-Eq,not applicable,no DACCS project,not applicable,559a66ab6b5171aa483e
DACCS,SSP2-PkBudg1000,2050,2046,IPCC 2021 (incl. biogenic CO2) no LT - climate change: total (incl. biogenic CO2) no LT - global warming potential (GWP100) no LT,"global warming potential (GWP100), including biogenic CO2",-8.27376651763916,kg CO2-Eq,not applicable,no DACCS project,not applicable,559a66ab6b5171aa483e
DACCS,SSP2-PkBudg1000,2050,2047,IPCC 2021 (incl. biogenic CO2) no LT - climate change: total (incl. biogenic CO2) no LT - global warming potential (GWP100) no LT,"global warming potential (GWP100), including biogenic CO2",-8.300689697265625,kg CO2-Eq,not applicable,no DACCS project,not applicable,559a66ab6b5171aa483e
DACCS,SSP2-PkBudg1000,2050,2048,IPCC 2021 (incl. biogenic CO2) no LT - climate change: total (incl. biogenic CO2) no LT - global warming potential (GWP100) no LT,"global warming potential (GWP100), including biogenic CO2",-8.355107307434082,kg CO2-Eq,not applicable,no DACCS project,not applicable,559a66ab6b5171aa483e
DACCS,SSP2-PkBudg1000,2050,2049,IPCC 2021 (incl. biogenic CO2) no LT - climate change: total (incl. biogenic CO2) no LT - global warming potential (GWP100) no LT,"global warming potential (GWP100), including biogenic CO2",-8.848204612731934,kg CO2-Eq,not applicable,no DACCS project,not applicable,559a66ab6b5171aa483e
DACCS,SSP2-PkBudg1000,2050,2050,IPCC 2021 (incl. biogenic CO2) no LT - climate change: total (incl. biogenic CO2) no LT - global warming potential (GWP100) no LT,"global warming potential (GWP100), including biogenic CO2",-846.116455078125,kg CO2-Eq,not applicable,no DACCS project,not applicable,559a66ab6b5171aa483e
DACCS,SSP2-PkBudg1000,2050,2051,IPCC 2021 (incl. biogenic CO2) no LT - climate change: total (incl. biogenic CO2) no LT - global warming potential (GWP100) no LT,"global warming potential (GWP100), including biogenic CO2",-0.0006374825024977326,kg CO2-Eq,not applicable,no DACCS project,not applicable,559a66ab6b5171aa483e
DACCS,SSP2-PkBudg1000,2050,2052,IPCC 2021 (incl. biogenic CO2) no LT - climate change: total (incl. biogenic CO2) no LT - global warming potential (GWP100) no LT,"global warming potential (GWP100), including biogenic CO2",-3.09177121380344e-05,kg CO2-Eq,not applicable,no DACCS project,not applicable,559a66ab6b5171aa483e
DACCS,SSP2-PkBudg1000,2050,2053,IPCC 2021 (incl. biogenic CO2) no LT - climate change: total (incl. biogenic CO2) no LT - global warming potential (GWP100) no LT,"global warming potential (GWP100), including biogenic CO2",-0.0005466428119689226,kg CO2-Eq,not applicable,no DACCS project,not applicable,559a66ab6b5171aa483e
DACCS,SSP2-PkBudg1000,2050,2054,IPCC 2021 (incl. biogenic CO2) no LT - climate change: total (incl. biogenic CO2) no LT - global warming potential (GWP100) no LT,"global warming potential (GWP100), including biogenic CO2",-2.870780554076191e-05,kg CO2-Eq,not applicable,no DACCS project,not applicable,559a66ab6b5171aa483e
DACCS,SSP2-PkBudg1000,2050,2055,IPCC 2021 (incl. biogenic CO2) no LT - climate change: total (incl. biogenic CO2) no LT - global warming potential (GWP100) no LT,"global warming potential (GWP100), including biogenic CO2",-0.0004608142771758139,kg CO2-Eq,not applicable,no DACCS project,not applicable,559a66ab6b5171aa483e
DACCS,SSP2-PkBudg1000,2050,2056,IPCC 2021 (incl. biogenic CO2) no LT - climate change: total (incl. biogenic CO2) no LT - global warming potential (GWP100) no LT,"global warming potential (GWP100), including biogenic CO2",-2.6789553885464557e-05,kg CO2-Eq,not applicable,no DACCS project,not applicable,559a66ab6b5171aa483e
DACCS,SSP2-PkBudg1000,2050,2057,IPCC 2021 (incl. biogenic CO2) no LT - climate change: total (incl. biogenic CO2) no LT - global warming potential (GWP100) no LT,"global warming potential (GWP100), including biogenic CO2",-0.0003794186923187226,kg CO2-Eq,not applicable,no DACCS project,not applicable,559a66ab6b5171aa483e
DACCS,SSP2-PkBudg1000,2050,2058,IPCC 2021 (incl. biogenic CO2) no LT - climate change: total (incl. biogenic CO2) no LT - global warming potential (GWP100) no LT,"global warming potential (GWP100), including biogenic CO2",-2.5136199838016182e-05,kg CO2-Eq,not applicable,no DACCS project,not applicable,559a66ab6b5171aa483e
DACCS,SSP2-PkBudg1000,2050,2059,IPCC 2021 (incl. biogenic CO2) no LT - climate change: total (incl. biogenic CO2) no LT - global warming potential (GWP100) no LT,"global warming potential (GWP100), including biogenic CO2",-0.004718446172773838,kg CO2-Eq,not applicable,no DACCS project,not applicable,559a66ab6b5171aa483e
DACCS,SSP2-PkBudg1000,2050,2060,IPCC 2021 (incl. biogenic CO2) no LT - climate change: total (incl. biogenic CO2) no LT - global warming potential (GWP100) no LT,"global warming potential (GWP100), including biogenic CO2",-0.004436864983290434,kg CO2-Eq,not applicable,no DACCS project,not applicable,559a66ab6b5171aa483e
DACCS,SSP2-PkBudg1000,2050,2061,IPCC 2021 (incl. biogenic CO2) no LT - climate change: total (incl. biogenic CO2) no LT - global warming potential (GWP100) no LT,"global warming potential (GWP100), including biogenic CO2",-0.004655212163925171,kg CO2-Eq,not applicable,no DACCS project,not applicable,559a66ab6b5171aa483e
DACCS,SSP2-PkBudg1000,2050,2062,IPCC 2021 (incl. biogenic CO2) no LT - climate change: total (incl. biogenic CO2) no LT - global warming potential (GWP100) no LT,"global warming potential (GWP100), including biogenic CO2",-0.004435691982507706,kg CO2-Eq,not applicable,no DACCS project,not applicable,559a66ab6b5171aa483e
DACCS,SSP2-PkBudg1000,2050,2063,IPCC 2021 (incl. biogenic CO2) no LT - climate change: total (incl. biogenic CO2) no LT - global warming potential (GWP100) no LT,"global warming potential (GWP100), including biogenic CO2",-0.004604215733706951,kg CO2-Eq,not applicable,no DACCS project,not applicable,559a66ab6b5171aa483e
DACCS,SSP2-PkBudg1000,2050,2064,IPCC 2021 (incl. biogenic CO2) no LT - climate change: total (incl. biogenic CO2) no LT - global warming potential (GWP100) no LT,"global warming potential (GWP100), including biogenic CO2",-0.004434785805642605,kg CO2-Eq,not applicable,no DACCS project,not applicable,559a66ab6b5171aa483e
DACCS,SSP2-PkBudg1000,2050,2065,IPCC 2021 (incl. biogenic CO2) no LT - climate change: total (incl. biogenic CO2) no LT - global warming potential (GWP100) no LT,"global warming potential (GWP100), including biogenic CO2",-0.004564647097140551,kg CO2-Eq,not applicable,no DACCS project,not applicable,559a66ab6b5171aa483e
DACCS,SSP2-PkBudg1000,2050,2066,IPCC 2021 (incl. biogenic CO2) no LT - climate change: total (incl. biogenic CO2) no LT - global warming potential (GWP100) no LT,"global warming potential (GWP100), including biogenic CO2",-0.004434119910001755,kg CO2-Eq,not applicable,no DACCS project,not applicable,559a66ab6b5171aa483e
DACCS,SSP2-PkBudg1000,2050,2067,IPCC 2021 (incl. biogenic CO2) no LT - climate change: total (incl. biogenic CO2) no LT - global warming potential (GWP100) no LT,"global warming potential (GWP100), including biogenic CO2",-0.004534509964287281,kg CO2-Eq,not applicable,no DACCS project,not applicable,559a66ab6b5171aa483e
DACCS,SSP2-PkBudg1000,2050,2068,IPCC 2021 (incl. biogenic CO2) no LT - climate change: total (incl. biogenic CO2) no LT - global warming potential (GWP100) no LT,"global warming potential (GWP100), including biogenic CO2",-0.0044336626306176186,kg CO2-Eq,not applicable,no DACCS project,not applicable,559a66ab6b5171aa483e
DACCS,SSP2-PkBudg1000,2050,2069,IPCC 2021 (incl. biogenic CO2) no LT - climate change: total (incl. biogenic CO2) no LT - global warming potential (GWP100) no LT,"global warming potential (GWP100), including biogenic CO2",-0.004511694889515638,kg CO2-Eq,not applicable,no DACCS project,not applicable,559a66ab6b5171aa483e
DACCS,SSP2-PkBudg1000,2050,2070,IPCC 2021 (incl. biogenic CO2) no LT - climate change: total (incl. biogenic CO2) no LT - global warming potential (GWP100) no LT,"global warming potential (GWP100), including biogenic CO2",-0.006202508229762316,kg CO2-Eq,not applicable,no DACCS project,not applicable,559a66ab6b5171aa483e
DACCS,SSP2-PkBudg1000,2050,2071,IPCC 2021 (incl. biogenic CO2) no LT - climate change: total (incl. biogenic CO2) no LT - global warming potential (GWP100) no LT,"global warming potential (GWP100), including biogenic CO2",0.33330056071281433,kg CO2-Eq,not applicable,no DACCS project,not applicable,559a66ab6b5171aa483e
DACCS,SSP2-PkBudg1000,2050,2072,IPCC 2021 (incl. biogenic CO2) no LT - climate change: total (incl. biogenic CO2) no LT - global warming potential (GWP100) no LT,"global warming potential (GWP100), including biogenic CO2",3.646946424851194e-06,kg CO2-Eq,not applicable,no DACCS project,not applicable,559a66ab6b5171aa483e
DACCS,SSP2-PkBudg1000,2050,2073,IPCC 2021 (incl. biogenic CO2) no LT - climate change: total (incl. biogenic CO2) no LT - global warming potential (GWP100) no LT,"global warming potential (GWP100), including biogenic CO2",3.619232529672445e-06,kg CO2-Eq,not applicable,no DACCS project,not applicable,559a66ab6b5171aa483e
DACCS,SSP2-PkBudg1000,2050,2074,IPCC 2021 (incl. biogenic CO2) no LT - climate change: total (incl. biogenic CO2) no LT - global warming potential (GWP100) no LT,"global warming potential (GWP100), including biogenic CO2",3.5687526178662665e-06,kg CO2-Eq,not applicable,no DACCS project,not applicable,559a66ab6b5171aa483e
DACCS,SSP2-PkBudg1000,2050,2075,IPCC 2021 (incl. biogenic CO2) no LT - climate change: total (incl. biogenic CO2) no LT - global warming potential (GWP100) no LT,"global warming potential (GWP100), including biogenic CO2",3.535533096510335e-06,kg CO2-Eq,not applicable,no DACCS project,not applicable,559a66ab6b5171aa483e
DACCS,SSP2-PkBudg1000,2050,2076,IPCC 2021 (incl. biogenic CO2) no LT - climate change: total (incl. biogenic CO2) no LT - global warming potential (GWP100) no LT,"global warming potential (GWP100), including biogenic CO2",3.483569344098214e-06,kg CO2-Eq,not applicable,no DACCS project,not applicable,559a66ab6b5171aa483e
DACCS,SSP2-PkBudg1000,2050,2077,IPCC 2021 (incl. biogenic CO2) no LT - climate change: total (incl. biogenic CO2) no LT - global warming potential (GWP100) no LT,"global warming potential (GWP100), including biogenic CO2",3.445202310103923e-06,kg CO2-Eq,not applicable,no DACCS project,not applicable,559a66ab6b5171aa483e
DACCS,SSP2-PkBudg1000,2050,2078,IPCC 2021 (incl. biogenic CO2) no LT - climate change: total (incl. biogenic CO2) no LT - global warming potential (GWP100) no LT,"global warming potential (GWP100), including biogenic CO2",3.391489599380293e-06,kg CO2-Eq,not applicable,no DACCS project,not applicable,559a66ab6b5171aa483e
DACCS,SSP2-PkBudg1000,2050,2079,IPCC 2021 (incl. biogenic CO2) no LT - climate change: total (incl. biogenic CO2) no LT - global warming potential (GWP100) no LT,"global warming potential (GWP100), including biogenic CO2",3.529918558342615e-06,kg CO2-Eq,not applicable,no DACCS project,not applicable,559a66ab6b5171aa483e
DACCS,SSP2-PkBudg1000,2050,2080,IPCC 2021 (incl. biogenic CO2) no LT - climate change: total (incl. biogenic CO2) no LT - global warming potential (GWP100) no LT,"global warming potential (GWP100), including biogenic CO2",3.655123009593808e-06,kg CO2-Eq,not applicable,no DACCS project,not applicable,559a66ab6b5171aa483e
DACCS,SSP2-PkBudg1000,2050,2081,IPCC 2021 (incl. biogenic CO2) no LT - climate change: total (incl. biogenic CO2) no LT - global warming potential (GWP100) no LT,"global warming potential (GWP100), including biogenic CO2",3.7998486277501797e-06,kg CO2-Eq,not applicable,no DACCS project,not applicable,559a66ab6b5171aa483e
DACCS,SSP2-PkBudg1000,2050,2082,IPCC 2021 (incl. biogenic CO2) no LT - climate change: total (incl. biogenic CO2) no LT - global warming potential (GWP100) no LT,"global warming potential (GWP100), including biogenic CO2",3.935990207537543e-06,kg CO2-Eq,not applicable,no DACCS project,not applicable,559a66ab6b5171aa483e
DACCS,SSP2-PkBudg1000,2050,2083,IPCC 2021 (incl. biogenic CO2) no LT - climate change: total (incl. biogenic CO2) no LT - global warming potential (GWP100) no LT,"global warming potential (GWP100), including biogenic CO2",4.079842256032862e-06,kg CO2-Eq,not applicable,no DACCS project,not applicable,559a66ab6b5171aa483e
DACCS,SSP2-PkBudg1000,2050,2084,IPCC 2021 (incl. biogenic CO2) no LT - climate change: total (incl. biogenic CO2) no LT - global warming potential (GWP100) no LT,"global warming potential (GWP100), including biogenic CO2",4.2169212974840775e-06,kg CO2-Eq,not applicable,no DACCS project,not applicable,559a66ab6b5171aa483e
DACCS,SSP2-PkBudg1000,2050,2085,IPCC 2021 (incl. biogenic CO2) no LT - climate change: total (incl. biogenic CO2) no LT - global warming potential (GWP100) no LT,"global warming potential (GWP100), including biogenic CO2",4.360094862931874e-06,kg CO2-Eq,not applicable,no DACCS project,not applicable,559a66ab6b5171aa483e
DACCS,SSP2-PkBudg1000,2050,2086,IPCC 2021 (incl. biogenic CO2) no LT - climate change: total (incl. biogenic CO2) no LT - global warming potential (GWP100) no LT,"global warming potential (GWP100), including biogenic CO2",4.497911959333578e-06,kg CO2-Eq,not applicable,no DACCS project,not applicable,559a66ab6b5171aa483e
DACCS,SSP2-PkBudg1000,2050,2087,IPCC 2021 (incl. biogenic CO2) no LT - climate change: total (incl. biogenic CO2) no LT - global warming potential (GWP100) no LT,"global warming potential (GWP100), including biogenic CO2",4.6405280045291875e-06,kg CO2-Eq,not applicable,no DACCS project,not applicable,559a66ab6b5171aa483e
DACCS,SSP2-PkBudg1000,2050,2088,IPCC 2021 (incl. biogenic CO2) no LT - climate change: total (incl. biogenic CO2) no LT - global warming potential (GWP100) no LT,"global warming potential (GWP100), including biogenic CO2",4.778886250278447e-06,kg CO2-Eq,not applicable,no DACCS project,not applicable,559a66ab6b5171aa483e
DACCS,SSP2-PkBudg1000,2050,2089,IPCC 2021 (incl. biogenic CO2) no LT - climate change: total (incl. biogenic CO2) no LT - global warming potential (GWP100) no LT,"global warming potential (GWP100), including biogenic CO2",4.921007075608941e-06,kg CO2-Eq,not applicable,no DACCS project,not applicable,559a66ab6b5171aa483e
DACCS,SSP2-PkBudg1000,2050,2090,IPCC 2021 (incl. biogenic CO2) no LT - climate change: total (incl. biogenic CO2) no LT - global warming potential (GWP100) no LT,"global warming potential (GWP100), including biogenic CO2",5.11731786900782e-06,kg CO2-Eq,not applicable,no DACCS project,not applicable,559a66ab6b5171aa483e
