model,model_version,scenario,region,year,stage,group,destination,unit,source_regions,source_file_id,value,source_variables,allocation_method
IMAGE,3.4,SSP2-VLHO,World,2020,Final energy flow,Electricity,Buildings,EJ/yr,World,IMAGE 3.4_SSP2_VLHO.xlsx,36.367034,Final Energy|Commercial|Appliances|Electricity; Final Energy|Commercial|Cooking|Electricity; Final Energy|Commercial|Cooling|Electricity; Final Energy|Commercial|Lighting|Electricity; Final Energy|Commercial|Space Heating|Electricity; Final Energy|Commercial|Water Heating|Electricity; Final Energy|Residential|Cooking|Electricity; Final Energy|Residential|Space Heating|Electricity; Final Energy|Residential|Water Heating|Electricity; Final Energy|Residential|Cleaning Appliances|Electricity; Final Energy|Residential|Cooling Appliance|Electricity; Final Energy|Residential|Refrigeration|Electricity; Final Energy|Residential|Small Appliances|Electricity,Direct sum of reported IMAGE variables
IMAGE,3.4,SSP2-VLHO,World,2020,Final energy flow,Electricity,Industry,EJ/yr,World,IMAGE 3.4_SSP2_VLHO.xlsx,36.711445,Final Energy|Industry|Chemicals|Electricity; Final Energy|Industry|Fertilizer production|Electricity; Final Energy|Industry|Food Processing|Electricity; Final Energy|Industry|Iron and Steel|Electricity; Final Energy|Industry|Non-Metallic Minerals|Electricity; Final Energy|Industry|Other Sector|Electricity; Final Energy|Industry|Pulp and Paper|Electricity,Direct sum of reported IMAGE variables
IMAGE,3.4,SSP2-VLHO,World,2020,Final energy flow,Electricity,Transport,EJ/yr,World,IMAGE 3.4_SSP2_VLHO.xlsx,1.950399,Final Energy|Transportation|Passenger; Final Energy|Transportation|Passenger|Bus|Electricity; Final Energy|Transportation|Passenger|Domestic Aviation|Electricity; Final Energy|Transportation|Passenger|Light Duty Vehicle|Electricity; Final Energy|Transportation|Passenger|Rail (high speed)|Electricity; Final Energy|Transportation|Passenger|Rail (low speed)|Electricity; Final Energy|Transportation|Freight; Final Energy|Transportation|Freight|Air|Electricity; Final Energy|Transportation|Freight|Heavy Truck|Electricity; Final Energy|Transportation|Freight|International Shipping|Electricity; Final Energy|Transportation|Freight|Medium Truck|Electricity; Final Energy|Transportation|Freight|National Shipping|Electricity; Final Energy|Transportation|Freight|Train|Electricity,Passenger modal carrier shares scaled by 1.00009841 to the reported service total; international passenger aviation excluded; Freight modal carrier shares scaled by 0.86983721 to the reported service total; international passenger aviation excluded
IMAGE,3.4,SSP2-VLHO,World,2020,Final energy flow,Gases,Buildings,EJ/yr,World,IMAGE 3.4_SSP2_VLHO.xlsx,26.386263,Final Energy|Commercial|Cooking|Gases; Final Energy|Commercial|Space Heating|Gases; Final Energy|Commercial|Water Heating|Gases; Final Energy|Residential|Cooking|Natural Gas; Final Energy|Residential|Space Heating|Natural Gas; Final Energy|Residential|Water Heating|Natural Gas,Direct sum of reported IMAGE variables
IMAGE,3.4,SSP2-VLHO,World,2020,Final energy flow,Gases,Industry,EJ/yr,World,IMAGE 3.4_SSP2_VLHO.xlsx,28.005871,Final Energy|Industry|Chemicals|Gases; Final Energy|Industry|Fertilizer production|Gases; Final Energy|Industry|Food Processing|Gases; Final Energy|Industry|Iron and Steel|Gases; Final Energy|Industry|Non-Metallic Minerals|Gases; Final Energy|Industry|Other Sector|Gases; Final Energy|Industry|Pulp and Paper|Gases,Direct sum of reported IMAGE variables
IMAGE,3.4,SSP2-VLHO,World,2020,Final energy flow,Gases,Other + carbon management,EJ/yr,World,IMAGE 3.4_SSP2_VLHO.xlsx,0.000000,Final Energy|Carbon Management|Direct Air Capture|Gases,Direct sum of reported IMAGE variables
IMAGE,3.4,SSP2-VLHO,World,2020,Final energy flow,Gases,Transport,EJ/yr,World,IMAGE 3.4_SSP2_VLHO.xlsx,2.186286,Final Energy|Transportation|Passenger; Final Energy|Transportation|Passenger|Bus|Gases; Final Energy|Transportation|Passenger|Domestic Aviation|Gases; Final Energy|Transportation|Passenger|Light Duty Vehicle|Gases; Final Energy|Transportation|Passenger|Rail (high speed)|Gases; Final Energy|Transportation|Passenger|Rail (low speed)|Gases; Final Energy|Transportation|Freight; Final Energy|Transportation|Freight|Air|Gas; Final Energy|Transportation|Freight|Heavy Truck|Gas; Final Energy|Transportation|Freight|International Shipping|Gas; Final Energy|Transportation|Freight|Medium Truck|Gas; Final Energy|Transportation|Freight|National Shipping|Gas; Final Energy|Transportation|Freight|Train|Gas,Passenger modal carrier shares scaled by 1.00009841 to the reported service total; international passenger aviation excluded; Freight modal carrier shares scaled by 0.86983721 to the reported service total; international passenger aviation excluded
IMAGE,3.4,SSP2-VLHO,World,2020,Final energy flow,Heat,Buildings,EJ/yr,World,IMAGE 3.4_SSP2_VLHO.xlsx,5.759693,Final Energy|Commercial|Space Heating|Heat; Final Energy|Commercial|Water Heating|Heat; Final Energy|Residential|Space Heating|Heat; Final Energy|Residential|Water Heating|Heat,Direct sum of reported IMAGE variables
IMAGE,3.4,SSP2-VLHO,World,2020,Final energy flow,Heat,Industry,EJ/yr,World,IMAGE 3.4_SSP2_VLHO.xlsx,6.448666,Final Energy|Industry|Chemicals|Heat; Final Energy|Industry|Fertilizer production|Heat; Final Energy|Industry|Food Processing|Heat; Final Energy|Industry|Iron and Steel|Heat; Final Energy|Industry|Non-Metallic Minerals|Heat; Final Energy|Industry|Other Sector|Heat; Final Energy|Industry|Pulp and Paper|Heat,Direct sum of reported IMAGE variables
IMAGE,3.4,SSP2-VLHO,World,2020,Final energy flow,Heat,Transport,EJ/yr,World,IMAGE 3.4_SSP2_VLHO.xlsx,0.000000,Final Energy|Transportation|Passenger; Final Energy|Transportation|Freight,Passenger modal carrier shares scaled by 1.00009841 to the reported service total; international passenger aviation excluded; Freight modal carrier shares scaled by 0.86983721 to the reported service total; international passenger aviation excluded
IMAGE,3.4,SSP2-VLHO,World,2020,Final energy flow,Hydrogen,Buildings,EJ/yr,World,IMAGE 3.4_SSP2_VLHO.xlsx,0.000001,Final Energy|Commercial|Space Heating|Hydrogen; Final Energy|Commercial|Water Heating|Hydrogen; Final Energy|Residential|Space Heating|Hydrogen; Final Energy|Residential|Water Heating|Hydrogen,Direct sum of reported IMAGE variables
IMAGE,3.4,SSP2-VLHO,World,2020,Final energy flow,Hydrogen,Industry,EJ/yr,World,IMAGE 3.4_SSP2_VLHO.xlsx,0.002160,Final Energy|Industry|Chemicals|Hydrogen; Final Energy|Industry|Fertilizer production|Hydrogen; Final Energy|Industry|Food Processing|Hydrogen; Final Energy|Industry|Iron and Steel|Hydrogen; Final Energy|Industry|Non-Metallic Minerals|Hydrogen; Final Energy|Industry|Other Sector|Hydrogen; Final Energy|Industry|Pulp and Paper|Hydrogen,Direct sum of reported IMAGE variables
IMAGE,3.4,SSP2-VLHO,World,2020,Final energy flow,Hydrogen,Transport,EJ/yr,World,IMAGE 3.4_SSP2_VLHO.xlsx,0.000411,Final Energy|Transportation|Passenger; Final Energy|Transportation|Passenger|Bus|Hydrogen; Final Energy|Transportation|Passenger|Domestic Aviation|Hydrogen; Final Energy|Transportation|Passenger|Light Duty Vehicle|Hydrogen; Final Energy|Transportation|Passenger|Rail (high speed)|Hydrogen; Final Energy|Transportation|Passenger|Rail (low speed)|Hydrogen; Final Energy|Transportation|Freight; Final Energy|Transportation|Freight|Air|Hydrogen; Final Energy|Transportation|Freight|Heavy Truck|Hydrogen; Final Energy|Transportation|Freight|International Shipping|Hydrogen; Final Energy|Transportation|Freight|Medium Truck|Hydrogen; Final Energy|Transportation|Freight|National Shipping|Hydrogen; Final Energy|Transportation|Freight|Train|Hydrogen,Passenger modal carrier shares scaled by 1.00009841 to the reported service total; international passenger aviation excluded; Freight modal carrier shares scaled by 0.86983721 to the reported service total; international passenger aviation excluded
IMAGE,3.4,SSP2-VLHO,World,2020,Final energy flow,Liquids,Buildings,EJ/yr,World,IMAGE 3.4_SSP2_VLHO.xlsx,13.098919,Final Energy|Commercial|Cooking|Liquids; Final Energy|Commercial|Space Heating|Liquids; Final Energy|Commercial|Water Heating|Liquids; Final Energy|Residential|Cooking|Liquid (fossil); Final Energy|Residential|Space Heating|Liquid (fossil); Final Energy|Residential|Water Heating|Liquid (fossil),Direct sum of reported IMAGE variables
IMAGE,3.4,SSP2-VLHO,World,2020,Final energy flow,Liquids,Industry,EJ/yr,World,IMAGE 3.4_SSP2_VLHO.xlsx,13.331729,Final Energy|Industry|Chemicals|Liquids; Final Energy|Industry|Fertilizer production|Liquids; Final Energy|Industry|Food Processing|Liquids; Final Energy|Industry|Iron and Steel|Liquids; Final Energy|Industry|Non-Metallic Minerals|Liquids; Final Energy|Industry|Other Sector|Liquids; Final Energy|Industry|Pulp and Paper|Liquids,Direct sum of reported IMAGE variables
IMAGE,3.4,SSP2-VLHO,World,2020,Final energy flow,Liquids,Transport,EJ/yr,World,IMAGE 3.4_SSP2_VLHO.xlsx,89.086155,Final Energy|Transportation|Passenger; Final Energy|Transportation|Passenger|Bus|Liquids; Final Energy|Transportation|Passenger|Domestic Aviation|Liquids; Final Energy|Transportation|Passenger|Light Duty Vehicle|Liquids; Final Energy|Transportation|Passenger|Rail (high speed)|Liquids; Final Energy|Transportation|Passenger|Rail (low speed)|Liquids; Final Energy|Transportation|Freight; Final Energy|Transportation|Freight|Air|Liquids; Final Energy|Transportation|Freight|Heavy Truck|Liquids; Final Energy|Transportation|Freight|International Shipping|Liquids; Final Energy|Transportation|Freight|Medium Truck|Liquids; Final Energy|Transportation|Freight|National Shipping|Liquids; Final Energy|Transportation|Freight|Train|Liquids,Passenger modal carrier shares scaled by 1.00009841 to the reported service total; international passenger aviation excluded; Freight modal carrier shares scaled by 0.86983721 to the reported service total; international passenger aviation excluded
IMAGE,3.4,SSP2-VLHO,World,2020,Final energy flow,Solids + biomass,Buildings,EJ/yr,World,IMAGE 3.4_SSP2_VLHO.xlsx,32.190365,Final Energy|Commercial|Cooking|Solids; Final Energy|Commercial|Water Heating|Solids; Final Energy|Commercial|Space Heating|Solids|Biomass|Modern; Final Energy|Commercial|Space Heating|Solids|Biomass|Traditional; Final Energy|Commercial|Space Heating|Solids|Fossil; Final Energy|Residential|Cooking|Coal; Final Energy|Residential|Cooking|Modern Biomass; Final Energy|Residential|Cooking|Traditional Biomass; Final Energy|Residential|Space Heating|Coal; Final Energy|Residential|Space Heating|Modern Biomass; Final Energy|Residential|Space Heating|Traditional Biomass; Final Energy|Residential|Water Heating|Coal; Final Energy|Residential|Water Heating|Modern Biomass; Final Energy|Residential|Water Heating|Traditional Biomass,Direct sum of reported IMAGE variables
IMAGE,3.4,SSP2-VLHO,World,2020,Final energy flow,Solids + biomass,Industry,EJ/yr,World,IMAGE 3.4_SSP2_VLHO.xlsx,46.388148,Final Energy|Industry|Chemicals|Solids; Final Energy|Industry|Fertilizer production|Solids; Final Energy|Industry|Food Processing|Solids; Final Energy|Industry|Iron and Steel|Solids; Final Energy|Industry|Non-Metallic Minerals|Solids; Final Energy|Industry|Other Sector|Solids; Final Energy|Industry|Pulp and Paper|Solids,Direct sum of reported IMAGE variables
IMAGE,3.4,SSP2-VLHO,World,2020,Final energy flow,Solids + biomass,Other + carbon management,EJ/yr,World,IMAGE 3.4_SSP2_VLHO.xlsx,0.613828,Final Energy|Other Sector|Solids|Biomass,Direct sum of reported IMAGE variables
IMAGE,3.4,SSP2-VLHO,World,2020,Final energy flow,Solids + biomass,Transport,EJ/yr,World,IMAGE 3.4_SSP2_VLHO.xlsx,0.000000,Final Energy|Transportation|Passenger; Final Energy|Transportation|Freight,Passenger modal carrier shares scaled by 1.00009841 to the reported service total; international passenger aviation excluded; Freight modal carrier shares scaled by 0.86983721 to the reported service total; international passenger aviation excluded
IMAGE,3.4,SSP2-VLHO,World,2020,Primary energy supply,Biomass,,EJ/yr,World,IMAGE 3.4_SSP2_VLHO.xlsx,54.897260,Primary Energy|Biomass,Direct sum of reported IMAGE variables
IMAGE,3.4,SSP2-VLHO,World,2020,Primary energy supply,Fossil,,EJ/yr,World,IMAGE 3.4_SSP2_VLHO.xlsx,465.874188,Primary Energy|Coal; Primary Energy|Gas; Primary Energy|Oil,Direct sum of reported IMAGE variables
IMAGE,3.4,SSP2-VLHO,World,2020,Primary energy supply,Non-biomass renewables,,EJ/yr,World,IMAGE 3.4_SSP2_VLHO.xlsx,24.773921,Primary Energy|Non-Biomass Renewables,Direct sum of reported IMAGE variables
IMAGE,3.4,SSP2-VLHO,World,2020,Primary energy supply,Nuclear + other,,EJ/yr,World,IMAGE 3.4_SSP2_VLHO.xlsx,9.963744,Primary Energy|Nuclear; Primary Energy|Other,Direct sum of reported IMAGE variables
IMAGE,3.4,SSP2-VLHO,World,2020,Secondary carrier indicator,Electricity output,,EJ/yr,World,IMAGE 3.4_SSP2_VLHO.xlsx,96.241907,Secondary Energy|Electricity|Biomass; Secondary Energy|Electricity|Coal; Secondary Energy|Electricity|Gas; Secondary Energy|Electricity|Geothermal; Secondary Energy|Electricity|Hydro; Secondary Energy|Electricity|Hydrogen; Secondary Energy|Electricity|Nuclear; Secondary Energy|Electricity|Oil; Secondary Energy|Electricity|Other; Secondary Energy|Electricity|Solar|CSP; Secondary Energy|Electricity|Solar|PV|1; Secondary Energy|Electricity|Solar|PV|2; Secondary Energy|Electricity|Storage; Secondary Energy|Electricity|Wave; Secondary Energy|Electricity|Wind|1; Secondary Energy|Electricity|Wind|2,Direct sum of reported IMAGE variables
IMAGE,3.4,SSP2-VLHO,World,2020,Secondary carrier indicator,Hydrogen output,,EJ/yr,World,IMAGE 3.4_SSP2_VLHO.xlsx,0.058606,Secondary Energy|Hydrogen|Biomass; Secondary Energy|Hydrogen|Coal; Secondary Energy|Hydrogen|Electricity; Secondary Energy|Hydrogen|Gas; Secondary Energy|Hydrogen|Oil,Direct sum of reported IMAGE variables
IMAGE,3.4,SSP2-VLHO,World,2020,Secondary carrier indicator,Liquid-fuel consumption,,EJ/yr,World,IMAGE 3.4_SSP2_VLHO.xlsx,154.206297,Secondary Energy|Consumption|Liquids|Fossil; Secondary Energy|Consumption|Liquids|Biomass|Biodiesel|Oilcrops|w/CCS; Secondary Energy|Consumption|Liquids|Biomass|Biodiesel|Oilcrops|w/oCCS; Secondary Energy|Consumption|Liquids|Biomass|Ethanol|Grassy|w/CCS; Secondary Energy|Consumption|Liquids|Biomass|Ethanol|Grassy|w/oCCS; Secondary Energy|Consumption|Liquids|Biomass|Ethanol|Maize|w/CCS; Secondary Energy|Consumption|Liquids|Biomass|Ethanol|Maize|w/oCCS; Secondary Energy|Consumption|Liquids|Biomass|Ethanol|Sugar|w/CCS; Secondary Energy|Consumption|Liquids|Biomass|Ethanol|Sugar|w/oCCS; Secondary Energy|Consumption|Liquids|Biomass|Ethanol|Woody|w/CCS; Secondary Energy|Consumption|Liquids|Biomass|Ethanol|Woody|w/oCCS; Secondary Energy|Consumption|Liquids|Biomass|FT Diesel|Grassy|w/CCS; Secondary Energy|Consumption|Liquids|Biomass|FT Diesel|Grassy|w/oCCS; Secondary Energy|Consumption|Liquids|Biomass|FT Diesel|Woody|w/CCS; Secondary Energy|Consumption|Liquids|Biomass|FT Diesel|Woody|w/oCCS; Secondary Energy|Consumption|Liquids|Biomass|Methanol|Grassy|w/CCS; Secondary Energy|Consumption|Liquids|Biomass|Methanol|Grassy|w/oCCS; Secondary Energy|Consumption|Liquids|Biomass|Methanol|Woody|w/CCS; Secondary Energy|Consumption|Liquids|Biomass|Methanol|Woody|w/oCCS,Direct sum of reported IMAGE variables
IMAGE,3.4,SSP2-VLHO,World,2030,Final energy flow,Electricity,Buildings,EJ/yr,World,IMAGE 3.4_SSP2_VLHO.xlsx,51.449781,Final Energy|Commercial|Appliances|Electricity; Final Energy|Commercial|Cooking|Electricity; Final Energy|Commercial|Cooling|Electricity; Final Energy|Commercial|Lighting|Electricity; Final Energy|Commercial|Space Heating|Electricity; Final Energy|Commercial|Water Heating|Electricity; Final Energy|Residential|Cooking|Electricity; Final Energy|Residential|Space Heating|Electricity; Final Energy|Residential|Water Heating|Electricity; Final Energy|Residential|Cleaning Appliances|Electricity; Final Energy|Residential|Cooling Appliance|Electricity; Final Energy|Residential|Refrigeration|Electricity; Final Energy|Residential|Small Appliances|Electricity,Direct sum of reported IMAGE variables
IMAGE,3.4,SSP2-VLHO,World,2030,Final energy flow,Electricity,Industry,EJ/yr,World,IMAGE 3.4_SSP2_VLHO.xlsx,46.339042,Final Energy|Industry|Chemicals|Electricity; Final Energy|Industry|Fertilizer production|Electricity; Final Energy|Industry|Food Processing|Electricity; Final Energy|Industry|Iron and Steel|Electricity; Final Energy|Industry|Non-Metallic Minerals|Electricity; Final Energy|Industry|Other Sector|Electricity; Final Energy|Industry|Pulp and Paper|Electricity,Direct sum of reported IMAGE variables
IMAGE,3.4,SSP2-VLHO,World,2030,Final energy flow,Electricity,Transport,EJ/yr,World,IMAGE 3.4_SSP2_VLHO.xlsx,5.272461,Final Energy|Transportation|Passenger; Final Energy|Transportation|Passenger|Bus|Electricity; Final Energy|Transportation|Passenger|Domestic Aviation|Electricity; Final Energy|Transportation|Passenger|Light Duty Vehicle|Electricity; Final Energy|Transportation|Passenger|Rail (high speed)|Electricity; Final Energy|Transportation|Passenger|Rail (low speed)|Electricity; Final Energy|Transportation|Freight; Final Energy|Transportation|Freight|Air|Electricity; Final Energy|Transportation|Freight|Heavy Truck|Electricity; Final Energy|Transportation|Freight|International Shipping|Electricity; Final Energy|Transportation|Freight|Medium Truck|Electricity; Final Energy|Transportation|Freight|National Shipping|Electricity; Final Energy|Transportation|Freight|Train|Electricity,Passenger modal carrier shares scaled by 1.00004024 to the reported service total; international passenger aviation excluded; Freight modal carrier shares scaled by 0.85760595 to the reported service total; international passenger aviation excluded
IMAGE,3.4,SSP2-VLHO,World,2030,Final energy flow,Gases,Buildings,EJ/yr,World,IMAGE 3.4_SSP2_VLHO.xlsx,23.717791,Final Energy|Commercial|Cooking|Gases; Final Energy|Commercial|Space Heating|Gases; Final Energy|Commercial|Water Heating|Gases; Final Energy|Residential|Cooking|Natural Gas; Final Energy|Residential|Space Heating|Natural Gas; Final Energy|Residential|Water Heating|Natural Gas,Direct sum of reported IMAGE variables
IMAGE,3.4,SSP2-VLHO,World,2030,Final energy flow,Gases,Industry,EJ/yr,World,IMAGE 3.4_SSP2_VLHO.xlsx,24.712115,Final Energy|Industry|Chemicals|Gases; Final Energy|Industry|Fertilizer production|Gases; Final Energy|Industry|Food Processing|Gases; Final Energy|Industry|Iron and Steel|Gases; Final Energy|Industry|Non-Metallic Minerals|Gases; Final Energy|Industry|Other Sector|Gases; Final Energy|Industry|Pulp and Paper|Gases,Direct sum of reported IMAGE variables
IMAGE,3.4,SSP2-VLHO,World,2030,Final energy flow,Gases,Other + carbon management,EJ/yr,World,IMAGE 3.4_SSP2_VLHO.xlsx,0.000000,Final Energy|Carbon Management|Direct Air Capture|Gases,Direct sum of reported IMAGE variables
IMAGE,3.4,SSP2-VLHO,World,2030,Final energy flow,Gases,Transport,EJ/yr,World,IMAGE 3.4_SSP2_VLHO.xlsx,1.788576,Final Energy|Transportation|Passenger; Final Energy|Transportation|Passenger|Bus|Gases; Final Energy|Transportation|Passenger|Domestic Aviation|Gases; Final Energy|Transportation|Passenger|Light Duty Vehicle|Gases; Final Energy|Transportation|Passenger|Rail (high speed)|Gases; Final Energy|Transportation|Passenger|Rail (low speed)|Gases; Final Energy|Transportation|Freight; Final Energy|Transportation|Freight|Air|Gas; Final Energy|Transportation|Freight|Heavy Truck|Gas; Final Energy|Transportation|Freight|International Shipping|Gas; Final Energy|Transportation|Freight|Medium Truck|Gas; Final Energy|Transportation|Freight|National Shipping|Gas; Final Energy|Transportation|Freight|Train|Gas,Passenger modal carrier shares scaled by 1.00004024 to the reported service total; international passenger aviation excluded; Freight modal carrier shares scaled by 0.85760595 to the reported service total; international passenger aviation excluded
IMAGE,3.4,SSP2-VLHO,World,2030,Final energy flow,Heat,Buildings,EJ/yr,World,IMAGE 3.4_SSP2_VLHO.xlsx,6.298107,Final Energy|Commercial|Space Heating|Heat; Final Energy|Commercial|Water Heating|Heat; Final Energy|Residential|Space Heating|Heat; Final Energy|Residential|Water Heating|Heat,Direct sum of reported IMAGE variables
IMAGE,3.4,SSP2-VLHO,World,2030,Final energy flow,Heat,Industry,EJ/yr,World,IMAGE 3.4_SSP2_VLHO.xlsx,6.958608,Final Energy|Industry|Chemicals|Heat; Final Energy|Industry|Fertilizer production|Heat; Final Energy|Industry|Food Processing|Heat; Final Energy|Industry|Iron and Steel|Heat; Final Energy|Industry|Non-Metallic Minerals|Heat; Final Energy|Industry|Other Sector|Heat; Final Energy|Industry|Pulp and Paper|Heat,Direct sum of reported IMAGE variables
IMAGE,3.4,SSP2-VLHO,World,2030,Final energy flow,Heat,Transport,EJ/yr,World,IMAGE 3.4_SSP2_VLHO.xlsx,0.000000,Final Energy|Transportation|Passenger; Final Energy|Transportation|Freight,Passenger modal carrier shares scaled by 1.00004024 to the reported service total; international passenger aviation excluded; Freight modal carrier shares scaled by 0.85760595 to the reported service total; international passenger aviation excluded
IMAGE,3.4,SSP2-VLHO,World,2030,Final energy flow,Hydrogen,Buildings,EJ/yr,World,IMAGE 3.4_SSP2_VLHO.xlsx,0.000586,Final Energy|Commercial|Space Heating|Hydrogen; Final Energy|Commercial|Water Heating|Hydrogen; Final Energy|Residential|Space Heating|Hydrogen; Final Energy|Residential|Water Heating|Hydrogen,Direct sum of reported IMAGE variables
IMAGE,3.4,SSP2-VLHO,World,2030,Final energy flow,Hydrogen,Industry,EJ/yr,World,IMAGE 3.4_SSP2_VLHO.xlsx,0.033819,Final Energy|Industry|Chemicals|Hydrogen; Final Energy|Industry|Fertilizer production|Hydrogen; Final Energy|Industry|Food Processing|Hydrogen; Final Energy|Industry|Iron and Steel|Hydrogen; Final Energy|Industry|Non-Metallic Minerals|Hydrogen; Final Energy|Industry|Other Sector|Hydrogen; Final Energy|Industry|Pulp and Paper|Hydrogen,Direct sum of reported IMAGE variables
IMAGE,3.4,SSP2-VLHO,World,2030,Final energy flow,Hydrogen,Transport,EJ/yr,World,IMAGE 3.4_SSP2_VLHO.xlsx,0.114262,Final Energy|Transportation|Passenger; Final Energy|Transportation|Passenger|Bus|Hydrogen; Final Energy|Transportation|Passenger|Domestic Aviation|Hydrogen; Final Energy|Transportation|Passenger|Light Duty Vehicle|Hydrogen; Final Energy|Transportation|Passenger|Rail (high speed)|Hydrogen; Final Energy|Transportation|Passenger|Rail (low speed)|Hydrogen; Final Energy|Transportation|Freight; Final Energy|Transportation|Freight|Air|Hydrogen; Final Energy|Transportation|Freight|Heavy Truck|Hydrogen; Final Energy|Transportation|Freight|International Shipping|Hydrogen; Final Energy|Transportation|Freight|Medium Truck|Hydrogen; Final Energy|Transportation|Freight|National Shipping|Hydrogen; Final Energy|Transportation|Freight|Train|Hydrogen,Passenger modal carrier shares scaled by 1.00004024 to the reported service total; international passenger aviation excluded; Freight modal carrier shares scaled by 0.85760595 to the reported service total; international passenger aviation excluded
IMAGE,3.4,SSP2-VLHO,World,2030,Final energy flow,Liquids,Buildings,EJ/yr,World,IMAGE 3.4_SSP2_VLHO.xlsx,15.784583,Final Energy|Commercial|Cooking|Liquids; Final Energy|Commercial|Space Heating|Liquids; Final Energy|Commercial|Water Heating|Liquids; Final Energy|Residential|Cooking|Liquid (fossil); Final Energy|Residential|Space Heating|Liquid (fossil); Final Energy|Residential|Water Heating|Liquid (fossil),Direct sum of reported IMAGE variables
IMAGE,3.4,SSP2-VLHO,World,2030,Final energy flow,Liquids,Industry,EJ/yr,World,IMAGE 3.4_SSP2_VLHO.xlsx,14.122552,Final Energy|Industry|Chemicals|Liquids; Final Energy|Industry|Fertilizer production|Liquids; Final Energy|Industry|Food Processing|Liquids; Final Energy|Industry|Iron and Steel|Liquids; Final Energy|Industry|Non-Metallic Minerals|Liquids; Final Energy|Industry|Other Sector|Liquids; Final Energy|Industry|Pulp and Paper|Liquids,Direct sum of reported IMAGE variables
IMAGE,3.4,SSP2-VLHO,World,2030,Final energy flow,Liquids,Transport,EJ/yr,World,IMAGE 3.4_SSP2_VLHO.xlsx,99.791604,Final Energy|Transportation|Passenger; Final Energy|Transportation|Passenger|Bus|Liquids; Final Energy|Transportation|Passenger|Domestic Aviation|Liquids; Final Energy|Transportation|Passenger|Light Duty Vehicle|Liquids; Final Energy|Transportation|Passenger|Rail (high speed)|Liquids; Final Energy|Transportation|Passenger|Rail (low speed)|Liquids; Final Energy|Transportation|Freight; Final Energy|Transportation|Freight|Air|Liquids; Final Energy|Transportation|Freight|Heavy Truck|Liquids; Final Energy|Transportation|Freight|International Shipping|Liquids; Final Energy|Transportation|Freight|Medium Truck|Liquids; Final Energy|Transportation|Freight|National Shipping|Liquids; Final Energy|Transportation|Freight|Train|Liquids,Passenger modal carrier shares scaled by 1.00004024 to the reported service total; international passenger aviation excluded; Freight modal carrier shares scaled by 0.85760595 to the reported service total; international passenger aviation excluded
IMAGE,3.4,SSP2-VLHO,World,2030,Final energy flow,Solids + biomass,Buildings,EJ/yr,World,IMAGE 3.4_SSP2_VLHO.xlsx,27.371929,Final Energy|Commercial|Cooking|Solids; Final Energy|Commercial|Water Heating|Solids; Final Energy|Commercial|Space Heating|Solids|Biomass|Modern; Final Energy|Commercial|Space Heating|Solids|Biomass|Traditional; Final Energy|Commercial|Space Heating|Solids|Fossil; Final Energy|Residential|Cooking|Coal; Final Energy|Residential|Cooking|Modern Biomass; Final Energy|Residential|Cooking|Traditional Biomass; Final Energy|Residential|Space Heating|Coal; Final Energy|Residential|Space Heating|Modern Biomass; Final Energy|Residential|Space Heating|Traditional Biomass; Final Energy|Residential|Water Heating|Coal; Final Energy|Residential|Water Heating|Modern Biomass; Final Energy|Residential|Water Heating|Traditional Biomass,Direct sum of reported IMAGE variables
IMAGE,3.4,SSP2-VLHO,World,2030,Final energy flow,Solids + biomass,Industry,EJ/yr,World,IMAGE 3.4_SSP2_VLHO.xlsx,49.032240,Final Energy|Industry|Chemicals|Solids; Final Energy|Industry|Fertilizer production|Solids; Final Energy|Industry|Food Processing|Solids; Final Energy|Industry|Iron and Steel|Solids; Final Energy|Industry|Non-Metallic Minerals|Solids; Final Energy|Industry|Other Sector|Solids; Final Energy|Industry|Pulp and Paper|Solids,Direct sum of reported IMAGE variables
IMAGE,3.4,SSP2-VLHO,World,2030,Final energy flow,Solids + biomass,Other + carbon management,EJ/yr,World,IMAGE 3.4_SSP2_VLHO.xlsx,0.794326,Final Energy|Other Sector|Solids|Biomass,Direct sum of reported IMAGE variables
IMAGE,3.4,SSP2-VLHO,World,2030,Final energy flow,Solids + biomass,Transport,EJ/yr,World,IMAGE 3.4_SSP2_VLHO.xlsx,0.000000,Final Energy|Transportation|Passenger; Final Energy|Transportation|Freight,Passenger modal carrier shares scaled by 1.00004024 to the reported service total; international passenger aviation excluded; Freight modal carrier shares scaled by 0.85760595 to the reported service total; international passenger aviation excluded
IMAGE,3.4,SSP2-VLHO,World,2030,Primary energy supply,Biomass,,EJ/yr,World,IMAGE 3.4_SSP2_VLHO.xlsx,66.318172,Primary Energy|Biomass,Direct sum of reported IMAGE variables
IMAGE,3.4,SSP2-VLHO,World,2030,Primary energy supply,Fossil,,EJ/yr,World,IMAGE 3.4_SSP2_VLHO.xlsx,499.552609,Primary Energy|Coal; Primary Energy|Gas; Primary Energy|Oil,Direct sum of reported IMAGE variables
IMAGE,3.4,SSP2-VLHO,World,2030,Primary energy supply,Non-biomass renewables,,EJ/yr,World,IMAGE 3.4_SSP2_VLHO.xlsx,53.788352,Primary Energy|Non-Biomass Renewables,Direct sum of reported IMAGE variables
IMAGE,3.4,SSP2-VLHO,World,2030,Primary energy supply,Nuclear + other,,EJ/yr,World,IMAGE 3.4_SSP2_VLHO.xlsx,11.571252,Primary Energy|Nuclear; Primary Energy|Other,Direct sum of reported IMAGE variables
IMAGE,3.4,SSP2-VLHO,World,2030,Secondary carrier indicator,Electricity output,,EJ/yr,World,IMAGE 3.4_SSP2_VLHO.xlsx,136.067419,Secondary Energy|Electricity|Biomass; Secondary Energy|Electricity|Coal; Secondary Energy|Electricity|Gas; Secondary Energy|Electricity|Geothermal; Secondary Energy|Electricity|Hydro; Secondary Energy|Electricity|Hydrogen; Secondary Energy|Electricity|Nuclear; Secondary Energy|Electricity|Oil; Secondary Energy|Electricity|Other; Secondary Energy|Electricity|Solar|CSP; Secondary Energy|Electricity|Solar|PV|1; Secondary Energy|Electricity|Solar|PV|2; Secondary Energy|Electricity|Storage; Secondary Energy|Electricity|Wave; Secondary Energy|Electricity|Wind|1; Secondary Energy|Electricity|Wind|2,Direct sum of reported IMAGE variables
IMAGE,3.4,SSP2-VLHO,World,2030,Secondary carrier indicator,Hydrogen output,,EJ/yr,World,IMAGE 3.4_SSP2_VLHO.xlsx,0.275569,Secondary Energy|Hydrogen|Biomass; Secondary Energy|Hydrogen|Coal; Secondary Energy|Hydrogen|Electricity; Secondary Energy|Hydrogen|Gas; Secondary Energy|Hydrogen|Oil,Direct sum of reported IMAGE variables
IMAGE,3.4,SSP2-VLHO,World,2030,Secondary carrier indicator,Liquid-fuel consumption,,EJ/yr,World,IMAGE 3.4_SSP2_VLHO.xlsx,183.564000,Secondary Energy|Consumption|Liquids|Fossil; Secondary Energy|Consumption|Liquids|Biomass|Biodiesel|Oilcrops|w/CCS; Secondary Energy|Consumption|Liquids|Biomass|Biodiesel|Oilcrops|w/oCCS; Secondary Energy|Consumption|Liquids|Biomass|Ethanol|Grassy|w/CCS; Secondary Energy|Consumption|Liquids|Biomass|Ethanol|Grassy|w/oCCS; Secondary Energy|Consumption|Liquids|Biomass|Ethanol|Maize|w/CCS; Secondary Energy|Consumption|Liquids|Biomass|Ethanol|Maize|w/oCCS; Secondary Energy|Consumption|Liquids|Biomass|Ethanol|Sugar|w/CCS; Secondary Energy|Consumption|Liquids|Biomass|Ethanol|Sugar|w/oCCS; Secondary Energy|Consumption|Liquids|Biomass|Ethanol|Woody|w/CCS; Secondary Energy|Consumption|Liquids|Biomass|Ethanol|Woody|w/oCCS; Secondary Energy|Consumption|Liquids|Biomass|FT Diesel|Grassy|w/CCS; Secondary Energy|Consumption|Liquids|Biomass|FT Diesel|Grassy|w/oCCS; Secondary Energy|Consumption|Liquids|Biomass|FT Diesel|Woody|w/CCS; Secondary Energy|Consumption|Liquids|Biomass|FT Diesel|Woody|w/oCCS; Secondary Energy|Consumption|Liquids|Biomass|Methanol|Grassy|w/CCS; Secondary Energy|Consumption|Liquids|Biomass|Methanol|Grassy|w/oCCS; Secondary Energy|Consumption|Liquids|Biomass|Methanol|Woody|w/CCS; Secondary Energy|Consumption|Liquids|Biomass|Methanol|Woody|w/oCCS,Direct sum of reported IMAGE variables
IMAGE,3.4,SSP2-VLHO,World,2040,Final energy flow,Electricity,Buildings,EJ/yr,World,IMAGE 3.4_SSP2_VLHO.xlsx,67.134918,Final Energy|Commercial|Appliances|Electricity; Final Energy|Commercial|Cooking|Electricity; Final Energy|Commercial|Cooling|Electricity; Final Energy|Commercial|Lighting|Electricity; Final Energy|Commercial|Space Heating|Electricity; Final Energy|Commercial|Water Heating|Electricity; Final Energy|Residential|Cooking|Electricity; Final Energy|Residential|Space Heating|Electricity; Final Energy|Residential|Water Heating|Electricity; Final Energy|Residential|Cleaning Appliances|Electricity; Final Energy|Residential|Cooling Appliance|Electricity; Final Energy|Residential|Refrigeration|Electricity; Final Energy|Residential|Small Appliances|Electricity,Direct sum of reported IMAGE variables
IMAGE,3.4,SSP2-VLHO,World,2040,Final energy flow,Electricity,Industry,EJ/yr,World,IMAGE 3.4_SSP2_VLHO.xlsx,58.048387,Final Energy|Industry|Chemicals|Electricity; Final Energy|Industry|Fertilizer production|Electricity; Final Energy|Industry|Food Processing|Electricity; Final Energy|Industry|Iron and Steel|Electricity; Final Energy|Industry|Non-Metallic Minerals|Electricity; Final Energy|Industry|Other Sector|Electricity; Final Energy|Industry|Pulp and Paper|Electricity,Direct sum of reported IMAGE variables
IMAGE,3.4,SSP2-VLHO,World,2040,Final energy flow,Electricity,Transport,EJ/yr,World,IMAGE 3.4_SSP2_VLHO.xlsx,12.425899,Final Energy|Transportation|Passenger; Final Energy|Transportation|Passenger|Bus|Electricity; Final Energy|Transportation|Passenger|Domestic Aviation|Electricity; Final Energy|Transportation|Passenger|Light Duty Vehicle|Electricity; Final Energy|Transportation|Passenger|Rail (high speed)|Electricity; Final Energy|Transportation|Passenger|Rail (low speed)|Electricity; Final Energy|Transportation|Freight; Final Energy|Transportation|Freight|Air|Electricity; Final Energy|Transportation|Freight|Heavy Truck|Electricity; Final Energy|Transportation|Freight|International Shipping|Electricity; Final Energy|Transportation|Freight|Medium Truck|Electricity; Final Energy|Transportation|Freight|National Shipping|Electricity; Final Energy|Transportation|Freight|Train|Electricity,Passenger modal carrier shares scaled by 1.00000724 to the reported service total; international passenger aviation excluded; Freight modal carrier shares scaled by 0.81772477 to the reported service total; international passenger aviation excluded
IMAGE,3.4,SSP2-VLHO,World,2040,Final energy flow,Gases,Buildings,EJ/yr,World,IMAGE 3.4_SSP2_VLHO.xlsx,27.630394,Final Energy|Commercial|Cooking|Gases; Final Energy|Commercial|Space Heating|Gases; Final Energy|Commercial|Water Heating|Gases; Final Energy|Residential|Cooking|Natural Gas; Final Energy|Residential|Space Heating|Natural Gas; Final Energy|Residential|Water Heating|Natural Gas,Direct sum of reported IMAGE variables
IMAGE,3.4,SSP2-VLHO,World,2040,Final energy flow,Gases,Industry,EJ/yr,World,IMAGE 3.4_SSP2_VLHO.xlsx,27.204009,Final Energy|Industry|Chemicals|Gases; Final Energy|Industry|Fertilizer production|Gases; Final Energy|Industry|Food Processing|Gases; Final Energy|Industry|Iron and Steel|Gases; Final Energy|Industry|Non-Metallic Minerals|Gases; Final Energy|Industry|Other Sector|Gases; Final Energy|Industry|Pulp and Paper|Gases,Direct sum of reported IMAGE variables
IMAGE,3.4,SSP2-VLHO,World,2040,Final energy flow,Gases,Other + carbon management,EJ/yr,World,IMAGE 3.4_SSP2_VLHO.xlsx,0.000000,Final Energy|Carbon Management|Direct Air Capture|Gases,Direct sum of reported IMAGE variables
IMAGE,3.4,SSP2-VLHO,World,2040,Final energy flow,Gases,Transport,EJ/yr,World,IMAGE 3.4_SSP2_VLHO.xlsx,0.997047,Final Energy|Transportation|Passenger; Final Energy|Transportation|Passenger|Bus|Gases; Final Energy|Transportation|Passenger|Domestic Aviation|Gases; Final Energy|Transportation|Passenger|Light Duty Vehicle|Gases; Final Energy|Transportation|Passenger|Rail (high speed)|Gases; Final Energy|Transportation|Passenger|Rail (low speed)|Gases; Final Energy|Transportation|Freight; Final Energy|Transportation|Freight|Air|Gas; Final Energy|Transportation|Freight|Heavy Truck|Gas; Final Energy|Transportation|Freight|International Shipping|Gas; Final Energy|Transportation|Freight|Medium Truck|Gas; Final Energy|Transportation|Freight|National Shipping|Gas; Final Energy|Transportation|Freight|Train|Gas,Passenger modal carrier shares scaled by 1.00000724 to the reported service total; international passenger aviation excluded; Freight modal carrier shares scaled by 0.81772477 to the reported service total; international passenger aviation excluded
IMAGE,3.4,SSP2-VLHO,World,2040,Final energy flow,Heat,Buildings,EJ/yr,World,IMAGE 3.4_SSP2_VLHO.xlsx,5.954554,Final Energy|Commercial|Space Heating|Heat; Final Energy|Commercial|Water Heating|Heat; Final Energy|Residential|Space Heating|Heat; Final Energy|Residential|Water Heating|Heat,Direct sum of reported IMAGE variables
IMAGE,3.4,SSP2-VLHO,World,2040,Final energy flow,Heat,Industry,EJ/yr,World,IMAGE 3.4_SSP2_VLHO.xlsx,7.298632,Final Energy|Industry|Chemicals|Heat; Final Energy|Industry|Fertilizer production|Heat; Final Energy|Industry|Food Processing|Heat; Final Energy|Industry|Iron and Steel|Heat; Final Energy|Industry|Non-Metallic Minerals|Heat; Final Energy|Industry|Other Sector|Heat; Final Energy|Industry|Pulp and Paper|Heat,Direct sum of reported IMAGE variables
IMAGE,3.4,SSP2-VLHO,World,2040,Final energy flow,Heat,Transport,EJ/yr,World,IMAGE 3.4_SSP2_VLHO.xlsx,0.000000,Final Energy|Transportation|Passenger; Final Energy|Transportation|Freight,Passenger modal carrier shares scaled by 1.00000724 to the reported service total; international passenger aviation excluded; Freight modal carrier shares scaled by 0.81772477 to the reported service total; international passenger aviation excluded
IMAGE,3.4,SSP2-VLHO,World,2040,Final energy flow,Hydrogen,Buildings,EJ/yr,World,IMAGE 3.4_SSP2_VLHO.xlsx,0.001598,Final Energy|Commercial|Space Heating|Hydrogen; Final Energy|Commercial|Water Heating|Hydrogen; Final Energy|Residential|Space Heating|Hydrogen; Final Energy|Residential|Water Heating|Hydrogen,Direct sum of reported IMAGE variables
IMAGE,3.4,SSP2-VLHO,World,2040,Final energy flow,Hydrogen,Industry,EJ/yr,World,IMAGE 3.4_SSP2_VLHO.xlsx,0.033355,Final Energy|Industry|Chemicals|Hydrogen; Final Energy|Industry|Fertilizer production|Hydrogen; Final Energy|Industry|Food Processing|Hydrogen; Final Energy|Industry|Iron and Steel|Hydrogen; Final Energy|Industry|Non-Metallic Minerals|Hydrogen; Final Energy|Industry|Other Sector|Hydrogen; Final Energy|Industry|Pulp and Paper|Hydrogen,Direct sum of reported IMAGE variables
IMAGE,3.4,SSP2-VLHO,World,2040,Final energy flow,Hydrogen,Transport,EJ/yr,World,IMAGE 3.4_SSP2_VLHO.xlsx,0.644265,Final Energy|Transportation|Passenger; Final Energy|Transportation|Passenger|Bus|Hydrogen; Final Energy|Transportation|Passenger|Domestic Aviation|Hydrogen; Final Energy|Transportation|Passenger|Light Duty Vehicle|Hydrogen; Final Energy|Transportation|Passenger|Rail (high speed)|Hydrogen; Final Energy|Transportation|Passenger|Rail (low speed)|Hydrogen; Final Energy|Transportation|Freight; Final Energy|Transportation|Freight|Air|Hydrogen; Final Energy|Transportation|Freight|Heavy Truck|Hydrogen; Final Energy|Transportation|Freight|International Shipping|Hydrogen; Final Energy|Transportation|Freight|Medium Truck|Hydrogen; Final Energy|Transportation|Freight|National Shipping|Hydrogen; Final Energy|Transportation|Freight|Train|Hydrogen,Passenger modal carrier shares scaled by 1.00000724 to the reported service total; international passenger aviation excluded; Freight modal carrier shares scaled by 0.81772477 to the reported service total; international passenger aviation excluded
IMAGE,3.4,SSP2-VLHO,World,2040,Final energy flow,Liquids,Buildings,EJ/yr,World,IMAGE 3.4_SSP2_VLHO.xlsx,6.956014,Final Energy|Commercial|Cooking|Liquids; Final Energy|Commercial|Space Heating|Liquids; Final Energy|Commercial|Water Heating|Liquids; Final Energy|Residential|Cooking|Liquid (fossil); Final Energy|Residential|Space Heating|Liquid (fossil); Final Energy|Residential|Water Heating|Liquid (fossil),Direct sum of reported IMAGE variables
IMAGE,3.4,SSP2-VLHO,World,2040,Final energy flow,Liquids,Industry,EJ/yr,World,IMAGE 3.4_SSP2_VLHO.xlsx,17.659460,Final Energy|Industry|Chemicals|Liquids; Final Energy|Industry|Fertilizer production|Liquids; Final Energy|Industry|Food Processing|Liquids; Final Energy|Industry|Iron and Steel|Liquids; Final Energy|Industry|Non-Metallic Minerals|Liquids; Final Energy|Industry|Other Sector|Liquids; Final Energy|Industry|Pulp and Paper|Liquids,Direct sum of reported IMAGE variables
IMAGE,3.4,SSP2-VLHO,World,2040,Final energy flow,Liquids,Transport,EJ/yr,World,IMAGE 3.4_SSP2_VLHO.xlsx,88.926161,Final Energy|Transportation|Passenger; Final Energy|Transportation|Passenger|Bus|Liquids; Final Energy|Transportation|Passenger|Domestic Aviation|Liquids; Final Energy|Transportation|Passenger|Light Duty Vehicle|Liquids; Final Energy|Transportation|Passenger|Rail (high speed)|Liquids; Final Energy|Transportation|Passenger|Rail (low speed)|Liquids; Final Energy|Transportation|Freight; Final Energy|Transportation|Freight|Air|Liquids; Final Energy|Transportation|Freight|Heavy Truck|Liquids; Final Energy|Transportation|Freight|International Shipping|Liquids; Final Energy|Transportation|Freight|Medium Truck|Liquids; Final Energy|Transportation|Freight|National Shipping|Liquids; Final Energy|Transportation|Freight|Train|Liquids,Passenger modal carrier shares scaled by 1.00000724 to the reported service total; international passenger aviation excluded; Freight modal carrier shares scaled by 0.81772477 to the reported service total; international passenger aviation excluded
IMAGE,3.4,SSP2-VLHO,World,2040,Final energy flow,Solids + biomass,Buildings,EJ/yr,World,IMAGE 3.4_SSP2_VLHO.xlsx,16.799600,Final Energy|Commercial|Cooking|Solids; Final Energy|Commercial|Water Heating|Solids; Final Energy|Commercial|Space Heating|Solids|Biomass|Modern; Final Energy|Commercial|Space Heating|Solids|Biomass|Traditional; Final Energy|Commercial|Space Heating|Solids|Fossil; Final Energy|Residential|Cooking|Coal; Final Energy|Residential|Cooking|Modern Biomass; Final Energy|Residential|Cooking|Traditional Biomass; Final Energy|Residential|Space Heating|Coal; Final Energy|Residential|Space Heating|Modern Biomass; Final Energy|Residential|Space Heating|Traditional Biomass; Final Energy|Residential|Water Heating|Coal; Final Energy|Residential|Water Heating|Modern Biomass; Final Energy|Residential|Water Heating|Traditional Biomass,Direct sum of reported IMAGE variables
IMAGE,3.4,SSP2-VLHO,World,2040,Final energy flow,Solids + biomass,Industry,EJ/yr,World,IMAGE 3.4_SSP2_VLHO.xlsx,43.598801,Final Energy|Industry|Chemicals|Solids; Final Energy|Industry|Fertilizer production|Solids; Final Energy|Industry|Food Processing|Solids; Final Energy|Industry|Iron and Steel|Solids; Final Energy|Industry|Non-Metallic Minerals|Solids; Final Energy|Industry|Other Sector|Solids; Final Energy|Industry|Pulp and Paper|Solids,Direct sum of reported IMAGE variables
IMAGE,3.4,SSP2-VLHO,World,2040,Final energy flow,Solids + biomass,Other + carbon management,EJ/yr,World,IMAGE 3.4_SSP2_VLHO.xlsx,0.764353,Final Energy|Other Sector|Solids|Biomass,Direct sum of reported IMAGE variables
IMAGE,3.4,SSP2-VLHO,World,2040,Final energy flow,Solids + biomass,Transport,EJ/yr,World,IMAGE 3.4_SSP2_VLHO.xlsx,0.000000,Final Energy|Transportation|Passenger; Final Energy|Transportation|Freight,Passenger modal carrier shares scaled by 1.00000724 to the reported service total; international passenger aviation excluded; Freight modal carrier shares scaled by 0.81772477 to the reported service total; international passenger aviation excluded
IMAGE,3.4,SSP2-VLHO,World,2040,Primary energy supply,Biomass,,EJ/yr,World,IMAGE 3.4_SSP2_VLHO.xlsx,65.606760,Primary Energy|Biomass,Direct sum of reported IMAGE variables
IMAGE,3.4,SSP2-VLHO,World,2040,Primary energy supply,Fossil,,EJ/yr,World,IMAGE 3.4_SSP2_VLHO.xlsx,477.488703,Primary Energy|Coal; Primary Energy|Gas; Primary Energy|Oil,Direct sum of reported IMAGE variables
IMAGE,3.4,SSP2-VLHO,World,2040,Primary energy supply,Non-biomass renewables,,EJ/yr,World,IMAGE 3.4_SSP2_VLHO.xlsx,96.058292,Primary Energy|Non-Biomass Renewables,Direct sum of reported IMAGE variables
IMAGE,3.4,SSP2-VLHO,World,2040,Primary energy supply,Nuclear + other,,EJ/yr,World,IMAGE 3.4_SSP2_VLHO.xlsx,10.098303,Primary Energy|Nuclear; Primary Energy|Other,Direct sum of reported IMAGE variables
IMAGE,3.4,SSP2-VLHO,World,2040,Secondary carrier indicator,Electricity output,,EJ/yr,World,IMAGE 3.4_SSP2_VLHO.xlsx,179.272032,Secondary Energy|Electricity|Biomass; Secondary Energy|Electricity|Coal; Secondary Energy|Electricity|Gas; Secondary Energy|Electricity|Geothermal; Secondary Energy|Electricity|Hydro; Secondary Energy|Electricity|Hydrogen; Secondary Energy|Electricity|Nuclear; Secondary Energy|Electricity|Oil; Secondary Energy|Electricity|Other; Secondary Energy|Electricity|Solar|CSP; Secondary Energy|Electricity|Solar|PV|1; Secondary Energy|Electricity|Solar|PV|2; Secondary Energy|Electricity|Storage; Secondary Energy|Electricity|Wave; Secondary Energy|Electricity|Wind|1; Secondary Energy|Electricity|Wind|2,Direct sum of reported IMAGE variables
IMAGE,3.4,SSP2-VLHO,World,2040,Secondary carrier indicator,Hydrogen output,,EJ/yr,World,IMAGE 3.4_SSP2_VLHO.xlsx,1.067969,Secondary Energy|Hydrogen|Biomass; Secondary Energy|Hydrogen|Coal; Secondary Energy|Hydrogen|Electricity; Secondary Energy|Hydrogen|Gas; Secondary Energy|Hydrogen|Oil,Direct sum of reported IMAGE variables
IMAGE,3.4,SSP2-VLHO,World,2040,Secondary carrier indicator,Liquid-fuel consumption,,EJ/yr,World,IMAGE 3.4_SSP2_VLHO.xlsx,170.085000,Secondary Energy|Consumption|Liquids|Fossil; Secondary Energy|Consumption|Liquids|Biomass|Biodiesel|Oilcrops|w/CCS; Secondary Energy|Consumption|Liquids|Biomass|Biodiesel|Oilcrops|w/oCCS; Secondary Energy|Consumption|Liquids|Biomass|Ethanol|Grassy|w/CCS; Secondary Energy|Consumption|Liquids|Biomass|Ethanol|Grassy|w/oCCS; Secondary Energy|Consumption|Liquids|Biomass|Ethanol|Maize|w/CCS; Secondary Energy|Consumption|Liquids|Biomass|Ethanol|Maize|w/oCCS; Secondary Energy|Consumption|Liquids|Biomass|Ethanol|Sugar|w/CCS; Secondary Energy|Consumption|Liquids|Biomass|Ethanol|Sugar|w/oCCS; Secondary Energy|Consumption|Liquids|Biomass|Ethanol|Woody|w/CCS; Secondary Energy|Consumption|Liquids|Biomass|Ethanol|Woody|w/oCCS; Secondary Energy|Consumption|Liquids|Biomass|FT Diesel|Grassy|w/CCS; Secondary Energy|Consumption|Liquids|Biomass|FT Diesel|Grassy|w/oCCS; Secondary Energy|Consumption|Liquids|Biomass|FT Diesel|Woody|w/CCS; Secondary Energy|Consumption|Liquids|Biomass|FT Diesel|Woody|w/oCCS; Secondary Energy|Consumption|Liquids|Biomass|Methanol|Grassy|w/CCS; Secondary Energy|Consumption|Liquids|Biomass|Methanol|Grassy|w/oCCS; Secondary Energy|Consumption|Liquids|Biomass|Methanol|Woody|w/CCS; Secondary Energy|Consumption|Liquids|Biomass|Methanol|Woody|w/oCCS,Direct sum of reported IMAGE variables
IMAGE,3.4,SSP2-VLHO,World,2050,Final energy flow,Electricity,Buildings,EJ/yr,World,IMAGE 3.4_SSP2_VLHO.xlsx,79.070069,Final Energy|Commercial|Appliances|Electricity; Final Energy|Commercial|Cooking|Electricity; Final Energy|Commercial|Cooling|Electricity; Final Energy|Commercial|Lighting|Electricity; Final Energy|Commercial|Space Heating|Electricity; Final Energy|Commercial|Water Heating|Electricity; Final Energy|Residential|Cooking|Electricity; Final Energy|Residential|Space Heating|Electricity; Final Energy|Residential|Water Heating|Electricity; Final Energy|Residential|Cleaning Appliances|Electricity; Final Energy|Residential|Cooling Appliance|Electricity; Final Energy|Residential|Refrigeration|Electricity; Final Energy|Residential|Small Appliances|Electricity,Direct sum of reported IMAGE variables
IMAGE,3.4,SSP2-VLHO,World,2050,Final energy flow,Electricity,Industry,EJ/yr,World,IMAGE 3.4_SSP2_VLHO.xlsx,70.963855,Final Energy|Industry|Chemicals|Electricity; Final Energy|Industry|Fertilizer production|Electricity; Final Energy|Industry|Food Processing|Electricity; Final Energy|Industry|Iron and Steel|Electricity; Final Energy|Industry|Non-Metallic Minerals|Electricity; Final Energy|Industry|Other Sector|Electricity; Final Energy|Industry|Pulp and Paper|Electricity,Direct sum of reported IMAGE variables
IMAGE,3.4,SSP2-VLHO,World,2050,Final energy flow,Electricity,Transport,EJ/yr,World,IMAGE 3.4_SSP2_VLHO.xlsx,23.161680,Final Energy|Transportation|Passenger; Final Energy|Transportation|Passenger|Bus|Electricity; Final Energy|Transportation|Passenger|Domestic Aviation|Electricity; Final Energy|Transportation|Passenger|Light Duty Vehicle|Electricity; Final Energy|Transportation|Passenger|Rail (high speed)|Electricity; Final Energy|Transportation|Passenger|Rail (low speed)|Electricity; Final Energy|Transportation|Freight; Final Energy|Transportation|Freight|Air|Electricity; Final Energy|Transportation|Freight|Heavy Truck|Electricity; Final Energy|Transportation|Freight|International Shipping|Electricity; Final Energy|Transportation|Freight|Medium Truck|Electricity; Final Energy|Transportation|Freight|National Shipping|Electricity; Final Energy|Transportation|Freight|Train|Electricity,Passenger modal carrier shares scaled by 1.00000051 to the reported service total; international passenger aviation excluded; Freight modal carrier shares scaled by 0.78676724 to the reported service total; international passenger aviation excluded
IMAGE,3.4,SSP2-VLHO,World,2050,Final energy flow,Gases,Buildings,EJ/yr,World,IMAGE 3.4_SSP2_VLHO.xlsx,26.248657,Final Energy|Commercial|Cooking|Gases; Final Energy|Commercial|Space Heating|Gases; Final Energy|Commercial|Water Heating|Gases; Final Energy|Residential|Cooking|Natural Gas; Final Energy|Residential|Space Heating|Natural Gas; Final Energy|Residential|Water Heating|Natural Gas,Direct sum of reported IMAGE variables
IMAGE,3.4,SSP2-VLHO,World,2050,Final energy flow,Gases,Industry,EJ/yr,World,IMAGE 3.4_SSP2_VLHO.xlsx,24.157236,Final Energy|Industry|Chemicals|Gases; Final Energy|Industry|Fertilizer production|Gases; Final Energy|Industry|Food Processing|Gases; Final Energy|Industry|Iron and Steel|Gases; Final Energy|Industry|Non-Metallic Minerals|Gases; Final Energy|Industry|Other Sector|Gases; Final Energy|Industry|Pulp and Paper|Gases,Direct sum of reported IMAGE variables
IMAGE,3.4,SSP2-VLHO,World,2050,Final energy flow,Gases,Other + carbon management,EJ/yr,World,IMAGE 3.4_SSP2_VLHO.xlsx,0.000000,Final Energy|Carbon Management|Direct Air Capture|Gases,Direct sum of reported IMAGE variables
IMAGE,3.4,SSP2-VLHO,World,2050,Final energy flow,Gases,Transport,EJ/yr,World,IMAGE 3.4_SSP2_VLHO.xlsx,0.409530,Final Energy|Transportation|Passenger; Final Energy|Transportation|Passenger|Bus|Gases; Final Energy|Transportation|Passenger|Domestic Aviation|Gases; Final Energy|Transportation|Passenger|Light Duty Vehicle|Gases; Final Energy|Transportation|Passenger|Rail (high speed)|Gases; Final Energy|Transportation|Passenger|Rail (low speed)|Gases; Final Energy|Transportation|Freight; Final Energy|Transportation|Freight|Air|Gas; Final Energy|Transportation|Freight|Heavy Truck|Gas; Final Energy|Transportation|Freight|International Shipping|Gas; Final Energy|Transportation|Freight|Medium Truck|Gas; Final Energy|Transportation|Freight|National Shipping|Gas; Final Energy|Transportation|Freight|Train|Gas,Passenger modal carrier shares scaled by 1.00000051 to the reported service total; international passenger aviation excluded; Freight modal carrier shares scaled by 0.78676724 to the reported service total; international passenger aviation excluded
IMAGE,3.4,SSP2-VLHO,World,2050,Final energy flow,Heat,Buildings,EJ/yr,World,IMAGE 3.4_SSP2_VLHO.xlsx,7.214636,Final Energy|Commercial|Space Heating|Heat; Final Energy|Commercial|Water Heating|Heat; Final Energy|Residential|Space Heating|Heat; Final Energy|Residential|Water Heating|Heat,Direct sum of reported IMAGE variables
IMAGE,3.4,SSP2-VLHO,World,2050,Final energy flow,Heat,Industry,EJ/yr,World,IMAGE 3.4_SSP2_VLHO.xlsx,6.237577,Final Energy|Industry|Chemicals|Heat; Final Energy|Industry|Fertilizer production|Heat; Final Energy|Industry|Food Processing|Heat; Final Energy|Industry|Iron and Steel|Heat; Final Energy|Industry|Non-Metallic Minerals|Heat; Final Energy|Industry|Other Sector|Heat; Final Energy|Industry|Pulp and Paper|Heat,Direct sum of reported IMAGE variables
IMAGE,3.4,SSP2-VLHO,World,2050,Final energy flow,Heat,Transport,EJ/yr,World,IMAGE 3.4_SSP2_VLHO.xlsx,0.000000,Final Energy|Transportation|Passenger; Final Energy|Transportation|Freight,Passenger modal carrier shares scaled by 1.00000051 to the reported service total; international passenger aviation excluded; Freight modal carrier shares scaled by 0.78676724 to the reported service total; international passenger aviation excluded
IMAGE,3.4,SSP2-VLHO,World,2050,Final energy flow,Hydrogen,Buildings,EJ/yr,World,IMAGE 3.4_SSP2_VLHO.xlsx,0.002346,Final Energy|Commercial|Space Heating|Hydrogen; Final Energy|Commercial|Water Heating|Hydrogen; Final Energy|Residential|Space Heating|Hydrogen; Final Energy|Residential|Water Heating|Hydrogen,Direct sum of reported IMAGE variables
IMAGE,3.4,SSP2-VLHO,World,2050,Final energy flow,Hydrogen,Industry,EJ/yr,World,IMAGE 3.4_SSP2_VLHO.xlsx,2.159624,Final Energy|Industry|Chemicals|Hydrogen; Final Energy|Industry|Fertilizer production|Hydrogen; Final Energy|Industry|Food Processing|Hydrogen; Final Energy|Industry|Iron and Steel|Hydrogen; Final Energy|Industry|Non-Metallic Minerals|Hydrogen; Final Energy|Industry|Other Sector|Hydrogen; Final Energy|Industry|Pulp and Paper|Hydrogen,Direct sum of reported IMAGE variables
IMAGE,3.4,SSP2-VLHO,World,2050,Final energy flow,Hydrogen,Transport,EJ/yr,World,IMAGE 3.4_SSP2_VLHO.xlsx,0.914577,Final Energy|Transportation|Passenger; Final Energy|Transportation|Passenger|Bus|Hydrogen; Final Energy|Transportation|Passenger|Domestic Aviation|Hydrogen; Final Energy|Transportation|Passenger|Light Duty Vehicle|Hydrogen; Final Energy|Transportation|Passenger|Rail (high speed)|Hydrogen; Final Energy|Transportation|Passenger|Rail (low speed)|Hydrogen; Final Energy|Transportation|Freight; Final Energy|Transportation|Freight|Air|Hydrogen; Final Energy|Transportation|Freight|Heavy Truck|Hydrogen; Final Energy|Transportation|Freight|International Shipping|Hydrogen; Final Energy|Transportation|Freight|Medium Truck|Hydrogen; Final Energy|Transportation|Freight|National Shipping|Hydrogen; Final Energy|Transportation|Freight|Train|Hydrogen,Passenger modal carrier shares scaled by 1.00000051 to the reported service total; international passenger aviation excluded; Freight modal carrier shares scaled by 0.78676724 to the reported service total; international passenger aviation excluded
IMAGE,3.4,SSP2-VLHO,World,2050,Final energy flow,Liquids,Buildings,EJ/yr,World,IMAGE 3.4_SSP2_VLHO.xlsx,3.673647,Final Energy|Commercial|Cooking|Liquids; Final Energy|Commercial|Space Heating|Liquids; Final Energy|Commercial|Water Heating|Liquids; Final Energy|Residential|Cooking|Liquid (fossil); Final Energy|Residential|Space Heating|Liquid (fossil); Final Energy|Residential|Water Heating|Liquid (fossil),Direct sum of reported IMAGE variables
IMAGE,3.4,SSP2-VLHO,World,2050,Final energy flow,Liquids,Industry,EJ/yr,World,IMAGE 3.4_SSP2_VLHO.xlsx,15.148617,Final Energy|Industry|Chemicals|Liquids; Final Energy|Industry|Fertilizer production|Liquids; Final Energy|Industry|Food Processing|Liquids; Final Energy|Industry|Iron and Steel|Liquids; Final Energy|Industry|Non-Metallic Minerals|Liquids; Final Energy|Industry|Other Sector|Liquids; Final Energy|Industry|Pulp and Paper|Liquids,Direct sum of reported IMAGE variables
IMAGE,3.4,SSP2-VLHO,World,2050,Final energy flow,Liquids,Transport,EJ/yr,World,IMAGE 3.4_SSP2_VLHO.xlsx,65.923648,Final Energy|Transportation|Passenger; Final Energy|Transportation|Passenger|Bus|Liquids; Final Energy|Transportation|Passenger|Domestic Aviation|Liquids; Final Energy|Transportation|Passenger|Light Duty Vehicle|Liquids; Final Energy|Transportation|Passenger|Rail (high speed)|Liquids; Final Energy|Transportation|Passenger|Rail (low speed)|Liquids; Final Energy|Transportation|Freight; Final Energy|Transportation|Freight|Air|Liquids; Final Energy|Transportation|Freight|Heavy Truck|Liquids; Final Energy|Transportation|Freight|International Shipping|Liquids; Final Energy|Transportation|Freight|Medium Truck|Liquids; Final Energy|Transportation|Freight|National Shipping|Liquids; Final Energy|Transportation|Freight|Train|Liquids,Passenger modal carrier shares scaled by 1.00000051 to the reported service total; international passenger aviation excluded; Freight modal carrier shares scaled by 0.78676724 to the reported service total; international passenger aviation excluded
IMAGE,3.4,SSP2-VLHO,World,2050,Final energy flow,Solids + biomass,Buildings,EJ/yr,World,IMAGE 3.4_SSP2_VLHO.xlsx,11.671677,Final Energy|Commercial|Cooking|Solids; Final Energy|Commercial|Water Heating|Solids; Final Energy|Commercial|Space Heating|Solids|Biomass|Modern; Final Energy|Commercial|Space Heating|Solids|Biomass|Traditional; Final Energy|Commercial|Space Heating|Solids|Fossil; Final Energy|Residential|Cooking|Coal; Final Energy|Residential|Cooking|Modern Biomass; Final Energy|Residential|Cooking|Traditional Biomass; Final Energy|Residential|Space Heating|Coal; Final Energy|Residential|Space Heating|Modern Biomass; Final Energy|Residential|Space Heating|Traditional Biomass; Final Energy|Residential|Water Heating|Coal; Final Energy|Residential|Water Heating|Modern Biomass; Final Energy|Residential|Water Heating|Traditional Biomass,Direct sum of reported IMAGE variables
IMAGE,3.4,SSP2-VLHO,World,2050,Final energy flow,Solids + biomass,Industry,EJ/yr,World,IMAGE 3.4_SSP2_VLHO.xlsx,36.935328,Final Energy|Industry|Chemicals|Solids; Final Energy|Industry|Fertilizer production|Solids; Final Energy|Industry|Food Processing|Solids; Final Energy|Industry|Iron and Steel|Solids; Final Energy|Industry|Non-Metallic Minerals|Solids; Final Energy|Industry|Other Sector|Solids; Final Energy|Industry|Pulp and Paper|Solids,Direct sum of reported IMAGE variables
IMAGE,3.4,SSP2-VLHO,World,2050,Final energy flow,Solids + biomass,Other + carbon management,EJ/yr,World,IMAGE 3.4_SSP2_VLHO.xlsx,0.665820,Final Energy|Other Sector|Solids|Biomass,Direct sum of reported IMAGE variables
IMAGE,3.4,SSP2-VLHO,World,2050,Final energy flow,Solids + biomass,Transport,EJ/yr,World,IMAGE 3.4_SSP2_VLHO.xlsx,0.000000,Final Energy|Transportation|Passenger; Final Energy|Transportation|Freight,Passenger modal carrier shares scaled by 1.00000051 to the reported service total; international passenger aviation excluded; Freight modal carrier shares scaled by 0.78676724 to the reported service total; international passenger aviation excluded
IMAGE,3.4,SSP2-VLHO,World,2050,Primary energy supply,Biomass,,EJ/yr,World,IMAGE 3.4_SSP2_VLHO.xlsx,78.140981,Primary Energy|Biomass,Direct sum of reported IMAGE variables
IMAGE,3.4,SSP2-VLHO,World,2050,Primary energy supply,Fossil,,EJ/yr,World,IMAGE 3.4_SSP2_VLHO.xlsx,288.368633,Primary Energy|Coal; Primary Energy|Gas; Primary Energy|Oil,Direct sum of reported IMAGE variables
IMAGE,3.4,SSP2-VLHO,World,2050,Primary energy supply,Non-biomass renewables,,EJ/yr,World,IMAGE 3.4_SSP2_VLHO.xlsx,203.254594,Primary Energy|Non-Biomass Renewables,Direct sum of reported IMAGE variables
IMAGE,3.4,SSP2-VLHO,World,2050,Primary energy supply,Nuclear + other,,EJ/yr,World,IMAGE 3.4_SSP2_VLHO.xlsx,14.364802,Primary Energy|Nuclear; Primary Energy|Other,Direct sum of reported IMAGE variables
IMAGE,3.4,SSP2-VLHO,World,2050,Secondary carrier indicator,Electricity output,,EJ/yr,World,IMAGE 3.4_SSP2_VLHO.xlsx,250.684572,Secondary Energy|Electricity|Biomass; Secondary Energy|Electricity|Coal; Secondary Energy|Electricity|Gas; Secondary Energy|Electricity|Geothermal; Secondary Energy|Electricity|Hydro; Secondary Energy|Electricity|Hydrogen; Secondary Energy|Electricity|Nuclear; Secondary Energy|Electricity|Oil; Secondary Energy|Electricity|Other; Secondary Energy|Electricity|Solar|CSP; Secondary Energy|Electricity|Solar|PV|1; Secondary Energy|Electricity|Solar|PV|2; Secondary Energy|Electricity|Storage; Secondary Energy|Electricity|Wave; Secondary Energy|Electricity|Wind|1; Secondary Energy|Electricity|Wind|2,Direct sum of reported IMAGE variables
IMAGE,3.4,SSP2-VLHO,World,2050,Secondary carrier indicator,Hydrogen output,,EJ/yr,World,IMAGE 3.4_SSP2_VLHO.xlsx,12.289037,Secondary Energy|Hydrogen|Biomass; Secondary Energy|Hydrogen|Coal; Secondary Energy|Hydrogen|Electricity; Secondary Energy|Hydrogen|Gas; Secondary Energy|Hydrogen|Oil,Direct sum of reported IMAGE variables
IMAGE,3.4,SSP2-VLHO,World,2050,Secondary carrier indicator,Liquid-fuel consumption,,EJ/yr,World,IMAGE 3.4_SSP2_VLHO.xlsx,127.430000,Secondary Energy|Consumption|Liquids|Fossil; Secondary Energy|Consumption|Liquids|Biomass|Biodiesel|Oilcrops|w/CCS; Secondary Energy|Consumption|Liquids|Biomass|Biodiesel|Oilcrops|w/oCCS; Secondary Energy|Consumption|Liquids|Biomass|Ethanol|Grassy|w/CCS; Secondary Energy|Consumption|Liquids|Biomass|Ethanol|Grassy|w/oCCS; Secondary Energy|Consumption|Liquids|Biomass|Ethanol|Maize|w/CCS; Secondary Energy|Consumption|Liquids|Biomass|Ethanol|Maize|w/oCCS; Secondary Energy|Consumption|Liquids|Biomass|Ethanol|Sugar|w/CCS; Secondary Energy|Consumption|Liquids|Biomass|Ethanol|Sugar|w/oCCS; Secondary Energy|Consumption|Liquids|Biomass|Ethanol|Woody|w/CCS; Secondary Energy|Consumption|Liquids|Biomass|Ethanol|Woody|w/oCCS; Secondary Energy|Consumption|Liquids|Biomass|FT Diesel|Grassy|w/CCS; Secondary Energy|Consumption|Liquids|Biomass|FT Diesel|Grassy|w/oCCS; Secondary Energy|Consumption|Liquids|Biomass|FT Diesel|Woody|w/CCS; Secondary Energy|Consumption|Liquids|Biomass|FT Diesel|Woody|w/oCCS; Secondary Energy|Consumption|Liquids|Biomass|Methanol|Grassy|w/CCS; Secondary Energy|Consumption|Liquids|Biomass|Methanol|Grassy|w/oCCS; Secondary Energy|Consumption|Liquids|Biomass|Methanol|Woody|w/CCS; Secondary Energy|Consumption|Liquids|Biomass|Methanol|Woody|w/oCCS,Direct sum of reported IMAGE variables
IMAGE,3.4,SSP2-VLHO,World,2060,Final energy flow,Electricity,Buildings,EJ/yr,World,IMAGE 3.4_SSP2_VLHO.xlsx,111.129600,Final Energy|Commercial|Appliances|Electricity; Final Energy|Commercial|Cooking|Electricity; Final Energy|Commercial|Cooling|Electricity; Final Energy|Commercial|Lighting|Electricity; Final Energy|Commercial|Space Heating|Electricity; Final Energy|Commercial|Water Heating|Electricity; Final Energy|Residential|Cooking|Electricity; Final Energy|Residential|Space Heating|Electricity; Final Energy|Residential|Water Heating|Electricity; Final Energy|Residential|Cleaning Appliances|Electricity; Final Energy|Residential|Cooling Appliance|Electricity; Final Energy|Residential|Refrigeration|Electricity; Final Energy|Residential|Small Appliances|Electricity,Direct sum of reported IMAGE variables
IMAGE,3.4,SSP2-VLHO,World,2060,Final energy flow,Electricity,Industry,EJ/yr,World,IMAGE 3.4_SSP2_VLHO.xlsx,90.898754,Final Energy|Industry|Chemicals|Electricity; Final Energy|Industry|Fertilizer production|Electricity; Final Energy|Industry|Food Processing|Electricity; Final Energy|Industry|Iron and Steel|Electricity; Final Energy|Industry|Non-Metallic Minerals|Electricity; Final Energy|Industry|Other Sector|Electricity; Final Energy|Industry|Pulp and Paper|Electricity,Direct sum of reported IMAGE variables
IMAGE,3.4,SSP2-VLHO,World,2060,Final energy flow,Electricity,Transport,EJ/yr,World,IMAGE 3.4_SSP2_VLHO.xlsx,35.204775,Final Energy|Transportation|Passenger; Final Energy|Transportation|Passenger|Bus|Electricity; Final Energy|Transportation|Passenger|Domestic Aviation|Electricity; Final Energy|Transportation|Passenger|Light Duty Vehicle|Electricity; Final Energy|Transportation|Passenger|Rail (high speed)|Electricity; Final Energy|Transportation|Passenger|Rail (low speed)|Electricity; Final Energy|Transportation|Freight; Final Energy|Transportation|Freight|Air|Electricity; Final Energy|Transportation|Freight|Heavy Truck|Electricity; Final Energy|Transportation|Freight|International Shipping|Electricity; Final Energy|Transportation|Freight|Medium Truck|Electricity; Final Energy|Transportation|Freight|National Shipping|Electricity; Final Energy|Transportation|Freight|Train|Electricity,Passenger modal carrier shares scaled by 0.99999988 to the reported service total; international passenger aviation excluded; Freight modal carrier shares scaled by 0.73716991 to the reported service total; international passenger aviation excluded
IMAGE,3.4,SSP2-VLHO,World,2060,Final energy flow,Gases,Buildings,EJ/yr,World,IMAGE 3.4_SSP2_VLHO.xlsx,9.035492,Final Energy|Commercial|Cooking|Gases; Final Energy|Commercial|Space Heating|Gases; Final Energy|Commercial|Water Heating|Gases; Final Energy|Residential|Cooking|Natural Gas; Final Energy|Residential|Space Heating|Natural Gas; Final Energy|Residential|Water Heating|Natural Gas,Direct sum of reported IMAGE variables
IMAGE,3.4,SSP2-VLHO,World,2060,Final energy flow,Gases,Industry,EJ/yr,World,IMAGE 3.4_SSP2_VLHO.xlsx,21.867203,Final Energy|Industry|Chemicals|Gases; Final Energy|Industry|Fertilizer production|Gases; Final Energy|Industry|Food Processing|Gases; Final Energy|Industry|Iron and Steel|Gases; Final Energy|Industry|Non-Metallic Minerals|Gases; Final Energy|Industry|Other Sector|Gases; Final Energy|Industry|Pulp and Paper|Gases,Direct sum of reported IMAGE variables
IMAGE,3.4,SSP2-VLHO,World,2060,Final energy flow,Gases,Other + carbon management,EJ/yr,World,IMAGE 3.4_SSP2_VLHO.xlsx,5.658192,Final Energy|Carbon Management|Direct Air Capture|Gases,Direct sum of reported IMAGE variables
IMAGE,3.4,SSP2-VLHO,World,2060,Final energy flow,Gases,Transport,EJ/yr,World,IMAGE 3.4_SSP2_VLHO.xlsx,0.038648,Final Energy|Transportation|Passenger; Final Energy|Transportation|Passenger|Bus|Gases; Final Energy|Transportation|Passenger|Domestic Aviation|Gases; Final Energy|Transportation|Passenger|Light Duty Vehicle|Gases; Final Energy|Transportation|Passenger|Rail (high speed)|Gases; Final Energy|Transportation|Passenger|Rail (low speed)|Gases; Final Energy|Transportation|Freight; Final Energy|Transportation|Freight|Air|Gas; Final Energy|Transportation|Freight|Heavy Truck|Gas; Final Energy|Transportation|Freight|International Shipping|Gas; Final Energy|Transportation|Freight|Medium Truck|Gas; Final Energy|Transportation|Freight|National Shipping|Gas; Final Energy|Transportation|Freight|Train|Gas,Passenger modal carrier shares scaled by 0.99999988 to the reported service total; international passenger aviation excluded; Freight modal carrier shares scaled by 0.73716991 to the reported service total; international passenger aviation excluded
IMAGE,3.4,SSP2-VLHO,World,2060,Final energy flow,Heat,Buildings,EJ/yr,World,IMAGE 3.4_SSP2_VLHO.xlsx,11.617243,Final Energy|Commercial|Space Heating|Heat; Final Energy|Commercial|Water Heating|Heat; Final Energy|Residential|Space Heating|Heat; Final Energy|Residential|Water Heating|Heat,Direct sum of reported IMAGE variables
IMAGE,3.4,SSP2-VLHO,World,2060,Final energy flow,Heat,Industry,EJ/yr,World,IMAGE 3.4_SSP2_VLHO.xlsx,5.356707,Final Energy|Industry|Chemicals|Heat; Final Energy|Industry|Fertilizer production|Heat; Final Energy|Industry|Food Processing|Heat; Final Energy|Industry|Iron and Steel|Heat; Final Energy|Industry|Non-Metallic Minerals|Heat; Final Energy|Industry|Other Sector|Heat; Final Energy|Industry|Pulp and Paper|Heat,Direct sum of reported IMAGE variables
IMAGE,3.4,SSP2-VLHO,World,2060,Final energy flow,Heat,Transport,EJ/yr,World,IMAGE 3.4_SSP2_VLHO.xlsx,0.000000,Final Energy|Transportation|Passenger; Final Energy|Transportation|Freight,Passenger modal carrier shares scaled by 0.99999988 to the reported service total; international passenger aviation excluded; Freight modal carrier shares scaled by 0.73716991 to the reported service total; international passenger aviation excluded
IMAGE,3.4,SSP2-VLHO,World,2060,Final energy flow,Hydrogen,Buildings,EJ/yr,World,IMAGE 3.4_SSP2_VLHO.xlsx,0.033078,Final Energy|Commercial|Space Heating|Hydrogen; Final Energy|Commercial|Water Heating|Hydrogen; Final Energy|Residential|Space Heating|Hydrogen; Final Energy|Residential|Water Heating|Hydrogen,Direct sum of reported IMAGE variables
IMAGE,3.4,SSP2-VLHO,World,2060,Final energy flow,Hydrogen,Industry,EJ/yr,World,IMAGE 3.4_SSP2_VLHO.xlsx,2.688872,Final Energy|Industry|Chemicals|Hydrogen; Final Energy|Industry|Fertilizer production|Hydrogen; Final Energy|Industry|Food Processing|Hydrogen; Final Energy|Industry|Iron and Steel|Hydrogen; Final Energy|Industry|Non-Metallic Minerals|Hydrogen; Final Energy|Industry|Other Sector|Hydrogen; Final Energy|Industry|Pulp and Paper|Hydrogen,Direct sum of reported IMAGE variables
IMAGE,3.4,SSP2-VLHO,World,2060,Final energy flow,Hydrogen,Transport,EJ/yr,World,IMAGE 3.4_SSP2_VLHO.xlsx,1.612453,Final Energy|Transportation|Passenger; Final Energy|Transportation|Passenger|Bus|Hydrogen; Final Energy|Transportation|Passenger|Domestic Aviation|Hydrogen; Final Energy|Transportation|Passenger|Light Duty Vehicle|Hydrogen; Final Energy|Transportation|Passenger|Rail (high speed)|Hydrogen; Final Energy|Transportation|Passenger|Rail (low speed)|Hydrogen; Final Energy|Transportation|Freight; Final Energy|Transportation|Freight|Air|Hydrogen; Final Energy|Transportation|Freight|Heavy Truck|Hydrogen; Final Energy|Transportation|Freight|International Shipping|Hydrogen; Final Energy|Transportation|Freight|Medium Truck|Hydrogen; Final Energy|Transportation|Freight|National Shipping|Hydrogen; Final Energy|Transportation|Freight|Train|Hydrogen,Passenger modal carrier shares scaled by 0.99999988 to the reported service total; international passenger aviation excluded; Freight modal carrier shares scaled by 0.73716991 to the reported service total; international passenger aviation excluded
IMAGE,3.4,SSP2-VLHO,World,2060,Final energy flow,Liquids,Buildings,EJ/yr,World,IMAGE 3.4_SSP2_VLHO.xlsx,1.736590,Final Energy|Commercial|Cooking|Liquids; Final Energy|Commercial|Space Heating|Liquids; Final Energy|Commercial|Water Heating|Liquids; Final Energy|Residential|Cooking|Liquid (fossil); Final Energy|Residential|Space Heating|Liquid (fossil); Final Energy|Residential|Water Heating|Liquid (fossil),Direct sum of reported IMAGE variables
IMAGE,3.4,SSP2-VLHO,World,2060,Final energy flow,Liquids,Industry,EJ/yr,World,IMAGE 3.4_SSP2_VLHO.xlsx,11.938485,Final Energy|Industry|Chemicals|Liquids; Final Energy|Industry|Fertilizer production|Liquids; Final Energy|Industry|Food Processing|Liquids; Final Energy|Industry|Iron and Steel|Liquids; Final Energy|Industry|Non-Metallic Minerals|Liquids; Final Energy|Industry|Other Sector|Liquids; Final Energy|Industry|Pulp and Paper|Liquids,Direct sum of reported IMAGE variables
IMAGE,3.4,SSP2-VLHO,World,2060,Final energy flow,Liquids,Transport,EJ/yr,World,IMAGE 3.4_SSP2_VLHO.xlsx,38.457452,Final Energy|Transportation|Passenger; Final Energy|Transportation|Passenger|Bus|Liquids; Final Energy|Transportation|Passenger|Domestic Aviation|Liquids; Final Energy|Transportation|Passenger|Light Duty Vehicle|Liquids; Final Energy|Transportation|Passenger|Rail (high speed)|Liquids; Final Energy|Transportation|Passenger|Rail (low speed)|Liquids; Final Energy|Transportation|Freight; Final Energy|Transportation|Freight|Air|Liquids; Final Energy|Transportation|Freight|Heavy Truck|Liquids; Final Energy|Transportation|Freight|International Shipping|Liquids; Final Energy|Transportation|Freight|Medium Truck|Liquids; Final Energy|Transportation|Freight|National Shipping|Liquids; Final Energy|Transportation|Freight|Train|Liquids,Passenger modal carrier shares scaled by 0.99999988 to the reported service total; international passenger aviation excluded; Freight modal carrier shares scaled by 0.73716991 to the reported service total; international passenger aviation excluded
IMAGE,3.4,SSP2-VLHO,World,2060,Final energy flow,Solids + biomass,Buildings,EJ/yr,World,IMAGE 3.4_SSP2_VLHO.xlsx,11.761888,Final Energy|Commercial|Cooking|Solids; Final Energy|Commercial|Water Heating|Solids; Final Energy|Commercial|Space Heating|Solids|Biomass|Modern; Final Energy|Commercial|Space Heating|Solids|Biomass|Traditional; Final Energy|Commercial|Space Heating|Solids|Fossil; Final Energy|Residential|Cooking|Coal; Final Energy|Residential|Cooking|Modern Biomass; Final Energy|Residential|Cooking|Traditional Biomass; Final Energy|Residential|Space Heating|Coal; Final Energy|Residential|Space Heating|Modern Biomass; Final Energy|Residential|Space Heating|Traditional Biomass; Final Energy|Residential|Water Heating|Coal; Final Energy|Residential|Water Heating|Modern Biomass; Final Energy|Residential|Water Heating|Traditional Biomass,Direct sum of reported IMAGE variables
IMAGE,3.4,SSP2-VLHO,World,2060,Final energy flow,Solids + biomass,Industry,EJ/yr,World,IMAGE 3.4_SSP2_VLHO.xlsx,36.586809,Final Energy|Industry|Chemicals|Solids; Final Energy|Industry|Fertilizer production|Solids; Final Energy|Industry|Food Processing|Solids; Final Energy|Industry|Iron and Steel|Solids; Final Energy|Industry|Non-Metallic Minerals|Solids; Final Energy|Industry|Other Sector|Solids; Final Energy|Industry|Pulp and Paper|Solids,Direct sum of reported IMAGE variables
IMAGE,3.4,SSP2-VLHO,World,2060,Final energy flow,Solids + biomass,Other + carbon management,EJ/yr,World,IMAGE 3.4_SSP2_VLHO.xlsx,0.713324,Final Energy|Other Sector|Solids|Biomass,Direct sum of reported IMAGE variables
IMAGE,3.4,SSP2-VLHO,World,2060,Final energy flow,Solids + biomass,Transport,EJ/yr,World,IMAGE 3.4_SSP2_VLHO.xlsx,0.000000,Final Energy|Transportation|Passenger; Final Energy|Transportation|Freight,Passenger modal carrier shares scaled by 0.99999988 to the reported service total; international passenger aviation excluded; Freight modal carrier shares scaled by 0.73716991 to the reported service total; international passenger aviation excluded
IMAGE,3.4,SSP2-VLHO,World,2060,Primary energy supply,Biomass,,EJ/yr,World,IMAGE 3.4_SSP2_VLHO.xlsx,123.824201,Primary Energy|Biomass,Direct sum of reported IMAGE variables
IMAGE,3.4,SSP2-VLHO,World,2060,Primary energy supply,Fossil,,EJ/yr,World,IMAGE 3.4_SSP2_VLHO.xlsx,207.967475,Primary Energy|Coal; Primary Energy|Gas; Primary Energy|Oil,Direct sum of reported IMAGE variables
IMAGE,3.4,SSP2-VLHO,World,2060,Primary energy supply,Non-biomass renewables,,EJ/yr,World,IMAGE 3.4_SSP2_VLHO.xlsx,320.622458,Primary Energy|Non-Biomass Renewables,Direct sum of reported IMAGE variables
IMAGE,3.4,SSP2-VLHO,World,2060,Primary energy supply,Nuclear + other,,EJ/yr,World,IMAGE 3.4_SSP2_VLHO.xlsx,18.516620,Primary Energy|Nuclear; Primary Energy|Other,Direct sum of reported IMAGE variables
IMAGE,3.4,SSP2-VLHO,World,2060,Secondary carrier indicator,Electricity output,,EJ/yr,World,IMAGE 3.4_SSP2_VLHO.xlsx,336.702012,Secondary Energy|Electricity|Biomass; Secondary Energy|Electricity|Coal; Secondary Energy|Electricity|Gas; Secondary Energy|Electricity|Geothermal; Secondary Energy|Electricity|Hydro; Secondary Energy|Electricity|Hydrogen; Secondary Energy|Electricity|Nuclear; Secondary Energy|Electricity|Oil; Secondary Energy|Electricity|Other; Secondary Energy|Electricity|Solar|CSP; Secondary Energy|Electricity|Solar|PV|1; Secondary Energy|Electricity|Solar|PV|2; Secondary Energy|Electricity|Storage; Secondary Energy|Electricity|Wave; Secondary Energy|Electricity|Wind|1; Secondary Energy|Electricity|Wind|2,Direct sum of reported IMAGE variables
IMAGE,3.4,SSP2-VLHO,World,2060,Secondary carrier indicator,Hydrogen output,,EJ/yr,World,IMAGE 3.4_SSP2_VLHO.xlsx,10.838121,Secondary Energy|Hydrogen|Biomass; Secondary Energy|Hydrogen|Coal; Secondary Energy|Hydrogen|Electricity; Secondary Energy|Hydrogen|Gas; Secondary Energy|Hydrogen|Oil,Direct sum of reported IMAGE variables
IMAGE,3.4,SSP2-VLHO,World,2060,Secondary carrier indicator,Liquid-fuel consumption,,EJ/yr,World,IMAGE 3.4_SSP2_VLHO.xlsx,78.704477,Secondary Energy|Consumption|Liquids|Fossil; Secondary Energy|Consumption|Liquids|Biomass|Biodiesel|Oilcrops|w/CCS; Secondary Energy|Consumption|Liquids|Biomass|Biodiesel|Oilcrops|w/oCCS; Secondary Energy|Consumption|Liquids|Biomass|Ethanol|Grassy|w/CCS; Secondary Energy|Consumption|Liquids|Biomass|Ethanol|Grassy|w/oCCS; Secondary Energy|Consumption|Liquids|Biomass|Ethanol|Maize|w/CCS; Secondary Energy|Consumption|Liquids|Biomass|Ethanol|Maize|w/oCCS; Secondary Energy|Consumption|Liquids|Biomass|Ethanol|Sugar|w/CCS; Secondary Energy|Consumption|Liquids|Biomass|Ethanol|Sugar|w/oCCS; Secondary Energy|Consumption|Liquids|Biomass|Ethanol|Woody|w/CCS; Secondary Energy|Consumption|Liquids|Biomass|Ethanol|Woody|w/oCCS; Secondary Energy|Consumption|Liquids|Biomass|FT Diesel|Grassy|w/CCS; Secondary Energy|Consumption|Liquids|Biomass|FT Diesel|Grassy|w/oCCS; Secondary Energy|Consumption|Liquids|Biomass|FT Diesel|Woody|w/CCS; Secondary Energy|Consumption|Liquids|Biomass|FT Diesel|Woody|w/oCCS; Secondary Energy|Consumption|Liquids|Biomass|Methanol|Grassy|w/CCS; Secondary Energy|Consumption|Liquids|Biomass|Methanol|Grassy|w/oCCS; Secondary Energy|Consumption|Liquids|Biomass|Methanol|Woody|w/CCS; Secondary Energy|Consumption|Liquids|Biomass|Methanol|Woody|w/oCCS,Direct sum of reported IMAGE variables
IMAGE,3.4,SSP2-VLHO,World,2070,Final energy flow,Electricity,Buildings,EJ/yr,World,IMAGE 3.4_SSP2_VLHO.xlsx,138.145538,Final Energy|Commercial|Appliances|Electricity; Final Energy|Commercial|Cooking|Electricity; Final Energy|Commercial|Cooling|Electricity; Final Energy|Commercial|Lighting|Electricity; Final Energy|Commercial|Space Heating|Electricity; Final Energy|Commercial|Water Heating|Electricity; Final Energy|Residential|Cooking|Electricity; Final Energy|Residential|Space Heating|Electricity; Final Energy|Residential|Water Heating|Electricity; Final Energy|Residential|Cleaning Appliances|Electricity; Final Energy|Residential|Cooling Appliance|Electricity; Final Energy|Residential|Refrigeration|Electricity; Final Energy|Residential|Small Appliances|Electricity,Direct sum of reported IMAGE variables
IMAGE,3.4,SSP2-VLHO,World,2070,Final energy flow,Electricity,Industry,EJ/yr,World,IMAGE 3.4_SSP2_VLHO.xlsx,110.293493,Final Energy|Industry|Chemicals|Electricity; Final Energy|Industry|Fertilizer production|Electricity; Final Energy|Industry|Food Processing|Electricity; Final Energy|Industry|Iron and Steel|Electricity; Final Energy|Industry|Non-Metallic Minerals|Electricity; Final Energy|Industry|Other Sector|Electricity; Final Energy|Industry|Pulp and Paper|Electricity,Direct sum of reported IMAGE variables
IMAGE,3.4,SSP2-VLHO,World,2070,Final energy flow,Electricity,Transport,EJ/yr,World,IMAGE 3.4_SSP2_VLHO.xlsx,44.013346,Final Energy|Transportation|Passenger; Final Energy|Transportation|Passenger|Bus|Electricity; Final Energy|Transportation|Passenger|Domestic Aviation|Electricity; Final Energy|Transportation|Passenger|Light Duty Vehicle|Electricity; Final Energy|Transportation|Passenger|Rail (high speed)|Electricity; Final Energy|Transportation|Passenger|Rail (low speed)|Electricity; Final Energy|Transportation|Freight; Final Energy|Transportation|Freight|Air|Electricity; Final Energy|Transportation|Freight|Heavy Truck|Electricity; Final Energy|Transportation|Freight|International Shipping|Electricity; Final Energy|Transportation|Freight|Medium Truck|Electricity; Final Energy|Transportation|Freight|National Shipping|Electricity; Final Energy|Transportation|Freight|Train|Electricity,Passenger modal carrier shares scaled by 0.99999982 to the reported service total; international passenger aviation excluded; Freight modal carrier shares scaled by 0.72773858 to the reported service total; international passenger aviation excluded
IMAGE,3.4,SSP2-VLHO,World,2070,Final energy flow,Gases,Buildings,EJ/yr,World,IMAGE 3.4_SSP2_VLHO.xlsx,2.235121,Final Energy|Commercial|Cooking|Gases; Final Energy|Commercial|Space Heating|Gases; Final Energy|Commercial|Water Heating|Gases; Final Energy|Residential|Cooking|Natural Gas; Final Energy|Residential|Space Heating|Natural Gas; Final Energy|Residential|Water Heating|Natural Gas,Direct sum of reported IMAGE variables
IMAGE,3.4,SSP2-VLHO,World,2070,Final energy flow,Gases,Industry,EJ/yr,World,IMAGE 3.4_SSP2_VLHO.xlsx,17.137786,Final Energy|Industry|Chemicals|Gases; Final Energy|Industry|Fertilizer production|Gases; Final Energy|Industry|Food Processing|Gases; Final Energy|Industry|Iron and Steel|Gases; Final Energy|Industry|Non-Metallic Minerals|Gases; Final Energy|Industry|Other Sector|Gases; Final Energy|Industry|Pulp and Paper|Gases,Direct sum of reported IMAGE variables
IMAGE,3.4,SSP2-VLHO,World,2070,Final energy flow,Gases,Other + carbon management,EJ/yr,World,IMAGE 3.4_SSP2_VLHO.xlsx,21.154109,Final Energy|Carbon Management|Direct Air Capture|Gases,Direct sum of reported IMAGE variables
IMAGE,3.4,SSP2-VLHO,World,2070,Final energy flow,Gases,Transport,EJ/yr,World,IMAGE 3.4_SSP2_VLHO.xlsx,0.001767,Final Energy|Transportation|Passenger; Final Energy|Transportation|Passenger|Bus|Gases; Final Energy|Transportation|Passenger|Domestic Aviation|Gases; Final Energy|Transportation|Passenger|Light Duty Vehicle|Gases; Final Energy|Transportation|Passenger|Rail (high speed)|Gases; Final Energy|Transportation|Passenger|Rail (low speed)|Gases; Final Energy|Transportation|Freight; Final Energy|Transportation|Freight|Air|Gas; Final Energy|Transportation|Freight|Heavy Truck|Gas; Final Energy|Transportation|Freight|International Shipping|Gas; Final Energy|Transportation|Freight|Medium Truck|Gas; Final Energy|Transportation|Freight|National Shipping|Gas; Final Energy|Transportation|Freight|Train|Gas,Passenger modal carrier shares scaled by 0.99999982 to the reported service total; international passenger aviation excluded; Freight modal carrier shares scaled by 0.72773858 to the reported service total; international passenger aviation excluded
IMAGE,3.4,SSP2-VLHO,World,2070,Final energy flow,Heat,Buildings,EJ/yr,World,IMAGE 3.4_SSP2_VLHO.xlsx,9.485792,Final Energy|Commercial|Space Heating|Heat; Final Energy|Commercial|Water Heating|Heat; Final Energy|Residential|Space Heating|Heat; Final Energy|Residential|Water Heating|Heat,Direct sum of reported IMAGE variables
IMAGE,3.4,SSP2-VLHO,World,2070,Final energy flow,Heat,Industry,EJ/yr,World,IMAGE 3.4_SSP2_VLHO.xlsx,5.221789,Final Energy|Industry|Chemicals|Heat; Final Energy|Industry|Fertilizer production|Heat; Final Energy|Industry|Food Processing|Heat; Final Energy|Industry|Iron and Steel|Heat; Final Energy|Industry|Non-Metallic Minerals|Heat; Final Energy|Industry|Other Sector|Heat; Final Energy|Industry|Pulp and Paper|Heat,Direct sum of reported IMAGE variables
IMAGE,3.4,SSP2-VLHO,World,2070,Final energy flow,Heat,Transport,EJ/yr,World,IMAGE 3.4_SSP2_VLHO.xlsx,0.000000,Final Energy|Transportation|Passenger; Final Energy|Transportation|Freight,Passenger modal carrier shares scaled by 0.99999982 to the reported service total; international passenger aviation excluded; Freight modal carrier shares scaled by 0.72773858 to the reported service total; international passenger aviation excluded
IMAGE,3.4,SSP2-VLHO,World,2070,Final energy flow,Hydrogen,Buildings,EJ/yr,World,IMAGE 3.4_SSP2_VLHO.xlsx,0.043883,Final Energy|Commercial|Space Heating|Hydrogen; Final Energy|Commercial|Water Heating|Hydrogen; Final Energy|Residential|Space Heating|Hydrogen; Final Energy|Residential|Water Heating|Hydrogen,Direct sum of reported IMAGE variables
IMAGE,3.4,SSP2-VLHO,World,2070,Final energy flow,Hydrogen,Industry,EJ/yr,World,IMAGE 3.4_SSP2_VLHO.xlsx,3.782382,Final Energy|Industry|Chemicals|Hydrogen; Final Energy|Industry|Fertilizer production|Hydrogen; Final Energy|Industry|Food Processing|Hydrogen; Final Energy|Industry|Iron and Steel|Hydrogen; Final Energy|Industry|Non-Metallic Minerals|Hydrogen; Final Energy|Industry|Other Sector|Hydrogen; Final Energy|Industry|Pulp and Paper|Hydrogen,Direct sum of reported IMAGE variables
IMAGE,3.4,SSP2-VLHO,World,2070,Final energy flow,Hydrogen,Transport,EJ/yr,World,IMAGE 3.4_SSP2_VLHO.xlsx,4.157088,Final Energy|Transportation|Passenger; Final Energy|Transportation|Passenger|Bus|Hydrogen; Final Energy|Transportation|Passenger|Domestic Aviation|Hydrogen; Final Energy|Transportation|Passenger|Light Duty Vehicle|Hydrogen; Final Energy|Transportation|Passenger|Rail (high speed)|Hydrogen; Final Energy|Transportation|Passenger|Rail (low speed)|Hydrogen; Final Energy|Transportation|Freight; Final Energy|Transportation|Freight|Air|Hydrogen; Final Energy|Transportation|Freight|Heavy Truck|Hydrogen; Final Energy|Transportation|Freight|International Shipping|Hydrogen; Final Energy|Transportation|Freight|Medium Truck|Hydrogen; Final Energy|Transportation|Freight|National Shipping|Hydrogen; Final Energy|Transportation|Freight|Train|Hydrogen,Passenger modal carrier shares scaled by 0.99999982 to the reported service total; international passenger aviation excluded; Freight modal carrier shares scaled by 0.72773858 to the reported service total; international passenger aviation excluded
IMAGE,3.4,SSP2-VLHO,World,2070,Final energy flow,Liquids,Buildings,EJ/yr,World,IMAGE 3.4_SSP2_VLHO.xlsx,0.301673,Final Energy|Commercial|Cooking|Liquids; Final Energy|Commercial|Space Heating|Liquids; Final Energy|Commercial|Water Heating|Liquids; Final Energy|Residential|Cooking|Liquid (fossil); Final Energy|Residential|Space Heating|Liquid (fossil); Final Energy|Residential|Water Heating|Liquid (fossil),Direct sum of reported IMAGE variables
IMAGE,3.4,SSP2-VLHO,World,2070,Final energy flow,Liquids,Industry,EJ/yr,World,IMAGE 3.4_SSP2_VLHO.xlsx,9.349182,Final Energy|Industry|Chemicals|Liquids; Final Energy|Industry|Fertilizer production|Liquids; Final Energy|Industry|Food Processing|Liquids; Final Energy|Industry|Iron and Steel|Liquids; Final Energy|Industry|Non-Metallic Minerals|Liquids; Final Energy|Industry|Other Sector|Liquids; Final Energy|Industry|Pulp and Paper|Liquids,Direct sum of reported IMAGE variables
IMAGE,3.4,SSP2-VLHO,World,2070,Final energy flow,Liquids,Transport,EJ/yr,World,IMAGE 3.4_SSP2_VLHO.xlsx,23.431127,Final Energy|Transportation|Passenger; Final Energy|Transportation|Passenger|Bus|Liquids; Final Energy|Transportation|Passenger|Domestic Aviation|Liquids; Final Energy|Transportation|Passenger|Light Duty Vehicle|Liquids; Final Energy|Transportation|Passenger|Rail (high speed)|Liquids; Final Energy|Transportation|Passenger|Rail (low speed)|Liquids; Final Energy|Transportation|Freight; Final Energy|Transportation|Freight|Air|Liquids; Final Energy|Transportation|Freight|Heavy Truck|Liquids; Final Energy|Transportation|Freight|International Shipping|Liquids; Final Energy|Transportation|Freight|Medium Truck|Liquids; Final Energy|Transportation|Freight|National Shipping|Liquids; Final Energy|Transportation|Freight|Train|Liquids,Passenger modal carrier shares scaled by 0.99999982 to the reported service total; international passenger aviation excluded; Freight modal carrier shares scaled by 0.72773858 to the reported service total; international passenger aviation excluded
IMAGE,3.4,SSP2-VLHO,World,2070,Final energy flow,Solids + biomass,Buildings,EJ/yr,World,IMAGE 3.4_SSP2_VLHO.xlsx,14.161943,Final Energy|Commercial|Cooking|Solids; Final Energy|Commercial|Water Heating|Solids; Final Energy|Commercial|Space Heating|Solids|Biomass|Modern; Final Energy|Commercial|Space Heating|Solids|Biomass|Traditional; Final Energy|Commercial|Space Heating|Solids|Fossil; Final Energy|Residential|Cooking|Coal; Final Energy|Residential|Cooking|Modern Biomass; Final Energy|Residential|Cooking|Traditional Biomass; Final Energy|Residential|Space Heating|Coal; Final Energy|Residential|Space Heating|Modern Biomass; Final Energy|Residential|Space Heating|Traditional Biomass; Final Energy|Residential|Water Heating|Coal; Final Energy|Residential|Water Heating|Modern Biomass; Final Energy|Residential|Water Heating|Traditional Biomass,Direct sum of reported IMAGE variables
IMAGE,3.4,SSP2-VLHO,World,2070,Final energy flow,Solids + biomass,Industry,EJ/yr,World,IMAGE 3.4_SSP2_VLHO.xlsx,39.706662,Final Energy|Industry|Chemicals|Solids; Final Energy|Industry|Fertilizer production|Solids; Final Energy|Industry|Food Processing|Solids; Final Energy|Industry|Iron and Steel|Solids; Final Energy|Industry|Non-Metallic Minerals|Solids; Final Energy|Industry|Other Sector|Solids; Final Energy|Industry|Pulp and Paper|Solids,Direct sum of reported IMAGE variables
IMAGE,3.4,SSP2-VLHO,World,2070,Final energy flow,Solids + biomass,Other + carbon management,EJ/yr,World,IMAGE 3.4_SSP2_VLHO.xlsx,0.734171,Final Energy|Other Sector|Solids|Biomass,Direct sum of reported IMAGE variables
IMAGE,3.4,SSP2-VLHO,World,2070,Final energy flow,Solids + biomass,Transport,EJ/yr,World,IMAGE 3.4_SSP2_VLHO.xlsx,0.000000,Final Energy|Transportation|Passenger; Final Energy|Transportation|Freight,Passenger modal carrier shares scaled by 0.99999982 to the reported service total; international passenger aviation excluded; Freight modal carrier shares scaled by 0.72773858 to the reported service total; international passenger aviation excluded
IMAGE,3.4,SSP2-VLHO,World,2070,Primary energy supply,Biomass,,EJ/yr,World,IMAGE 3.4_SSP2_VLHO.xlsx,147.536107,Primary Energy|Biomass,Direct sum of reported IMAGE variables
IMAGE,3.4,SSP2-VLHO,World,2070,Primary energy supply,Fossil,,EJ/yr,World,IMAGE 3.4_SSP2_VLHO.xlsx,162.591286,Primary Energy|Coal; Primary Energy|Gas; Primary Energy|Oil,Direct sum of reported IMAGE variables
IMAGE,3.4,SSP2-VLHO,World,2070,Primary energy supply,Non-biomass renewables,,EJ/yr,World,IMAGE 3.4_SSP2_VLHO.xlsx,400.105977,Primary Energy|Non-Biomass Renewables,Direct sum of reported IMAGE variables
IMAGE,3.4,SSP2-VLHO,World,2070,Primary energy supply,Nuclear + other,,EJ/yr,World,IMAGE 3.4_SSP2_VLHO.xlsx,28.991475,Primary Energy|Nuclear; Primary Energy|Other,Direct sum of reported IMAGE variables
IMAGE,3.4,SSP2-VLHO,World,2070,Secondary carrier indicator,Electricity output,,EJ/yr,World,IMAGE 3.4_SSP2_VLHO.xlsx,419.400630,Secondary Energy|Electricity|Biomass; Secondary Energy|Electricity|Coal; Secondary Energy|Electricity|Gas; Secondary Energy|Electricity|Geothermal; Secondary Energy|Electricity|Hydro; Secondary Energy|Electricity|Hydrogen; Secondary Energy|Electricity|Nuclear; Secondary Energy|Electricity|Oil; Secondary Energy|Electricity|Other; Secondary Energy|Electricity|Solar|CSP; Secondary Energy|Electricity|Solar|PV|1; Secondary Energy|Electricity|Solar|PV|2; Secondary Energy|Electricity|Storage; Secondary Energy|Electricity|Wave; Secondary Energy|Electricity|Wind|1; Secondary Energy|Electricity|Wind|2,Direct sum of reported IMAGE variables
IMAGE,3.4,SSP2-VLHO,World,2070,Secondary carrier indicator,Hydrogen output,,EJ/yr,World,IMAGE 3.4_SSP2_VLHO.xlsx,17.483712,Secondary Energy|Hydrogen|Biomass; Secondary Energy|Hydrogen|Coal; Secondary Energy|Hydrogen|Electricity; Secondary Energy|Hydrogen|Gas; Secondary Energy|Hydrogen|Oil,Direct sum of reported IMAGE variables
IMAGE,3.4,SSP2-VLHO,World,2070,Secondary carrier indicator,Liquid-fuel consumption,,EJ/yr,World,IMAGE 3.4_SSP2_VLHO.xlsx,67.193117,Secondary Energy|Consumption|Liquids|Fossil; Secondary Energy|Consumption|Liquids|Biomass|Biodiesel|Oilcrops|w/CCS; Secondary Energy|Consumption|Liquids|Biomass|Biodiesel|Oilcrops|w/oCCS; Secondary Energy|Consumption|Liquids|Biomass|Ethanol|Grassy|w/CCS; Secondary Energy|Consumption|Liquids|Biomass|Ethanol|Grassy|w/oCCS; Secondary Energy|Consumption|Liquids|Biomass|Ethanol|Maize|w/CCS; Secondary Energy|Consumption|Liquids|Biomass|Ethanol|Maize|w/oCCS; Secondary Energy|Consumption|Liquids|Biomass|Ethanol|Sugar|w/CCS; Secondary Energy|Consumption|Liquids|Biomass|Ethanol|Sugar|w/oCCS; Secondary Energy|Consumption|Liquids|Biomass|Ethanol|Woody|w/CCS; Secondary Energy|Consumption|Liquids|Biomass|Ethanol|Woody|w/oCCS; Secondary Energy|Consumption|Liquids|Biomass|FT Diesel|Grassy|w/CCS; Secondary Energy|Consumption|Liquids|Biomass|FT Diesel|Grassy|w/oCCS; Secondary Energy|Consumption|Liquids|Biomass|FT Diesel|Woody|w/CCS; Secondary Energy|Consumption|Liquids|Biomass|FT Diesel|Woody|w/oCCS; Secondary Energy|Consumption|Liquids|Biomass|Methanol|Grassy|w/CCS; Secondary Energy|Consumption|Liquids|Biomass|Methanol|Grassy|w/oCCS; Secondary Energy|Consumption|Liquids|Biomass|Methanol|Woody|w/CCS; Secondary Energy|Consumption|Liquids|Biomass|Methanol|Woody|w/oCCS,Direct sum of reported IMAGE variables
IMAGE,3.4,SSP2-VLHO,World,2080,Final energy flow,Electricity,Buildings,EJ/yr,World,IMAGE 3.4_SSP2_VLHO.xlsx,161.620971,Final Energy|Commercial|Appliances|Electricity; Final Energy|Commercial|Cooking|Electricity; Final Energy|Commercial|Cooling|Electricity; Final Energy|Commercial|Lighting|Electricity; Final Energy|Commercial|Space Heating|Electricity; Final Energy|Commercial|Water Heating|Electricity; Final Energy|Residential|Cooking|Electricity; Final Energy|Residential|Space Heating|Electricity; Final Energy|Residential|Water Heating|Electricity; Final Energy|Residential|Cleaning Appliances|Electricity; Final Energy|Residential|Cooling Appliance|Electricity; Final Energy|Residential|Refrigeration|Electricity; Final Energy|Residential|Small Appliances|Electricity,Direct sum of reported IMAGE variables
IMAGE,3.4,SSP2-VLHO,World,2080,Final energy flow,Electricity,Industry,EJ/yr,World,IMAGE 3.4_SSP2_VLHO.xlsx,130.119966,Final Energy|Industry|Chemicals|Electricity; Final Energy|Industry|Fertilizer production|Electricity; Final Energy|Industry|Food Processing|Electricity; Final Energy|Industry|Iron and Steel|Electricity; Final Energy|Industry|Non-Metallic Minerals|Electricity; Final Energy|Industry|Other Sector|Electricity; Final Energy|Industry|Pulp and Paper|Electricity,Direct sum of reported IMAGE variables
IMAGE,3.4,SSP2-VLHO,World,2080,Final energy flow,Electricity,Transport,EJ/yr,World,IMAGE 3.4_SSP2_VLHO.xlsx,51.722118,Final Energy|Transportation|Passenger; Final Energy|Transportation|Passenger|Bus|Electricity; Final Energy|Transportation|Passenger|Domestic Aviation|Electricity; Final Energy|Transportation|Passenger|Light Duty Vehicle|Electricity; Final Energy|Transportation|Passenger|Rail (high speed)|Electricity; Final Energy|Transportation|Passenger|Rail (low speed)|Electricity; Final Energy|Transportation|Freight; Final Energy|Transportation|Freight|Air|Electricity; Final Energy|Transportation|Freight|Heavy Truck|Electricity; Final Energy|Transportation|Freight|International Shipping|Electricity; Final Energy|Transportation|Freight|Medium Truck|Electricity; Final Energy|Transportation|Freight|National Shipping|Electricity; Final Energy|Transportation|Freight|Train|Electricity,Passenger modal carrier shares scaled by 1.00000014 to the reported service total; international passenger aviation excluded; Freight modal carrier shares scaled by 0.74025225 to the reported service total; international passenger aviation excluded
IMAGE,3.4,SSP2-VLHO,World,2080,Final energy flow,Gases,Buildings,EJ/yr,World,IMAGE 3.4_SSP2_VLHO.xlsx,0.173364,Final Energy|Commercial|Cooking|Gases; Final Energy|Commercial|Space Heating|Gases; Final Energy|Commercial|Water Heating|Gases; Final Energy|Residential|Cooking|Natural Gas; Final Energy|Residential|Space Heating|Natural Gas; Final Energy|Residential|Water Heating|Natural Gas,Direct sum of reported IMAGE variables
IMAGE,3.4,SSP2-VLHO,World,2080,Final energy flow,Gases,Industry,EJ/yr,World,IMAGE 3.4_SSP2_VLHO.xlsx,13.707698,Final Energy|Industry|Chemicals|Gases; Final Energy|Industry|Fertilizer production|Gases; Final Energy|Industry|Food Processing|Gases; Final Energy|Industry|Iron and Steel|Gases; Final Energy|Industry|Non-Metallic Minerals|Gases; Final Energy|Industry|Other Sector|Gases; Final Energy|Industry|Pulp and Paper|Gases,Direct sum of reported IMAGE variables
IMAGE,3.4,SSP2-VLHO,World,2080,Final energy flow,Gases,Other + carbon management,EJ/yr,World,IMAGE 3.4_SSP2_VLHO.xlsx,30.651750,Final Energy|Carbon Management|Direct Air Capture|Gases,Direct sum of reported IMAGE variables
IMAGE,3.4,SSP2-VLHO,World,2080,Final energy flow,Gases,Transport,EJ/yr,World,IMAGE 3.4_SSP2_VLHO.xlsx,0.000000,Final Energy|Transportation|Passenger; Final Energy|Transportation|Passenger|Bus|Gases; Final Energy|Transportation|Passenger|Domestic Aviation|Gases; Final Energy|Transportation|Passenger|Light Duty Vehicle|Gases; Final Energy|Transportation|Passenger|Rail (high speed)|Gases; Final Energy|Transportation|Passenger|Rail (low speed)|Gases; Final Energy|Transportation|Freight; Final Energy|Transportation|Freight|Air|Gas; Final Energy|Transportation|Freight|Heavy Truck|Gas; Final Energy|Transportation|Freight|International Shipping|Gas; Final Energy|Transportation|Freight|Medium Truck|Gas; Final Energy|Transportation|Freight|National Shipping|Gas; Final Energy|Transportation|Freight|Train|Gas,Passenger modal carrier shares scaled by 1.00000014 to the reported service total; international passenger aviation excluded; Freight modal carrier shares scaled by 0.74025225 to the reported service total; international passenger aviation excluded
IMAGE,3.4,SSP2-VLHO,World,2080,Final energy flow,Heat,Buildings,EJ/yr,World,IMAGE 3.4_SSP2_VLHO.xlsx,9.174759,Final Energy|Commercial|Space Heating|Heat; Final Energy|Commercial|Water Heating|Heat; Final Energy|Residential|Space Heating|Heat; Final Energy|Residential|Water Heating|Heat,Direct sum of reported IMAGE variables
IMAGE,3.4,SSP2-VLHO,World,2080,Final energy flow,Heat,Industry,EJ/yr,World,IMAGE 3.4_SSP2_VLHO.xlsx,3.938441,Final Energy|Industry|Chemicals|Heat; Final Energy|Industry|Fertilizer production|Heat; Final Energy|Industry|Food Processing|Heat; Final Energy|Industry|Iron and Steel|Heat; Final Energy|Industry|Non-Metallic Minerals|Heat; Final Energy|Industry|Other Sector|Heat; Final Energy|Industry|Pulp and Paper|Heat,Direct sum of reported IMAGE variables
IMAGE,3.4,SSP2-VLHO,World,2080,Final energy flow,Heat,Transport,EJ/yr,World,IMAGE 3.4_SSP2_VLHO.xlsx,0.000000,Final Energy|Transportation|Passenger; Final Energy|Transportation|Freight,Passenger modal carrier shares scaled by 1.00000014 to the reported service total; international passenger aviation excluded; Freight modal carrier shares scaled by 0.74025225 to the reported service total; international passenger aviation excluded
IMAGE,3.4,SSP2-VLHO,World,2080,Final energy flow,Hydrogen,Buildings,EJ/yr,World,IMAGE 3.4_SSP2_VLHO.xlsx,0.053601,Final Energy|Commercial|Space Heating|Hydrogen; Final Energy|Commercial|Water Heating|Hydrogen; Final Energy|Residential|Space Heating|Hydrogen; Final Energy|Residential|Water Heating|Hydrogen,Direct sum of reported IMAGE variables
IMAGE,3.4,SSP2-VLHO,World,2080,Final energy flow,Hydrogen,Industry,EJ/yr,World,IMAGE 3.4_SSP2_VLHO.xlsx,3.522780,Final Energy|Industry|Chemicals|Hydrogen; Final Energy|Industry|Fertilizer production|Hydrogen; Final Energy|Industry|Food Processing|Hydrogen; Final Energy|Industry|Iron and Steel|Hydrogen; Final Energy|Industry|Non-Metallic Minerals|Hydrogen; Final Energy|Industry|Other Sector|Hydrogen; Final Energy|Industry|Pulp and Paper|Hydrogen,Direct sum of reported IMAGE variables
IMAGE,3.4,SSP2-VLHO,World,2080,Final energy flow,Hydrogen,Transport,EJ/yr,World,IMAGE 3.4_SSP2_VLHO.xlsx,8.572458,Final Energy|Transportation|Passenger; Final Energy|Transportation|Passenger|Bus|Hydrogen; Final Energy|Transportation|Passenger|Domestic Aviation|Hydrogen; Final Energy|Transportation|Passenger|Light Duty Vehicle|Hydrogen; Final Energy|Transportation|Passenger|Rail (high speed)|Hydrogen; Final Energy|Transportation|Passenger|Rail (low speed)|Hydrogen; Final Energy|Transportation|Freight; Final Energy|Transportation|Freight|Air|Hydrogen; Final Energy|Transportation|Freight|Heavy Truck|Hydrogen; Final Energy|Transportation|Freight|International Shipping|Hydrogen; Final Energy|Transportation|Freight|Medium Truck|Hydrogen; Final Energy|Transportation|Freight|National Shipping|Hydrogen; Final Energy|Transportation|Freight|Train|Hydrogen,Passenger modal carrier shares scaled by 1.00000014 to the reported service total; international passenger aviation excluded; Freight modal carrier shares scaled by 0.74025225 to the reported service total; international passenger aviation excluded
IMAGE,3.4,SSP2-VLHO,World,2080,Final energy flow,Liquids,Buildings,EJ/yr,World,IMAGE 3.4_SSP2_VLHO.xlsx,0.138694,Final Energy|Commercial|Cooking|Liquids; Final Energy|Commercial|Space Heating|Liquids; Final Energy|Commercial|Water Heating|Liquids; Final Energy|Residential|Cooking|Liquid (fossil); Final Energy|Residential|Space Heating|Liquid (fossil); Final Energy|Residential|Water Heating|Liquid (fossil),Direct sum of reported IMAGE variables
IMAGE,3.4,SSP2-VLHO,World,2080,Final energy flow,Liquids,Industry,EJ/yr,World,IMAGE 3.4_SSP2_VLHO.xlsx,9.902486,Final Energy|Industry|Chemicals|Liquids; Final Energy|Industry|Fertilizer production|Liquids; Final Energy|Industry|Food Processing|Liquids; Final Energy|Industry|Iron and Steel|Liquids; Final Energy|Industry|Non-Metallic Minerals|Liquids; Final Energy|Industry|Other Sector|Liquids; Final Energy|Industry|Pulp and Paper|Liquids,Direct sum of reported IMAGE variables
IMAGE,3.4,SSP2-VLHO,World,2080,Final energy flow,Liquids,Transport,EJ/yr,World,IMAGE 3.4_SSP2_VLHO.xlsx,17.190889,Final Energy|Transportation|Passenger; Final Energy|Transportation|Passenger|Bus|Liquids; Final Energy|Transportation|Passenger|Domestic Aviation|Liquids; Final Energy|Transportation|Passenger|Light Duty Vehicle|Liquids; Final Energy|Transportation|Passenger|Rail (high speed)|Liquids; Final Energy|Transportation|Passenger|Rail (low speed)|Liquids; Final Energy|Transportation|Freight; Final Energy|Transportation|Freight|Air|Liquids; Final Energy|Transportation|Freight|Heavy Truck|Liquids; Final Energy|Transportation|Freight|International Shipping|Liquids; Final Energy|Transportation|Freight|Medium Truck|Liquids; Final Energy|Transportation|Freight|National Shipping|Liquids; Final Energy|Transportation|Freight|Train|Liquids,Passenger modal carrier shares scaled by 1.00000014 to the reported service total; international passenger aviation excluded; Freight modal carrier shares scaled by 0.74025225 to the reported service total; international passenger aviation excluded
IMAGE,3.4,SSP2-VLHO,World,2080,Final energy flow,Solids + biomass,Buildings,EJ/yr,World,IMAGE 3.4_SSP2_VLHO.xlsx,16.132047,Final Energy|Commercial|Cooking|Solids; Final Energy|Commercial|Water Heating|Solids; Final Energy|Commercial|Space Heating|Solids|Biomass|Modern; Final Energy|Commercial|Space Heating|Solids|Biomass|Traditional; Final Energy|Commercial|Space Heating|Solids|Fossil; Final Energy|Residential|Cooking|Coal; Final Energy|Residential|Cooking|Modern Biomass; Final Energy|Residential|Cooking|Traditional Biomass; Final Energy|Residential|Space Heating|Coal; Final Energy|Residential|Space Heating|Modern Biomass; Final Energy|Residential|Space Heating|Traditional Biomass; Final Energy|Residential|Water Heating|Coal; Final Energy|Residential|Water Heating|Modern Biomass; Final Energy|Residential|Water Heating|Traditional Biomass,Direct sum of reported IMAGE variables
IMAGE,3.4,SSP2-VLHO,World,2080,Final energy flow,Solids + biomass,Industry,EJ/yr,World,IMAGE 3.4_SSP2_VLHO.xlsx,43.209055,Final Energy|Industry|Chemicals|Solids; Final Energy|Industry|Fertilizer production|Solids; Final Energy|Industry|Food Processing|Solids; Final Energy|Industry|Iron and Steel|Solids; Final Energy|Industry|Non-Metallic Minerals|Solids; Final Energy|Industry|Other Sector|Solids; Final Energy|Industry|Pulp and Paper|Solids,Direct sum of reported IMAGE variables
IMAGE,3.4,SSP2-VLHO,World,2080,Final energy flow,Solids + biomass,Other + carbon management,EJ/yr,World,IMAGE 3.4_SSP2_VLHO.xlsx,0.740710,Final Energy|Other Sector|Solids|Biomass,Direct sum of reported IMAGE variables
IMAGE,3.4,SSP2-VLHO,World,2080,Final energy flow,Solids + biomass,Transport,EJ/yr,World,IMAGE 3.4_SSP2_VLHO.xlsx,0.000000,Final Energy|Transportation|Passenger; Final Energy|Transportation|Freight,Passenger modal carrier shares scaled by 1.00000014 to the reported service total; international passenger aviation excluded; Freight modal carrier shares scaled by 0.74025225 to the reported service total; international passenger aviation excluded
IMAGE,3.4,SSP2-VLHO,World,2080,Primary energy supply,Biomass,,EJ/yr,World,IMAGE 3.4_SSP2_VLHO.xlsx,154.839184,Primary Energy|Biomass,Direct sum of reported IMAGE variables
IMAGE,3.4,SSP2-VLHO,World,2080,Primary energy supply,Fossil,,EJ/yr,World,IMAGE 3.4_SSP2_VLHO.xlsx,161.725188,Primary Energy|Coal; Primary Energy|Gas; Primary Energy|Oil,Direct sum of reported IMAGE variables
IMAGE,3.4,SSP2-VLHO,World,2080,Primary energy supply,Non-biomass renewables,,EJ/yr,World,IMAGE 3.4_SSP2_VLHO.xlsx,441.934852,Primary Energy|Non-Biomass Renewables,Direct sum of reported IMAGE variables
IMAGE,3.4,SSP2-VLHO,World,2080,Primary energy supply,Nuclear + other,,EJ/yr,World,IMAGE 3.4_SSP2_VLHO.xlsx,41.914458,Primary Energy|Nuclear; Primary Energy|Other,Direct sum of reported IMAGE variables
IMAGE,3.4,SSP2-VLHO,World,2080,Secondary carrier indicator,Electricity output,,EJ/yr,World,IMAGE 3.4_SSP2_VLHO.xlsx,500.665025,Secondary Energy|Electricity|Biomass; Secondary Energy|Electricity|Coal; Secondary Energy|Electricity|Gas; Secondary Energy|Electricity|Geothermal; Secondary Energy|Electricity|Hydro; Secondary Energy|Electricity|Hydrogen; Secondary Energy|Electricity|Nuclear; Secondary Energy|Electricity|Oil; Secondary Energy|Electricity|Other; Secondary Energy|Electricity|Solar|CSP; Secondary Energy|Electricity|Solar|PV|1; Secondary Energy|Electricity|Solar|PV|2; Secondary Energy|Electricity|Storage; Secondary Energy|Electricity|Wave; Secondary Energy|Electricity|Wind|1; Secondary Energy|Electricity|Wind|2,Direct sum of reported IMAGE variables
IMAGE,3.4,SSP2-VLHO,World,2080,Secondary carrier indicator,Hydrogen output,,EJ/yr,World,IMAGE 3.4_SSP2_VLHO.xlsx,26.482461,Secondary Energy|Hydrogen|Biomass; Secondary Energy|Hydrogen|Coal; Secondary Energy|Hydrogen|Electricity; Secondary Energy|Hydrogen|Gas; Secondary Energy|Hydrogen|Oil,Direct sum of reported IMAGE variables
IMAGE,3.4,SSP2-VLHO,World,2080,Secondary carrier indicator,Liquid-fuel consumption,,EJ/yr,World,IMAGE 3.4_SSP2_VLHO.xlsx,68.577203,Secondary Energy|Consumption|Liquids|Fossil; Secondary Energy|Consumption|Liquids|Biomass|Biodiesel|Oilcrops|w/CCS; Secondary Energy|Consumption|Liquids|Biomass|Biodiesel|Oilcrops|w/oCCS; Secondary Energy|Consumption|Liquids|Biomass|Ethanol|Grassy|w/CCS; Secondary Energy|Consumption|Liquids|Biomass|Ethanol|Grassy|w/oCCS; Secondary Energy|Consumption|Liquids|Biomass|Ethanol|Maize|w/CCS; Secondary Energy|Consumption|Liquids|Biomass|Ethanol|Maize|w/oCCS; Secondary Energy|Consumption|Liquids|Biomass|Ethanol|Sugar|w/CCS; Secondary Energy|Consumption|Liquids|Biomass|Ethanol|Sugar|w/oCCS; Secondary Energy|Consumption|Liquids|Biomass|Ethanol|Woody|w/CCS; Secondary Energy|Consumption|Liquids|Biomass|Ethanol|Woody|w/oCCS; Secondary Energy|Consumption|Liquids|Biomass|FT Diesel|Grassy|w/CCS; Secondary Energy|Consumption|Liquids|Biomass|FT Diesel|Grassy|w/oCCS; Secondary Energy|Consumption|Liquids|Biomass|FT Diesel|Woody|w/CCS; Secondary Energy|Consumption|Liquids|Biomass|FT Diesel|Woody|w/oCCS; Secondary Energy|Consumption|Liquids|Biomass|Methanol|Grassy|w/CCS; Secondary Energy|Consumption|Liquids|Biomass|Methanol|Grassy|w/oCCS; Secondary Energy|Consumption|Liquids|Biomass|Methanol|Woody|w/CCS; Secondary Energy|Consumption|Liquids|Biomass|Methanol|Woody|w/oCCS,Direct sum of reported IMAGE variables
IMAGE,3.4,SSP2-VLHO,World,2090,Final energy flow,Electricity,Buildings,EJ/yr,World,IMAGE 3.4_SSP2_VLHO.xlsx,182.974903,Final Energy|Commercial|Appliances|Electricity; Final Energy|Commercial|Cooking|Electricity; Final Energy|Commercial|Cooling|Electricity; Final Energy|Commercial|Lighting|Electricity; Final Energy|Commercial|Space Heating|Electricity; Final Energy|Commercial|Water Heating|Electricity; Final Energy|Residential|Cooking|Electricity; Final Energy|Residential|Space Heating|Electricity; Final Energy|Residential|Water Heating|Electricity; Final Energy|Residential|Cleaning Appliances|Electricity; Final Energy|Residential|Cooling Appliance|Electricity; Final Energy|Residential|Refrigeration|Electricity; Final Energy|Residential|Small Appliances|Electricity,Direct sum of reported IMAGE variables
IMAGE,3.4,SSP2-VLHO,World,2090,Final energy flow,Electricity,Industry,EJ/yr,World,IMAGE 3.4_SSP2_VLHO.xlsx,149.956476,Final Energy|Industry|Chemicals|Electricity; Final Energy|Industry|Fertilizer production|Electricity; Final Energy|Industry|Food Processing|Electricity; Final Energy|Industry|Iron and Steel|Electricity; Final Energy|Industry|Non-Metallic Minerals|Electricity; Final Energy|Industry|Other Sector|Electricity; Final Energy|Industry|Pulp and Paper|Electricity,Direct sum of reported IMAGE variables
IMAGE,3.4,SSP2-VLHO,World,2090,Final energy flow,Electricity,Transport,EJ/yr,World,IMAGE 3.4_SSP2_VLHO.xlsx,59.561121,Final Energy|Transportation|Passenger; Final Energy|Transportation|Passenger|Bus|Electricity; Final Energy|Transportation|Passenger|Domestic Aviation|Electricity; Final Energy|Transportation|Passenger|Light Duty Vehicle|Electricity; Final Energy|Transportation|Passenger|Rail (high speed)|Electricity; Final Energy|Transportation|Passenger|Rail (low speed)|Electricity; Final Energy|Transportation|Freight; Final Energy|Transportation|Freight|Air|Electricity; Final Energy|Transportation|Freight|Heavy Truck|Electricity; Final Energy|Transportation|Freight|International Shipping|Electricity; Final Energy|Transportation|Freight|Medium Truck|Electricity; Final Energy|Transportation|Freight|National Shipping|Electricity; Final Energy|Transportation|Freight|Train|Electricity,Passenger modal carrier shares scaled by 1.00000015 to the reported service total; international passenger aviation excluded; Freight modal carrier shares scaled by 0.74401129 to the reported service total; international passenger aviation excluded
IMAGE,3.4,SSP2-VLHO,World,2090,Final energy flow,Gases,Buildings,EJ/yr,World,IMAGE 3.4_SSP2_VLHO.xlsx,0.043274,Final Energy|Commercial|Cooking|Gases; Final Energy|Commercial|Space Heating|Gases; Final Energy|Commercial|Water Heating|Gases; Final Energy|Residential|Cooking|Natural Gas; Final Energy|Residential|Space Heating|Natural Gas; Final Energy|Residential|Water Heating|Natural Gas,Direct sum of reported IMAGE variables
IMAGE,3.4,SSP2-VLHO,World,2090,Final energy flow,Gases,Industry,EJ/yr,World,IMAGE 3.4_SSP2_VLHO.xlsx,11.669724,Final Energy|Industry|Chemicals|Gases; Final Energy|Industry|Fertilizer production|Gases; Final Energy|Industry|Food Processing|Gases; Final Energy|Industry|Iron and Steel|Gases; Final Energy|Industry|Non-Metallic Minerals|Gases; Final Energy|Industry|Other Sector|Gases; Final Energy|Industry|Pulp and Paper|Gases,Direct sum of reported IMAGE variables
IMAGE,3.4,SSP2-VLHO,World,2090,Final energy flow,Gases,Other + carbon management,EJ/yr,World,IMAGE 3.4_SSP2_VLHO.xlsx,31.104449,Final Energy|Carbon Management|Direct Air Capture|Gases,Direct sum of reported IMAGE variables
IMAGE,3.4,SSP2-VLHO,World,2090,Final energy flow,Gases,Transport,EJ/yr,World,IMAGE 3.4_SSP2_VLHO.xlsx,0.000000,Final Energy|Transportation|Passenger; Final Energy|Transportation|Passenger|Bus|Gases; Final Energy|Transportation|Passenger|Domestic Aviation|Gases; Final Energy|Transportation|Passenger|Light Duty Vehicle|Gases; Final Energy|Transportation|Passenger|Rail (high speed)|Gases; Final Energy|Transportation|Passenger|Rail (low speed)|Gases; Final Energy|Transportation|Freight; Final Energy|Transportation|Freight|Air|Gas; Final Energy|Transportation|Freight|Heavy Truck|Gas; Final Energy|Transportation|Freight|International Shipping|Gas; Final Energy|Transportation|Freight|Medium Truck|Gas; Final Energy|Transportation|Freight|National Shipping|Gas; Final Energy|Transportation|Freight|Train|Gas,Passenger modal carrier shares scaled by 1.00000015 to the reported service total; international passenger aviation excluded; Freight modal carrier shares scaled by 0.74401129 to the reported service total; international passenger aviation excluded
IMAGE,3.4,SSP2-VLHO,World,2090,Final energy flow,Heat,Buildings,EJ/yr,World,IMAGE 3.4_SSP2_VLHO.xlsx,7.601480,Final Energy|Commercial|Space Heating|Heat; Final Energy|Commercial|Water Heating|Heat; Final Energy|Residential|Space Heating|Heat; Final Energy|Residential|Water Heating|Heat,Direct sum of reported IMAGE variables
IMAGE,3.4,SSP2-VLHO,World,2090,Final energy flow,Heat,Industry,EJ/yr,World,IMAGE 3.4_SSP2_VLHO.xlsx,3.091091,Final Energy|Industry|Chemicals|Heat; Final Energy|Industry|Fertilizer production|Heat; Final Energy|Industry|Food Processing|Heat; Final Energy|Industry|Iron and Steel|Heat; Final Energy|Industry|Non-Metallic Minerals|Heat; Final Energy|Industry|Other Sector|Heat; Final Energy|Industry|Pulp and Paper|Heat,Direct sum of reported IMAGE variables
IMAGE,3.4,SSP2-VLHO,World,2090,Final energy flow,Heat,Transport,EJ/yr,World,IMAGE 3.4_SSP2_VLHO.xlsx,0.000000,Final Energy|Transportation|Passenger; Final Energy|Transportation|Freight,Passenger modal carrier shares scaled by 1.00000015 to the reported service total; international passenger aviation excluded; Freight modal carrier shares scaled by 0.74401129 to the reported service total; international passenger aviation excluded
IMAGE,3.4,SSP2-VLHO,World,2090,Final energy flow,Hydrogen,Buildings,EJ/yr,World,IMAGE 3.4_SSP2_VLHO.xlsx,0.062818,Final Energy|Commercial|Space Heating|Hydrogen; Final Energy|Commercial|Water Heating|Hydrogen; Final Energy|Residential|Space Heating|Hydrogen; Final Energy|Residential|Water Heating|Hydrogen,Direct sum of reported IMAGE variables
IMAGE,3.4,SSP2-VLHO,World,2090,Final energy flow,Hydrogen,Industry,EJ/yr,World,IMAGE 3.4_SSP2_VLHO.xlsx,3.513528,Final Energy|Industry|Chemicals|Hydrogen; Final Energy|Industry|Fertilizer production|Hydrogen; Final Energy|Industry|Food Processing|Hydrogen; Final Energy|Industry|Iron and Steel|Hydrogen; Final Energy|Industry|Non-Metallic Minerals|Hydrogen; Final Energy|Industry|Other Sector|Hydrogen; Final Energy|Industry|Pulp and Paper|Hydrogen,Direct sum of reported IMAGE variables
IMAGE,3.4,SSP2-VLHO,World,2090,Final energy flow,Hydrogen,Transport,EJ/yr,World,IMAGE 3.4_SSP2_VLHO.xlsx,10.716034,Final Energy|Transportation|Passenger; Final Energy|Transportation|Passenger|Bus|Hydrogen; Final Energy|Transportation|Passenger|Domestic Aviation|Hydrogen; Final Energy|Transportation|Passenger|Light Duty Vehicle|Hydrogen; Final Energy|Transportation|Passenger|Rail (high speed)|Hydrogen; Final Energy|Transportation|Passenger|Rail (low speed)|Hydrogen; Final Energy|Transportation|Freight; Final Energy|Transportation|Freight|Air|Hydrogen; Final Energy|Transportation|Freight|Heavy Truck|Hydrogen; Final Energy|Transportation|Freight|International Shipping|Hydrogen; Final Energy|Transportation|Freight|Medium Truck|Hydrogen; Final Energy|Transportation|Freight|National Shipping|Hydrogen; Final Energy|Transportation|Freight|Train|Hydrogen,Passenger modal carrier shares scaled by 1.00000015 to the reported service total; international passenger aviation excluded; Freight modal carrier shares scaled by 0.74401129 to the reported service total; international passenger aviation excluded
IMAGE,3.4,SSP2-VLHO,World,2090,Final energy flow,Liquids,Buildings,EJ/yr,World,IMAGE 3.4_SSP2_VLHO.xlsx,0.094226,Final Energy|Commercial|Cooking|Liquids; Final Energy|Commercial|Space Heating|Liquids; Final Energy|Commercial|Water Heating|Liquids; Final Energy|Residential|Cooking|Liquid (fossil); Final Energy|Residential|Space Heating|Liquid (fossil); Final Energy|Residential|Water Heating|Liquid (fossil),Direct sum of reported IMAGE variables
IMAGE,3.4,SSP2-VLHO,World,2090,Final energy flow,Liquids,Industry,EJ/yr,World,IMAGE 3.4_SSP2_VLHO.xlsx,9.078113,Final Energy|Industry|Chemicals|Liquids; Final Energy|Industry|Fertilizer production|Liquids; Final Energy|Industry|Food Processing|Liquids; Final Energy|Industry|Iron and Steel|Liquids; Final Energy|Industry|Non-Metallic Minerals|Liquids; Final Energy|Industry|Other Sector|Liquids; Final Energy|Industry|Pulp and Paper|Liquids,Direct sum of reported IMAGE variables
IMAGE,3.4,SSP2-VLHO,World,2090,Final energy flow,Liquids,Transport,EJ/yr,World,IMAGE 3.4_SSP2_VLHO.xlsx,14.980660,Final Energy|Transportation|Passenger; Final Energy|Transportation|Passenger|Bus|Liquids; Final Energy|Transportation|Passenger|Domestic Aviation|Liquids; Final Energy|Transportation|Passenger|Light Duty Vehicle|Liquids; Final Energy|Transportation|Passenger|Rail (high speed)|Liquids; Final Energy|Transportation|Passenger|Rail (low speed)|Liquids; Final Energy|Transportation|Freight; Final Energy|Transportation|Freight|Air|Liquids; Final Energy|Transportation|Freight|Heavy Truck|Liquids; Final Energy|Transportation|Freight|International Shipping|Liquids; Final Energy|Transportation|Freight|Medium Truck|Liquids; Final Energy|Transportation|Freight|National Shipping|Liquids; Final Energy|Transportation|Freight|Train|Liquids,Passenger modal carrier shares scaled by 1.00000015 to the reported service total; international passenger aviation excluded; Freight modal carrier shares scaled by 0.74401129 to the reported service total; international passenger aviation excluded
IMAGE,3.4,SSP2-VLHO,World,2090,Final energy flow,Solids + biomass,Buildings,EJ/yr,World,IMAGE 3.4_SSP2_VLHO.xlsx,17.257226,Final Energy|Commercial|Cooking|Solids; Final Energy|Commercial|Water Heating|Solids; Final Energy|Commercial|Space Heating|Solids|Biomass|Modern; Final Energy|Commercial|Space Heating|Solids|Biomass|Traditional; Final Energy|Commercial|Space Heating|Solids|Fossil; Final Energy|Residential|Cooking|Coal; Final Energy|Residential|Cooking|Modern Biomass; Final Energy|Residential|Cooking|Traditional Biomass; Final Energy|Residential|Space Heating|Coal; Final Energy|Residential|Space Heating|Modern Biomass; Final Energy|Residential|Space Heating|Traditional Biomass; Final Energy|Residential|Water Heating|Coal; Final Energy|Residential|Water Heating|Modern Biomass; Final Energy|Residential|Water Heating|Traditional Biomass,Direct sum of reported IMAGE variables
IMAGE,3.4,SSP2-VLHO,World,2090,Final energy flow,Solids + biomass,Industry,EJ/yr,World,IMAGE 3.4_SSP2_VLHO.xlsx,43.959017,Final Energy|Industry|Chemicals|Solids; Final Energy|Industry|Fertilizer production|Solids; Final Energy|Industry|Food Processing|Solids; Final Energy|Industry|Iron and Steel|Solids; Final Energy|Industry|Non-Metallic Minerals|Solids; Final Energy|Industry|Other Sector|Solids; Final Energy|Industry|Pulp and Paper|Solids,Direct sum of reported IMAGE variables
IMAGE,3.4,SSP2-VLHO,World,2090,Final energy flow,Solids + biomass,Other + carbon management,EJ/yr,World,IMAGE 3.4_SSP2_VLHO.xlsx,0.739968,Final Energy|Other Sector|Solids|Biomass,Direct sum of reported IMAGE variables
IMAGE,3.4,SSP2-VLHO,World,2090,Final energy flow,Solids + biomass,Transport,EJ/yr,World,IMAGE 3.4_SSP2_VLHO.xlsx,0.000000,Final Energy|Transportation|Passenger; Final Energy|Transportation|Freight,Passenger modal carrier shares scaled by 1.00000015 to the reported service total; international passenger aviation excluded; Freight modal carrier shares scaled by 0.74401129 to the reported service total; international passenger aviation excluded
IMAGE,3.4,SSP2-VLHO,World,2090,Primary energy supply,Biomass,,EJ/yr,World,IMAGE 3.4_SSP2_VLHO.xlsx,158.517449,Primary Energy|Biomass,Direct sum of reported IMAGE variables
IMAGE,3.4,SSP2-VLHO,World,2090,Primary energy supply,Fossil,,EJ/yr,World,IMAGE 3.4_SSP2_VLHO.xlsx,151.330466,Primary Energy|Coal; Primary Energy|Gas; Primary Energy|Oil,Direct sum of reported IMAGE variables
IMAGE,3.4,SSP2-VLHO,World,2090,Primary energy supply,Non-biomass renewables,,EJ/yr,World,IMAGE 3.4_SSP2_VLHO.xlsx,515.142356,Primary Energy|Non-Biomass Renewables,Direct sum of reported IMAGE variables
IMAGE,3.4,SSP2-VLHO,World,2090,Primary energy supply,Nuclear + other,,EJ/yr,World,IMAGE 3.4_SSP2_VLHO.xlsx,52.494379,Primary Energy|Nuclear; Primary Energy|Other,Direct sum of reported IMAGE variables
IMAGE,3.4,SSP2-VLHO,World,2090,Secondary carrier indicator,Electricity output,,EJ/yr,World,IMAGE 3.4_SSP2_VLHO.xlsx,567.614634,Secondary Energy|Electricity|Biomass; Secondary Energy|Electricity|Coal; Secondary Energy|Electricity|Gas; Secondary Energy|Electricity|Geothermal; Secondary Energy|Electricity|Hydro; Secondary Energy|Electricity|Hydrogen; Secondary Energy|Electricity|Nuclear; Secondary Energy|Electricity|Oil; Secondary Energy|Electricity|Other; Secondary Energy|Electricity|Solar|CSP; Secondary Energy|Electricity|Solar|PV|1; Secondary Energy|Electricity|Solar|PV|2; Secondary Energy|Electricity|Storage; Secondary Energy|Electricity|Wave; Secondary Energy|Electricity|Wind|1; Secondary Energy|Electricity|Wind|2,Direct sum of reported IMAGE variables
IMAGE,3.4,SSP2-VLHO,World,2090,Secondary carrier indicator,Hydrogen output,,EJ/yr,World,IMAGE 3.4_SSP2_VLHO.xlsx,32.709481,Secondary Energy|Hydrogen|Biomass; Secondary Energy|Hydrogen|Coal; Secondary Energy|Hydrogen|Electricity; Secondary Energy|Hydrogen|Gas; Secondary Energy|Hydrogen|Oil,Direct sum of reported IMAGE variables
IMAGE,3.4,SSP2-VLHO,World,2090,Secondary carrier indicator,Liquid-fuel consumption,,EJ/yr,World,IMAGE 3.4_SSP2_VLHO.xlsx,66.655258,Secondary Energy|Consumption|Liquids|Fossil; Secondary Energy|Consumption|Liquids|Biomass|Biodiesel|Oilcrops|w/CCS; Secondary Energy|Consumption|Liquids|Biomass|Biodiesel|Oilcrops|w/oCCS; Secondary Energy|Consumption|Liquids|Biomass|Ethanol|Grassy|w/CCS; Secondary Energy|Consumption|Liquids|Biomass|Ethanol|Grassy|w/oCCS; Secondary Energy|Consumption|Liquids|Biomass|Ethanol|Maize|w/CCS; Secondary Energy|Consumption|Liquids|Biomass|Ethanol|Maize|w/oCCS; Secondary Energy|Consumption|Liquids|Biomass|Ethanol|Sugar|w/CCS; Secondary Energy|Consumption|Liquids|Biomass|Ethanol|Sugar|w/oCCS; Secondary Energy|Consumption|Liquids|Biomass|Ethanol|Woody|w/CCS; Secondary Energy|Consumption|Liquids|Biomass|Ethanol|Woody|w/oCCS; Secondary Energy|Consumption|Liquids|Biomass|FT Diesel|Grassy|w/CCS; Secondary Energy|Consumption|Liquids|Biomass|FT Diesel|Grassy|w/oCCS; Secondary Energy|Consumption|Liquids|Biomass|FT Diesel|Woody|w/CCS; Secondary Energy|Consumption|Liquids|Biomass|FT Diesel|Woody|w/oCCS; Secondary Energy|Consumption|Liquids|Biomass|Methanol|Grassy|w/CCS; Secondary Energy|Consumption|Liquids|Biomass|Methanol|Grassy|w/oCCS; Secondary Energy|Consumption|Liquids|Biomass|Methanol|Woody|w/CCS; Secondary Energy|Consumption|Liquids|Biomass|Methanol|Woody|w/oCCS,Direct sum of reported IMAGE variables
IMAGE,3.4,SSP2-VLHO,World,2100,Final energy flow,Electricity,Buildings,EJ/yr,World,IMAGE 3.4_SSP2_VLHO.xlsx,203.536571,Final Energy|Commercial|Appliances|Electricity; Final Energy|Commercial|Cooking|Electricity; Final Energy|Commercial|Cooling|Electricity; Final Energy|Commercial|Lighting|Electricity; Final Energy|Commercial|Space Heating|Electricity; Final Energy|Commercial|Water Heating|Electricity; Final Energy|Residential|Cooking|Electricity; Final Energy|Residential|Space Heating|Electricity; Final Energy|Residential|Water Heating|Electricity; Final Energy|Residential|Cleaning Appliances|Electricity; Final Energy|Residential|Cooling Appliance|Electricity; Final Energy|Residential|Refrigeration|Electricity; Final Energy|Residential|Small Appliances|Electricity,Direct sum of reported IMAGE variables
IMAGE,3.4,SSP2-VLHO,World,2100,Final energy flow,Electricity,Industry,EJ/yr,World,IMAGE 3.4_SSP2_VLHO.xlsx,169.534783,Final Energy|Industry|Chemicals|Electricity; Final Energy|Industry|Fertilizer production|Electricity; Final Energy|Industry|Food Processing|Electricity; Final Energy|Industry|Iron and Steel|Electricity; Final Energy|Industry|Non-Metallic Minerals|Electricity; Final Energy|Industry|Other Sector|Electricity; Final Energy|Industry|Pulp and Paper|Electricity,Direct sum of reported IMAGE variables
IMAGE,3.4,SSP2-VLHO,World,2100,Final energy flow,Electricity,Transport,EJ/yr,World,IMAGE 3.4_SSP2_VLHO.xlsx,65.396160,Final Energy|Transportation|Passenger; Final Energy|Transportation|Passenger|Bus|Electricity; Final Energy|Transportation|Passenger|Domestic Aviation|Electricity; Final Energy|Transportation|Passenger|Light Duty Vehicle|Electricity; Final Energy|Transportation|Passenger|Rail (high speed)|Electricity; Final Energy|Transportation|Passenger|Rail (low speed)|Electricity; Final Energy|Transportation|Freight; Final Energy|Transportation|Freight|Air|Electricity; Final Energy|Transportation|Freight|Heavy Truck|Electricity; Final Energy|Transportation|Freight|International Shipping|Electricity; Final Energy|Transportation|Freight|Medium Truck|Electricity; Final Energy|Transportation|Freight|National Shipping|Electricity; Final Energy|Transportation|Freight|Train|Electricity,Passenger modal carrier shares scaled by 0.99999994 to the reported service total; international passenger aviation excluded; Freight modal carrier shares scaled by 0.74770091 to the reported service total; international passenger aviation excluded
IMAGE,3.4,SSP2-VLHO,World,2100,Final energy flow,Gases,Buildings,EJ/yr,World,IMAGE 3.4_SSP2_VLHO.xlsx,0.030784,Final Energy|Commercial|Cooking|Gases; Final Energy|Commercial|Space Heating|Gases; Final Energy|Commercial|Water Heating|Gases; Final Energy|Residential|Cooking|Natural Gas; Final Energy|Residential|Space Heating|Natural Gas; Final Energy|Residential|Water Heating|Natural Gas,Direct sum of reported IMAGE variables
IMAGE,3.4,SSP2-VLHO,World,2100,Final energy flow,Gases,Industry,EJ/yr,World,IMAGE 3.4_SSP2_VLHO.xlsx,10.509070,Final Energy|Industry|Chemicals|Gases; Final Energy|Industry|Fertilizer production|Gases; Final Energy|Industry|Food Processing|Gases; Final Energy|Industry|Iron and Steel|Gases; Final Energy|Industry|Non-Metallic Minerals|Gases; Final Energy|Industry|Other Sector|Gases; Final Energy|Industry|Pulp and Paper|Gases,Direct sum of reported IMAGE variables
IMAGE,3.4,SSP2-VLHO,World,2100,Final energy flow,Gases,Other + carbon management,EJ/yr,World,IMAGE 3.4_SSP2_VLHO.xlsx,31.049420,Final Energy|Carbon Management|Direct Air Capture|Gases,Direct sum of reported IMAGE variables
IMAGE,3.4,SSP2-VLHO,World,2100,Final energy flow,Gases,Transport,EJ/yr,World,IMAGE 3.4_SSP2_VLHO.xlsx,0.000000,Final Energy|Transportation|Passenger; Final Energy|Transportation|Passenger|Bus|Gases; Final Energy|Transportation|Passenger|Domestic Aviation|Gases; Final Energy|Transportation|Passenger|Light Duty Vehicle|Gases; Final Energy|Transportation|Passenger|Rail (high speed)|Gases; Final Energy|Transportation|Passenger|Rail (low speed)|Gases; Final Energy|Transportation|Freight; Final Energy|Transportation|Freight|Air|Gas; Final Energy|Transportation|Freight|Heavy Truck|Gas; Final Energy|Transportation|Freight|International Shipping|Gas; Final Energy|Transportation|Freight|Medium Truck|Gas; Final Energy|Transportation|Freight|National Shipping|Gas; Final Energy|Transportation|Freight|Train|Gas,Passenger modal carrier shares scaled by 0.99999994 to the reported service total; international passenger aviation excluded; Freight modal carrier shares scaled by 0.74770091 to the reported service total; international passenger aviation excluded
IMAGE,3.4,SSP2-VLHO,World,2100,Final energy flow,Heat,Buildings,EJ/yr,World,IMAGE 3.4_SSP2_VLHO.xlsx,6.058453,Final Energy|Commercial|Space Heating|Heat; Final Energy|Commercial|Water Heating|Heat; Final Energy|Residential|Space Heating|Heat; Final Energy|Residential|Water Heating|Heat,Direct sum of reported IMAGE variables
IMAGE,3.4,SSP2-VLHO,World,2100,Final energy flow,Heat,Industry,EJ/yr,World,IMAGE 3.4_SSP2_VLHO.xlsx,2.252649,Final Energy|Industry|Chemicals|Heat; Final Energy|Industry|Fertilizer production|Heat; Final Energy|Industry|Food Processing|Heat; Final Energy|Industry|Iron and Steel|Heat; Final Energy|Industry|Non-Metallic Minerals|Heat; Final Energy|Industry|Other Sector|Heat; Final Energy|Industry|Pulp and Paper|Heat,Direct sum of reported IMAGE variables
IMAGE,3.4,SSP2-VLHO,World,2100,Final energy flow,Heat,Transport,EJ/yr,World,IMAGE 3.4_SSP2_VLHO.xlsx,0.000000,Final Energy|Transportation|Passenger; Final Energy|Transportation|Freight,Passenger modal carrier shares scaled by 0.99999994 to the reported service total; international passenger aviation excluded; Freight modal carrier shares scaled by 0.74770091 to the reported service total; international passenger aviation excluded
IMAGE,3.4,SSP2-VLHO,World,2100,Final energy flow,Hydrogen,Buildings,EJ/yr,World,IMAGE 3.4_SSP2_VLHO.xlsx,0.067868,Final Energy|Commercial|Space Heating|Hydrogen; Final Energy|Commercial|Water Heating|Hydrogen; Final Energy|Residential|Space Heating|Hydrogen; Final Energy|Residential|Water Heating|Hydrogen,Direct sum of reported IMAGE variables
IMAGE,3.4,SSP2-VLHO,World,2100,Final energy flow,Hydrogen,Industry,EJ/yr,World,IMAGE 3.4_SSP2_VLHO.xlsx,3.273593,Final Energy|Industry|Chemicals|Hydrogen; Final Energy|Industry|Fertilizer production|Hydrogen; Final Energy|Industry|Food Processing|Hydrogen; Final Energy|Industry|Iron and Steel|Hydrogen; Final Energy|Industry|Non-Metallic Minerals|Hydrogen; Final Energy|Industry|Other Sector|Hydrogen; Final Energy|Industry|Pulp and Paper|Hydrogen,Direct sum of reported IMAGE variables
IMAGE,3.4,SSP2-VLHO,World,2100,Final energy flow,Hydrogen,Transport,EJ/yr,World,IMAGE 3.4_SSP2_VLHO.xlsx,15.155224,Final Energy|Transportation|Passenger; Final Energy|Transportation|Passenger|Bus|Hydrogen; Final Energy|Transportation|Passenger|Domestic Aviation|Hydrogen; Final Energy|Transportation|Passenger|Light Duty Vehicle|Hydrogen; Final Energy|Transportation|Passenger|Rail (high speed)|Hydrogen; Final Energy|Transportation|Passenger|Rail (low speed)|Hydrogen; Final Energy|Transportation|Freight; Final Energy|Transportation|Freight|Air|Hydrogen; Final Energy|Transportation|Freight|Heavy Truck|Hydrogen; Final Energy|Transportation|Freight|International Shipping|Hydrogen; Final Energy|Transportation|Freight|Medium Truck|Hydrogen; Final Energy|Transportation|Freight|National Shipping|Hydrogen; Final Energy|Transportation|Freight|Train|Hydrogen,Passenger modal carrier shares scaled by 0.99999994 to the reported service total; international passenger aviation excluded; Freight modal carrier shares scaled by 0.74770091 to the reported service total; international passenger aviation excluded
IMAGE,3.4,SSP2-VLHO,World,2100,Final energy flow,Liquids,Buildings,EJ/yr,World,IMAGE 3.4_SSP2_VLHO.xlsx,0.074258,Final Energy|Commercial|Cooking|Liquids; Final Energy|Commercial|Space Heating|Liquids; Final Energy|Commercial|Water Heating|Liquids; Final Energy|Residential|Cooking|Liquid (fossil); Final Energy|Residential|Space Heating|Liquid (fossil); Final Energy|Residential|Water Heating|Liquid (fossil),Direct sum of reported IMAGE variables
IMAGE,3.4,SSP2-VLHO,World,2100,Final energy flow,Liquids,Industry,EJ/yr,World,IMAGE 3.4_SSP2_VLHO.xlsx,7.948278,Final Energy|Industry|Chemicals|Liquids; Final Energy|Industry|Fertilizer production|Liquids; Final Energy|Industry|Food Processing|Liquids; Final Energy|Industry|Iron and Steel|Liquids; Final Energy|Industry|Non-Metallic Minerals|Liquids; Final Energy|Industry|Other Sector|Liquids; Final Energy|Industry|Pulp and Paper|Liquids,Direct sum of reported IMAGE variables
IMAGE,3.4,SSP2-VLHO,World,2100,Final energy flow,Liquids,Transport,EJ/yr,World,IMAGE 3.4_SSP2_VLHO.xlsx,14.195780,Final Energy|Transportation|Passenger; Final Energy|Transportation|Passenger|Bus|Liquids; Final Energy|Transportation|Passenger|Domestic Aviation|Liquids; Final Energy|Transportation|Passenger|Light Duty Vehicle|Liquids; Final Energy|Transportation|Passenger|Rail (high speed)|Liquids; Final Energy|Transportation|Passenger|Rail (low speed)|Liquids; Final Energy|Transportation|Freight; Final Energy|Transportation|Freight|Air|Liquids; Final Energy|Transportation|Freight|Heavy Truck|Liquids; Final Energy|Transportation|Freight|International Shipping|Liquids; Final Energy|Transportation|Freight|Medium Truck|Liquids; Final Energy|Transportation|Freight|National Shipping|Liquids; Final Energy|Transportation|Freight|Train|Liquids,Passenger modal carrier shares scaled by 0.99999994 to the reported service total; international passenger aviation excluded; Freight modal carrier shares scaled by 0.74770091 to the reported service total; international passenger aviation excluded
IMAGE,3.4,SSP2-VLHO,World,2100,Final energy flow,Solids + biomass,Buildings,EJ/yr,World,IMAGE 3.4_SSP2_VLHO.xlsx,17.662267,Final Energy|Commercial|Cooking|Solids; Final Energy|Commercial|Water Heating|Solids; Final Energy|Commercial|Space Heating|Solids|Biomass|Modern; Final Energy|Commercial|Space Heating|Solids|Biomass|Traditional; Final Energy|Commercial|Space Heating|Solids|Fossil; Final Energy|Residential|Cooking|Coal; Final Energy|Residential|Cooking|Modern Biomass; Final Energy|Residential|Cooking|Traditional Biomass; Final Energy|Residential|Space Heating|Coal; Final Energy|Residential|Space Heating|Modern Biomass; Final Energy|Residential|Space Heating|Traditional Biomass; Final Energy|Residential|Water Heating|Coal; Final Energy|Residential|Water Heating|Modern Biomass; Final Energy|Residential|Water Heating|Traditional Biomass,Direct sum of reported IMAGE variables
IMAGE,3.4,SSP2-VLHO,World,2100,Final energy flow,Solids + biomass,Industry,EJ/yr,World,IMAGE 3.4_SSP2_VLHO.xlsx,43.664855,Final Energy|Industry|Chemicals|Solids; Final Energy|Industry|Fertilizer production|Solids; Final Energy|Industry|Food Processing|Solids; Final Energy|Industry|Iron and Steel|Solids; Final Energy|Industry|Non-Metallic Minerals|Solids; Final Energy|Industry|Other Sector|Solids; Final Energy|Industry|Pulp and Paper|Solids,Direct sum of reported IMAGE variables
IMAGE,3.4,SSP2-VLHO,World,2100,Final energy flow,Solids + biomass,Other + carbon management,EJ/yr,World,IMAGE 3.4_SSP2_VLHO.xlsx,0.748023,Final Energy|Other Sector|Solids|Biomass,Direct sum of reported IMAGE variables
IMAGE,3.4,SSP2-VLHO,World,2100,Final energy flow,Solids + biomass,Transport,EJ/yr,World,IMAGE 3.4_SSP2_VLHO.xlsx,0.000000,Final Energy|Transportation|Passenger; Final Energy|Transportation|Freight,Passenger modal carrier shares scaled by 0.99999994 to the reported service total; international passenger aviation excluded; Freight modal carrier shares scaled by 0.74770091 to the reported service total; international passenger aviation excluded
IMAGE,3.4,SSP2-VLHO,World,2100,Primary energy supply,Biomass,,EJ/yr,World,IMAGE 3.4_SSP2_VLHO.xlsx,155.171943,Primary Energy|Biomass,Direct sum of reported IMAGE variables
IMAGE,3.4,SSP2-VLHO,World,2100,Primary energy supply,Fossil,,EJ/yr,World,IMAGE 3.4_SSP2_VLHO.xlsx,148.646540,Primary Energy|Coal; Primary Energy|Gas; Primary Energy|Oil,Direct sum of reported IMAGE variables
IMAGE,3.4,SSP2-VLHO,World,2100,Primary energy supply,Non-biomass renewables,,EJ/yr,World,IMAGE 3.4_SSP2_VLHO.xlsx,586.302063,Primary Energy|Non-Biomass Renewables,Direct sum of reported IMAGE variables
IMAGE,3.4,SSP2-VLHO,World,2100,Primary energy supply,Nuclear + other,,EJ/yr,World,IMAGE 3.4_SSP2_VLHO.xlsx,64.973411,Primary Energy|Nuclear; Primary Energy|Other,Direct sum of reported IMAGE variables
IMAGE,3.4,SSP2-VLHO,World,2100,Secondary carrier indicator,Electricity output,,EJ/yr,World,IMAGE 3.4_SSP2_VLHO.xlsx,635.257554,Secondary Energy|Electricity|Biomass; Secondary Energy|Electricity|Coal; Secondary Energy|Electricity|Gas; Secondary Energy|Electricity|Geothermal; Secondary Energy|Electricity|Hydro; Secondary Energy|Electricity|Hydrogen; Secondary Energy|Electricity|Nuclear; Secondary Energy|Electricity|Oil; Secondary Energy|Electricity|Other; Secondary Energy|Electricity|Solar|CSP; Secondary Energy|Electricity|Solar|PV|1; Secondary Energy|Electricity|Solar|PV|2; Secondary Energy|Electricity|Storage; Secondary Energy|Electricity|Wave; Secondary Energy|Electricity|Wind|1; Secondary Energy|Electricity|Wind|2,Direct sum of reported IMAGE variables
IMAGE,3.4,SSP2-VLHO,World,2100,Secondary carrier indicator,Hydrogen output,,EJ/yr,World,IMAGE 3.4_SSP2_VLHO.xlsx,41.576548,Secondary Energy|Hydrogen|Biomass; Secondary Energy|Hydrogen|Coal; Secondary Energy|Hydrogen|Electricity; Secondary Energy|Hydrogen|Gas; Secondary Energy|Hydrogen|Oil,Direct sum of reported IMAGE variables
IMAGE,3.4,SSP2-VLHO,World,2100,Secondary carrier indicator,Liquid-fuel consumption,,EJ/yr,World,IMAGE 3.4_SSP2_VLHO.xlsx,63.909672,Secondary Energy|Consumption|Liquids|Fossil; Secondary Energy|Consumption|Liquids|Biomass|Biodiesel|Oilcrops|w/CCS; Secondary Energy|Consumption|Liquids|Biomass|Biodiesel|Oilcrops|w/oCCS; Secondary Energy|Consumption|Liquids|Biomass|Ethanol|Grassy|w/CCS; Secondary Energy|Consumption|Liquids|Biomass|Ethanol|Grassy|w/oCCS; Secondary Energy|Consumption|Liquids|Biomass|Ethanol|Maize|w/CCS; Secondary Energy|Consumption|Liquids|Biomass|Ethanol|Maize|w/oCCS; Secondary Energy|Consumption|Liquids|Biomass|Ethanol|Sugar|w/CCS; Secondary Energy|Consumption|Liquids|Biomass|Ethanol|Sugar|w/oCCS; Secondary Energy|Consumption|Liquids|Biomass|Ethanol|Woody|w/CCS; Secondary Energy|Consumption|Liquids|Biomass|Ethanol|Woody|w/oCCS; Secondary Energy|Consumption|Liquids|Biomass|FT Diesel|Grassy|w/CCS; Secondary Energy|Consumption|Liquids|Biomass|FT Diesel|Grassy|w/oCCS; Secondary Energy|Consumption|Liquids|Biomass|FT Diesel|Woody|w/CCS; Secondary Energy|Consumption|Liquids|Biomass|FT Diesel|Woody|w/oCCS; Secondary Energy|Consumption|Liquids|Biomass|Methanol|Grassy|w/CCS; Secondary Energy|Consumption|Liquids|Biomass|Methanol|Grassy|w/oCCS; Secondary Energy|Consumption|Liquids|Biomass|Methanol|Woody|w/CCS; Secondary Energy|Consumption|Liquids|Biomass|Methanol|Woody|w/oCCS,Direct sum of reported IMAGE variables
