model,model_version,scenario,region,layer,group,year,value,unit,source_regions,source_variables,source_file_id
IMAGE,3.4,SSP1-L,World,Primary energy,Coal,2020,157.409297,EJ/yr,World,Primary Energy|Coal,IMAGE 3.4_SSP1_L.xlsx
IMAGE,3.4,SSP1-L,World,Primary energy,Coal,2030,151.005906,EJ/yr,World,Primary Energy|Coal,IMAGE 3.4_SSP1_L.xlsx
IMAGE,3.4,SSP1-L,World,Primary energy,Coal,2040,102.969102,EJ/yr,World,Primary Energy|Coal,IMAGE 3.4_SSP1_L.xlsx
IMAGE,3.4,SSP1-L,World,Primary energy,Coal,2050,39.428691,EJ/yr,World,Primary Energy|Coal,IMAGE 3.4_SSP1_L.xlsx
IMAGE,3.4,SSP1-L,World,Primary energy,Coal,2060,16.864891,EJ/yr,World,Primary Energy|Coal,IMAGE 3.4_SSP1_L.xlsx
IMAGE,3.4,SSP1-L,World,Primary energy,Coal,2070,9.905522,EJ/yr,World,Primary Energy|Coal,IMAGE 3.4_SSP1_L.xlsx
IMAGE,3.4,SSP1-L,World,Primary energy,Coal,2080,7.179968,EJ/yr,World,Primary Energy|Coal,IMAGE 3.4_SSP1_L.xlsx
IMAGE,3.4,SSP1-L,World,Primary energy,Coal,2090,7.365167,EJ/yr,World,Primary Energy|Coal,IMAGE 3.4_SSP1_L.xlsx
IMAGE,3.4,SSP1-L,World,Primary energy,Coal,2100,6.129037,EJ/yr,World,Primary Energy|Coal,IMAGE 3.4_SSP1_L.xlsx
IMAGE,3.4,SSP1-L,World,Primary energy,Oil,2020,173.106094,EJ/yr,World,Primary Energy|Oil,IMAGE 3.4_SSP1_L.xlsx
IMAGE,3.4,SSP1-L,World,Primary energy,Oil,2030,191.540203,EJ/yr,World,Primary Energy|Oil,IMAGE 3.4_SSP1_L.xlsx
IMAGE,3.4,SSP1-L,World,Primary energy,Oil,2040,144.437203,EJ/yr,World,Primary Energy|Oil,IMAGE 3.4_SSP1_L.xlsx
IMAGE,3.4,SSP1-L,World,Primary energy,Oil,2050,106.319898,EJ/yr,World,Primary Energy|Oil,IMAGE 3.4_SSP1_L.xlsx
IMAGE,3.4,SSP1-L,World,Primary energy,Oil,2060,88.843859,EJ/yr,World,Primary Energy|Oil,IMAGE 3.4_SSP1_L.xlsx
IMAGE,3.4,SSP1-L,World,Primary energy,Oil,2070,74.368727,EJ/yr,World,Primary Energy|Oil,IMAGE 3.4_SSP1_L.xlsx
IMAGE,3.4,SSP1-L,World,Primary energy,Oil,2080,63.650359,EJ/yr,World,Primary Energy|Oil,IMAGE 3.4_SSP1_L.xlsx
IMAGE,3.4,SSP1-L,World,Primary energy,Oil,2090,54.070660,EJ/yr,World,Primary Energy|Oil,IMAGE 3.4_SSP1_L.xlsx
IMAGE,3.4,SSP1-L,World,Primary energy,Oil,2100,41.868129,EJ/yr,World,Primary Energy|Oil,IMAGE 3.4_SSP1_L.xlsx
IMAGE,3.4,SSP1-L,World,Primary energy,Gas,2020,135.358797,EJ/yr,World,Primary Energy|Gas,IMAGE 3.4_SSP1_L.xlsx
IMAGE,3.4,SSP1-L,World,Primary energy,Gas,2030,126.760203,EJ/yr,World,Primary Energy|Gas,IMAGE 3.4_SSP1_L.xlsx
IMAGE,3.4,SSP1-L,World,Primary energy,Gas,2040,119.072500,EJ/yr,World,Primary Energy|Gas,IMAGE 3.4_SSP1_L.xlsx
IMAGE,3.4,SSP1-L,World,Primary energy,Gas,2050,112.908000,EJ/yr,World,Primary Energy|Gas,IMAGE 3.4_SSP1_L.xlsx
IMAGE,3.4,SSP1-L,World,Primary energy,Gas,2060,108.398898,EJ/yr,World,Primary Energy|Gas,IMAGE 3.4_SSP1_L.xlsx
IMAGE,3.4,SSP1-L,World,Primary energy,Gas,2070,97.644273,EJ/yr,World,Primary Energy|Gas,IMAGE 3.4_SSP1_L.xlsx
IMAGE,3.4,SSP1-L,World,Primary energy,Gas,2080,84.270203,EJ/yr,World,Primary Energy|Gas,IMAGE 3.4_SSP1_L.xlsx
IMAGE,3.4,SSP1-L,World,Primary energy,Gas,2090,73.494344,EJ/yr,World,Primary Energy|Gas,IMAGE 3.4_SSP1_L.xlsx
IMAGE,3.4,SSP1-L,World,Primary energy,Gas,2100,59.585852,EJ/yr,World,Primary Energy|Gas,IMAGE 3.4_SSP1_L.xlsx
IMAGE,3.4,SSP1-L,World,Primary energy,Biomass,2020,54.897260,EJ/yr,World,Primary Energy|Biomass,IMAGE 3.4_SSP1_L.xlsx
IMAGE,3.4,SSP1-L,World,Primary energy,Biomass,2030,61.302109,EJ/yr,World,Primary Energy|Biomass,IMAGE 3.4_SSP1_L.xlsx
IMAGE,3.4,SSP1-L,World,Primary energy,Biomass,2040,55.694209,EJ/yr,World,Primary Energy|Biomass,IMAGE 3.4_SSP1_L.xlsx
IMAGE,3.4,SSP1-L,World,Primary energy,Biomass,2050,64.712275,EJ/yr,World,Primary Energy|Biomass,IMAGE 3.4_SSP1_L.xlsx
IMAGE,3.4,SSP1-L,World,Primary energy,Biomass,2060,67.939229,EJ/yr,World,Primary Energy|Biomass,IMAGE 3.4_SSP1_L.xlsx
IMAGE,3.4,SSP1-L,World,Primary energy,Biomass,2070,89.774273,EJ/yr,World,Primary Energy|Biomass,IMAGE 3.4_SSP1_L.xlsx
IMAGE,3.4,SSP1-L,World,Primary energy,Biomass,2080,108.329553,EJ/yr,World,Primary Energy|Biomass,IMAGE 3.4_SSP1_L.xlsx
IMAGE,3.4,SSP1-L,World,Primary energy,Biomass,2090,101.940289,EJ/yr,World,Primary Energy|Biomass,IMAGE 3.4_SSP1_L.xlsx
IMAGE,3.4,SSP1-L,World,Primary energy,Biomass,2100,103.594562,EJ/yr,World,Primary Energy|Biomass,IMAGE 3.4_SSP1_L.xlsx
IMAGE,3.4,SSP1-L,World,Primary energy,Nuclear,2020,9.635218,EJ/yr,World,Primary Energy|Nuclear,IMAGE 3.4_SSP1_L.xlsx
IMAGE,3.4,SSP1-L,World,Primary energy,Nuclear,2030,10.800720,EJ/yr,World,Primary Energy|Nuclear,IMAGE 3.4_SSP1_L.xlsx
IMAGE,3.4,SSP1-L,World,Primary energy,Nuclear,2040,8.281055,EJ/yr,World,Primary Energy|Nuclear,IMAGE 3.4_SSP1_L.xlsx
IMAGE,3.4,SSP1-L,World,Primary energy,Nuclear,2050,5.005421,EJ/yr,World,Primary Energy|Nuclear,IMAGE 3.4_SSP1_L.xlsx
IMAGE,3.4,SSP1-L,World,Primary energy,Nuclear,2060,4.510146,EJ/yr,World,Primary Energy|Nuclear,IMAGE 3.4_SSP1_L.xlsx
IMAGE,3.4,SSP1-L,World,Primary energy,Nuclear,2070,6.976545,EJ/yr,World,Primary Energy|Nuclear,IMAGE 3.4_SSP1_L.xlsx
IMAGE,3.4,SSP1-L,World,Primary energy,Nuclear,2080,11.107880,EJ/yr,World,Primary Energy|Nuclear,IMAGE 3.4_SSP1_L.xlsx
IMAGE,3.4,SSP1-L,World,Primary energy,Nuclear,2090,16.489240,EJ/yr,World,Primary Energy|Nuclear,IMAGE 3.4_SSP1_L.xlsx
IMAGE,3.4,SSP1-L,World,Primary energy,Nuclear,2100,18.570590,EJ/yr,World,Primary Energy|Nuclear,IMAGE 3.4_SSP1_L.xlsx
IMAGE,3.4,SSP1-L,World,Primary energy,Non-biomass renewables,2020,24.773921,EJ/yr,World,Primary Energy|Non-Biomass Renewables,IMAGE 3.4_SSP1_L.xlsx
IMAGE,3.4,SSP1-L,World,Primary energy,Non-biomass renewables,2030,52.174436,EJ/yr,World,Primary Energy|Non-Biomass Renewables,IMAGE 3.4_SSP1_L.xlsx
IMAGE,3.4,SSP1-L,World,Primary energy,Non-biomass renewables,2040,107.429975,EJ/yr,World,Primary Energy|Non-Biomass Renewables,IMAGE 3.4_SSP1_L.xlsx
IMAGE,3.4,SSP1-L,World,Primary energy,Non-biomass renewables,2050,197.390555,EJ/yr,World,Primary Energy|Non-Biomass Renewables,IMAGE 3.4_SSP1_L.xlsx
IMAGE,3.4,SSP1-L,World,Primary energy,Non-biomass renewables,2060,281.625743,EJ/yr,World,Primary Energy|Non-Biomass Renewables,IMAGE 3.4_SSP1_L.xlsx
IMAGE,3.4,SSP1-L,World,Primary energy,Non-biomass renewables,2070,345.994557,EJ/yr,World,Primary Energy|Non-Biomass Renewables,IMAGE 3.4_SSP1_L.xlsx
IMAGE,3.4,SSP1-L,World,Primary energy,Non-biomass renewables,2080,387.694637,EJ/yr,World,Primary Energy|Non-Biomass Renewables,IMAGE 3.4_SSP1_L.xlsx
IMAGE,3.4,SSP1-L,World,Primary energy,Non-biomass renewables,2090,419.246888,EJ/yr,World,Primary Energy|Non-Biomass Renewables,IMAGE 3.4_SSP1_L.xlsx
IMAGE,3.4,SSP1-L,World,Primary energy,Non-biomass renewables,2100,436.877376,EJ/yr,World,Primary Energy|Non-Biomass Renewables,IMAGE 3.4_SSP1_L.xlsx
IMAGE,3.4,SSP1-L,World,Secondary electricity,Coal,2020,34.086428,EJ/yr,World,Secondary Energy|Electricity|Coal,IMAGE 3.4_SSP1_L.xlsx
IMAGE,3.4,SSP1-L,World,Secondary electricity,Coal,2030,37.919391,EJ/yr,World,Secondary Energy|Electricity|Coal,IMAGE 3.4_SSP1_L.xlsx
IMAGE,3.4,SSP1-L,World,Secondary electricity,Coal,2040,28.045023,EJ/yr,World,Secondary Energy|Electricity|Coal,IMAGE 3.4_SSP1_L.xlsx
IMAGE,3.4,SSP1-L,World,Secondary electricity,Coal,2050,8.944648,EJ/yr,World,Secondary Energy|Electricity|Coal,IMAGE 3.4_SSP1_L.xlsx
IMAGE,3.4,SSP1-L,World,Secondary electricity,Coal,2060,2.536467,EJ/yr,World,Secondary Energy|Electricity|Coal,IMAGE 3.4_SSP1_L.xlsx
IMAGE,3.4,SSP1-L,World,Secondary electricity,Coal,2070,1.255003,EJ/yr,World,Secondary Energy|Electricity|Coal,IMAGE 3.4_SSP1_L.xlsx
IMAGE,3.4,SSP1-L,World,Secondary electricity,Coal,2080,1.226684,EJ/yr,World,Secondary Energy|Electricity|Coal,IMAGE 3.4_SSP1_L.xlsx
IMAGE,3.4,SSP1-L,World,Secondary electricity,Coal,2090,1.683531,EJ/yr,World,Secondary Energy|Electricity|Coal,IMAGE 3.4_SSP1_L.xlsx
IMAGE,3.4,SSP1-L,World,Secondary electricity,Coal,2100,1.507354,EJ/yr,World,Secondary Energy|Electricity|Coal,IMAGE 3.4_SSP1_L.xlsx
IMAGE,3.4,SSP1-L,World,Secondary electricity,Gas,2020,22.839445,EJ/yr,World,Secondary Energy|Electricity|Gas,IMAGE 3.4_SSP1_L.xlsx
IMAGE,3.4,SSP1-L,World,Secondary electricity,Gas,2030,23.649070,EJ/yr,World,Secondary Energy|Electricity|Gas,IMAGE 3.4_SSP1_L.xlsx
IMAGE,3.4,SSP1-L,World,Secondary electricity,Gas,2040,24.811072,EJ/yr,World,Secondary Energy|Electricity|Gas,IMAGE 3.4_SSP1_L.xlsx
IMAGE,3.4,SSP1-L,World,Secondary electricity,Gas,2050,23.296748,EJ/yr,World,Secondary Energy|Electricity|Gas,IMAGE 3.4_SSP1_L.xlsx
IMAGE,3.4,SSP1-L,World,Secondary electricity,Gas,2060,20.787568,EJ/yr,World,Secondary Energy|Electricity|Gas,IMAGE 3.4_SSP1_L.xlsx
IMAGE,3.4,SSP1-L,World,Secondary electricity,Gas,2070,18.673630,EJ/yr,World,Secondary Energy|Electricity|Gas,IMAGE 3.4_SSP1_L.xlsx
IMAGE,3.4,SSP1-L,World,Secondary electricity,Gas,2080,14.294631,EJ/yr,World,Secondary Energy|Electricity|Gas,IMAGE 3.4_SSP1_L.xlsx
IMAGE,3.4,SSP1-L,World,Secondary electricity,Gas,2090,12.194889,EJ/yr,World,Secondary Energy|Electricity|Gas,IMAGE 3.4_SSP1_L.xlsx
IMAGE,3.4,SSP1-L,World,Secondary electricity,Gas,2100,8.680977,EJ/yr,World,Secondary Energy|Electricity|Gas,IMAGE 3.4_SSP1_L.xlsx
IMAGE,3.4,SSP1-L,World,Secondary electricity,Oil,2020,2.405043,EJ/yr,World,Secondary Energy|Electricity|Oil,IMAGE 3.4_SSP1_L.xlsx
IMAGE,3.4,SSP1-L,World,Secondary electricity,Oil,2030,3.228341,EJ/yr,World,Secondary Energy|Electricity|Oil,IMAGE 3.4_SSP1_L.xlsx
IMAGE,3.4,SSP1-L,World,Secondary electricity,Oil,2040,0.730695,EJ/yr,World,Secondary Energy|Electricity|Oil,IMAGE 3.4_SSP1_L.xlsx
IMAGE,3.4,SSP1-L,World,Secondary electricity,Oil,2050,0.363799,EJ/yr,World,Secondary Energy|Electricity|Oil,IMAGE 3.4_SSP1_L.xlsx
IMAGE,3.4,SSP1-L,World,Secondary electricity,Oil,2060,0.069418,EJ/yr,World,Secondary Energy|Electricity|Oil,IMAGE 3.4_SSP1_L.xlsx
IMAGE,3.4,SSP1-L,World,Secondary electricity,Oil,2070,0.033883,EJ/yr,World,Secondary Energy|Electricity|Oil,IMAGE 3.4_SSP1_L.xlsx
IMAGE,3.4,SSP1-L,World,Secondary electricity,Oil,2080,0.009796,EJ/yr,World,Secondary Energy|Electricity|Oil,IMAGE 3.4_SSP1_L.xlsx
IMAGE,3.4,SSP1-L,World,Secondary electricity,Oil,2090,0.010604,EJ/yr,World,Secondary Energy|Electricity|Oil,IMAGE 3.4_SSP1_L.xlsx
IMAGE,3.4,SSP1-L,World,Secondary electricity,Oil,2100,0.011866,EJ/yr,World,Secondary Energy|Electricity|Oil,IMAGE 3.4_SSP1_L.xlsx
IMAGE,3.4,SSP1-L,World,Secondary electricity,Biomass,2020,2.466505,EJ/yr,World,Secondary Energy|Electricity|Biomass,IMAGE 3.4_SSP1_L.xlsx
IMAGE,3.4,SSP1-L,World,Secondary electricity,Biomass,2030,2.781753,EJ/yr,World,Secondary Energy|Electricity|Biomass,IMAGE 3.4_SSP1_L.xlsx
IMAGE,3.4,SSP1-L,World,Secondary electricity,Biomass,2040,1.752347,EJ/yr,World,Secondary Energy|Electricity|Biomass,IMAGE 3.4_SSP1_L.xlsx
IMAGE,3.4,SSP1-L,World,Secondary electricity,Biomass,2050,3.626400,EJ/yr,World,Secondary Energy|Electricity|Biomass,IMAGE 3.4_SSP1_L.xlsx
IMAGE,3.4,SSP1-L,World,Secondary electricity,Biomass,2060,3.479380,EJ/yr,World,Secondary Energy|Electricity|Biomass,IMAGE 3.4_SSP1_L.xlsx
IMAGE,3.4,SSP1-L,World,Secondary electricity,Biomass,2070,6.170560,EJ/yr,World,Secondary Energy|Electricity|Biomass,IMAGE 3.4_SSP1_L.xlsx
IMAGE,3.4,SSP1-L,World,Secondary electricity,Biomass,2080,10.884180,EJ/yr,World,Secondary Energy|Electricity|Biomass,IMAGE 3.4_SSP1_L.xlsx
IMAGE,3.4,SSP1-L,World,Secondary electricity,Biomass,2090,10.731501,EJ/yr,World,Secondary Energy|Electricity|Biomass,IMAGE 3.4_SSP1_L.xlsx
IMAGE,3.4,SSP1-L,World,Secondary electricity,Biomass,2100,12.587913,EJ/yr,World,Secondary Energy|Electricity|Biomass,IMAGE 3.4_SSP1_L.xlsx
IMAGE,3.4,SSP1-L,World,Secondary electricity,Nuclear,2020,9.635217,EJ/yr,World,Secondary Energy|Electricity|Nuclear,IMAGE 3.4_SSP1_L.xlsx
IMAGE,3.4,SSP1-L,World,Secondary electricity,Nuclear,2030,10.800720,EJ/yr,World,Secondary Energy|Electricity|Nuclear,IMAGE 3.4_SSP1_L.xlsx
IMAGE,3.4,SSP1-L,World,Secondary electricity,Nuclear,2040,8.281055,EJ/yr,World,Secondary Energy|Electricity|Nuclear,IMAGE 3.4_SSP1_L.xlsx
IMAGE,3.4,SSP1-L,World,Secondary electricity,Nuclear,2050,5.005421,EJ/yr,World,Secondary Energy|Electricity|Nuclear,IMAGE 3.4_SSP1_L.xlsx
IMAGE,3.4,SSP1-L,World,Secondary electricity,Nuclear,2060,4.510146,EJ/yr,World,Secondary Energy|Electricity|Nuclear,IMAGE 3.4_SSP1_L.xlsx
IMAGE,3.4,SSP1-L,World,Secondary electricity,Nuclear,2070,6.976545,EJ/yr,World,Secondary Energy|Electricity|Nuclear,IMAGE 3.4_SSP1_L.xlsx
IMAGE,3.4,SSP1-L,World,Secondary electricity,Nuclear,2080,11.107880,EJ/yr,World,Secondary Energy|Electricity|Nuclear,IMAGE 3.4_SSP1_L.xlsx
IMAGE,3.4,SSP1-L,World,Secondary electricity,Nuclear,2090,16.489240,EJ/yr,World,Secondary Energy|Electricity|Nuclear,IMAGE 3.4_SSP1_L.xlsx
IMAGE,3.4,SSP1-L,World,Secondary electricity,Nuclear,2100,18.570590,EJ/yr,World,Secondary Energy|Electricity|Nuclear,IMAGE 3.4_SSP1_L.xlsx
IMAGE,3.4,SSP1-L,World,Secondary electricity,Hydro,2020,15.647039,EJ/yr,World,Secondary Energy|Electricity|Hydro,IMAGE 3.4_SSP1_L.xlsx
IMAGE,3.4,SSP1-L,World,Secondary electricity,Hydro,2030,20.364089,EJ/yr,World,Secondary Energy|Electricity|Hydro,IMAGE 3.4_SSP1_L.xlsx
IMAGE,3.4,SSP1-L,World,Secondary electricity,Hydro,2040,24.622060,EJ/yr,World,Secondary Energy|Electricity|Hydro,IMAGE 3.4_SSP1_L.xlsx
IMAGE,3.4,SSP1-L,World,Secondary electricity,Hydro,2050,23.895331,EJ/yr,World,Secondary Energy|Electricity|Hydro,IMAGE 3.4_SSP1_L.xlsx
IMAGE,3.4,SSP1-L,World,Secondary electricity,Hydro,2060,20.623489,EJ/yr,World,Secondary Energy|Electricity|Hydro,IMAGE 3.4_SSP1_L.xlsx
IMAGE,3.4,SSP1-L,World,Secondary electricity,Hydro,2070,21.406231,EJ/yr,World,Secondary Energy|Electricity|Hydro,IMAGE 3.4_SSP1_L.xlsx
IMAGE,3.4,SSP1-L,World,Secondary electricity,Hydro,2080,20.266990,EJ/yr,World,Secondary Energy|Electricity|Hydro,IMAGE 3.4_SSP1_L.xlsx
IMAGE,3.4,SSP1-L,World,Secondary electricity,Hydro,2090,19.498600,EJ/yr,World,Secondary Energy|Electricity|Hydro,IMAGE 3.4_SSP1_L.xlsx
IMAGE,3.4,SSP1-L,World,Secondary electricity,Hydro,2100,19.645731,EJ/yr,World,Secondary Energy|Electricity|Hydro,IMAGE 3.4_SSP1_L.xlsx
IMAGE,3.4,SSP1-L,World,Secondary electricity,Solar,2020,3.023481,EJ/yr,World,Secondary Energy|Electricity|Solar|CSP; Secondary Energy|Electricity|Solar|PV|1; Secondary Energy|Electricity|Solar|PV|2,IMAGE 3.4_SSP1_L.xlsx
IMAGE,3.4,SSP1-L,World,Secondary electricity,Solar,2030,17.965346,EJ/yr,World,Secondary Energy|Electricity|Solar|CSP; Secondary Energy|Electricity|Solar|PV|1; Secondary Energy|Electricity|Solar|PV|2,IMAGE 3.4_SSP1_L.xlsx
IMAGE,3.4,SSP1-L,World,Secondary electricity,Solar,2040,48.807726,EJ/yr,World,Secondary Energy|Electricity|Solar|CSP; Secondary Energy|Electricity|Solar|PV|1; Secondary Energy|Electricity|Solar|PV|2,IMAGE 3.4_SSP1_L.xlsx
IMAGE,3.4,SSP1-L,World,Secondary electricity,Solar,2050,84.179145,EJ/yr,World,Secondary Energy|Electricity|Solar|CSP; Secondary Energy|Electricity|Solar|PV|1; Secondary Energy|Electricity|Solar|PV|2,IMAGE 3.4_SSP1_L.xlsx
IMAGE,3.4,SSP1-L,World,Secondary electricity,Solar,2060,114.238386,EJ/yr,World,Secondary Energy|Electricity|Solar|CSP; Secondary Energy|Electricity|Solar|PV|1; Secondary Energy|Electricity|Solar|PV|2,IMAGE 3.4_SSP1_L.xlsx
IMAGE,3.4,SSP1-L,World,Secondary electricity,Solar,2070,137.257845,EJ/yr,World,Secondary Energy|Electricity|Solar|CSP; Secondary Energy|Electricity|Solar|PV|1; Secondary Energy|Electricity|Solar|PV|2,IMAGE 3.4_SSP1_L.xlsx
IMAGE,3.4,SSP1-L,World,Secondary electricity,Solar,2080,150.973188,EJ/yr,World,Secondary Energy|Electricity|Solar|CSP; Secondary Energy|Electricity|Solar|PV|1; Secondary Energy|Electricity|Solar|PV|2,IMAGE 3.4_SSP1_L.xlsx
IMAGE,3.4,SSP1-L,World,Secondary electricity,Solar,2090,161.159052,EJ/yr,World,Secondary Energy|Electricity|Solar|CSP; Secondary Energy|Electricity|Solar|PV|1; Secondary Energy|Electricity|Solar|PV|2,IMAGE 3.4_SSP1_L.xlsx
IMAGE,3.4,SSP1-L,World,Secondary electricity,Solar,2100,170.856644,EJ/yr,World,Secondary Energy|Electricity|Solar|CSP; Secondary Energy|Electricity|Solar|PV|1; Secondary Energy|Electricity|Solar|PV|2,IMAGE 3.4_SSP1_L.xlsx
IMAGE,3.4,SSP1-L,World,Secondary electricity,Wind,2020,5.762558,EJ/yr,World,Secondary Energy|Electricity|Wind|1; Secondary Energy|Electricity|Wind|2,IMAGE 3.4_SSP1_L.xlsx
IMAGE,3.4,SSP1-L,World,Secondary electricity,Wind,2030,13.282209,EJ/yr,World,Secondary Energy|Electricity|Wind|1; Secondary Energy|Electricity|Wind|2,IMAGE 3.4_SSP1_L.xlsx
IMAGE,3.4,SSP1-L,World,Secondary electricity,Wind,2040,28.977480,EJ/yr,World,Secondary Energy|Electricity|Wind|1; Secondary Energy|Electricity|Wind|2,IMAGE 3.4_SSP1_L.xlsx
IMAGE,3.4,SSP1-L,World,Secondary electricity,Wind,2050,64.722538,EJ/yr,World,Secondary Energy|Electricity|Wind|1; Secondary Energy|Electricity|Wind|2,IMAGE 3.4_SSP1_L.xlsx
IMAGE,3.4,SSP1-L,World,Secondary electricity,Wind,2060,86.822160,EJ/yr,World,Secondary Energy|Electricity|Wind|1; Secondary Energy|Electricity|Wind|2,IMAGE 3.4_SSP1_L.xlsx
IMAGE,3.4,SSP1-L,World,Secondary electricity,Wind,2070,95.459541,EJ/yr,World,Secondary Energy|Electricity|Wind|1; Secondary Energy|Electricity|Wind|2,IMAGE 3.4_SSP1_L.xlsx
IMAGE,3.4,SSP1-L,World,Secondary electricity,Wind,2080,106.099352,EJ/yr,World,Secondary Energy|Electricity|Wind|1; Secondary Energy|Electricity|Wind|2,IMAGE 3.4_SSP1_L.xlsx
IMAGE,3.4,SSP1-L,World,Secondary electricity,Wind,2090,115.676930,EJ/yr,World,Secondary Energy|Electricity|Wind|1; Secondary Energy|Electricity|Wind|2,IMAGE 3.4_SSP1_L.xlsx
IMAGE,3.4,SSP1-L,World,Secondary electricity,Wind,2100,119.165456,EJ/yr,World,Secondary Energy|Electricity|Wind|1; Secondary Energy|Electricity|Wind|2,IMAGE 3.4_SSP1_L.xlsx
IMAGE,3.4,SSP1-L,World,Secondary electricity,Other,2020,0.376190,EJ/yr,World,Secondary Energy|Electricity|Geothermal; Secondary Energy|Electricity|Hydrogen; Secondary Energy|Electricity|Other; Secondary Energy|Electricity|Storage; Secondary Energy|Electricity|Wave,IMAGE 3.4_SSP1_L.xlsx
IMAGE,3.4,SSP1-L,World,Secondary electricity,Other,2030,0.761831,EJ/yr,World,Secondary Energy|Electricity|Geothermal; Secondary Energy|Electricity|Hydrogen; Secondary Energy|Electricity|Other; Secondary Energy|Electricity|Storage; Secondary Energy|Electricity|Wave,IMAGE 3.4_SSP1_L.xlsx
IMAGE,3.4,SSP1-L,World,Secondary electricity,Other,2040,7.348939,EJ/yr,World,Secondary Energy|Electricity|Geothermal; Secondary Energy|Electricity|Hydrogen; Secondary Energy|Electricity|Other; Secondary Energy|Electricity|Storage; Secondary Energy|Electricity|Wave,IMAGE 3.4_SSP1_L.xlsx
IMAGE,3.4,SSP1-L,World,Secondary electricity,Other,2050,24.470588,EJ/yr,World,Secondary Energy|Electricity|Geothermal; Secondary Energy|Electricity|Hydrogen; Secondary Energy|Electricity|Other; Secondary Energy|Electricity|Storage; Secondary Energy|Electricity|Wave,IMAGE 3.4_SSP1_L.xlsx
IMAGE,3.4,SSP1-L,World,Secondary electricity,Other,2060,36.229725,EJ/yr,World,Secondary Energy|Electricity|Geothermal; Secondary Energy|Electricity|Hydrogen; Secondary Energy|Electricity|Other; Secondary Energy|Electricity|Storage; Secondary Energy|Electricity|Wave,IMAGE 3.4_SSP1_L.xlsx
IMAGE,3.4,SSP1-L,World,Secondary electricity,Other,2070,43.800236,EJ/yr,World,Secondary Energy|Electricity|Geothermal; Secondary Energy|Electricity|Hydrogen; Secondary Energy|Electricity|Other; Secondary Energy|Electricity|Storage; Secondary Energy|Electricity|Wave,IMAGE 3.4_SSP1_L.xlsx
IMAGE,3.4,SSP1-L,World,Secondary electricity,Other,2080,47.666346,EJ/yr,World,Secondary Energy|Electricity|Geothermal; Secondary Energy|Electricity|Hydrogen; Secondary Energy|Electricity|Other; Secondary Energy|Electricity|Storage; Secondary Energy|Electricity|Wave,IMAGE 3.4_SSP1_L.xlsx
IMAGE,3.4,SSP1-L,World,Secondary electricity,Other,2090,51.439743,EJ/yr,World,Secondary Energy|Electricity|Geothermal; Secondary Energy|Electricity|Hydrogen; Secondary Energy|Electricity|Other; Secondary Energy|Electricity|Storage; Secondary Energy|Electricity|Wave,IMAGE 3.4_SSP1_L.xlsx
IMAGE,3.4,SSP1-L,World,Secondary electricity,Other,2100,54.711772,EJ/yr,World,Secondary Energy|Electricity|Geothermal; Secondary Energy|Electricity|Hydrogen; Secondary Energy|Electricity|Other; Secondary Energy|Electricity|Storage; Secondary Energy|Electricity|Wave,IMAGE 3.4_SSP1_L.xlsx
IMAGE,3.4,SSP1-L,World,Final energy,Passenger transport,2020,58.632956,EJ/yr,World,Final Energy|Transportation|Passenger,IMAGE 3.4_SSP1_L.xlsx
IMAGE,3.4,SSP1-L,World,Final energy,Passenger transport,2030,60.505172,EJ/yr,World,Final Energy|Transportation|Passenger,IMAGE 3.4_SSP1_L.xlsx
IMAGE,3.4,SSP1-L,World,Final energy,Passenger transport,2040,50.661747,EJ/yr,World,Final Energy|Transportation|Passenger,IMAGE 3.4_SSP1_L.xlsx
IMAGE,3.4,SSP1-L,World,Final energy,Passenger transport,2050,48.605140,EJ/yr,World,Final Energy|Transportation|Passenger,IMAGE 3.4_SSP1_L.xlsx
IMAGE,3.4,SSP1-L,World,Final energy,Passenger transport,2060,44.289357,EJ/yr,World,Final Energy|Transportation|Passenger,IMAGE 3.4_SSP1_L.xlsx
IMAGE,3.4,SSP1-L,World,Final energy,Passenger transport,2070,43.086871,EJ/yr,World,Final Energy|Transportation|Passenger,IMAGE 3.4_SSP1_L.xlsx
IMAGE,3.4,SSP1-L,World,Final energy,Passenger transport,2080,43.435179,EJ/yr,World,Final Energy|Transportation|Passenger,IMAGE 3.4_SSP1_L.xlsx
IMAGE,3.4,SSP1-L,World,Final energy,Passenger transport,2090,44.512298,EJ/yr,World,Final Energy|Transportation|Passenger,IMAGE 3.4_SSP1_L.xlsx
IMAGE,3.4,SSP1-L,World,Final energy,Passenger transport,2100,46.268943,EJ/yr,World,Final Energy|Transportation|Passenger,IMAGE 3.4_SSP1_L.xlsx
IMAGE,3.4,SSP1-L,World,Final energy,Freight transport,2020,34.590295,EJ/yr,World,Final Energy|Transportation|Freight,IMAGE 3.4_SSP1_L.xlsx
IMAGE,3.4,SSP1-L,World,Final energy,Freight transport,2030,39.967018,EJ/yr,World,Final Energy|Transportation|Freight,IMAGE 3.4_SSP1_L.xlsx
IMAGE,3.4,SSP1-L,World,Final energy,Freight transport,2040,34.654098,EJ/yr,World,Final Energy|Transportation|Freight,IMAGE 3.4_SSP1_L.xlsx
IMAGE,3.4,SSP1-L,World,Final energy,Freight transport,2050,28.279051,EJ/yr,World,Final Energy|Transportation|Freight,IMAGE 3.4_SSP1_L.xlsx
IMAGE,3.4,SSP1-L,World,Final energy,Freight transport,2060,27.714452,EJ/yr,World,Final Energy|Transportation|Freight,IMAGE 3.4_SSP1_L.xlsx
IMAGE,3.4,SSP1-L,World,Final energy,Freight transport,2070,27.912224,EJ/yr,World,Final Energy|Transportation|Freight,IMAGE 3.4_SSP1_L.xlsx
IMAGE,3.4,SSP1-L,World,Final energy,Freight transport,2080,27.535168,EJ/yr,World,Final Energy|Transportation|Freight,IMAGE 3.4_SSP1_L.xlsx
IMAGE,3.4,SSP1-L,World,Final energy,Freight transport,2090,27.500807,EJ/yr,World,Final Energy|Transportation|Freight,IMAGE 3.4_SSP1_L.xlsx
IMAGE,3.4,SSP1-L,World,Final energy,Freight transport,2100,27.290136,EJ/yr,World,Final Energy|Transportation|Freight,IMAGE 3.4_SSP1_L.xlsx
IMAGE,3.4,SSP1-L,World,Final energy,Iron & steel,2020,20.749181,EJ/yr,World,Final Energy|Industry|Iron and Steel,IMAGE 3.4_SSP1_L.xlsx
IMAGE,3.4,SSP1-L,World,Final energy,Iron & steel,2030,20.802920,EJ/yr,World,Final Energy|Industry|Iron and Steel,IMAGE 3.4_SSP1_L.xlsx
IMAGE,3.4,SSP1-L,World,Final energy,Iron & steel,2040,16.624060,EJ/yr,World,Final Energy|Industry|Iron and Steel,IMAGE 3.4_SSP1_L.xlsx
IMAGE,3.4,SSP1-L,World,Final energy,Iron & steel,2050,13.432460,EJ/yr,World,Final Energy|Industry|Iron and Steel,IMAGE 3.4_SSP1_L.xlsx
IMAGE,3.4,SSP1-L,World,Final energy,Iron & steel,2060,12.754450,EJ/yr,World,Final Energy|Industry|Iron and Steel,IMAGE 3.4_SSP1_L.xlsx
IMAGE,3.4,SSP1-L,World,Final energy,Iron & steel,2070,11.678130,EJ/yr,World,Final Energy|Industry|Iron and Steel,IMAGE 3.4_SSP1_L.xlsx
IMAGE,3.4,SSP1-L,World,Final energy,Iron & steel,2080,9.634175,EJ/yr,World,Final Energy|Industry|Iron and Steel,IMAGE 3.4_SSP1_L.xlsx
IMAGE,3.4,SSP1-L,World,Final energy,Iron & steel,2090,7.631635,EJ/yr,World,Final Energy|Industry|Iron and Steel,IMAGE 3.4_SSP1_L.xlsx
IMAGE,3.4,SSP1-L,World,Final energy,Iron & steel,2100,5.706294,EJ/yr,World,Final Energy|Industry|Iron and Steel,IMAGE 3.4_SSP1_L.xlsx
IMAGE,3.4,SSP1-L,World,Final energy,Space heating,2020,43.733359,EJ/yr,World,Final Energy|Residential|Space Heating; Final Energy|Commercial|Space Heating,IMAGE 3.4_SSP1_L.xlsx
IMAGE,3.4,SSP1-L,World,Final energy,Space heating,2030,36.625459,EJ/yr,World,Final Energy|Residential|Space Heating; Final Energy|Commercial|Space Heating,IMAGE 3.4_SSP1_L.xlsx
IMAGE,3.4,SSP1-L,World,Final energy,Space heating,2040,25.996487,EJ/yr,World,Final Energy|Residential|Space Heating; Final Energy|Commercial|Space Heating,IMAGE 3.4_SSP1_L.xlsx
IMAGE,3.4,SSP1-L,World,Final energy,Space heating,2050,22.613736,EJ/yr,World,Final Energy|Residential|Space Heating; Final Energy|Commercial|Space Heating,IMAGE 3.4_SSP1_L.xlsx
IMAGE,3.4,SSP1-L,World,Final energy,Space heating,2060,18.317166,EJ/yr,World,Final Energy|Residential|Space Heating; Final Energy|Commercial|Space Heating,IMAGE 3.4_SSP1_L.xlsx
IMAGE,3.4,SSP1-L,World,Final energy,Space heating,2070,14.423823,EJ/yr,World,Final Energy|Residential|Space Heating; Final Energy|Commercial|Space Heating,IMAGE 3.4_SSP1_L.xlsx
IMAGE,3.4,SSP1-L,World,Final energy,Space heating,2080,12.644060,EJ/yr,World,Final Energy|Residential|Space Heating; Final Energy|Commercial|Space Heating,IMAGE 3.4_SSP1_L.xlsx
IMAGE,3.4,SSP1-L,World,Final energy,Space heating,2090,10.322431,EJ/yr,World,Final Energy|Residential|Space Heating; Final Energy|Commercial|Space Heating,IMAGE 3.4_SSP1_L.xlsx
IMAGE,3.4,SSP1-L,World,Final energy,Space heating,2100,7.916790,EJ/yr,World,Final Energy|Residential|Space Heating; Final Energy|Commercial|Space Heating,IMAGE 3.4_SSP1_L.xlsx
IMAGE,3.4,SSP1-L,Europe (WEU + CEU),Primary energy,Coal,2020,7.004245,EJ/yr,WEU; CEU,Primary Energy|Coal,IMAGE 3.4_SSP1_L.xlsx
IMAGE,3.4,SSP1-L,Europe (WEU + CEU),Primary energy,Coal,2030,5.654361,EJ/yr,WEU; CEU,Primary Energy|Coal,IMAGE 3.4_SSP1_L.xlsx
IMAGE,3.4,SSP1-L,Europe (WEU + CEU),Primary energy,Coal,2040,2.682415,EJ/yr,WEU; CEU,Primary Energy|Coal,IMAGE 3.4_SSP1_L.xlsx
IMAGE,3.4,SSP1-L,Europe (WEU + CEU),Primary energy,Coal,2050,2.125039,EJ/yr,WEU; CEU,Primary Energy|Coal,IMAGE 3.4_SSP1_L.xlsx
IMAGE,3.4,SSP1-L,Europe (WEU + CEU),Primary energy,Coal,2060,1.388414,EJ/yr,WEU; CEU,Primary Energy|Coal,IMAGE 3.4_SSP1_L.xlsx
IMAGE,3.4,SSP1-L,Europe (WEU + CEU),Primary energy,Coal,2070,0.603298,EJ/yr,WEU; CEU,Primary Energy|Coal,IMAGE 3.4_SSP1_L.xlsx
IMAGE,3.4,SSP1-L,Europe (WEU + CEU),Primary energy,Coal,2080,0.447634,EJ/yr,WEU; CEU,Primary Energy|Coal,IMAGE 3.4_SSP1_L.xlsx
IMAGE,3.4,SSP1-L,Europe (WEU + CEU),Primary energy,Coal,2090,1.031677,EJ/yr,WEU; CEU,Primary Energy|Coal,IMAGE 3.4_SSP1_L.xlsx
IMAGE,3.4,SSP1-L,Europe (WEU + CEU),Primary energy,Coal,2100,1.156641,EJ/yr,WEU; CEU,Primary Energy|Coal,IMAGE 3.4_SSP1_L.xlsx
IMAGE,3.4,SSP1-L,Europe (WEU + CEU),Primary energy,Oil,2020,23.514783,EJ/yr,WEU; CEU,Primary Energy|Oil,IMAGE 3.4_SSP1_L.xlsx
IMAGE,3.4,SSP1-L,Europe (WEU + CEU),Primary energy,Oil,2030,24.187659,EJ/yr,WEU; CEU,Primary Energy|Oil,IMAGE 3.4_SSP1_L.xlsx
IMAGE,3.4,SSP1-L,Europe (WEU + CEU),Primary energy,Oil,2040,13.629607,EJ/yr,WEU; CEU,Primary Energy|Oil,IMAGE 3.4_SSP1_L.xlsx
IMAGE,3.4,SSP1-L,Europe (WEU + CEU),Primary energy,Oil,2050,6.725583,EJ/yr,WEU; CEU,Primary Energy|Oil,IMAGE 3.4_SSP1_L.xlsx
IMAGE,3.4,SSP1-L,Europe (WEU + CEU),Primary energy,Oil,2060,6.285006,EJ/yr,WEU; CEU,Primary Energy|Oil,IMAGE 3.4_SSP1_L.xlsx
IMAGE,3.4,SSP1-L,Europe (WEU + CEU),Primary energy,Oil,2070,5.336614,EJ/yr,WEU; CEU,Primary Energy|Oil,IMAGE 3.4_SSP1_L.xlsx
IMAGE,3.4,SSP1-L,Europe (WEU + CEU),Primary energy,Oil,2080,4.305846,EJ/yr,WEU; CEU,Primary Energy|Oil,IMAGE 3.4_SSP1_L.xlsx
IMAGE,3.4,SSP1-L,Europe (WEU + CEU),Primary energy,Oil,2090,3.923657,EJ/yr,WEU; CEU,Primary Energy|Oil,IMAGE 3.4_SSP1_L.xlsx
IMAGE,3.4,SSP1-L,Europe (WEU + CEU),Primary energy,Oil,2100,3.283155,EJ/yr,WEU; CEU,Primary Energy|Oil,IMAGE 3.4_SSP1_L.xlsx
IMAGE,3.4,SSP1-L,Europe (WEU + CEU),Primary energy,Gas,2020,17.174200,EJ/yr,WEU; CEU,Primary Energy|Gas,IMAGE 3.4_SSP1_L.xlsx
IMAGE,3.4,SSP1-L,Europe (WEU + CEU),Primary energy,Gas,2030,10.861790,EJ/yr,WEU; CEU,Primary Energy|Gas,IMAGE 3.4_SSP1_L.xlsx
IMAGE,3.4,SSP1-L,Europe (WEU + CEU),Primary energy,Gas,2040,5.417798,EJ/yr,WEU; CEU,Primary Energy|Gas,IMAGE 3.4_SSP1_L.xlsx
IMAGE,3.4,SSP1-L,Europe (WEU + CEU),Primary energy,Gas,2050,4.705355,EJ/yr,WEU; CEU,Primary Energy|Gas,IMAGE 3.4_SSP1_L.xlsx
IMAGE,3.4,SSP1-L,Europe (WEU + CEU),Primary energy,Gas,2060,4.887948,EJ/yr,WEU; CEU,Primary Energy|Gas,IMAGE 3.4_SSP1_L.xlsx
IMAGE,3.4,SSP1-L,Europe (WEU + CEU),Primary energy,Gas,2070,4.797380,EJ/yr,WEU; CEU,Primary Energy|Gas,IMAGE 3.4_SSP1_L.xlsx
IMAGE,3.4,SSP1-L,Europe (WEU + CEU),Primary energy,Gas,2080,4.099124,EJ/yr,WEU; CEU,Primary Energy|Gas,IMAGE 3.4_SSP1_L.xlsx
IMAGE,3.4,SSP1-L,Europe (WEU + CEU),Primary energy,Gas,2090,3.840360,EJ/yr,WEU; CEU,Primary Energy|Gas,IMAGE 3.4_SSP1_L.xlsx
IMAGE,3.4,SSP1-L,Europe (WEU + CEU),Primary energy,Gas,2100,3.704081,EJ/yr,WEU; CEU,Primary Energy|Gas,IMAGE 3.4_SSP1_L.xlsx
IMAGE,3.4,SSP1-L,Europe (WEU + CEU),Primary energy,Biomass,2020,8.008503,EJ/yr,WEU; CEU,Primary Energy|Biomass,IMAGE 3.4_SSP1_L.xlsx
IMAGE,3.4,SSP1-L,Europe (WEU + CEU),Primary energy,Biomass,2030,8.711707,EJ/yr,WEU; CEU,Primary Energy|Biomass,IMAGE 3.4_SSP1_L.xlsx
IMAGE,3.4,SSP1-L,Europe (WEU + CEU),Primary energy,Biomass,2040,8.016248,EJ/yr,WEU; CEU,Primary Energy|Biomass,IMAGE 3.4_SSP1_L.xlsx
IMAGE,3.4,SSP1-L,Europe (WEU + CEU),Primary energy,Biomass,2050,9.164027,EJ/yr,WEU; CEU,Primary Energy|Biomass,IMAGE 3.4_SSP1_L.xlsx
IMAGE,3.4,SSP1-L,Europe (WEU + CEU),Primary energy,Biomass,2060,8.840132,EJ/yr,WEU; CEU,Primary Energy|Biomass,IMAGE 3.4_SSP1_L.xlsx
IMAGE,3.4,SSP1-L,Europe (WEU + CEU),Primary energy,Biomass,2070,10.941172,EJ/yr,WEU; CEU,Primary Energy|Biomass,IMAGE 3.4_SSP1_L.xlsx
IMAGE,3.4,SSP1-L,Europe (WEU + CEU),Primary energy,Biomass,2080,12.957020,EJ/yr,WEU; CEU,Primary Energy|Biomass,IMAGE 3.4_SSP1_L.xlsx
IMAGE,3.4,SSP1-L,Europe (WEU + CEU),Primary energy,Biomass,2090,12.015858,EJ/yr,WEU; CEU,Primary Energy|Biomass,IMAGE 3.4_SSP1_L.xlsx
IMAGE,3.4,SSP1-L,Europe (WEU + CEU),Primary energy,Biomass,2100,11.791803,EJ/yr,WEU; CEU,Primary Energy|Biomass,IMAGE 3.4_SSP1_L.xlsx
IMAGE,3.4,SSP1-L,Europe (WEU + CEU),Primary energy,Nuclear,2020,2.728134,EJ/yr,WEU; CEU,Primary Energy|Nuclear,IMAGE 3.4_SSP1_L.xlsx
IMAGE,3.4,SSP1-L,Europe (WEU + CEU),Primary energy,Nuclear,2030,2.676024,EJ/yr,WEU; CEU,Primary Energy|Nuclear,IMAGE 3.4_SSP1_L.xlsx
IMAGE,3.4,SSP1-L,Europe (WEU + CEU),Primary energy,Nuclear,2040,1.555863,EJ/yr,WEU; CEU,Primary Energy|Nuclear,IMAGE 3.4_SSP1_L.xlsx
IMAGE,3.4,SSP1-L,Europe (WEU + CEU),Primary energy,Nuclear,2050,0.168406,EJ/yr,WEU; CEU,Primary Energy|Nuclear,IMAGE 3.4_SSP1_L.xlsx
IMAGE,3.4,SSP1-L,Europe (WEU + CEU),Primary energy,Nuclear,2060,0.220481,EJ/yr,WEU; CEU,Primary Energy|Nuclear,IMAGE 3.4_SSP1_L.xlsx
IMAGE,3.4,SSP1-L,Europe (WEU + CEU),Primary energy,Nuclear,2070,0.481948,EJ/yr,WEU; CEU,Primary Energy|Nuclear,IMAGE 3.4_SSP1_L.xlsx
IMAGE,3.4,SSP1-L,Europe (WEU + CEU),Primary energy,Nuclear,2080,0.401930,EJ/yr,WEU; CEU,Primary Energy|Nuclear,IMAGE 3.4_SSP1_L.xlsx
IMAGE,3.4,SSP1-L,Europe (WEU + CEU),Primary energy,Nuclear,2090,0.147237,EJ/yr,WEU; CEU,Primary Energy|Nuclear,IMAGE 3.4_SSP1_L.xlsx
IMAGE,3.4,SSP1-L,Europe (WEU + CEU),Primary energy,Nuclear,2100,0.069314,EJ/yr,WEU; CEU,Primary Energy|Nuclear,IMAGE 3.4_SSP1_L.xlsx
IMAGE,3.4,SSP1-L,Europe (WEU + CEU),Primary energy,Non-biomass renewables,2020,4.405185,EJ/yr,WEU; CEU,Primary Energy|Non-Biomass Renewables,IMAGE 3.4_SSP1_L.xlsx
IMAGE,3.4,SSP1-L,Europe (WEU + CEU),Primary energy,Non-biomass renewables,2030,6.831996,EJ/yr,WEU; CEU,Primary Energy|Non-Biomass Renewables,IMAGE 3.4_SSP1_L.xlsx
IMAGE,3.4,SSP1-L,Europe (WEU + CEU),Primary energy,Non-biomass renewables,2040,13.339834,EJ/yr,WEU; CEU,Primary Energy|Non-Biomass Renewables,IMAGE 3.4_SSP1_L.xlsx
IMAGE,3.4,SSP1-L,Europe (WEU + CEU),Primary energy,Non-biomass renewables,2050,20.562033,EJ/yr,WEU; CEU,Primary Energy|Non-Biomass Renewables,IMAGE 3.4_SSP1_L.xlsx
IMAGE,3.4,SSP1-L,Europe (WEU + CEU),Primary energy,Non-biomass renewables,2060,20.227980,EJ/yr,WEU; CEU,Primary Energy|Non-Biomass Renewables,IMAGE 3.4_SSP1_L.xlsx
IMAGE,3.4,SSP1-L,Europe (WEU + CEU),Primary energy,Non-biomass renewables,2070,19.971405,EJ/yr,WEU; CEU,Primary Energy|Non-Biomass Renewables,IMAGE 3.4_SSP1_L.xlsx
IMAGE,3.4,SSP1-L,Europe (WEU + CEU),Primary energy,Non-biomass renewables,2080,21.040740,EJ/yr,WEU; CEU,Primary Energy|Non-Biomass Renewables,IMAGE 3.4_SSP1_L.xlsx
IMAGE,3.4,SSP1-L,Europe (WEU + CEU),Primary energy,Non-biomass renewables,2090,22.328728,EJ/yr,WEU; CEU,Primary Energy|Non-Biomass Renewables,IMAGE 3.4_SSP1_L.xlsx
IMAGE,3.4,SSP1-L,Europe (WEU + CEU),Primary energy,Non-biomass renewables,2100,20.366924,EJ/yr,WEU; CEU,Primary Energy|Non-Biomass Renewables,IMAGE 3.4_SSP1_L.xlsx
IMAGE,3.4,SSP1-L,Europe (WEU + CEU),Secondary electricity,Coal,2020,1.571970,EJ/yr,WEU; CEU,Secondary Energy|Electricity|Coal,IMAGE 3.4_SSP1_L.xlsx
IMAGE,3.4,SSP1-L,Europe (WEU + CEU),Secondary electricity,Coal,2030,1.518733,EJ/yr,WEU; CEU,Secondary Energy|Electricity|Coal,IMAGE 3.4_SSP1_L.xlsx
IMAGE,3.4,SSP1-L,Europe (WEU + CEU),Secondary electricity,Coal,2040,0.587017,EJ/yr,WEU; CEU,Secondary Energy|Electricity|Coal,IMAGE 3.4_SSP1_L.xlsx
IMAGE,3.4,SSP1-L,Europe (WEU + CEU),Secondary electricity,Coal,2050,0.258031,EJ/yr,WEU; CEU,Secondary Energy|Electricity|Coal,IMAGE 3.4_SSP1_L.xlsx
IMAGE,3.4,SSP1-L,Europe (WEU + CEU),Secondary electricity,Coal,2060,0.139321,EJ/yr,WEU; CEU,Secondary Energy|Electricity|Coal,IMAGE 3.4_SSP1_L.xlsx
IMAGE,3.4,SSP1-L,Europe (WEU + CEU),Secondary electricity,Coal,2070,0.065838,EJ/yr,WEU; CEU,Secondary Energy|Electricity|Coal,IMAGE 3.4_SSP1_L.xlsx
IMAGE,3.4,SSP1-L,Europe (WEU + CEU),Secondary electricity,Coal,2080,0.077964,EJ/yr,WEU; CEU,Secondary Energy|Electricity|Coal,IMAGE 3.4_SSP1_L.xlsx
IMAGE,3.4,SSP1-L,Europe (WEU + CEU),Secondary electricity,Coal,2090,0.182943,EJ/yr,WEU; CEU,Secondary Energy|Electricity|Coal,IMAGE 3.4_SSP1_L.xlsx
IMAGE,3.4,SSP1-L,Europe (WEU + CEU),Secondary electricity,Coal,2100,0.191191,EJ/yr,WEU; CEU,Secondary Energy|Electricity|Coal,IMAGE 3.4_SSP1_L.xlsx
IMAGE,3.4,SSP1-L,Europe (WEU + CEU),Secondary electricity,Gas,2020,2.436005,EJ/yr,WEU; CEU,Secondary Energy|Electricity|Gas,IMAGE 3.4_SSP1_L.xlsx
IMAGE,3.4,SSP1-L,Europe (WEU + CEU),Secondary electricity,Gas,2030,1.871162,EJ/yr,WEU; CEU,Secondary Energy|Electricity|Gas,IMAGE 3.4_SSP1_L.xlsx
IMAGE,3.4,SSP1-L,Europe (WEU + CEU),Secondary electricity,Gas,2040,0.635579,EJ/yr,WEU; CEU,Secondary Energy|Electricity|Gas,IMAGE 3.4_SSP1_L.xlsx
IMAGE,3.4,SSP1-L,Europe (WEU + CEU),Secondary electricity,Gas,2050,0.288412,EJ/yr,WEU; CEU,Secondary Energy|Electricity|Gas,IMAGE 3.4_SSP1_L.xlsx
IMAGE,3.4,SSP1-L,Europe (WEU + CEU),Secondary electricity,Gas,2060,0.319757,EJ/yr,WEU; CEU,Secondary Energy|Electricity|Gas,IMAGE 3.4_SSP1_L.xlsx
IMAGE,3.4,SSP1-L,Europe (WEU + CEU),Secondary electricity,Gas,2070,0.561317,EJ/yr,WEU; CEU,Secondary Energy|Electricity|Gas,IMAGE 3.4_SSP1_L.xlsx
IMAGE,3.4,SSP1-L,Europe (WEU + CEU),Secondary electricity,Gas,2080,0.337110,EJ/yr,WEU; CEU,Secondary Energy|Electricity|Gas,IMAGE 3.4_SSP1_L.xlsx
IMAGE,3.4,SSP1-L,Europe (WEU + CEU),Secondary electricity,Gas,2090,0.279277,EJ/yr,WEU; CEU,Secondary Energy|Electricity|Gas,IMAGE 3.4_SSP1_L.xlsx
IMAGE,3.4,SSP1-L,Europe (WEU + CEU),Secondary electricity,Gas,2100,0.362757,EJ/yr,WEU; CEU,Secondary Energy|Electricity|Gas,IMAGE 3.4_SSP1_L.xlsx
IMAGE,3.4,SSP1-L,Europe (WEU + CEU),Secondary electricity,Oil,2020,0.187311,EJ/yr,WEU; CEU,Secondary Energy|Electricity|Oil,IMAGE 3.4_SSP1_L.xlsx
IMAGE,3.4,SSP1-L,Europe (WEU + CEU),Secondary electricity,Oil,2030,0.361060,EJ/yr,WEU; CEU,Secondary Energy|Electricity|Oil,IMAGE 3.4_SSP1_L.xlsx
IMAGE,3.4,SSP1-L,Europe (WEU + CEU),Secondary electricity,Oil,2040,0.167731,EJ/yr,WEU; CEU,Secondary Energy|Electricity|Oil,IMAGE 3.4_SSP1_L.xlsx
IMAGE,3.4,SSP1-L,Europe (WEU + CEU),Secondary electricity,Oil,2050,0.003094,EJ/yr,WEU; CEU,Secondary Energy|Electricity|Oil,IMAGE 3.4_SSP1_L.xlsx
IMAGE,3.4,SSP1-L,Europe (WEU + CEU),Secondary electricity,Oil,2060,0.000827,EJ/yr,WEU; CEU,Secondary Energy|Electricity|Oil,IMAGE 3.4_SSP1_L.xlsx
IMAGE,3.4,SSP1-L,Europe (WEU + CEU),Secondary electricity,Oil,2070,0.003274,EJ/yr,WEU; CEU,Secondary Energy|Electricity|Oil,IMAGE 3.4_SSP1_L.xlsx
IMAGE,3.4,SSP1-L,Europe (WEU + CEU),Secondary electricity,Oil,2080,0.001373,EJ/yr,WEU; CEU,Secondary Energy|Electricity|Oil,IMAGE 3.4_SSP1_L.xlsx
IMAGE,3.4,SSP1-L,Europe (WEU + CEU),Secondary electricity,Oil,2090,0.000048,EJ/yr,WEU; CEU,Secondary Energy|Electricity|Oil,IMAGE 3.4_SSP1_L.xlsx
IMAGE,3.4,SSP1-L,Europe (WEU + CEU),Secondary electricity,Oil,2100,0.001780,EJ/yr,WEU; CEU,Secondary Energy|Electricity|Oil,IMAGE 3.4_SSP1_L.xlsx
IMAGE,3.4,SSP1-L,Europe (WEU + CEU),Secondary electricity,Biomass,2020,0.833730,EJ/yr,WEU; CEU,Secondary Energy|Electricity|Biomass,IMAGE 3.4_SSP1_L.xlsx
IMAGE,3.4,SSP1-L,Europe (WEU + CEU),Secondary electricity,Biomass,2030,1.017253,EJ/yr,WEU; CEU,Secondary Energy|Electricity|Biomass,IMAGE 3.4_SSP1_L.xlsx
IMAGE,3.4,SSP1-L,Europe (WEU + CEU),Secondary electricity,Biomass,2040,0.440366,EJ/yr,WEU; CEU,Secondary Energy|Electricity|Biomass,IMAGE 3.4_SSP1_L.xlsx
IMAGE,3.4,SSP1-L,Europe (WEU + CEU),Secondary electricity,Biomass,2050,0.194853,EJ/yr,WEU; CEU,Secondary Energy|Electricity|Biomass,IMAGE 3.4_SSP1_L.xlsx
IMAGE,3.4,SSP1-L,Europe (WEU + CEU),Secondary electricity,Biomass,2060,0.087877,EJ/yr,WEU; CEU,Secondary Energy|Electricity|Biomass,IMAGE 3.4_SSP1_L.xlsx
IMAGE,3.4,SSP1-L,Europe (WEU + CEU),Secondary electricity,Biomass,2070,0.398154,EJ/yr,WEU; CEU,Secondary Energy|Electricity|Biomass,IMAGE 3.4_SSP1_L.xlsx
IMAGE,3.4,SSP1-L,Europe (WEU + CEU),Secondary electricity,Biomass,2080,1.076655,EJ/yr,WEU; CEU,Secondary Energy|Electricity|Biomass,IMAGE 3.4_SSP1_L.xlsx
IMAGE,3.4,SSP1-L,Europe (WEU + CEU),Secondary electricity,Biomass,2090,1.017598,EJ/yr,WEU; CEU,Secondary Energy|Electricity|Biomass,IMAGE 3.4_SSP1_L.xlsx
IMAGE,3.4,SSP1-L,Europe (WEU + CEU),Secondary electricity,Biomass,2100,1.186627,EJ/yr,WEU; CEU,Secondary Energy|Electricity|Biomass,IMAGE 3.4_SSP1_L.xlsx
IMAGE,3.4,SSP1-L,Europe (WEU + CEU),Secondary electricity,Nuclear,2020,2.728134,EJ/yr,WEU; CEU,Secondary Energy|Electricity|Nuclear,IMAGE 3.4_SSP1_L.xlsx
IMAGE,3.4,SSP1-L,Europe (WEU + CEU),Secondary electricity,Nuclear,2030,2.676024,EJ/yr,WEU; CEU,Secondary Energy|Electricity|Nuclear,IMAGE 3.4_SSP1_L.xlsx
IMAGE,3.4,SSP1-L,Europe (WEU + CEU),Secondary electricity,Nuclear,2040,1.555863,EJ/yr,WEU; CEU,Secondary Energy|Electricity|Nuclear,IMAGE 3.4_SSP1_L.xlsx
IMAGE,3.4,SSP1-L,Europe (WEU + CEU),Secondary electricity,Nuclear,2050,0.168406,EJ/yr,WEU; CEU,Secondary Energy|Electricity|Nuclear,IMAGE 3.4_SSP1_L.xlsx
IMAGE,3.4,SSP1-L,Europe (WEU + CEU),Secondary electricity,Nuclear,2060,0.220481,EJ/yr,WEU; CEU,Secondary Energy|Electricity|Nuclear,IMAGE 3.4_SSP1_L.xlsx
IMAGE,3.4,SSP1-L,Europe (WEU + CEU),Secondary electricity,Nuclear,2070,0.481948,EJ/yr,WEU; CEU,Secondary Energy|Electricity|Nuclear,IMAGE 3.4_SSP1_L.xlsx
IMAGE,3.4,SSP1-L,Europe (WEU + CEU),Secondary electricity,Nuclear,2080,0.401930,EJ/yr,WEU; CEU,Secondary Energy|Electricity|Nuclear,IMAGE 3.4_SSP1_L.xlsx
IMAGE,3.4,SSP1-L,Europe (WEU + CEU),Secondary electricity,Nuclear,2090,0.147237,EJ/yr,WEU; CEU,Secondary Energy|Electricity|Nuclear,IMAGE 3.4_SSP1_L.xlsx
IMAGE,3.4,SSP1-L,Europe (WEU + CEU),Secondary electricity,Nuclear,2100,0.069314,EJ/yr,WEU; CEU,Secondary Energy|Electricity|Nuclear,IMAGE 3.4_SSP1_L.xlsx
IMAGE,3.4,SSP1-L,Europe (WEU + CEU),Secondary electricity,Hydro,2020,2.049090,EJ/yr,WEU; CEU,Secondary Energy|Electricity|Hydro,IMAGE 3.4_SSP1_L.xlsx
IMAGE,3.4,SSP1-L,Europe (WEU + CEU),Secondary electricity,Hydro,2030,2.116074,EJ/yr,WEU; CEU,Secondary Energy|Electricity|Hydro,IMAGE 3.4_SSP1_L.xlsx
IMAGE,3.4,SSP1-L,Europe (WEU + CEU),Secondary electricity,Hydro,2040,2.552891,EJ/yr,WEU; CEU,Secondary Energy|Electricity|Hydro,IMAGE 3.4_SSP1_L.xlsx
IMAGE,3.4,SSP1-L,Europe (WEU + CEU),Secondary electricity,Hydro,2050,1.745536,EJ/yr,WEU; CEU,Secondary Energy|Electricity|Hydro,IMAGE 3.4_SSP1_L.xlsx
IMAGE,3.4,SSP1-L,Europe (WEU + CEU),Secondary electricity,Hydro,2060,2.134937,EJ/yr,WEU; CEU,Secondary Energy|Electricity|Hydro,IMAGE 3.4_SSP1_L.xlsx
IMAGE,3.4,SSP1-L,Europe (WEU + CEU),Secondary electricity,Hydro,2070,2.226780,EJ/yr,WEU; CEU,Secondary Energy|Electricity|Hydro,IMAGE 3.4_SSP1_L.xlsx
IMAGE,3.4,SSP1-L,Europe (WEU + CEU),Secondary electricity,Hydro,2080,2.069979,EJ/yr,WEU; CEU,Secondary Energy|Electricity|Hydro,IMAGE 3.4_SSP1_L.xlsx
IMAGE,3.4,SSP1-L,Europe (WEU + CEU),Secondary electricity,Hydro,2090,1.478147,EJ/yr,WEU; CEU,Secondary Energy|Electricity|Hydro,IMAGE 3.4_SSP1_L.xlsx
IMAGE,3.4,SSP1-L,Europe (WEU + CEU),Secondary electricity,Hydro,2100,1.798822,EJ/yr,WEU; CEU,Secondary Energy|Electricity|Hydro,IMAGE 3.4_SSP1_L.xlsx
IMAGE,3.4,SSP1-L,Europe (WEU + CEU),Secondary electricity,Solar,2020,0.579181,EJ/yr,WEU; CEU,Secondary Energy|Electricity|Solar|CSP; Secondary Energy|Electricity|Solar|PV|1; Secondary Energy|Electricity|Solar|PV|2,IMAGE 3.4_SSP1_L.xlsx
IMAGE,3.4,SSP1-L,Europe (WEU + CEU),Secondary electricity,Solar,2030,2.222707,EJ/yr,WEU; CEU,Secondary Energy|Electricity|Solar|CSP; Secondary Energy|Electricity|Solar|PV|1; Secondary Energy|Electricity|Solar|PV|2,IMAGE 3.4_SSP1_L.xlsx
IMAGE,3.4,SSP1-L,Europe (WEU + CEU),Secondary electricity,Solar,2040,4.896016,EJ/yr,WEU; CEU,Secondary Energy|Electricity|Solar|CSP; Secondary Energy|Electricity|Solar|PV|1; Secondary Energy|Electricity|Solar|PV|2,IMAGE 3.4_SSP1_L.xlsx
IMAGE,3.4,SSP1-L,Europe (WEU + CEU),Secondary electricity,Solar,2050,5.548735,EJ/yr,WEU; CEU,Secondary Energy|Electricity|Solar|CSP; Secondary Energy|Electricity|Solar|PV|1; Secondary Energy|Electricity|Solar|PV|2,IMAGE 3.4_SSP1_L.xlsx
IMAGE,3.4,SSP1-L,Europe (WEU + CEU),Secondary electricity,Solar,2060,5.548137,EJ/yr,WEU; CEU,Secondary Energy|Electricity|Solar|CSP; Secondary Energy|Electricity|Solar|PV|1; Secondary Energy|Electricity|Solar|PV|2,IMAGE 3.4_SSP1_L.xlsx
IMAGE,3.4,SSP1-L,Europe (WEU + CEU),Secondary electricity,Solar,2070,5.914430,EJ/yr,WEU; CEU,Secondary Energy|Electricity|Solar|CSP; Secondary Energy|Electricity|Solar|PV|1; Secondary Energy|Electricity|Solar|PV|2,IMAGE 3.4_SSP1_L.xlsx
IMAGE,3.4,SSP1-L,Europe (WEU + CEU),Secondary electricity,Solar,2080,6.229333,EJ/yr,WEU; CEU,Secondary Energy|Electricity|Solar|CSP; Secondary Energy|Electricity|Solar|PV|1; Secondary Energy|Electricity|Solar|PV|2,IMAGE 3.4_SSP1_L.xlsx
IMAGE,3.4,SSP1-L,Europe (WEU + CEU),Secondary electricity,Solar,2090,6.396931,EJ/yr,WEU; CEU,Secondary Energy|Electricity|Solar|CSP; Secondary Energy|Electricity|Solar|PV|1; Secondary Energy|Electricity|Solar|PV|2,IMAGE 3.4_SSP1_L.xlsx
IMAGE,3.4,SSP1-L,Europe (WEU + CEU),Secondary electricity,Solar,2100,6.442718,EJ/yr,WEU; CEU,Secondary Energy|Electricity|Solar|CSP; Secondary Energy|Electricity|Solar|PV|1; Secondary Energy|Electricity|Solar|PV|2,IMAGE 3.4_SSP1_L.xlsx
IMAGE,3.4,SSP1-L,Europe (WEU + CEU),Secondary electricity,Wind,2020,1.746864,EJ/yr,WEU; CEU,Secondary Energy|Electricity|Wind|1; Secondary Energy|Electricity|Wind|2,IMAGE 3.4_SSP1_L.xlsx
IMAGE,3.4,SSP1-L,Europe (WEU + CEU),Secondary electricity,Wind,2030,2.459117,EJ/yr,WEU; CEU,Secondary Energy|Electricity|Wind|1; Secondary Energy|Electricity|Wind|2,IMAGE 3.4_SSP1_L.xlsx
IMAGE,3.4,SSP1-L,Europe (WEU + CEU),Secondary electricity,Wind,2040,5.257319,EJ/yr,WEU; CEU,Secondary Energy|Electricity|Wind|1; Secondary Energy|Electricity|Wind|2,IMAGE 3.4_SSP1_L.xlsx
IMAGE,3.4,SSP1-L,Europe (WEU + CEU),Secondary electricity,Wind,2050,10.634735,EJ/yr,WEU; CEU,Secondary Energy|Electricity|Wind|1; Secondary Energy|Electricity|Wind|2,IMAGE 3.4_SSP1_L.xlsx
IMAGE,3.4,SSP1-L,Europe (WEU + CEU),Secondary electricity,Wind,2060,10.482821,EJ/yr,WEU; CEU,Secondary Energy|Electricity|Wind|1; Secondary Energy|Electricity|Wind|2,IMAGE 3.4_SSP1_L.xlsx
IMAGE,3.4,SSP1-L,Europe (WEU + CEU),Secondary electricity,Wind,2070,10.171025,EJ/yr,WEU; CEU,Secondary Energy|Electricity|Wind|1; Secondary Energy|Electricity|Wind|2,IMAGE 3.4_SSP1_L.xlsx
IMAGE,3.4,SSP1-L,Europe (WEU + CEU),Secondary electricity,Wind,2080,10.663922,EJ/yr,WEU; CEU,Secondary Energy|Electricity|Wind|1; Secondary Energy|Electricity|Wind|2,IMAGE 3.4_SSP1_L.xlsx
IMAGE,3.4,SSP1-L,Europe (WEU + CEU),Secondary electricity,Wind,2090,11.540699,EJ/yr,WEU; CEU,Secondary Energy|Electricity|Wind|1; Secondary Energy|Electricity|Wind|2,IMAGE 3.4_SSP1_L.xlsx
IMAGE,3.4,SSP1-L,Europe (WEU + CEU),Secondary electricity,Wind,2100,10.221187,EJ/yr,WEU; CEU,Secondary Energy|Electricity|Wind|1; Secondary Energy|Electricity|Wind|2,IMAGE 3.4_SSP1_L.xlsx
IMAGE,3.4,SSP1-L,Europe (WEU + CEU),Secondary electricity,Other,2020,0.031391,EJ/yr,WEU; CEU,Secondary Energy|Electricity|Geothermal; Secondary Energy|Electricity|Hydrogen; Secondary Energy|Electricity|Other; Secondary Energy|Electricity|Storage; Secondary Energy|Electricity|Wave,IMAGE 3.4_SSP1_L.xlsx
IMAGE,3.4,SSP1-L,Europe (WEU + CEU),Secondary electricity,Other,2030,0.040628,EJ/yr,WEU; CEU,Secondary Energy|Electricity|Geothermal; Secondary Energy|Electricity|Hydrogen; Secondary Energy|Electricity|Other; Secondary Energy|Electricity|Storage; Secondary Energy|Electricity|Wave,IMAGE 3.4_SSP1_L.xlsx
IMAGE,3.4,SSP1-L,Europe (WEU + CEU),Secondary electricity,Other,2040,0.991276,EJ/yr,WEU; CEU,Secondary Energy|Electricity|Geothermal; Secondary Energy|Electricity|Hydrogen; Secondary Energy|Electricity|Other; Secondary Energy|Electricity|Storage; Secondary Energy|Electricity|Wave,IMAGE 3.4_SSP1_L.xlsx
IMAGE,3.4,SSP1-L,Europe (WEU + CEU),Secondary electricity,Other,2050,1.188349,EJ/yr,WEU; CEU,Secondary Energy|Electricity|Geothermal; Secondary Energy|Electricity|Hydrogen; Secondary Energy|Electricity|Other; Secondary Energy|Electricity|Storage; Secondary Energy|Electricity|Wave,IMAGE 3.4_SSP1_L.xlsx
IMAGE,3.4,SSP1-L,Europe (WEU + CEU),Secondary electricity,Other,2060,1.134172,EJ/yr,WEU; CEU,Secondary Energy|Electricity|Geothermal; Secondary Energy|Electricity|Hydrogen; Secondary Energy|Electricity|Other; Secondary Energy|Electricity|Storage; Secondary Energy|Electricity|Wave,IMAGE 3.4_SSP1_L.xlsx
IMAGE,3.4,SSP1-L,Europe (WEU + CEU),Secondary electricity,Other,2070,1.147981,EJ/yr,WEU; CEU,Secondary Energy|Electricity|Geothermal; Secondary Energy|Electricity|Hydrogen; Secondary Energy|Electricity|Other; Secondary Energy|Electricity|Storage; Secondary Energy|Electricity|Wave,IMAGE 3.4_SSP1_L.xlsx
IMAGE,3.4,SSP1-L,Europe (WEU + CEU),Secondary electricity,Other,2080,1.320060,EJ/yr,WEU; CEU,Secondary Energy|Electricity|Geothermal; Secondary Energy|Electricity|Hydrogen; Secondary Energy|Electricity|Other; Secondary Energy|Electricity|Storage; Secondary Energy|Electricity|Wave,IMAGE 3.4_SSP1_L.xlsx
IMAGE,3.4,SSP1-L,Europe (WEU + CEU),Secondary electricity,Other,2090,1.368630,EJ/yr,WEU; CEU,Secondary Energy|Electricity|Geothermal; Secondary Energy|Electricity|Hydrogen; Secondary Energy|Electricity|Other; Secondary Energy|Electricity|Storage; Secondary Energy|Electricity|Wave,IMAGE 3.4_SSP1_L.xlsx
IMAGE,3.4,SSP1-L,Europe (WEU + CEU),Secondary electricity,Other,2100,1.410061,EJ/yr,WEU; CEU,Secondary Energy|Electricity|Geothermal; Secondary Energy|Electricity|Hydrogen; Secondary Energy|Electricity|Other; Secondary Energy|Electricity|Storage; Secondary Energy|Electricity|Wave,IMAGE 3.4_SSP1_L.xlsx
IMAGE,3.4,SSP1-L,Europe (WEU + CEU),Final energy,Passenger transport,2020,7.559552,EJ/yr,WEU; CEU,Final Energy|Transportation|Passenger,IMAGE 3.4_SSP1_L.xlsx
IMAGE,3.4,SSP1-L,Europe (WEU + CEU),Final energy,Passenger transport,2030,6.971029,EJ/yr,WEU; CEU,Final Energy|Transportation|Passenger,IMAGE 3.4_SSP1_L.xlsx
IMAGE,3.4,SSP1-L,Europe (WEU + CEU),Final energy,Passenger transport,2040,4.683610,EJ/yr,WEU; CEU,Final Energy|Transportation|Passenger,IMAGE 3.4_SSP1_L.xlsx
IMAGE,3.4,SSP1-L,Europe (WEU + CEU),Final energy,Passenger transport,2050,3.990786,EJ/yr,WEU; CEU,Final Energy|Transportation|Passenger,IMAGE 3.4_SSP1_L.xlsx
IMAGE,3.4,SSP1-L,Europe (WEU + CEU),Final energy,Passenger transport,2060,3.939641,EJ/yr,WEU; CEU,Final Energy|Transportation|Passenger,IMAGE 3.4_SSP1_L.xlsx
IMAGE,3.4,SSP1-L,Europe (WEU + CEU),Final energy,Passenger transport,2070,3.926307,EJ/yr,WEU; CEU,Final Energy|Transportation|Passenger,IMAGE 3.4_SSP1_L.xlsx
IMAGE,3.4,SSP1-L,Europe (WEU + CEU),Final energy,Passenger transport,2080,3.872868,EJ/yr,WEU; CEU,Final Energy|Transportation|Passenger,IMAGE 3.4_SSP1_L.xlsx
IMAGE,3.4,SSP1-L,Europe (WEU + CEU),Final energy,Passenger transport,2090,3.841602,EJ/yr,WEU; CEU,Final Energy|Transportation|Passenger,IMAGE 3.4_SSP1_L.xlsx
IMAGE,3.4,SSP1-L,Europe (WEU + CEU),Final energy,Passenger transport,2100,3.755175,EJ/yr,WEU; CEU,Final Energy|Transportation|Passenger,IMAGE 3.4_SSP1_L.xlsx
IMAGE,3.4,SSP1-L,Europe (WEU + CEU),Final energy,Freight transport,2020,5.052950,EJ/yr,WEU; CEU,Final Energy|Transportation|Freight,IMAGE 3.4_SSP1_L.xlsx
IMAGE,3.4,SSP1-L,Europe (WEU + CEU),Final energy,Freight transport,2030,5.215391,EJ/yr,WEU; CEU,Final Energy|Transportation|Freight,IMAGE 3.4_SSP1_L.xlsx
IMAGE,3.4,SSP1-L,Europe (WEU + CEU),Final energy,Freight transport,2040,4.356234,EJ/yr,WEU; CEU,Final Energy|Transportation|Freight,IMAGE 3.4_SSP1_L.xlsx
IMAGE,3.4,SSP1-L,Europe (WEU + CEU),Final energy,Freight transport,2050,3.679034,EJ/yr,WEU; CEU,Final Energy|Transportation|Freight,IMAGE 3.4_SSP1_L.xlsx
IMAGE,3.4,SSP1-L,Europe (WEU + CEU),Final energy,Freight transport,2060,3.848762,EJ/yr,WEU; CEU,Final Energy|Transportation|Freight,IMAGE 3.4_SSP1_L.xlsx
IMAGE,3.4,SSP1-L,Europe (WEU + CEU),Final energy,Freight transport,2070,3.970208,EJ/yr,WEU; CEU,Final Energy|Transportation|Freight,IMAGE 3.4_SSP1_L.xlsx
IMAGE,3.4,SSP1-L,Europe (WEU + CEU),Final energy,Freight transport,2080,3.973478,EJ/yr,WEU; CEU,Final Energy|Transportation|Freight,IMAGE 3.4_SSP1_L.xlsx
IMAGE,3.4,SSP1-L,Europe (WEU + CEU),Final energy,Freight transport,2090,3.954544,EJ/yr,WEU; CEU,Final Energy|Transportation|Freight,IMAGE 3.4_SSP1_L.xlsx
IMAGE,3.4,SSP1-L,Europe (WEU + CEU),Final energy,Freight transport,2100,3.901290,EJ/yr,WEU; CEU,Final Energy|Transportation|Freight,IMAGE 3.4_SSP1_L.xlsx
IMAGE,3.4,SSP1-L,Europe (WEU + CEU),Final energy,Iron & steel,2020,1.069185,EJ/yr,WEU; CEU,Final Energy|Industry|Iron and Steel,IMAGE 3.4_SSP1_L.xlsx
IMAGE,3.4,SSP1-L,Europe (WEU + CEU),Final energy,Iron & steel,2030,0.850630,EJ/yr,WEU; CEU,Final Energy|Industry|Iron and Steel,IMAGE 3.4_SSP1_L.xlsx
IMAGE,3.4,SSP1-L,Europe (WEU + CEU),Final energy,Iron & steel,2040,0.682179,EJ/yr,WEU; CEU,Final Energy|Industry|Iron and Steel,IMAGE 3.4_SSP1_L.xlsx
IMAGE,3.4,SSP1-L,Europe (WEU + CEU),Final energy,Iron & steel,2050,0.558120,EJ/yr,WEU; CEU,Final Energy|Industry|Iron and Steel,IMAGE 3.4_SSP1_L.xlsx
IMAGE,3.4,SSP1-L,Europe (WEU + CEU),Final energy,Iron & steel,2060,0.447942,EJ/yr,WEU; CEU,Final Energy|Industry|Iron and Steel,IMAGE 3.4_SSP1_L.xlsx
IMAGE,3.4,SSP1-L,Europe (WEU + CEU),Final energy,Iron & steel,2070,0.351377,EJ/yr,WEU; CEU,Final Energy|Industry|Iron and Steel,IMAGE 3.4_SSP1_L.xlsx
IMAGE,3.4,SSP1-L,Europe (WEU + CEU),Final energy,Iron & steel,2080,0.300446,EJ/yr,WEU; CEU,Final Energy|Industry|Iron and Steel,IMAGE 3.4_SSP1_L.xlsx
IMAGE,3.4,SSP1-L,Europe (WEU + CEU),Final energy,Iron & steel,2090,0.255433,EJ/yr,WEU; CEU,Final Energy|Industry|Iron and Steel,IMAGE 3.4_SSP1_L.xlsx
IMAGE,3.4,SSP1-L,Europe (WEU + CEU),Final energy,Iron & steel,2100,0.209773,EJ/yr,WEU; CEU,Final Energy|Industry|Iron and Steel,IMAGE 3.4_SSP1_L.xlsx
IMAGE,3.4,SSP1-L,Europe (WEU + CEU),Final energy,Space heating,2020,9.814929,EJ/yr,WEU; CEU,Final Energy|Residential|Space Heating; Final Energy|Commercial|Space Heating,IMAGE 3.4_SSP1_L.xlsx
IMAGE,3.4,SSP1-L,Europe (WEU + CEU),Final energy,Space heating,2030,6.458525,EJ/yr,WEU; CEU,Final Energy|Residential|Space Heating; Final Energy|Commercial|Space Heating,IMAGE 3.4_SSP1_L.xlsx
IMAGE,3.4,SSP1-L,Europe (WEU + CEU),Final energy,Space heating,2040,2.366703,EJ/yr,WEU; CEU,Final Energy|Residential|Space Heating; Final Energy|Commercial|Space Heating,IMAGE 3.4_SSP1_L.xlsx
IMAGE,3.4,SSP1-L,Europe (WEU + CEU),Final energy,Space heating,2050,1.681550,EJ/yr,WEU; CEU,Final Energy|Residential|Space Heating; Final Energy|Commercial|Space Heating,IMAGE 3.4_SSP1_L.xlsx
IMAGE,3.4,SSP1-L,Europe (WEU + CEU),Final energy,Space heating,2060,1.030864,EJ/yr,WEU; CEU,Final Energy|Residential|Space Heating; Final Energy|Commercial|Space Heating,IMAGE 3.4_SSP1_L.xlsx
IMAGE,3.4,SSP1-L,Europe (WEU + CEU),Final energy,Space heating,2070,0.883689,EJ/yr,WEU; CEU,Final Energy|Residential|Space Heating; Final Energy|Commercial|Space Heating,IMAGE 3.4_SSP1_L.xlsx
IMAGE,3.4,SSP1-L,Europe (WEU + CEU),Final energy,Space heating,2080,0.882513,EJ/yr,WEU; CEU,Final Energy|Residential|Space Heating; Final Energy|Commercial|Space Heating,IMAGE 3.4_SSP1_L.xlsx
IMAGE,3.4,SSP1-L,Europe (WEU + CEU),Final energy,Space heating,2090,0.929588,EJ/yr,WEU; CEU,Final Energy|Residential|Space Heating; Final Energy|Commercial|Space Heating,IMAGE 3.4_SSP1_L.xlsx
IMAGE,3.4,SSP1-L,Europe (WEU + CEU),Final energy,Space heating,2100,0.893235,EJ/yr,WEU; CEU,Final Energy|Residential|Space Heating; Final Energy|Commercial|Space Heating,IMAGE 3.4_SSP1_L.xlsx
IMAGE,3.4,SSP2-VLHO,World,Primary energy,Coal,2020,157.409297,EJ/yr,World,Primary Energy|Coal,IMAGE 3.4_SSP2_VLHO.xlsx
IMAGE,3.4,SSP2-VLHO,World,Primary energy,Coal,2030,161.610203,EJ/yr,World,Primary Energy|Coal,IMAGE 3.4_SSP2_VLHO.xlsx
IMAGE,3.4,SSP2-VLHO,World,Primary energy,Coal,2040,156.134203,EJ/yr,World,Primary Energy|Coal,IMAGE 3.4_SSP2_VLHO.xlsx
IMAGE,3.4,SSP2-VLHO,World,Primary energy,Coal,2050,43.064430,EJ/yr,World,Primary Energy|Coal,IMAGE 3.4_SSP2_VLHO.xlsx
IMAGE,3.4,SSP2-VLHO,World,Primary energy,Coal,2060,22.465600,EJ/yr,World,Primary Energy|Coal,IMAGE 3.4_SSP2_VLHO.xlsx
IMAGE,3.4,SSP2-VLHO,World,Primary energy,Coal,2070,12.922880,EJ/yr,World,Primary Energy|Coal,IMAGE 3.4_SSP2_VLHO.xlsx
IMAGE,3.4,SSP2-VLHO,World,Primary energy,Coal,2080,11.627360,EJ/yr,World,Primary Energy|Coal,IMAGE 3.4_SSP2_VLHO.xlsx
IMAGE,3.4,SSP2-VLHO,World,Primary energy,Coal,2090,10.155470,EJ/yr,World,Primary Energy|Coal,IMAGE 3.4_SSP2_VLHO.xlsx
IMAGE,3.4,SSP2-VLHO,World,Primary energy,Coal,2100,9.873677,EJ/yr,World,Primary Energy|Coal,IMAGE 3.4_SSP2_VLHO.xlsx
IMAGE,3.4,SSP2-VLHO,World,Primary energy,Oil,2020,173.106094,EJ/yr,World,Primary Energy|Oil,IMAGE 3.4_SSP2_VLHO.xlsx
IMAGE,3.4,SSP2-VLHO,World,Primary energy,Oil,2030,205.319203,EJ/yr,World,Primary Energy|Oil,IMAGE 3.4_SSP2_VLHO.xlsx
IMAGE,3.4,SSP2-VLHO,World,Primary energy,Oil,2040,182.482500,EJ/yr,World,Primary Energy|Oil,IMAGE 3.4_SSP2_VLHO.xlsx
IMAGE,3.4,SSP2-VLHO,World,Primary energy,Oil,2050,134.670500,EJ/yr,World,Primary Energy|Oil,IMAGE 3.4_SSP2_VLHO.xlsx
IMAGE,3.4,SSP2-VLHO,World,Primary energy,Oil,2060,76.924477,EJ/yr,World,Primary Energy|Oil,IMAGE 3.4_SSP2_VLHO.xlsx
IMAGE,3.4,SSP2-VLHO,World,Primary energy,Oil,2070,48.076109,EJ/yr,World,Primary Energy|Oil,IMAGE 3.4_SSP2_VLHO.xlsx
IMAGE,3.4,SSP2-VLHO,World,Primary energy,Oil,2080,39.552430,EJ/yr,World,Primary Energy|Oil,IMAGE 3.4_SSP2_VLHO.xlsx
IMAGE,3.4,SSP2-VLHO,World,Primary energy,Oil,2090,37.052699,EJ/yr,World,Primary Energy|Oil,IMAGE 3.4_SSP2_VLHO.xlsx
IMAGE,3.4,SSP2-VLHO,World,Primary energy,Oil,2100,34.532160,EJ/yr,World,Primary Energy|Oil,IMAGE 3.4_SSP2_VLHO.xlsx
IMAGE,3.4,SSP2-VLHO,World,Primary energy,Gas,2020,135.358797,EJ/yr,World,Primary Energy|Gas,IMAGE 3.4_SSP2_VLHO.xlsx
IMAGE,3.4,SSP2-VLHO,World,Primary energy,Gas,2030,132.623203,EJ/yr,World,Primary Energy|Gas,IMAGE 3.4_SSP2_VLHO.xlsx
IMAGE,3.4,SSP2-VLHO,World,Primary energy,Gas,2040,138.872000,EJ/yr,World,Primary Energy|Gas,IMAGE 3.4_SSP2_VLHO.xlsx
IMAGE,3.4,SSP2-VLHO,World,Primary energy,Gas,2050,110.633703,EJ/yr,World,Primary Energy|Gas,IMAGE 3.4_SSP2_VLHO.xlsx
IMAGE,3.4,SSP2-VLHO,World,Primary energy,Gas,2060,108.577398,EJ/yr,World,Primary Energy|Gas,IMAGE 3.4_SSP2_VLHO.xlsx
IMAGE,3.4,SSP2-VLHO,World,Primary energy,Gas,2070,101.592297,EJ/yr,World,Primary Energy|Gas,IMAGE 3.4_SSP2_VLHO.xlsx
IMAGE,3.4,SSP2-VLHO,World,Primary energy,Gas,2080,110.545398,EJ/yr,World,Primary Energy|Gas,IMAGE 3.4_SSP2_VLHO.xlsx
IMAGE,3.4,SSP2-VLHO,World,Primary energy,Gas,2090,104.122297,EJ/yr,World,Primary Energy|Gas,IMAGE 3.4_SSP2_VLHO.xlsx
IMAGE,3.4,SSP2-VLHO,World,Primary energy,Gas,2100,104.240703,EJ/yr,World,Primary Energy|Gas,IMAGE 3.4_SSP2_VLHO.xlsx
IMAGE,3.4,SSP2-VLHO,World,Primary energy,Biomass,2020,54.897260,EJ/yr,World,Primary Energy|Biomass,IMAGE 3.4_SSP2_VLHO.xlsx
IMAGE,3.4,SSP2-VLHO,World,Primary energy,Biomass,2030,66.318172,EJ/yr,World,Primary Energy|Biomass,IMAGE 3.4_SSP2_VLHO.xlsx
IMAGE,3.4,SSP2-VLHO,World,Primary energy,Biomass,2040,65.606760,EJ/yr,World,Primary Energy|Biomass,IMAGE 3.4_SSP2_VLHO.xlsx
IMAGE,3.4,SSP2-VLHO,World,Primary energy,Biomass,2050,78.140981,EJ/yr,World,Primary Energy|Biomass,IMAGE 3.4_SSP2_VLHO.xlsx
IMAGE,3.4,SSP2-VLHO,World,Primary energy,Biomass,2060,123.824201,EJ/yr,World,Primary Energy|Biomass,IMAGE 3.4_SSP2_VLHO.xlsx
IMAGE,3.4,SSP2-VLHO,World,Primary energy,Biomass,2070,147.536107,EJ/yr,World,Primary Energy|Biomass,IMAGE 3.4_SSP2_VLHO.xlsx
IMAGE,3.4,SSP2-VLHO,World,Primary energy,Biomass,2080,154.839184,EJ/yr,World,Primary Energy|Biomass,IMAGE 3.4_SSP2_VLHO.xlsx
IMAGE,3.4,SSP2-VLHO,World,Primary energy,Biomass,2090,158.517449,EJ/yr,World,Primary Energy|Biomass,IMAGE 3.4_SSP2_VLHO.xlsx
IMAGE,3.4,SSP2-VLHO,World,Primary energy,Biomass,2100,155.171943,EJ/yr,World,Primary Energy|Biomass,IMAGE 3.4_SSP2_VLHO.xlsx
IMAGE,3.4,SSP2-VLHO,World,Primary energy,Nuclear,2020,9.635218,EJ/yr,World,Primary Energy|Nuclear,IMAGE 3.4_SSP2_VLHO.xlsx
IMAGE,3.4,SSP2-VLHO,World,Primary energy,Nuclear,2030,11.123350,EJ/yr,World,Primary Energy|Nuclear,IMAGE 3.4_SSP2_VLHO.xlsx
IMAGE,3.4,SSP2-VLHO,World,Primary energy,Nuclear,2040,9.042861,EJ/yr,World,Primary Energy|Nuclear,IMAGE 3.4_SSP2_VLHO.xlsx
IMAGE,3.4,SSP2-VLHO,World,Primary energy,Nuclear,2050,11.961200,EJ/yr,World,Primary Energy|Nuclear,IMAGE 3.4_SSP2_VLHO.xlsx
IMAGE,3.4,SSP2-VLHO,World,Primary energy,Nuclear,2060,14.444310,EJ/yr,World,Primary Energy|Nuclear,IMAGE 3.4_SSP2_VLHO.xlsx
IMAGE,3.4,SSP2-VLHO,World,Primary energy,Nuclear,2070,24.144500,EJ/yr,World,Primary Energy|Nuclear,IMAGE 3.4_SSP2_VLHO.xlsx
IMAGE,3.4,SSP2-VLHO,World,Primary energy,Nuclear,2080,37.355770,EJ/yr,World,Primary Energy|Nuclear,IMAGE 3.4_SSP2_VLHO.xlsx
IMAGE,3.4,SSP2-VLHO,World,Primary energy,Nuclear,2090,47.731320,EJ/yr,World,Primary Energy|Nuclear,IMAGE 3.4_SSP2_VLHO.xlsx
IMAGE,3.4,SSP2-VLHO,World,Primary energy,Nuclear,2100,58.352629,EJ/yr,World,Primary Energy|Nuclear,IMAGE 3.4_SSP2_VLHO.xlsx
IMAGE,3.4,SSP2-VLHO,World,Primary energy,Non-biomass renewables,2020,24.773921,EJ/yr,World,Primary Energy|Non-Biomass Renewables,IMAGE 3.4_SSP2_VLHO.xlsx
IMAGE,3.4,SSP2-VLHO,World,Primary energy,Non-biomass renewables,2030,53.788352,EJ/yr,World,Primary Energy|Non-Biomass Renewables,IMAGE 3.4_SSP2_VLHO.xlsx
IMAGE,3.4,SSP2-VLHO,World,Primary energy,Non-biomass renewables,2040,96.058292,EJ/yr,World,Primary Energy|Non-Biomass Renewables,IMAGE 3.4_SSP2_VLHO.xlsx
IMAGE,3.4,SSP2-VLHO,World,Primary energy,Non-biomass renewables,2050,203.254594,EJ/yr,World,Primary Energy|Non-Biomass Renewables,IMAGE 3.4_SSP2_VLHO.xlsx
IMAGE,3.4,SSP2-VLHO,World,Primary energy,Non-biomass renewables,2060,320.622458,EJ/yr,World,Primary Energy|Non-Biomass Renewables,IMAGE 3.4_SSP2_VLHO.xlsx
IMAGE,3.4,SSP2-VLHO,World,Primary energy,Non-biomass renewables,2070,400.105977,EJ/yr,World,Primary Energy|Non-Biomass Renewables,IMAGE 3.4_SSP2_VLHO.xlsx
IMAGE,3.4,SSP2-VLHO,World,Primary energy,Non-biomass renewables,2080,441.934852,EJ/yr,World,Primary Energy|Non-Biomass Renewables,IMAGE 3.4_SSP2_VLHO.xlsx
IMAGE,3.4,SSP2-VLHO,World,Primary energy,Non-biomass renewables,2090,515.142356,EJ/yr,World,Primary Energy|Non-Biomass Renewables,IMAGE 3.4_SSP2_VLHO.xlsx
IMAGE,3.4,SSP2-VLHO,World,Primary energy,Non-biomass renewables,2100,586.302063,EJ/yr,World,Primary Energy|Non-Biomass Renewables,IMAGE 3.4_SSP2_VLHO.xlsx
IMAGE,3.4,SSP2-VLHO,World,Secondary electricity,Coal,2020,34.086428,EJ/yr,World,Secondary Energy|Electricity|Coal,IMAGE 3.4_SSP2_VLHO.xlsx
IMAGE,3.4,SSP2-VLHO,World,Secondary electricity,Coal,2030,40.695419,EJ/yr,World,Secondary Energy|Electricity|Coal,IMAGE 3.4_SSP2_VLHO.xlsx
IMAGE,3.4,SSP2-VLHO,World,Secondary electricity,Coal,2040,43.425408,EJ/yr,World,Secondary Energy|Electricity|Coal,IMAGE 3.4_SSP2_VLHO.xlsx
IMAGE,3.4,SSP2-VLHO,World,Secondary electricity,Coal,2050,6.763187,EJ/yr,World,Secondary Energy|Electricity|Coal,IMAGE 3.4_SSP2_VLHO.xlsx
IMAGE,3.4,SSP2-VLHO,World,Secondary electricity,Coal,2060,2.363495,EJ/yr,World,Secondary Energy|Electricity|Coal,IMAGE 3.4_SSP2_VLHO.xlsx
IMAGE,3.4,SSP2-VLHO,World,Secondary electricity,Coal,2070,1.414609,EJ/yr,World,Secondary Energy|Electricity|Coal,IMAGE 3.4_SSP2_VLHO.xlsx
IMAGE,3.4,SSP2-VLHO,World,Secondary electricity,Coal,2080,1.668258,EJ/yr,World,Secondary Energy|Electricity|Coal,IMAGE 3.4_SSP2_VLHO.xlsx
IMAGE,3.4,SSP2-VLHO,World,Secondary electricity,Coal,2090,1.383121,EJ/yr,World,Secondary Energy|Electricity|Coal,IMAGE 3.4_SSP2_VLHO.xlsx
IMAGE,3.4,SSP2-VLHO,World,Secondary electricity,Coal,2100,1.464555,EJ/yr,World,Secondary Energy|Electricity|Coal,IMAGE 3.4_SSP2_VLHO.xlsx
IMAGE,3.4,SSP2-VLHO,World,Secondary electricity,Gas,2020,22.839445,EJ/yr,World,Secondary Energy|Electricity|Gas,IMAGE 3.4_SSP2_VLHO.xlsx
IMAGE,3.4,SSP2-VLHO,World,Secondary electricity,Gas,2030,23.875691,EJ/yr,World,Secondary Energy|Electricity|Gas,IMAGE 3.4_SSP2_VLHO.xlsx
IMAGE,3.4,SSP2-VLHO,World,Secondary electricity,Gas,2040,26.584093,EJ/yr,World,Secondary Energy|Electricity|Gas,IMAGE 3.4_SSP2_VLHO.xlsx
IMAGE,3.4,SSP2-VLHO,World,Secondary electricity,Gas,2050,14.912954,EJ/yr,World,Secondary Energy|Electricity|Gas,IMAGE 3.4_SSP2_VLHO.xlsx
IMAGE,3.4,SSP2-VLHO,World,Secondary electricity,Gas,2060,10.687187,EJ/yr,World,Secondary Energy|Electricity|Gas,IMAGE 3.4_SSP2_VLHO.xlsx
IMAGE,3.4,SSP2-VLHO,World,Secondary electricity,Gas,2070,9.473078,EJ/yr,World,Secondary Energy|Electricity|Gas,IMAGE 3.4_SSP2_VLHO.xlsx
IMAGE,3.4,SSP2-VLHO,World,Secondary electricity,Gas,2080,12.882688,EJ/yr,World,Secondary Energy|Electricity|Gas,IMAGE 3.4_SSP2_VLHO.xlsx
IMAGE,3.4,SSP2-VLHO,World,Secondary electricity,Gas,2090,13.826121,EJ/yr,World,Secondary Energy|Electricity|Gas,IMAGE 3.4_SSP2_VLHO.xlsx
IMAGE,3.4,SSP2-VLHO,World,Secondary electricity,Gas,2100,15.368080,EJ/yr,World,Secondary Energy|Electricity|Gas,IMAGE 3.4_SSP2_VLHO.xlsx
IMAGE,3.4,SSP2-VLHO,World,Secondary electricity,Oil,2020,2.405043,EJ/yr,World,Secondary Energy|Electricity|Oil,IMAGE 3.4_SSP2_VLHO.xlsx
IMAGE,3.4,SSP2-VLHO,World,Secondary electricity,Oil,2030,3.444662,EJ/yr,World,Secondary Energy|Electricity|Oil,IMAGE 3.4_SSP2_VLHO.xlsx
IMAGE,3.4,SSP2-VLHO,World,Secondary electricity,Oil,2040,1.245559,EJ/yr,World,Secondary Energy|Electricity|Oil,IMAGE 3.4_SSP2_VLHO.xlsx
IMAGE,3.4,SSP2-VLHO,World,Secondary electricity,Oil,2050,0.466509,EJ/yr,World,Secondary Energy|Electricity|Oil,IMAGE 3.4_SSP2_VLHO.xlsx
IMAGE,3.4,SSP2-VLHO,World,Secondary electricity,Oil,2060,0.134059,EJ/yr,World,Secondary Energy|Electricity|Oil,IMAGE 3.4_SSP2_VLHO.xlsx
IMAGE,3.4,SSP2-VLHO,World,Secondary electricity,Oil,2070,0.020828,EJ/yr,World,Secondary Energy|Electricity|Oil,IMAGE 3.4_SSP2_VLHO.xlsx
IMAGE,3.4,SSP2-VLHO,World,Secondary electricity,Oil,2080,0.031079,EJ/yr,World,Secondary Energy|Electricity|Oil,IMAGE 3.4_SSP2_VLHO.xlsx
IMAGE,3.4,SSP2-VLHO,World,Secondary electricity,Oil,2090,0.044273,EJ/yr,World,Secondary Energy|Electricity|Oil,IMAGE 3.4_SSP2_VLHO.xlsx
IMAGE,3.4,SSP2-VLHO,World,Secondary electricity,Oil,2100,0.087955,EJ/yr,World,Secondary Energy|Electricity|Oil,IMAGE 3.4_SSP2_VLHO.xlsx
IMAGE,3.4,SSP2-VLHO,World,Secondary electricity,Biomass,2020,2.466505,EJ/yr,World,Secondary Energy|Electricity|Biomass,IMAGE 3.4_SSP2_VLHO.xlsx
IMAGE,3.4,SSP2-VLHO,World,Secondary electricity,Biomass,2030,2.950267,EJ/yr,World,Secondary Energy|Electricity|Biomass,IMAGE 3.4_SSP2_VLHO.xlsx
IMAGE,3.4,SSP2-VLHO,World,Secondary electricity,Biomass,2040,1.922837,EJ/yr,World,Secondary Energy|Electricity|Biomass,IMAGE 3.4_SSP2_VLHO.xlsx
IMAGE,3.4,SSP2-VLHO,World,Secondary electricity,Biomass,2050,5.278572,EJ/yr,World,Secondary Energy|Electricity|Biomass,IMAGE 3.4_SSP2_VLHO.xlsx
IMAGE,3.4,SSP2-VLHO,World,Secondary electricity,Biomass,2060,11.839366,EJ/yr,World,Secondary Energy|Electricity|Biomass,IMAGE 3.4_SSP2_VLHO.xlsx
IMAGE,3.4,SSP2-VLHO,World,Secondary electricity,Biomass,2070,17.418367,EJ/yr,World,Secondary Energy|Electricity|Biomass,IMAGE 3.4_SSP2_VLHO.xlsx
IMAGE,3.4,SSP2-VLHO,World,Secondary electricity,Biomass,2080,20.134980,EJ/yr,World,Secondary Energy|Electricity|Biomass,IMAGE 3.4_SSP2_VLHO.xlsx
IMAGE,3.4,SSP2-VLHO,World,Secondary electricity,Biomass,2090,20.977549,EJ/yr,World,Secondary Energy|Electricity|Biomass,IMAGE 3.4_SSP2_VLHO.xlsx
IMAGE,3.4,SSP2-VLHO,World,Secondary electricity,Biomass,2100,19.731702,EJ/yr,World,Secondary Energy|Electricity|Biomass,IMAGE 3.4_SSP2_VLHO.xlsx
IMAGE,3.4,SSP2-VLHO,World,Secondary electricity,Nuclear,2020,9.635217,EJ/yr,World,Secondary Energy|Electricity|Nuclear,IMAGE 3.4_SSP2_VLHO.xlsx
IMAGE,3.4,SSP2-VLHO,World,Secondary electricity,Nuclear,2030,11.123350,EJ/yr,World,Secondary Energy|Electricity|Nuclear,IMAGE 3.4_SSP2_VLHO.xlsx
IMAGE,3.4,SSP2-VLHO,World,Secondary electricity,Nuclear,2040,9.042861,EJ/yr,World,Secondary Energy|Electricity|Nuclear,IMAGE 3.4_SSP2_VLHO.xlsx
IMAGE,3.4,SSP2-VLHO,World,Secondary electricity,Nuclear,2050,11.961200,EJ/yr,World,Secondary Energy|Electricity|Nuclear,IMAGE 3.4_SSP2_VLHO.xlsx
IMAGE,3.4,SSP2-VLHO,World,Secondary electricity,Nuclear,2060,14.444310,EJ/yr,World,Secondary Energy|Electricity|Nuclear,IMAGE 3.4_SSP2_VLHO.xlsx
IMAGE,3.4,SSP2-VLHO,World,Secondary electricity,Nuclear,2070,24.144501,EJ/yr,World,Secondary Energy|Electricity|Nuclear,IMAGE 3.4_SSP2_VLHO.xlsx
IMAGE,3.4,SSP2-VLHO,World,Secondary electricity,Nuclear,2080,37.355770,EJ/yr,World,Secondary Energy|Electricity|Nuclear,IMAGE 3.4_SSP2_VLHO.xlsx
IMAGE,3.4,SSP2-VLHO,World,Secondary electricity,Nuclear,2090,47.731311,EJ/yr,World,Secondary Energy|Electricity|Nuclear,IMAGE 3.4_SSP2_VLHO.xlsx
IMAGE,3.4,SSP2-VLHO,World,Secondary electricity,Nuclear,2100,58.352632,EJ/yr,World,Secondary Energy|Electricity|Nuclear,IMAGE 3.4_SSP2_VLHO.xlsx
IMAGE,3.4,SSP2-VLHO,World,Secondary electricity,Hydro,2020,15.647039,EJ/yr,World,Secondary Energy|Electricity|Hydro,IMAGE 3.4_SSP2_VLHO.xlsx
IMAGE,3.4,SSP2-VLHO,World,Secondary electricity,Hydro,2030,21.220010,EJ/yr,World,Secondary Energy|Electricity|Hydro,IMAGE 3.4_SSP2_VLHO.xlsx
IMAGE,3.4,SSP2-VLHO,World,Secondary electricity,Hydro,2040,24.985860,EJ/yr,World,Secondary Energy|Electricity|Hydro,IMAGE 3.4_SSP2_VLHO.xlsx
IMAGE,3.4,SSP2-VLHO,World,Secondary electricity,Hydro,2050,27.286499,EJ/yr,World,Secondary Energy|Electricity|Hydro,IMAGE 3.4_SSP2_VLHO.xlsx
IMAGE,3.4,SSP2-VLHO,World,Secondary electricity,Hydro,2060,22.028540,EJ/yr,World,Secondary Energy|Electricity|Hydro,IMAGE 3.4_SSP2_VLHO.xlsx
IMAGE,3.4,SSP2-VLHO,World,Secondary electricity,Hydro,2070,29.609189,EJ/yr,World,Secondary Energy|Electricity|Hydro,IMAGE 3.4_SSP2_VLHO.xlsx
IMAGE,3.4,SSP2-VLHO,World,Secondary electricity,Hydro,2080,40.488079,EJ/yr,World,Secondary Energy|Electricity|Hydro,IMAGE 3.4_SSP2_VLHO.xlsx
IMAGE,3.4,SSP2-VLHO,World,Secondary electricity,Hydro,2090,43.349889,EJ/yr,World,Secondary Energy|Electricity|Hydro,IMAGE 3.4_SSP2_VLHO.xlsx
IMAGE,3.4,SSP2-VLHO,World,Secondary electricity,Hydro,2100,42.722890,EJ/yr,World,Secondary Energy|Electricity|Hydro,IMAGE 3.4_SSP2_VLHO.xlsx
IMAGE,3.4,SSP2-VLHO,World,Secondary electricity,Solar,2020,3.023481,EJ/yr,World,Secondary Energy|Electricity|Solar|CSP; Secondary Energy|Electricity|Solar|PV|1; Secondary Energy|Electricity|Solar|PV|2,IMAGE 3.4_SSP2_VLHO.xlsx
IMAGE,3.4,SSP2-VLHO,World,Secondary electricity,Solar,2030,18.284811,EJ/yr,World,Secondary Energy|Electricity|Solar|CSP; Secondary Energy|Electricity|Solar|PV|1; Secondary Energy|Electricity|Solar|PV|2,IMAGE 3.4_SSP2_VLHO.xlsx
IMAGE,3.4,SSP2-VLHO,World,Secondary electricity,Solar,2040,43.668136,EJ/yr,World,Secondary Energy|Electricity|Solar|CSP; Secondary Energy|Electricity|Solar|PV|1; Secondary Energy|Electricity|Solar|PV|2,IMAGE 3.4_SSP2_VLHO.xlsx
IMAGE,3.4,SSP2-VLHO,World,Secondary electricity,Solar,2050,80.307228,EJ/yr,World,Secondary Energy|Electricity|Solar|CSP; Secondary Energy|Electricity|Solar|PV|1; Secondary Energy|Electricity|Solar|PV|2,IMAGE 3.4_SSP2_VLHO.xlsx
IMAGE,3.4,SSP2-VLHO,World,Secondary electricity,Solar,2060,121.801914,EJ/yr,World,Secondary Energy|Electricity|Solar|CSP; Secondary Energy|Electricity|Solar|PV|1; Secondary Energy|Electricity|Solar|PV|2,IMAGE 3.4_SSP2_VLHO.xlsx
IMAGE,3.4,SSP2-VLHO,World,Secondary electricity,Solar,2070,156.329311,EJ/yr,World,Secondary Energy|Electricity|Solar|CSP; Secondary Energy|Electricity|Solar|PV|1; Secondary Energy|Electricity|Solar|PV|2,IMAGE 3.4_SSP2_VLHO.xlsx
IMAGE,3.4,SSP2-VLHO,World,Secondary electricity,Solar,2080,192.125541,EJ/yr,World,Secondary Energy|Electricity|Solar|CSP; Secondary Energy|Electricity|Solar|PV|1; Secondary Energy|Electricity|Solar|PV|2,IMAGE 3.4_SSP2_VLHO.xlsx
IMAGE,3.4,SSP2-VLHO,World,Secondary electricity,Solar,2090,219.418293,EJ/yr,World,Secondary Energy|Electricity|Solar|CSP; Secondary Energy|Electricity|Solar|PV|1; Secondary Energy|Electricity|Solar|PV|2,IMAGE 3.4_SSP2_VLHO.xlsx
IMAGE,3.4,SSP2-VLHO,World,Secondary electricity,Solar,2100,245.082461,EJ/yr,World,Secondary Energy|Electricity|Solar|CSP; Secondary Energy|Electricity|Solar|PV|1; Secondary Energy|Electricity|Solar|PV|2,IMAGE 3.4_SSP2_VLHO.xlsx
IMAGE,3.4,SSP2-VLHO,World,Secondary electricity,Wind,2020,5.762558,EJ/yr,World,Secondary Energy|Electricity|Wind|1; Secondary Energy|Electricity|Wind|2,IMAGE 3.4_SSP2_VLHO.xlsx
IMAGE,3.4,SSP2-VLHO,World,Secondary electricity,Wind,2030,13.720952,EJ/yr,World,Secondary Energy|Electricity|Wind|1; Secondary Energy|Electricity|Wind|2,IMAGE 3.4_SSP2_VLHO.xlsx
IMAGE,3.4,SSP2-VLHO,World,Secondary electricity,Wind,2040,24.112447,EJ/yr,World,Secondary Energy|Electricity|Wind|1; Secondary Energy|Electricity|Wind|2,IMAGE 3.4_SSP2_VLHO.xlsx
IMAGE,3.4,SSP2-VLHO,World,Secondary electricity,Wind,2050,75.226659,EJ/yr,World,Secondary Energy|Electricity|Wind|1; Secondary Energy|Electricity|Wind|2,IMAGE 3.4_SSP2_VLHO.xlsx
IMAGE,3.4,SSP2-VLHO,World,Secondary electricity,Wind,2060,117.375128,EJ/yr,World,Secondary Energy|Electricity|Wind|1; Secondary Energy|Electricity|Wind|2,IMAGE 3.4_SSP2_VLHO.xlsx
IMAGE,3.4,SSP2-VLHO,World,Secondary electricity,Wind,2070,136.341586,EJ/yr,World,Secondary Energy|Electricity|Wind|1; Secondary Energy|Electricity|Wind|2,IMAGE 3.4_SSP2_VLHO.xlsx
IMAGE,3.4,SSP2-VLHO,World,Secondary electricity,Wind,2080,141.212099,EJ/yr,World,Secondary Energy|Electricity|Wind|1; Secondary Energy|Electricity|Wind|2,IMAGE 3.4_SSP2_VLHO.xlsx
IMAGE,3.4,SSP2-VLHO,World,Secondary electricity,Wind,2090,160.791728,EJ/yr,World,Secondary Energy|Electricity|Wind|1; Secondary Energy|Electricity|Wind|2,IMAGE 3.4_SSP2_VLHO.xlsx
IMAGE,3.4,SSP2-VLHO,World,Secondary electricity,Wind,2100,183.886660,EJ/yr,World,Secondary Energy|Electricity|Wind|1; Secondary Energy|Electricity|Wind|2,IMAGE 3.4_SSP2_VLHO.xlsx
IMAGE,3.4,SSP2-VLHO,World,Secondary electricity,Other,2020,0.376190,EJ/yr,World,Secondary Energy|Electricity|Geothermal; Secondary Energy|Electricity|Hydrogen; Secondary Energy|Electricity|Other; Secondary Energy|Electricity|Storage; Secondary Energy|Electricity|Wave,IMAGE 3.4_SSP2_VLHO.xlsx
IMAGE,3.4,SSP2-VLHO,World,Secondary electricity,Other,2030,0.752257,EJ/yr,World,Secondary Energy|Electricity|Geothermal; Secondary Energy|Electricity|Hydrogen; Secondary Energy|Electricity|Other; Secondary Energy|Electricity|Storage; Secondary Energy|Electricity|Wave,IMAGE 3.4_SSP2_VLHO.xlsx
IMAGE,3.4,SSP2-VLHO,World,Secondary electricity,Other,2040,4.284831,EJ/yr,World,Secondary Energy|Electricity|Geothermal; Secondary Energy|Electricity|Hydrogen; Secondary Energy|Electricity|Other; Secondary Energy|Electricity|Storage; Secondary Energy|Electricity|Wave,IMAGE 3.4_SSP2_VLHO.xlsx
IMAGE,3.4,SSP2-VLHO,World,Secondary electricity,Other,2050,28.481764,EJ/yr,World,Secondary Energy|Electricity|Geothermal; Secondary Energy|Electricity|Hydrogen; Secondary Energy|Electricity|Other; Secondary Energy|Electricity|Storage; Secondary Energy|Electricity|Wave,IMAGE 3.4_SSP2_VLHO.xlsx
IMAGE,3.4,SSP2-VLHO,World,Secondary electricity,Other,2060,36.028013,EJ/yr,World,Secondary Energy|Electricity|Geothermal; Secondary Energy|Electricity|Hydrogen; Secondary Energy|Electricity|Other; Secondary Energy|Electricity|Storage; Secondary Energy|Electricity|Wave,IMAGE 3.4_SSP2_VLHO.xlsx
IMAGE,3.4,SSP2-VLHO,World,Secondary electricity,Other,2070,44.649160,EJ/yr,World,Secondary Energy|Electricity|Geothermal; Secondary Energy|Electricity|Hydrogen; Secondary Energy|Electricity|Other; Secondary Energy|Electricity|Storage; Secondary Energy|Electricity|Wave,IMAGE 3.4_SSP2_VLHO.xlsx
IMAGE,3.4,SSP2-VLHO,World,Secondary electricity,Other,2080,54.766530,EJ/yr,World,Secondary Energy|Electricity|Geothermal; Secondary Energy|Electricity|Hydrogen; Secondary Energy|Electricity|Other; Secondary Energy|Electricity|Storage; Secondary Energy|Electricity|Wave,IMAGE 3.4_SSP2_VLHO.xlsx
IMAGE,3.4,SSP2-VLHO,World,Secondary electricity,Other,2090,60.092349,EJ/yr,World,Secondary Energy|Electricity|Geothermal; Secondary Energy|Electricity|Hydrogen; Secondary Energy|Electricity|Other; Secondary Energy|Electricity|Storage; Secondary Energy|Electricity|Wave,IMAGE 3.4_SSP2_VLHO.xlsx
IMAGE,3.4,SSP2-VLHO,World,Secondary electricity,Other,2100,68.560621,EJ/yr,World,Secondary Energy|Electricity|Geothermal; Secondary Energy|Electricity|Hydrogen; Secondary Energy|Electricity|Other; Secondary Energy|Electricity|Storage; Secondary Energy|Electricity|Wave,IMAGE 3.4_SSP2_VLHO.xlsx
IMAGE,3.4,SSP2-VLHO,World,Final energy,Passenger transport,2020,58.632956,EJ/yr,World,Final Energy|Transportation|Passenger,IMAGE 3.4_SSP2_VLHO.xlsx
IMAGE,3.4,SSP2-VLHO,World,Final energy,Passenger transport,2030,65.386150,EJ/yr,World,Final Energy|Transportation|Passenger,IMAGE 3.4_SSP2_VLHO.xlsx
IMAGE,3.4,SSP2-VLHO,World,Final energy,Passenger transport,2040,63.544934,EJ/yr,World,Final Energy|Transportation|Passenger,IMAGE 3.4_SSP2_VLHO.xlsx
IMAGE,3.4,SSP2-VLHO,World,Final energy,Passenger transport,2050,60.966109,EJ/yr,World,Final Energy|Transportation|Passenger,IMAGE 3.4_SSP2_VLHO.xlsx
IMAGE,3.4,SSP2-VLHO,World,Final energy,Passenger transport,2060,48.995363,EJ/yr,World,Final Energy|Transportation|Passenger,IMAGE 3.4_SSP2_VLHO.xlsx
IMAGE,3.4,SSP2-VLHO,World,Final energy,Passenger transport,2070,44.229022,EJ/yr,World,Final Energy|Transportation|Passenger,IMAGE 3.4_SSP2_VLHO.xlsx
IMAGE,3.4,SSP2-VLHO,World,Final energy,Passenger transport,2080,48.658260,EJ/yr,World,Final Energy|Transportation|Passenger,IMAGE 3.4_SSP2_VLHO.xlsx
IMAGE,3.4,SSP2-VLHO,World,Final energy,Passenger transport,2090,54.909891,EJ/yr,World,Final Energy|Transportation|Passenger,IMAGE 3.4_SSP2_VLHO.xlsx
IMAGE,3.4,SSP2-VLHO,World,Final energy,Passenger transport,2100,62.644879,EJ/yr,World,Final Energy|Transportation|Passenger,IMAGE 3.4_SSP2_VLHO.xlsx
IMAGE,3.4,SSP2-VLHO,World,Final energy,Freight transport,2020,34.590295,EJ/yr,World,Final Energy|Transportation|Freight,IMAGE 3.4_SSP2_VLHO.xlsx
IMAGE,3.4,SSP2-VLHO,World,Final energy,Freight transport,2030,41.580752,EJ/yr,World,Final Energy|Transportation|Freight,IMAGE 3.4_SSP2_VLHO.xlsx
IMAGE,3.4,SSP2-VLHO,World,Final energy,Freight transport,2040,39.448439,EJ/yr,World,Final Energy|Transportation|Freight,IMAGE 3.4_SSP2_VLHO.xlsx
IMAGE,3.4,SSP2-VLHO,World,Final energy,Freight transport,2050,29.443327,EJ/yr,World,Final Energy|Transportation|Freight,IMAGE 3.4_SSP2_VLHO.xlsx
IMAGE,3.4,SSP2-VLHO,World,Final energy,Freight transport,2060,26.317965,EJ/yr,World,Final Energy|Transportation|Freight,IMAGE 3.4_SSP2_VLHO.xlsx
IMAGE,3.4,SSP2-VLHO,World,Final energy,Freight transport,2070,27.374306,EJ/yr,World,Final Energy|Transportation|Freight,IMAGE 3.4_SSP2_VLHO.xlsx
IMAGE,3.4,SSP2-VLHO,World,Final energy,Freight transport,2080,28.827205,EJ/yr,World,Final Energy|Transportation|Freight,IMAGE 3.4_SSP2_VLHO.xlsx
IMAGE,3.4,SSP2-VLHO,World,Final energy,Freight transport,2090,30.347924,EJ/yr,World,Final Energy|Transportation|Freight,IMAGE 3.4_SSP2_VLHO.xlsx
IMAGE,3.4,SSP2-VLHO,World,Final energy,Freight transport,2100,32.102285,EJ/yr,World,Final Energy|Transportation|Freight,IMAGE 3.4_SSP2_VLHO.xlsx
IMAGE,3.4,SSP2-VLHO,World,Final energy,Iron & steel,2020,20.749181,EJ/yr,World,Final Energy|Industry|Iron and Steel,IMAGE 3.4_SSP2_VLHO.xlsx
IMAGE,3.4,SSP2-VLHO,World,Final energy,Iron & steel,2030,21.401620,EJ/yr,World,Final Energy|Industry|Iron and Steel,IMAGE 3.4_SSP2_VLHO.xlsx
IMAGE,3.4,SSP2-VLHO,World,Final energy,Iron & steel,2040,20.071610,EJ/yr,World,Final Energy|Industry|Iron and Steel,IMAGE 3.4_SSP2_VLHO.xlsx
IMAGE,3.4,SSP2-VLHO,World,Final energy,Iron & steel,2050,18.992620,EJ/yr,World,Final Energy|Industry|Iron and Steel,IMAGE 3.4_SSP2_VLHO.xlsx
IMAGE,3.4,SSP2-VLHO,World,Final energy,Iron & steel,2060,21.757600,EJ/yr,World,Final Energy|Industry|Iron and Steel,IMAGE 3.4_SSP2_VLHO.xlsx
IMAGE,3.4,SSP2-VLHO,World,Final energy,Iron & steel,2070,23.269491,EJ/yr,World,Final Energy|Industry|Iron and Steel,IMAGE 3.4_SSP2_VLHO.xlsx
IMAGE,3.4,SSP2-VLHO,World,Final energy,Iron & steel,2080,23.271229,EJ/yr,World,Final Energy|Industry|Iron and Steel,IMAGE 3.4_SSP2_VLHO.xlsx
IMAGE,3.4,SSP2-VLHO,World,Final energy,Iron & steel,2090,23.401349,EJ/yr,World,Final Energy|Industry|Iron and Steel,IMAGE 3.4_SSP2_VLHO.xlsx
IMAGE,3.4,SSP2-VLHO,World,Final energy,Iron & steel,2100,23.204069,EJ/yr,World,Final Energy|Industry|Iron and Steel,IMAGE 3.4_SSP2_VLHO.xlsx
IMAGE,3.4,SSP2-VLHO,World,Final energy,Space heating,2020,43.733359,EJ/yr,World,Final Energy|Residential|Space Heating; Final Energy|Commercial|Space Heating,IMAGE 3.4_SSP2_VLHO.xlsx
IMAGE,3.4,SSP2-VLHO,World,Final energy,Space heating,2030,41.500920,EJ/yr,World,Final Energy|Residential|Space Heating; Final Energy|Commercial|Space Heating,IMAGE 3.4_SSP2_VLHO.xlsx
IMAGE,3.4,SSP2-VLHO,World,Final energy,Space heating,2040,31.587787,EJ/yr,World,Final Energy|Residential|Space Heating; Final Energy|Commercial|Space Heating,IMAGE 3.4_SSP2_VLHO.xlsx
IMAGE,3.4,SSP2-VLHO,World,Final energy,Space heating,2050,28.342440,EJ/yr,World,Final Energy|Residential|Space Heating; Final Energy|Commercial|Space Heating,IMAGE 3.4_SSP2_VLHO.xlsx
IMAGE,3.4,SSP2-VLHO,World,Final energy,Space heating,2060,20.642715,EJ/yr,World,Final Energy|Residential|Space Heating; Final Energy|Commercial|Space Heating,IMAGE 3.4_SSP2_VLHO.xlsx
IMAGE,3.4,SSP2-VLHO,World,Final energy,Space heating,2070,15.702767,EJ/yr,World,Final Energy|Residential|Space Heating; Final Energy|Commercial|Space Heating,IMAGE 3.4_SSP2_VLHO.xlsx
IMAGE,3.4,SSP2-VLHO,World,Final energy,Space heating,2080,14.012267,EJ/yr,World,Final Energy|Residential|Space Heating; Final Energy|Commercial|Space Heating,IMAGE 3.4_SSP2_VLHO.xlsx
IMAGE,3.4,SSP2-VLHO,World,Final energy,Space heating,2090,12.706808,EJ/yr,World,Final Energy|Residential|Space Heating; Final Energy|Commercial|Space Heating,IMAGE 3.4_SSP2_VLHO.xlsx
IMAGE,3.4,SSP2-VLHO,World,Final energy,Space heating,2100,11.303247,EJ/yr,World,Final Energy|Residential|Space Heating; Final Energy|Commercial|Space Heating,IMAGE 3.4_SSP2_VLHO.xlsx
IMAGE,3.4,SSP2-VLHO,Europe (WEU + CEU),Primary energy,Coal,2020,7.004245,EJ/yr,WEU; CEU,Primary Energy|Coal,IMAGE 3.4_SSP2_VLHO.xlsx
IMAGE,3.4,SSP2-VLHO,Europe (WEU + CEU),Primary energy,Coal,2030,5.588867,EJ/yr,WEU; CEU,Primary Energy|Coal,IMAGE 3.4_SSP2_VLHO.xlsx
IMAGE,3.4,SSP2-VLHO,Europe (WEU + CEU),Primary energy,Coal,2040,1.954393,EJ/yr,WEU; CEU,Primary Energy|Coal,IMAGE 3.4_SSP2_VLHO.xlsx
IMAGE,3.4,SSP2-VLHO,Europe (WEU + CEU),Primary energy,Coal,2050,1.919993,EJ/yr,WEU; CEU,Primary Energy|Coal,IMAGE 3.4_SSP2_VLHO.xlsx
IMAGE,3.4,SSP2-VLHO,Europe (WEU + CEU),Primary energy,Coal,2060,2.453151,EJ/yr,WEU; CEU,Primary Energy|Coal,IMAGE 3.4_SSP2_VLHO.xlsx
IMAGE,3.4,SSP2-VLHO,Europe (WEU + CEU),Primary energy,Coal,2070,2.268417,EJ/yr,WEU; CEU,Primary Energy|Coal,IMAGE 3.4_SSP2_VLHO.xlsx
IMAGE,3.4,SSP2-VLHO,Europe (WEU + CEU),Primary energy,Coal,2080,1.957229,EJ/yr,WEU; CEU,Primary Energy|Coal,IMAGE 3.4_SSP2_VLHO.xlsx
IMAGE,3.4,SSP2-VLHO,Europe (WEU + CEU),Primary energy,Coal,2090,1.710117,EJ/yr,WEU; CEU,Primary Energy|Coal,IMAGE 3.4_SSP2_VLHO.xlsx
IMAGE,3.4,SSP2-VLHO,Europe (WEU + CEU),Primary energy,Coal,2100,1.417628,EJ/yr,WEU; CEU,Primary Energy|Coal,IMAGE 3.4_SSP2_VLHO.xlsx
IMAGE,3.4,SSP2-VLHO,Europe (WEU + CEU),Primary energy,Oil,2020,23.514783,EJ/yr,WEU; CEU,Primary Energy|Oil,IMAGE 3.4_SSP2_VLHO.xlsx
IMAGE,3.4,SSP2-VLHO,Europe (WEU + CEU),Primary energy,Oil,2030,26.573288,EJ/yr,WEU; CEU,Primary Energy|Oil,IMAGE 3.4_SSP2_VLHO.xlsx
IMAGE,3.4,SSP2-VLHO,Europe (WEU + CEU),Primary energy,Oil,2040,16.525749,EJ/yr,WEU; CEU,Primary Energy|Oil,IMAGE 3.4_SSP2_VLHO.xlsx
IMAGE,3.4,SSP2-VLHO,Europe (WEU + CEU),Primary energy,Oil,2050,8.926972,EJ/yr,WEU; CEU,Primary Energy|Oil,IMAGE 3.4_SSP2_VLHO.xlsx
IMAGE,3.4,SSP2-VLHO,Europe (WEU + CEU),Primary energy,Oil,2060,4.076067,EJ/yr,WEU; CEU,Primary Energy|Oil,IMAGE 3.4_SSP2_VLHO.xlsx
IMAGE,3.4,SSP2-VLHO,Europe (WEU + CEU),Primary energy,Oil,2070,2.230038,EJ/yr,WEU; CEU,Primary Energy|Oil,IMAGE 3.4_SSP2_VLHO.xlsx
IMAGE,3.4,SSP2-VLHO,Europe (WEU + CEU),Primary energy,Oil,2080,1.671269,EJ/yr,WEU; CEU,Primary Energy|Oil,IMAGE 3.4_SSP2_VLHO.xlsx
IMAGE,3.4,SSP2-VLHO,Europe (WEU + CEU),Primary energy,Oil,2090,1.373857,EJ/yr,WEU; CEU,Primary Energy|Oil,IMAGE 3.4_SSP2_VLHO.xlsx
IMAGE,3.4,SSP2-VLHO,Europe (WEU + CEU),Primary energy,Oil,2100,1.600727,EJ/yr,WEU; CEU,Primary Energy|Oil,IMAGE 3.4_SSP2_VLHO.xlsx
IMAGE,3.4,SSP2-VLHO,Europe (WEU + CEU),Primary energy,Gas,2020,17.174200,EJ/yr,WEU; CEU,Primary Energy|Gas,IMAGE 3.4_SSP2_VLHO.xlsx
IMAGE,3.4,SSP2-VLHO,Europe (WEU + CEU),Primary energy,Gas,2030,11.201750,EJ/yr,WEU; CEU,Primary Energy|Gas,IMAGE 3.4_SSP2_VLHO.xlsx
IMAGE,3.4,SSP2-VLHO,Europe (WEU + CEU),Primary energy,Gas,2040,4.615000,EJ/yr,WEU; CEU,Primary Energy|Gas,IMAGE 3.4_SSP2_VLHO.xlsx
IMAGE,3.4,SSP2-VLHO,Europe (WEU + CEU),Primary energy,Gas,2050,6.820121,EJ/yr,WEU; CEU,Primary Energy|Gas,IMAGE 3.4_SSP2_VLHO.xlsx
IMAGE,3.4,SSP2-VLHO,Europe (WEU + CEU),Primary energy,Gas,2060,7.181936,EJ/yr,WEU; CEU,Primary Energy|Gas,IMAGE 3.4_SSP2_VLHO.xlsx
IMAGE,3.4,SSP2-VLHO,Europe (WEU + CEU),Primary energy,Gas,2070,7.095287,EJ/yr,WEU; CEU,Primary Energy|Gas,IMAGE 3.4_SSP2_VLHO.xlsx
IMAGE,3.4,SSP2-VLHO,Europe (WEU + CEU),Primary energy,Gas,2080,6.454954,EJ/yr,WEU; CEU,Primary Energy|Gas,IMAGE 3.4_SSP2_VLHO.xlsx
IMAGE,3.4,SSP2-VLHO,Europe (WEU + CEU),Primary energy,Gas,2090,6.012240,EJ/yr,WEU; CEU,Primary Energy|Gas,IMAGE 3.4_SSP2_VLHO.xlsx
IMAGE,3.4,SSP2-VLHO,Europe (WEU + CEU),Primary energy,Gas,2100,5.871187,EJ/yr,WEU; CEU,Primary Energy|Gas,IMAGE 3.4_SSP2_VLHO.xlsx
IMAGE,3.4,SSP2-VLHO,Europe (WEU + CEU),Primary energy,Biomass,2020,8.008503,EJ/yr,WEU; CEU,Primary Energy|Biomass,IMAGE 3.4_SSP2_VLHO.xlsx
IMAGE,3.4,SSP2-VLHO,Europe (WEU + CEU),Primary energy,Biomass,2030,10.128066,EJ/yr,WEU; CEU,Primary Energy|Biomass,IMAGE 3.4_SSP2_VLHO.xlsx
IMAGE,3.4,SSP2-VLHO,Europe (WEU + CEU),Primary energy,Biomass,2040,8.655402,EJ/yr,WEU; CEU,Primary Energy|Biomass,IMAGE 3.4_SSP2_VLHO.xlsx
IMAGE,3.4,SSP2-VLHO,Europe (WEU + CEU),Primary energy,Biomass,2050,13.730743,EJ/yr,WEU; CEU,Primary Energy|Biomass,IMAGE 3.4_SSP2_VLHO.xlsx
IMAGE,3.4,SSP2-VLHO,Europe (WEU + CEU),Primary energy,Biomass,2060,22.664740,EJ/yr,WEU; CEU,Primary Energy|Biomass,IMAGE 3.4_SSP2_VLHO.xlsx
IMAGE,3.4,SSP2-VLHO,Europe (WEU + CEU),Primary energy,Biomass,2070,24.433614,EJ/yr,WEU; CEU,Primary Energy|Biomass,IMAGE 3.4_SSP2_VLHO.xlsx
IMAGE,3.4,SSP2-VLHO,Europe (WEU + CEU),Primary energy,Biomass,2080,22.188174,EJ/yr,WEU; CEU,Primary Energy|Biomass,IMAGE 3.4_SSP2_VLHO.xlsx
IMAGE,3.4,SSP2-VLHO,Europe (WEU + CEU),Primary energy,Biomass,2090,22.115627,EJ/yr,WEU; CEU,Primary Energy|Biomass,IMAGE 3.4_SSP2_VLHO.xlsx
IMAGE,3.4,SSP2-VLHO,Europe (WEU + CEU),Primary energy,Biomass,2100,19.455138,EJ/yr,WEU; CEU,Primary Energy|Biomass,IMAGE 3.4_SSP2_VLHO.xlsx
IMAGE,3.4,SSP2-VLHO,Europe (WEU + CEU),Primary energy,Nuclear,2020,2.728134,EJ/yr,WEU; CEU,Primary Energy|Nuclear,IMAGE 3.4_SSP2_VLHO.xlsx
IMAGE,3.4,SSP2-VLHO,Europe (WEU + CEU),Primary energy,Nuclear,2030,2.852256,EJ/yr,WEU; CEU,Primary Energy|Nuclear,IMAGE 3.4_SSP2_VLHO.xlsx
IMAGE,3.4,SSP2-VLHO,Europe (WEU + CEU),Primary energy,Nuclear,2040,1.451474,EJ/yr,WEU; CEU,Primary Energy|Nuclear,IMAGE 3.4_SSP2_VLHO.xlsx
IMAGE,3.4,SSP2-VLHO,Europe (WEU + CEU),Primary energy,Nuclear,2050,0.137251,EJ/yr,WEU; CEU,Primary Energy|Nuclear,IMAGE 3.4_SSP2_VLHO.xlsx
IMAGE,3.4,SSP2-VLHO,Europe (WEU + CEU),Primary energy,Nuclear,2060,0.298341,EJ/yr,WEU; CEU,Primary Energy|Nuclear,IMAGE 3.4_SSP2_VLHO.xlsx
IMAGE,3.4,SSP2-VLHO,Europe (WEU + CEU),Primary energy,Nuclear,2070,0.828008,EJ/yr,WEU; CEU,Primary Energy|Nuclear,IMAGE 3.4_SSP2_VLHO.xlsx
IMAGE,3.4,SSP2-VLHO,Europe (WEU + CEU),Primary energy,Nuclear,2080,0.717588,EJ/yr,WEU; CEU,Primary Energy|Nuclear,IMAGE 3.4_SSP2_VLHO.xlsx
IMAGE,3.4,SSP2-VLHO,Europe (WEU + CEU),Primary energy,Nuclear,2090,0.697840,EJ/yr,WEU; CEU,Primary Energy|Nuclear,IMAGE 3.4_SSP2_VLHO.xlsx
IMAGE,3.4,SSP2-VLHO,Europe (WEU + CEU),Primary energy,Nuclear,2100,0.563150,EJ/yr,WEU; CEU,Primary Energy|Nuclear,IMAGE 3.4_SSP2_VLHO.xlsx
IMAGE,3.4,SSP2-VLHO,Europe (WEU + CEU),Primary energy,Non-biomass renewables,2020,4.405185,EJ/yr,WEU; CEU,Primary Energy|Non-Biomass Renewables,IMAGE 3.4_SSP2_VLHO.xlsx
IMAGE,3.4,SSP2-VLHO,Europe (WEU + CEU),Primary energy,Non-biomass renewables,2030,7.467979,EJ/yr,WEU; CEU,Primary Energy|Non-Biomass Renewables,IMAGE 3.4_SSP2_VLHO.xlsx
IMAGE,3.4,SSP2-VLHO,Europe (WEU + CEU),Primary energy,Non-biomass renewables,2040,15.767777,EJ/yr,WEU; CEU,Primary Energy|Non-Biomass Renewables,IMAGE 3.4_SSP2_VLHO.xlsx
IMAGE,3.4,SSP2-VLHO,Europe (WEU + CEU),Primary energy,Non-biomass renewables,2050,20.196782,EJ/yr,WEU; CEU,Primary Energy|Non-Biomass Renewables,IMAGE 3.4_SSP2_VLHO.xlsx
IMAGE,3.4,SSP2-VLHO,Europe (WEU + CEU),Primary energy,Non-biomass renewables,2060,19.974596,EJ/yr,WEU; CEU,Primary Energy|Non-Biomass Renewables,IMAGE 3.4_SSP2_VLHO.xlsx
IMAGE,3.4,SSP2-VLHO,Europe (WEU + CEU),Primary energy,Non-biomass renewables,2070,21.101467,EJ/yr,WEU; CEU,Primary Energy|Non-Biomass Renewables,IMAGE 3.4_SSP2_VLHO.xlsx
IMAGE,3.4,SSP2-VLHO,Europe (WEU + CEU),Primary energy,Non-biomass renewables,2080,24.074678,EJ/yr,WEU; CEU,Primary Energy|Non-Biomass Renewables,IMAGE 3.4_SSP2_VLHO.xlsx
IMAGE,3.4,SSP2-VLHO,Europe (WEU + CEU),Primary energy,Non-biomass renewables,2090,24.381032,EJ/yr,WEU; CEU,Primary Energy|Non-Biomass Renewables,IMAGE 3.4_SSP2_VLHO.xlsx
IMAGE,3.4,SSP2-VLHO,Europe (WEU + CEU),Primary energy,Non-biomass renewables,2100,25.744713,EJ/yr,WEU; CEU,Primary Energy|Non-Biomass Renewables,IMAGE 3.4_SSP2_VLHO.xlsx
IMAGE,3.4,SSP2-VLHO,Europe (WEU + CEU),Secondary electricity,Coal,2020,1.571970,EJ/yr,WEU; CEU,Secondary Energy|Electricity|Coal,IMAGE 3.4_SSP2_VLHO.xlsx
IMAGE,3.4,SSP2-VLHO,Europe (WEU + CEU),Secondary electricity,Coal,2030,1.431094,EJ/yr,WEU; CEU,Secondary Energy|Electricity|Coal,IMAGE 3.4_SSP2_VLHO.xlsx
IMAGE,3.4,SSP2-VLHO,Europe (WEU + CEU),Secondary electricity,Coal,2040,0.342420,EJ/yr,WEU; CEU,Secondary Energy|Electricity|Coal,IMAGE 3.4_SSP2_VLHO.xlsx
IMAGE,3.4,SSP2-VLHO,Europe (WEU + CEU),Secondary electricity,Coal,2050,0.076831,EJ/yr,WEU; CEU,Secondary Energy|Electricity|Coal,IMAGE 3.4_SSP2_VLHO.xlsx
IMAGE,3.4,SSP2-VLHO,Europe (WEU + CEU),Secondary electricity,Coal,2060,0.331433,EJ/yr,WEU; CEU,Secondary Energy|Electricity|Coal,IMAGE 3.4_SSP2_VLHO.xlsx
IMAGE,3.4,SSP2-VLHO,Europe (WEU + CEU),Secondary electricity,Coal,2070,0.424822,EJ/yr,WEU; CEU,Secondary Energy|Electricity|Coal,IMAGE 3.4_SSP2_VLHO.xlsx
IMAGE,3.4,SSP2-VLHO,Europe (WEU + CEU),Secondary electricity,Coal,2080,0.331726,EJ/yr,WEU; CEU,Secondary Energy|Electricity|Coal,IMAGE 3.4_SSP2_VLHO.xlsx
IMAGE,3.4,SSP2-VLHO,Europe (WEU + CEU),Secondary electricity,Coal,2090,0.263455,EJ/yr,WEU; CEU,Secondary Energy|Electricity|Coal,IMAGE 3.4_SSP2_VLHO.xlsx
IMAGE,3.4,SSP2-VLHO,Europe (WEU + CEU),Secondary electricity,Coal,2100,0.199287,EJ/yr,WEU; CEU,Secondary Energy|Electricity|Coal,IMAGE 3.4_SSP2_VLHO.xlsx
IMAGE,3.4,SSP2-VLHO,Europe (WEU + CEU),Secondary electricity,Gas,2020,2.436005,EJ/yr,WEU; CEU,Secondary Energy|Electricity|Gas,IMAGE 3.4_SSP2_VLHO.xlsx
IMAGE,3.4,SSP2-VLHO,Europe (WEU + CEU),Secondary electricity,Gas,2030,1.700344,EJ/yr,WEU; CEU,Secondary Energy|Electricity|Gas,IMAGE 3.4_SSP2_VLHO.xlsx
IMAGE,3.4,SSP2-VLHO,Europe (WEU + CEU),Secondary electricity,Gas,2040,0.078758,EJ/yr,WEU; CEU,Secondary Energy|Electricity|Gas,IMAGE 3.4_SSP2_VLHO.xlsx
IMAGE,3.4,SSP2-VLHO,Europe (WEU + CEU),Secondary electricity,Gas,2050,0.153264,EJ/yr,WEU; CEU,Secondary Energy|Electricity|Gas,IMAGE 3.4_SSP2_VLHO.xlsx
IMAGE,3.4,SSP2-VLHO,Europe (WEU + CEU),Secondary electricity,Gas,2060,0.715941,EJ/yr,WEU; CEU,Secondary Energy|Electricity|Gas,IMAGE 3.4_SSP2_VLHO.xlsx
IMAGE,3.4,SSP2-VLHO,Europe (WEU + CEU),Secondary electricity,Gas,2070,0.931974,EJ/yr,WEU; CEU,Secondary Energy|Electricity|Gas,IMAGE 3.4_SSP2_VLHO.xlsx
IMAGE,3.4,SSP2-VLHO,Europe (WEU + CEU),Secondary electricity,Gas,2080,0.702813,EJ/yr,WEU; CEU,Secondary Energy|Electricity|Gas,IMAGE 3.4_SSP2_VLHO.xlsx
IMAGE,3.4,SSP2-VLHO,Europe (WEU + CEU),Secondary electricity,Gas,2090,0.571495,EJ/yr,WEU; CEU,Secondary Energy|Electricity|Gas,IMAGE 3.4_SSP2_VLHO.xlsx
IMAGE,3.4,SSP2-VLHO,Europe (WEU + CEU),Secondary electricity,Gas,2100,0.519514,EJ/yr,WEU; CEU,Secondary Energy|Electricity|Gas,IMAGE 3.4_SSP2_VLHO.xlsx
IMAGE,3.4,SSP2-VLHO,Europe (WEU + CEU),Secondary electricity,Oil,2020,0.187311,EJ/yr,WEU; CEU,Secondary Energy|Electricity|Oil,IMAGE 3.4_SSP2_VLHO.xlsx
IMAGE,3.4,SSP2-VLHO,Europe (WEU + CEU),Secondary electricity,Oil,2030,0.456790,EJ/yr,WEU; CEU,Secondary Energy|Electricity|Oil,IMAGE 3.4_SSP2_VLHO.xlsx
IMAGE,3.4,SSP2-VLHO,Europe (WEU + CEU),Secondary electricity,Oil,2040,0.175121,EJ/yr,WEU; CEU,Secondary Energy|Electricity|Oil,IMAGE 3.4_SSP2_VLHO.xlsx
IMAGE,3.4,SSP2-VLHO,Europe (WEU + CEU),Secondary electricity,Oil,2050,0.023772,EJ/yr,WEU; CEU,Secondary Energy|Electricity|Oil,IMAGE 3.4_SSP2_VLHO.xlsx
IMAGE,3.4,SSP2-VLHO,Europe (WEU + CEU),Secondary electricity,Oil,2060,0.047736,EJ/yr,WEU; CEU,Secondary Energy|Electricity|Oil,IMAGE 3.4_SSP2_VLHO.xlsx
IMAGE,3.4,SSP2-VLHO,Europe (WEU + CEU),Secondary electricity,Oil,2070,0.001270,EJ/yr,WEU; CEU,Secondary Energy|Electricity|Oil,IMAGE 3.4_SSP2_VLHO.xlsx
IMAGE,3.4,SSP2-VLHO,Europe (WEU + CEU),Secondary electricity,Oil,2080,0.000001,EJ/yr,WEU; CEU,Secondary Energy|Electricity|Oil,IMAGE 3.4_SSP2_VLHO.xlsx
IMAGE,3.4,SSP2-VLHO,Europe (WEU + CEU),Secondary electricity,Oil,2090,0.001269,EJ/yr,WEU; CEU,Secondary Energy|Electricity|Oil,IMAGE 3.4_SSP2_VLHO.xlsx
IMAGE,3.4,SSP2-VLHO,Europe (WEU + CEU),Secondary electricity,Oil,2100,0.038119,EJ/yr,WEU; CEU,Secondary Energy|Electricity|Oil,IMAGE 3.4_SSP2_VLHO.xlsx
IMAGE,3.4,SSP2-VLHO,Europe (WEU + CEU),Secondary electricity,Biomass,2020,0.833730,EJ/yr,WEU; CEU,Secondary Energy|Electricity|Biomass,IMAGE 3.4_SSP2_VLHO.xlsx
IMAGE,3.4,SSP2-VLHO,Europe (WEU + CEU),Secondary electricity,Biomass,2030,1.280354,EJ/yr,WEU; CEU,Secondary Energy|Electricity|Biomass,IMAGE 3.4_SSP2_VLHO.xlsx
IMAGE,3.4,SSP2-VLHO,Europe (WEU + CEU),Secondary electricity,Biomass,2040,0.416225,EJ/yr,WEU; CEU,Secondary Energy|Electricity|Biomass,IMAGE 3.4_SSP2_VLHO.xlsx
IMAGE,3.4,SSP2-VLHO,Europe (WEU + CEU),Secondary electricity,Biomass,2050,0.485777,EJ/yr,WEU; CEU,Secondary Energy|Electricity|Biomass,IMAGE 3.4_SSP2_VLHO.xlsx
IMAGE,3.4,SSP2-VLHO,Europe (WEU + CEU),Secondary electricity,Biomass,2060,1.670063,EJ/yr,WEU; CEU,Secondary Energy|Electricity|Biomass,IMAGE 3.4_SSP2_VLHO.xlsx
IMAGE,3.4,SSP2-VLHO,Europe (WEU + CEU),Secondary electricity,Biomass,2070,2.759736,EJ/yr,WEU; CEU,Secondary Energy|Electricity|Biomass,IMAGE 3.4_SSP2_VLHO.xlsx
IMAGE,3.4,SSP2-VLHO,Europe (WEU + CEU),Secondary electricity,Biomass,2080,2.894522,EJ/yr,WEU; CEU,Secondary Energy|Electricity|Biomass,IMAGE 3.4_SSP2_VLHO.xlsx
IMAGE,3.4,SSP2-VLHO,Europe (WEU + CEU),Secondary electricity,Biomass,2090,3.101416,EJ/yr,WEU; CEU,Secondary Energy|Electricity|Biomass,IMAGE 3.4_SSP2_VLHO.xlsx
IMAGE,3.4,SSP2-VLHO,Europe (WEU + CEU),Secondary electricity,Biomass,2100,2.615593,EJ/yr,WEU; CEU,Secondary Energy|Electricity|Biomass,IMAGE 3.4_SSP2_VLHO.xlsx
IMAGE,3.4,SSP2-VLHO,Europe (WEU + CEU),Secondary electricity,Nuclear,2020,2.728134,EJ/yr,WEU; CEU,Secondary Energy|Electricity|Nuclear,IMAGE 3.4_SSP2_VLHO.xlsx
IMAGE,3.4,SSP2-VLHO,Europe (WEU + CEU),Secondary electricity,Nuclear,2030,2.852255,EJ/yr,WEU; CEU,Secondary Energy|Electricity|Nuclear,IMAGE 3.4_SSP2_VLHO.xlsx
IMAGE,3.4,SSP2-VLHO,Europe (WEU + CEU),Secondary electricity,Nuclear,2040,1.451474,EJ/yr,WEU; CEU,Secondary Energy|Electricity|Nuclear,IMAGE 3.4_SSP2_VLHO.xlsx
IMAGE,3.4,SSP2-VLHO,Europe (WEU + CEU),Secondary electricity,Nuclear,2050,0.137251,EJ/yr,WEU; CEU,Secondary Energy|Electricity|Nuclear,IMAGE 3.4_SSP2_VLHO.xlsx
IMAGE,3.4,SSP2-VLHO,Europe (WEU + CEU),Secondary electricity,Nuclear,2060,0.298341,EJ/yr,WEU; CEU,Secondary Energy|Electricity|Nuclear,IMAGE 3.4_SSP2_VLHO.xlsx
IMAGE,3.4,SSP2-VLHO,Europe (WEU + CEU),Secondary electricity,Nuclear,2070,0.828008,EJ/yr,WEU; CEU,Secondary Energy|Electricity|Nuclear,IMAGE 3.4_SSP2_VLHO.xlsx
IMAGE,3.4,SSP2-VLHO,Europe (WEU + CEU),Secondary electricity,Nuclear,2080,0.717588,EJ/yr,WEU; CEU,Secondary Energy|Electricity|Nuclear,IMAGE 3.4_SSP2_VLHO.xlsx
IMAGE,3.4,SSP2-VLHO,Europe (WEU + CEU),Secondary electricity,Nuclear,2090,0.697840,EJ/yr,WEU; CEU,Secondary Energy|Electricity|Nuclear,IMAGE 3.4_SSP2_VLHO.xlsx
IMAGE,3.4,SSP2-VLHO,Europe (WEU + CEU),Secondary electricity,Nuclear,2100,0.563150,EJ/yr,WEU; CEU,Secondary Energy|Electricity|Nuclear,IMAGE 3.4_SSP2_VLHO.xlsx
IMAGE,3.4,SSP2-VLHO,Europe (WEU + CEU),Secondary electricity,Hydro,2020,2.049090,EJ/yr,WEU; CEU,Secondary Energy|Electricity|Hydro,IMAGE 3.4_SSP2_VLHO.xlsx
IMAGE,3.4,SSP2-VLHO,Europe (WEU + CEU),Secondary electricity,Hydro,2030,2.318708,EJ/yr,WEU; CEU,Secondary Energy|Electricity|Hydro,IMAGE 3.4_SSP2_VLHO.xlsx
IMAGE,3.4,SSP2-VLHO,Europe (WEU + CEU),Secondary electricity,Hydro,2040,2.746424,EJ/yr,WEU; CEU,Secondary Energy|Electricity|Hydro,IMAGE 3.4_SSP2_VLHO.xlsx
IMAGE,3.4,SSP2-VLHO,Europe (WEU + CEU),Secondary electricity,Hydro,2050,1.233941,EJ/yr,WEU; CEU,Secondary Energy|Electricity|Hydro,IMAGE 3.4_SSP2_VLHO.xlsx
IMAGE,3.4,SSP2-VLHO,Europe (WEU + CEU),Secondary electricity,Hydro,2060,2.277650,EJ/yr,WEU; CEU,Secondary Energy|Electricity|Hydro,IMAGE 3.4_SSP2_VLHO.xlsx
IMAGE,3.4,SSP2-VLHO,Europe (WEU + CEU),Secondary electricity,Hydro,2070,2.582912,EJ/yr,WEU; CEU,Secondary Energy|Electricity|Hydro,IMAGE 3.4_SSP2_VLHO.xlsx
IMAGE,3.4,SSP2-VLHO,Europe (WEU + CEU),Secondary electricity,Hydro,2080,1.805196,EJ/yr,WEU; CEU,Secondary Energy|Electricity|Hydro,IMAGE 3.4_SSP2_VLHO.xlsx
IMAGE,3.4,SSP2-VLHO,Europe (WEU + CEU),Secondary electricity,Hydro,2090,2.089630,EJ/yr,WEU; CEU,Secondary Energy|Electricity|Hydro,IMAGE 3.4_SSP2_VLHO.xlsx
IMAGE,3.4,SSP2-VLHO,Europe (WEU + CEU),Secondary electricity,Hydro,2100,1.793715,EJ/yr,WEU; CEU,Secondary Energy|Electricity|Hydro,IMAGE 3.4_SSP2_VLHO.xlsx
IMAGE,3.4,SSP2-VLHO,Europe (WEU + CEU),Secondary electricity,Solar,2020,0.579181,EJ/yr,WEU; CEU,Secondary Energy|Electricity|Solar|CSP; Secondary Energy|Electricity|Solar|PV|1; Secondary Energy|Electricity|Solar|PV|2,IMAGE 3.4_SSP2_VLHO.xlsx
IMAGE,3.4,SSP2-VLHO,Europe (WEU + CEU),Secondary electricity,Solar,2030,2.472317,EJ/yr,WEU; CEU,Secondary Energy|Electricity|Solar|CSP; Secondary Energy|Electricity|Solar|PV|1; Secondary Energy|Electricity|Solar|PV|2,IMAGE 3.4_SSP2_VLHO.xlsx
IMAGE,3.4,SSP2-VLHO,Europe (WEU + CEU),Secondary electricity,Solar,2040,4.926339,EJ/yr,WEU; CEU,Secondary Energy|Electricity|Solar|CSP; Secondary Energy|Electricity|Solar|PV|1; Secondary Energy|Electricity|Solar|PV|2,IMAGE 3.4_SSP2_VLHO.xlsx
IMAGE,3.4,SSP2-VLHO,Europe (WEU + CEU),Secondary electricity,Solar,2050,5.498950,EJ/yr,WEU; CEU,Secondary Energy|Electricity|Solar|CSP; Secondary Energy|Electricity|Solar|PV|1; Secondary Energy|Electricity|Solar|PV|2,IMAGE 3.4_SSP2_VLHO.xlsx
IMAGE,3.4,SSP2-VLHO,Europe (WEU + CEU),Secondary electricity,Solar,2060,6.361412,EJ/yr,WEU; CEU,Secondary Energy|Electricity|Solar|CSP; Secondary Energy|Electricity|Solar|PV|1; Secondary Energy|Electricity|Solar|PV|2,IMAGE 3.4_SSP2_VLHO.xlsx
IMAGE,3.4,SSP2-VLHO,Europe (WEU + CEU),Secondary electricity,Solar,2070,6.677684,EJ/yr,WEU; CEU,Secondary Energy|Electricity|Solar|CSP; Secondary Energy|Electricity|Solar|PV|1; Secondary Energy|Electricity|Solar|PV|2,IMAGE 3.4_SSP2_VLHO.xlsx
IMAGE,3.4,SSP2-VLHO,Europe (WEU + CEU),Secondary electricity,Solar,2080,6.657025,EJ/yr,WEU; CEU,Secondary Energy|Electricity|Solar|CSP; Secondary Energy|Electricity|Solar|PV|1; Secondary Energy|Electricity|Solar|PV|2,IMAGE 3.4_SSP2_VLHO.xlsx
IMAGE,3.4,SSP2-VLHO,Europe (WEU + CEU),Secondary electricity,Solar,2090,7.088051,EJ/yr,WEU; CEU,Secondary Energy|Electricity|Solar|CSP; Secondary Energy|Electricity|Solar|PV|1; Secondary Energy|Electricity|Solar|PV|2,IMAGE 3.4_SSP2_VLHO.xlsx
IMAGE,3.4,SSP2-VLHO,Europe (WEU + CEU),Secondary electricity,Solar,2100,7.682776,EJ/yr,WEU; CEU,Secondary Energy|Electricity|Solar|CSP; Secondary Energy|Electricity|Solar|PV|1; Secondary Energy|Electricity|Solar|PV|2,IMAGE 3.4_SSP2_VLHO.xlsx
IMAGE,3.4,SSP2-VLHO,Europe (WEU + CEU),Secondary electricity,Wind,2020,1.746864,EJ/yr,WEU; CEU,Secondary Energy|Electricity|Wind|1; Secondary Energy|Electricity|Wind|2,IMAGE 3.4_SSP2_VLHO.xlsx
IMAGE,3.4,SSP2-VLHO,Europe (WEU + CEU),Secondary electricity,Wind,2030,2.640849,EJ/yr,WEU; CEU,Secondary Energy|Electricity|Wind|1; Secondary Energy|Electricity|Wind|2,IMAGE 3.4_SSP2_VLHO.xlsx
IMAGE,3.4,SSP2-VLHO,Europe (WEU + CEU),Secondary electricity,Wind,2040,6.953165,EJ/yr,WEU; CEU,Secondary Energy|Electricity|Wind|1; Secondary Energy|Electricity|Wind|2,IMAGE 3.4_SSP2_VLHO.xlsx
IMAGE,3.4,SSP2-VLHO,Europe (WEU + CEU),Secondary electricity,Wind,2050,10.329360,EJ/yr,WEU; CEU,Secondary Energy|Electricity|Wind|1; Secondary Energy|Electricity|Wind|2,IMAGE 3.4_SSP2_VLHO.xlsx
IMAGE,3.4,SSP2-VLHO,Europe (WEU + CEU),Secondary electricity,Wind,2060,10.304231,EJ/yr,WEU; CEU,Secondary Energy|Electricity|Wind|1; Secondary Energy|Electricity|Wind|2,IMAGE 3.4_SSP2_VLHO.xlsx
IMAGE,3.4,SSP2-VLHO,Europe (WEU + CEU),Secondary electricity,Wind,2070,11.121679,EJ/yr,WEU; CEU,Secondary Energy|Electricity|Wind|1; Secondary Energy|Electricity|Wind|2,IMAGE 3.4_SSP2_VLHO.xlsx
IMAGE,3.4,SSP2-VLHO,Europe (WEU + CEU),Secondary electricity,Wind,2080,14.254630,EJ/yr,WEU; CEU,Secondary Energy|Electricity|Wind|1; Secondary Energy|Electricity|Wind|2,IMAGE 3.4_SSP2_VLHO.xlsx
IMAGE,3.4,SSP2-VLHO,Europe (WEU + CEU),Secondary electricity,Wind,2090,13.989353,EJ/yr,WEU; CEU,Secondary Energy|Electricity|Wind|1; Secondary Energy|Electricity|Wind|2,IMAGE 3.4_SSP2_VLHO.xlsx
IMAGE,3.4,SSP2-VLHO,Europe (WEU + CEU),Secondary electricity,Wind,2100,14.420700,EJ/yr,WEU; CEU,Secondary Energy|Electricity|Wind|1; Secondary Energy|Electricity|Wind|2,IMAGE 3.4_SSP2_VLHO.xlsx
IMAGE,3.4,SSP2-VLHO,Europe (WEU + CEU),Secondary electricity,Other,2020,0.031391,EJ/yr,WEU; CEU,Secondary Energy|Electricity|Geothermal; Secondary Energy|Electricity|Hydrogen; Secondary Energy|Electricity|Other; Secondary Energy|Electricity|Storage; Secondary Energy|Electricity|Wave,IMAGE 3.4_SSP2_VLHO.xlsx
IMAGE,3.4,SSP2-VLHO,Europe (WEU + CEU),Secondary electricity,Other,2030,0.042290,EJ/yr,WEU; CEU,Secondary Energy|Electricity|Geothermal; Secondary Energy|Electricity|Hydrogen; Secondary Energy|Electricity|Other; Secondary Energy|Electricity|Storage; Secondary Energy|Electricity|Wave,IMAGE 3.4_SSP2_VLHO.xlsx
IMAGE,3.4,SSP2-VLHO,Europe (WEU + CEU),Secondary electricity,Other,2040,1.240947,EJ/yr,WEU; CEU,Secondary Energy|Electricity|Geothermal; Secondary Energy|Electricity|Hydrogen; Secondary Energy|Electricity|Other; Secondary Energy|Electricity|Storage; Secondary Energy|Electricity|Wave,IMAGE 3.4_SSP2_VLHO.xlsx
IMAGE,3.4,SSP2-VLHO,Europe (WEU + CEU),Secondary electricity,Other,2050,1.141688,EJ/yr,WEU; CEU,Secondary Energy|Electricity|Geothermal; Secondary Energy|Electricity|Hydrogen; Secondary Energy|Electricity|Other; Secondary Energy|Electricity|Storage; Secondary Energy|Electricity|Wave,IMAGE 3.4_SSP2_VLHO.xlsx
IMAGE,3.4,SSP2-VLHO,Europe (WEU + CEU),Secondary electricity,Other,2060,1.007252,EJ/yr,WEU; CEU,Secondary Energy|Electricity|Geothermal; Secondary Energy|Electricity|Hydrogen; Secondary Energy|Electricity|Other; Secondary Energy|Electricity|Storage; Secondary Energy|Electricity|Wave,IMAGE 3.4_SSP2_VLHO.xlsx
IMAGE,3.4,SSP2-VLHO,Europe (WEU + CEU),Secondary electricity,Other,2070,0.779923,EJ/yr,WEU; CEU,Secondary Energy|Electricity|Geothermal; Secondary Energy|Electricity|Hydrogen; Secondary Energy|Electricity|Other; Secondary Energy|Electricity|Storage; Secondary Energy|Electricity|Wave,IMAGE 3.4_SSP2_VLHO.xlsx
IMAGE,3.4,SSP2-VLHO,Europe (WEU + CEU),Secondary electricity,Other,2080,0.933691,EJ/yr,WEU; CEU,Secondary Energy|Electricity|Geothermal; Secondary Energy|Electricity|Hydrogen; Secondary Energy|Electricity|Other; Secondary Energy|Electricity|Storage; Secondary Energy|Electricity|Wave,IMAGE 3.4_SSP2_VLHO.xlsx
IMAGE,3.4,SSP2-VLHO,Europe (WEU + CEU),Secondary electricity,Other,2090,0.976143,EJ/yr,WEU; CEU,Secondary Energy|Electricity|Geothermal; Secondary Energy|Electricity|Hydrogen; Secondary Energy|Electricity|Other; Secondary Energy|Electricity|Storage; Secondary Energy|Electricity|Wave,IMAGE 3.4_SSP2_VLHO.xlsx
IMAGE,3.4,SSP2-VLHO,Europe (WEU + CEU),Secondary electricity,Other,2100,1.282238,EJ/yr,WEU; CEU,Secondary Energy|Electricity|Geothermal; Secondary Energy|Electricity|Hydrogen; Secondary Energy|Electricity|Other; Secondary Energy|Electricity|Storage; Secondary Energy|Electricity|Wave,IMAGE 3.4_SSP2_VLHO.xlsx
IMAGE,3.4,SSP2-VLHO,Europe (WEU + CEU),Final energy,Passenger transport,2020,7.559552,EJ/yr,WEU; CEU,Final Energy|Transportation|Passenger,IMAGE 3.4_SSP2_VLHO.xlsx
IMAGE,3.4,SSP2-VLHO,Europe (WEU + CEU),Final energy,Passenger transport,2030,7.588337,EJ/yr,WEU; CEU,Final Energy|Transportation|Passenger,IMAGE 3.4_SSP2_VLHO.xlsx
IMAGE,3.4,SSP2-VLHO,Europe (WEU + CEU),Final energy,Passenger transport,2040,5.421656,EJ/yr,WEU; CEU,Final Energy|Transportation|Passenger,IMAGE 3.4_SSP2_VLHO.xlsx
IMAGE,3.4,SSP2-VLHO,Europe (WEU + CEU),Final energy,Passenger transport,2050,4.580469,EJ/yr,WEU; CEU,Final Energy|Transportation|Passenger,IMAGE 3.4_SSP2_VLHO.xlsx
IMAGE,3.4,SSP2-VLHO,Europe (WEU + CEU),Final energy,Passenger transport,2060,4.356631,EJ/yr,WEU; CEU,Final Energy|Transportation|Passenger,IMAGE 3.4_SSP2_VLHO.xlsx
IMAGE,3.4,SSP2-VLHO,Europe (WEU + CEU),Final energy,Passenger transport,2070,4.131535,EJ/yr,WEU; CEU,Final Energy|Transportation|Passenger,IMAGE 3.4_SSP2_VLHO.xlsx
IMAGE,3.4,SSP2-VLHO,Europe (WEU + CEU),Final energy,Passenger transport,2080,4.171154,EJ/yr,WEU; CEU,Final Energy|Transportation|Passenger,IMAGE 3.4_SSP2_VLHO.xlsx
IMAGE,3.4,SSP2-VLHO,Europe (WEU + CEU),Final energy,Passenger transport,2090,4.328989,EJ/yr,WEU; CEU,Final Energy|Transportation|Passenger,IMAGE 3.4_SSP2_VLHO.xlsx
IMAGE,3.4,SSP2-VLHO,Europe (WEU + CEU),Final energy,Passenger transport,2100,4.601069,EJ/yr,WEU; CEU,Final Energy|Transportation|Passenger,IMAGE 3.4_SSP2_VLHO.xlsx
IMAGE,3.4,SSP2-VLHO,Europe (WEU + CEU),Final energy,Freight transport,2020,5.052950,EJ/yr,WEU; CEU,Final Energy|Transportation|Freight,IMAGE 3.4_SSP2_VLHO.xlsx
IMAGE,3.4,SSP2-VLHO,Europe (WEU + CEU),Final energy,Freight transport,2030,5.554923,EJ/yr,WEU; CEU,Final Energy|Transportation|Freight,IMAGE 3.4_SSP2_VLHO.xlsx
IMAGE,3.4,SSP2-VLHO,Europe (WEU + CEU),Final energy,Freight transport,2040,4.864405,EJ/yr,WEU; CEU,Final Energy|Transportation|Freight,IMAGE 3.4_SSP2_VLHO.xlsx
IMAGE,3.4,SSP2-VLHO,Europe (WEU + CEU),Final energy,Freight transport,2050,3.838782,EJ/yr,WEU; CEU,Final Energy|Transportation|Freight,IMAGE 3.4_SSP2_VLHO.xlsx
IMAGE,3.4,SSP2-VLHO,Europe (WEU + CEU),Final energy,Freight transport,2060,3.799979,EJ/yr,WEU; CEU,Final Energy|Transportation|Freight,IMAGE 3.4_SSP2_VLHO.xlsx
IMAGE,3.4,SSP2-VLHO,Europe (WEU + CEU),Final energy,Freight transport,2070,3.777659,EJ/yr,WEU; CEU,Final Energy|Transportation|Freight,IMAGE 3.4_SSP2_VLHO.xlsx
IMAGE,3.4,SSP2-VLHO,Europe (WEU + CEU),Final energy,Freight transport,2080,3.870475,EJ/yr,WEU; CEU,Final Energy|Transportation|Freight,IMAGE 3.4_SSP2_VLHO.xlsx
IMAGE,3.4,SSP2-VLHO,Europe (WEU + CEU),Final energy,Freight transport,2090,3.964118,EJ/yr,WEU; CEU,Final Energy|Transportation|Freight,IMAGE 3.4_SSP2_VLHO.xlsx
IMAGE,3.4,SSP2-VLHO,Europe (WEU + CEU),Final energy,Freight transport,2100,4.058571,EJ/yr,WEU; CEU,Final Energy|Transportation|Freight,IMAGE 3.4_SSP2_VLHO.xlsx
IMAGE,3.4,SSP2-VLHO,Europe (WEU + CEU),Final energy,Iron & steel,2020,1.069185,EJ/yr,WEU; CEU,Final Energy|Industry|Iron and Steel,IMAGE 3.4_SSP2_VLHO.xlsx
IMAGE,3.4,SSP2-VLHO,Europe (WEU + CEU),Final energy,Iron & steel,2030,0.873210,EJ/yr,WEU; CEU,Final Energy|Industry|Iron and Steel,IMAGE 3.4_SSP2_VLHO.xlsx
IMAGE,3.4,SSP2-VLHO,Europe (WEU + CEU),Final energy,Iron & steel,2040,0.742210,EJ/yr,WEU; CEU,Final Energy|Industry|Iron and Steel,IMAGE 3.4_SSP2_VLHO.xlsx
IMAGE,3.4,SSP2-VLHO,Europe (WEU + CEU),Final energy,Iron & steel,2050,0.732718,EJ/yr,WEU; CEU,Final Energy|Industry|Iron and Steel,IMAGE 3.4_SSP2_VLHO.xlsx
IMAGE,3.4,SSP2-VLHO,Europe (WEU + CEU),Final energy,Iron & steel,2060,0.773282,EJ/yr,WEU; CEU,Final Energy|Industry|Iron and Steel,IMAGE 3.4_SSP2_VLHO.xlsx
IMAGE,3.4,SSP2-VLHO,Europe (WEU + CEU),Final energy,Iron & steel,2070,0.825974,EJ/yr,WEU; CEU,Final Energy|Industry|Iron and Steel,IMAGE 3.4_SSP2_VLHO.xlsx
IMAGE,3.4,SSP2-VLHO,Europe (WEU + CEU),Final energy,Iron & steel,2080,0.826656,EJ/yr,WEU; CEU,Final Energy|Industry|Iron and Steel,IMAGE 3.4_SSP2_VLHO.xlsx
IMAGE,3.4,SSP2-VLHO,Europe (WEU + CEU),Final energy,Iron & steel,2090,0.827246,EJ/yr,WEU; CEU,Final Energy|Industry|Iron and Steel,IMAGE 3.4_SSP2_VLHO.xlsx
IMAGE,3.4,SSP2-VLHO,Europe (WEU + CEU),Final energy,Iron & steel,2100,0.810787,EJ/yr,WEU; CEU,Final Energy|Industry|Iron and Steel,IMAGE 3.4_SSP2_VLHO.xlsx
IMAGE,3.4,SSP2-VLHO,Europe (WEU + CEU),Final energy,Space heating,2020,9.814929,EJ/yr,WEU; CEU,Final Energy|Residential|Space Heating; Final Energy|Commercial|Space Heating,IMAGE 3.4_SSP2_VLHO.xlsx
IMAGE,3.4,SSP2-VLHO,Europe (WEU + CEU),Final energy,Space heating,2030,7.561987,EJ/yr,WEU; CEU,Final Energy|Residential|Space Heating; Final Energy|Commercial|Space Heating,IMAGE 3.4_SSP2_VLHO.xlsx
IMAGE,3.4,SSP2-VLHO,Europe (WEU + CEU),Final energy,Space heating,2040,2.693401,EJ/yr,WEU; CEU,Final Energy|Residential|Space Heating; Final Energy|Commercial|Space Heating,IMAGE 3.4_SSP2_VLHO.xlsx
IMAGE,3.4,SSP2-VLHO,Europe (WEU + CEU),Final energy,Space heating,2050,2.291498,EJ/yr,WEU; CEU,Final Energy|Residential|Space Heating; Final Energy|Commercial|Space Heating,IMAGE 3.4_SSP2_VLHO.xlsx
IMAGE,3.4,SSP2-VLHO,Europe (WEU + CEU),Final energy,Space heating,2060,1.606053,EJ/yr,WEU; CEU,Final Energy|Residential|Space Heating; Final Energy|Commercial|Space Heating,IMAGE 3.4_SSP2_VLHO.xlsx
IMAGE,3.4,SSP2-VLHO,Europe (WEU + CEU),Final energy,Space heating,2070,1.513763,EJ/yr,WEU; CEU,Final Energy|Residential|Space Heating; Final Energy|Commercial|Space Heating,IMAGE 3.4_SSP2_VLHO.xlsx
IMAGE,3.4,SSP2-VLHO,Europe (WEU + CEU),Final energy,Space heating,2080,1.517971,EJ/yr,WEU; CEU,Final Energy|Residential|Space Heating; Final Energy|Commercial|Space Heating,IMAGE 3.4_SSP2_VLHO.xlsx
IMAGE,3.4,SSP2-VLHO,Europe (WEU + CEU),Final energy,Space heating,2090,1.508127,EJ/yr,WEU; CEU,Final Energy|Residential|Space Heating; Final Energy|Commercial|Space Heating,IMAGE 3.4_SSP2_VLHO.xlsx
IMAGE,3.4,SSP2-VLHO,Europe (WEU + CEU),Final energy,Space heating,2100,1.446612,EJ/yr,WEU; CEU,Final Energy|Residential|Space Heating; Final Energy|Commercial|Space Heating,IMAGE 3.4_SSP2_VLHO.xlsx
IMAGE,3.4,SSP2-M,World,Primary energy,Coal,2020,157.409297,EJ/yr,World,Primary Energy|Coal,IMAGE 3.4_SSP2_M_CP.xlsx
IMAGE,3.4,SSP2-M,World,Primary energy,Coal,2030,161.612500,EJ/yr,World,Primary Energy|Coal,IMAGE 3.4_SSP2_M_CP.xlsx
IMAGE,3.4,SSP2-M,World,Primary energy,Coal,2040,155.433594,EJ/yr,World,Primary Energy|Coal,IMAGE 3.4_SSP2_M_CP.xlsx
IMAGE,3.4,SSP2-M,World,Primary energy,Coal,2050,128.772203,EJ/yr,World,Primary Energy|Coal,IMAGE 3.4_SSP2_M_CP.xlsx
IMAGE,3.4,SSP2-M,World,Primary energy,Coal,2060,103.131102,EJ/yr,World,Primary Energy|Coal,IMAGE 3.4_SSP2_M_CP.xlsx
IMAGE,3.4,SSP2-M,World,Primary energy,Coal,2070,79.188461,EJ/yr,World,Primary Energy|Coal,IMAGE 3.4_SSP2_M_CP.xlsx
IMAGE,3.4,SSP2-M,World,Primary energy,Coal,2080,69.908703,EJ/yr,World,Primary Energy|Coal,IMAGE 3.4_SSP2_M_CP.xlsx
IMAGE,3.4,SSP2-M,World,Primary energy,Coal,2090,74.461008,EJ/yr,World,Primary Energy|Coal,IMAGE 3.4_SSP2_M_CP.xlsx
IMAGE,3.4,SSP2-M,World,Primary energy,Coal,2100,81.468789,EJ/yr,World,Primary Energy|Coal,IMAGE 3.4_SSP2_M_CP.xlsx
IMAGE,3.4,SSP2-M,World,Primary energy,Oil,2020,173.106094,EJ/yr,World,Primary Energy|Oil,IMAGE 3.4_SSP2_M_CP.xlsx
IMAGE,3.4,SSP2-M,World,Primary energy,Oil,2030,205.386797,EJ/yr,World,Primary Energy|Oil,IMAGE 3.4_SSP2_M_CP.xlsx
IMAGE,3.4,SSP2-M,World,Primary energy,Oil,2040,182.495500,EJ/yr,World,Primary Energy|Oil,IMAGE 3.4_SSP2_M_CP.xlsx
IMAGE,3.4,SSP2-M,World,Primary energy,Oil,2050,176.989094,EJ/yr,World,Primary Energy|Oil,IMAGE 3.4_SSP2_M_CP.xlsx
IMAGE,3.4,SSP2-M,World,Primary energy,Oil,2060,182.456797,EJ/yr,World,Primary Energy|Oil,IMAGE 3.4_SSP2_M_CP.xlsx
IMAGE,3.4,SSP2-M,World,Primary energy,Oil,2070,188.942500,EJ/yr,World,Primary Energy|Oil,IMAGE 3.4_SSP2_M_CP.xlsx
IMAGE,3.4,SSP2-M,World,Primary energy,Oil,2080,187.292906,EJ/yr,World,Primary Energy|Oil,IMAGE 3.4_SSP2_M_CP.xlsx
IMAGE,3.4,SSP2-M,World,Primary energy,Oil,2090,177.682594,EJ/yr,World,Primary Energy|Oil,IMAGE 3.4_SSP2_M_CP.xlsx
IMAGE,3.4,SSP2-M,World,Primary energy,Oil,2100,160.488703,EJ/yr,World,Primary Energy|Oil,IMAGE 3.4_SSP2_M_CP.xlsx
IMAGE,3.4,SSP2-M,World,Primary energy,Gas,2020,135.358797,EJ/yr,World,Primary Energy|Gas,IMAGE 3.4_SSP2_M_CP.xlsx
IMAGE,3.4,SSP2-M,World,Primary energy,Gas,2030,132.618000,EJ/yr,World,Primary Energy|Gas,IMAGE 3.4_SSP2_M_CP.xlsx
IMAGE,3.4,SSP2-M,World,Primary energy,Gas,2040,139.827203,EJ/yr,World,Primary Energy|Gas,IMAGE 3.4_SSP2_M_CP.xlsx
IMAGE,3.4,SSP2-M,World,Primary energy,Gas,2050,152.831000,EJ/yr,World,Primary Energy|Gas,IMAGE 3.4_SSP2_M_CP.xlsx
IMAGE,3.4,SSP2-M,World,Primary energy,Gas,2060,186.165094,EJ/yr,World,Primary Energy|Gas,IMAGE 3.4_SSP2_M_CP.xlsx
IMAGE,3.4,SSP2-M,World,Primary energy,Gas,2070,217.415500,EJ/yr,World,Primary Energy|Gas,IMAGE 3.4_SSP2_M_CP.xlsx
IMAGE,3.4,SSP2-M,World,Primary energy,Gas,2080,240.261906,EJ/yr,World,Primary Energy|Gas,IMAGE 3.4_SSP2_M_CP.xlsx
IMAGE,3.4,SSP2-M,World,Primary energy,Gas,2090,245.386000,EJ/yr,World,Primary Energy|Gas,IMAGE 3.4_SSP2_M_CP.xlsx
IMAGE,3.4,SSP2-M,World,Primary energy,Gas,2100,256.787297,EJ/yr,World,Primary Energy|Gas,IMAGE 3.4_SSP2_M_CP.xlsx
IMAGE,3.4,SSP2-M,World,Primary energy,Biomass,2020,54.897260,EJ/yr,World,Primary Energy|Biomass,IMAGE 3.4_SSP2_M_CP.xlsx
IMAGE,3.4,SSP2-M,World,Primary energy,Biomass,2030,65.984230,EJ/yr,World,Primary Energy|Biomass,IMAGE 3.4_SSP2_M_CP.xlsx
IMAGE,3.4,SSP2-M,World,Primary energy,Biomass,2040,64.471902,EJ/yr,World,Primary Energy|Biomass,IMAGE 3.4_SSP2_M_CP.xlsx
IMAGE,3.4,SSP2-M,World,Primary energy,Biomass,2050,66.970801,EJ/yr,World,Primary Energy|Biomass,IMAGE 3.4_SSP2_M_CP.xlsx
IMAGE,3.4,SSP2-M,World,Primary energy,Biomass,2060,64.585479,EJ/yr,World,Primary Energy|Biomass,IMAGE 3.4_SSP2_M_CP.xlsx
IMAGE,3.4,SSP2-M,World,Primary energy,Biomass,2070,70.702241,EJ/yr,World,Primary Energy|Biomass,IMAGE 3.4_SSP2_M_CP.xlsx
IMAGE,3.4,SSP2-M,World,Primary energy,Biomass,2080,74.610141,EJ/yr,World,Primary Energy|Biomass,IMAGE 3.4_SSP2_M_CP.xlsx
IMAGE,3.4,SSP2-M,World,Primary energy,Biomass,2090,75.597439,EJ/yr,World,Primary Energy|Biomass,IMAGE 3.4_SSP2_M_CP.xlsx
IMAGE,3.4,SSP2-M,World,Primary energy,Biomass,2100,76.392292,EJ/yr,World,Primary Energy|Biomass,IMAGE 3.4_SSP2_M_CP.xlsx
IMAGE,3.4,SSP2-M,World,Primary energy,Nuclear,2020,9.635218,EJ/yr,World,Primary Energy|Nuclear,IMAGE 3.4_SSP2_M_CP.xlsx
IMAGE,3.4,SSP2-M,World,Primary energy,Nuclear,2030,11.122960,EJ/yr,World,Primary Energy|Nuclear,IMAGE 3.4_SSP2_M_CP.xlsx
IMAGE,3.4,SSP2-M,World,Primary energy,Nuclear,2040,8.987695,EJ/yr,World,Primary Energy|Nuclear,IMAGE 3.4_SSP2_M_CP.xlsx
IMAGE,3.4,SSP2-M,World,Primary energy,Nuclear,2050,6.768573,EJ/yr,World,Primary Energy|Nuclear,IMAGE 3.4_SSP2_M_CP.xlsx
IMAGE,3.4,SSP2-M,World,Primary energy,Nuclear,2060,8.098254,EJ/yr,World,Primary Energy|Nuclear,IMAGE 3.4_SSP2_M_CP.xlsx
IMAGE,3.4,SSP2-M,World,Primary energy,Nuclear,2070,9.904172,EJ/yr,World,Primary Energy|Nuclear,IMAGE 3.4_SSP2_M_CP.xlsx
IMAGE,3.4,SSP2-M,World,Primary energy,Nuclear,2080,11.837780,EJ/yr,World,Primary Energy|Nuclear,IMAGE 3.4_SSP2_M_CP.xlsx
IMAGE,3.4,SSP2-M,World,Primary energy,Nuclear,2090,12.930710,EJ/yr,World,Primary Energy|Nuclear,IMAGE 3.4_SSP2_M_CP.xlsx
IMAGE,3.4,SSP2-M,World,Primary energy,Nuclear,2100,12.916420,EJ/yr,World,Primary Energy|Nuclear,IMAGE 3.4_SSP2_M_CP.xlsx
IMAGE,3.4,SSP2-M,World,Primary energy,Non-biomass renewables,2020,24.773921,EJ/yr,World,Primary Energy|Non-Biomass Renewables,IMAGE 3.4_SSP2_M_CP.xlsx
IMAGE,3.4,SSP2-M,World,Primary energy,Non-biomass renewables,2030,53.788049,EJ/yr,World,Primary Energy|Non-Biomass Renewables,IMAGE 3.4_SSP2_M_CP.xlsx
IMAGE,3.4,SSP2-M,World,Primary energy,Non-biomass renewables,2040,95.977797,EJ/yr,World,Primary Energy|Non-Biomass Renewables,IMAGE 3.4_SSP2_M_CP.xlsx
IMAGE,3.4,SSP2-M,World,Primary energy,Non-biomass renewables,2050,159.145002,EJ/yr,World,Primary Energy|Non-Biomass Renewables,IMAGE 3.4_SSP2_M_CP.xlsx
IMAGE,3.4,SSP2-M,World,Primary energy,Non-biomass renewables,2060,209.094736,EJ/yr,World,Primary Energy|Non-Biomass Renewables,IMAGE 3.4_SSP2_M_CP.xlsx
IMAGE,3.4,SSP2-M,World,Primary energy,Non-biomass renewables,2070,254.218906,EJ/yr,World,Primary Energy|Non-Biomass Renewables,IMAGE 3.4_SSP2_M_CP.xlsx
IMAGE,3.4,SSP2-M,World,Primary energy,Non-biomass renewables,2080,309.792575,EJ/yr,World,Primary Energy|Non-Biomass Renewables,IMAGE 3.4_SSP2_M_CP.xlsx
IMAGE,3.4,SSP2-M,World,Primary energy,Non-biomass renewables,2090,364.705362,EJ/yr,World,Primary Energy|Non-Biomass Renewables,IMAGE 3.4_SSP2_M_CP.xlsx
IMAGE,3.4,SSP2-M,World,Primary energy,Non-biomass renewables,2100,411.902820,EJ/yr,World,Primary Energy|Non-Biomass Renewables,IMAGE 3.4_SSP2_M_CP.xlsx
IMAGE,3.4,SSP2-M,World,Secondary electricity,Coal,2020,34.086428,EJ/yr,World,Secondary Energy|Electricity|Coal,IMAGE 3.4_SSP2_M_CP.xlsx
IMAGE,3.4,SSP2-M,World,Secondary electricity,Coal,2030,40.693712,EJ/yr,World,Secondary Energy|Electricity|Coal,IMAGE 3.4_SSP2_M_CP.xlsx
IMAGE,3.4,SSP2-M,World,Secondary electricity,Coal,2040,43.209701,EJ/yr,World,Secondary Energy|Electricity|Coal,IMAGE 3.4_SSP2_M_CP.xlsx
IMAGE,3.4,SSP2-M,World,Secondary electricity,Coal,2050,38.269908,EJ/yr,World,Secondary Energy|Electricity|Coal,IMAGE 3.4_SSP2_M_CP.xlsx
IMAGE,3.4,SSP2-M,World,Secondary electricity,Coal,2060,31.348848,EJ/yr,World,Secondary Energy|Electricity|Coal,IMAGE 3.4_SSP2_M_CP.xlsx
IMAGE,3.4,SSP2-M,World,Secondary electricity,Coal,2070,23.156871,EJ/yr,World,Secondary Energy|Electricity|Coal,IMAGE 3.4_SSP2_M_CP.xlsx
IMAGE,3.4,SSP2-M,World,Secondary electricity,Coal,2080,20.643991,EJ/yr,World,Secondary Energy|Electricity|Coal,IMAGE 3.4_SSP2_M_CP.xlsx
IMAGE,3.4,SSP2-M,World,Secondary electricity,Coal,2090,23.974720,EJ/yr,World,Secondary Energy|Electricity|Coal,IMAGE 3.4_SSP2_M_CP.xlsx
IMAGE,3.4,SSP2-M,World,Secondary electricity,Coal,2100,28.724735,EJ/yr,World,Secondary Energy|Electricity|Coal,IMAGE 3.4_SSP2_M_CP.xlsx
IMAGE,3.4,SSP2-M,World,Secondary electricity,Gas,2020,22.839445,EJ/yr,World,Secondary Energy|Electricity|Gas,IMAGE 3.4_SSP2_M_CP.xlsx
IMAGE,3.4,SSP2-M,World,Secondary electricity,Gas,2030,23.878539,EJ/yr,World,Secondary Energy|Electricity|Gas,IMAGE 3.4_SSP2_M_CP.xlsx
IMAGE,3.4,SSP2-M,World,Secondary electricity,Gas,2040,26.965694,EJ/yr,World,Secondary Energy|Electricity|Gas,IMAGE 3.4_SSP2_M_CP.xlsx
IMAGE,3.4,SSP2-M,World,Secondary electricity,Gas,2050,29.540187,EJ/yr,World,Secondary Energy|Electricity|Gas,IMAGE 3.4_SSP2_M_CP.xlsx
IMAGE,3.4,SSP2-M,World,Secondary electricity,Gas,2060,35.981451,EJ/yr,World,Secondary Energy|Electricity|Gas,IMAGE 3.4_SSP2_M_CP.xlsx
IMAGE,3.4,SSP2-M,World,Secondary electricity,Gas,2070,46.711597,EJ/yr,World,Secondary Energy|Electricity|Gas,IMAGE 3.4_SSP2_M_CP.xlsx
IMAGE,3.4,SSP2-M,World,Secondary electricity,Gas,2080,54.023633,EJ/yr,World,Secondary Energy|Electricity|Gas,IMAGE 3.4_SSP2_M_CP.xlsx
IMAGE,3.4,SSP2-M,World,Secondary electricity,Gas,2090,52.155385,EJ/yr,World,Secondary Energy|Electricity|Gas,IMAGE 3.4_SSP2_M_CP.xlsx
IMAGE,3.4,SSP2-M,World,Secondary electricity,Gas,2100,52.489037,EJ/yr,World,Secondary Energy|Electricity|Gas,IMAGE 3.4_SSP2_M_CP.xlsx
IMAGE,3.4,SSP2-M,World,Secondary electricity,Oil,2020,2.405043,EJ/yr,World,Secondary Energy|Electricity|Oil,IMAGE 3.4_SSP2_M_CP.xlsx
IMAGE,3.4,SSP2-M,World,Secondary electricity,Oil,2030,3.444758,EJ/yr,World,Secondary Energy|Electricity|Oil,IMAGE 3.4_SSP2_M_CP.xlsx
IMAGE,3.4,SSP2-M,World,Secondary electricity,Oil,2040,1.222133,EJ/yr,World,Secondary Energy|Electricity|Oil,IMAGE 3.4_SSP2_M_CP.xlsx
IMAGE,3.4,SSP2-M,World,Secondary electricity,Oil,2050,0.050715,EJ/yr,World,Secondary Energy|Electricity|Oil,IMAGE 3.4_SSP2_M_CP.xlsx
IMAGE,3.4,SSP2-M,World,Secondary electricity,Oil,2060,0.029821,EJ/yr,World,Secondary Energy|Electricity|Oil,IMAGE 3.4_SSP2_M_CP.xlsx
IMAGE,3.4,SSP2-M,World,Secondary electricity,Oil,2070,0.005894,EJ/yr,World,Secondary Energy|Electricity|Oil,IMAGE 3.4_SSP2_M_CP.xlsx
IMAGE,3.4,SSP2-M,World,Secondary electricity,Oil,2080,0.016124,EJ/yr,World,Secondary Energy|Electricity|Oil,IMAGE 3.4_SSP2_M_CP.xlsx
IMAGE,3.4,SSP2-M,World,Secondary electricity,Oil,2090,0.048798,EJ/yr,World,Secondary Energy|Electricity|Oil,IMAGE 3.4_SSP2_M_CP.xlsx
IMAGE,3.4,SSP2-M,World,Secondary electricity,Oil,2100,0.101757,EJ/yr,World,Secondary Energy|Electricity|Oil,IMAGE 3.4_SSP2_M_CP.xlsx
IMAGE,3.4,SSP2-M,World,Secondary electricity,Biomass,2020,2.466505,EJ/yr,World,Secondary Energy|Electricity|Biomass,IMAGE 3.4_SSP2_M_CP.xlsx
IMAGE,3.4,SSP2-M,World,Secondary electricity,Biomass,2030,2.949262,EJ/yr,World,Secondary Energy|Electricity|Biomass,IMAGE 3.4_SSP2_M_CP.xlsx
IMAGE,3.4,SSP2-M,World,Secondary electricity,Biomass,2040,1.928354,EJ/yr,World,Secondary Energy|Electricity|Biomass,IMAGE 3.4_SSP2_M_CP.xlsx
IMAGE,3.4,SSP2-M,World,Secondary electricity,Biomass,2050,1.869316,EJ/yr,World,Secondary Energy|Electricity|Biomass,IMAGE 3.4_SSP2_M_CP.xlsx
IMAGE,3.4,SSP2-M,World,Secondary electricity,Biomass,2060,1.733712,EJ/yr,World,Secondary Energy|Electricity|Biomass,IMAGE 3.4_SSP2_M_CP.xlsx
IMAGE,3.4,SSP2-M,World,Secondary electricity,Biomass,2070,2.433241,EJ/yr,World,Secondary Energy|Electricity|Biomass,IMAGE 3.4_SSP2_M_CP.xlsx
IMAGE,3.4,SSP2-M,World,Secondary electricity,Biomass,2080,2.779056,EJ/yr,World,Secondary Energy|Electricity|Biomass,IMAGE 3.4_SSP2_M_CP.xlsx
IMAGE,3.4,SSP2-M,World,Secondary electricity,Biomass,2090,2.620626,EJ/yr,World,Secondary Energy|Electricity|Biomass,IMAGE 3.4_SSP2_M_CP.xlsx
IMAGE,3.4,SSP2-M,World,Secondary electricity,Biomass,2100,2.563252,EJ/yr,World,Secondary Energy|Electricity|Biomass,IMAGE 3.4_SSP2_M_CP.xlsx
IMAGE,3.4,SSP2-M,World,Secondary electricity,Nuclear,2020,9.635217,EJ/yr,World,Secondary Energy|Electricity|Nuclear,IMAGE 3.4_SSP2_M_CP.xlsx
IMAGE,3.4,SSP2-M,World,Secondary electricity,Nuclear,2030,11.122960,EJ/yr,World,Secondary Energy|Electricity|Nuclear,IMAGE 3.4_SSP2_M_CP.xlsx
IMAGE,3.4,SSP2-M,World,Secondary electricity,Nuclear,2040,8.987696,EJ/yr,World,Secondary Energy|Electricity|Nuclear,IMAGE 3.4_SSP2_M_CP.xlsx
IMAGE,3.4,SSP2-M,World,Secondary electricity,Nuclear,2050,6.768573,EJ/yr,World,Secondary Energy|Electricity|Nuclear,IMAGE 3.4_SSP2_M_CP.xlsx
IMAGE,3.4,SSP2-M,World,Secondary electricity,Nuclear,2060,8.098255,EJ/yr,World,Secondary Energy|Electricity|Nuclear,IMAGE 3.4_SSP2_M_CP.xlsx
IMAGE,3.4,SSP2-M,World,Secondary electricity,Nuclear,2070,9.904172,EJ/yr,World,Secondary Energy|Electricity|Nuclear,IMAGE 3.4_SSP2_M_CP.xlsx
IMAGE,3.4,SSP2-M,World,Secondary electricity,Nuclear,2080,11.837780,EJ/yr,World,Secondary Energy|Electricity|Nuclear,IMAGE 3.4_SSP2_M_CP.xlsx
IMAGE,3.4,SSP2-M,World,Secondary electricity,Nuclear,2090,12.930710,EJ/yr,World,Secondary Energy|Electricity|Nuclear,IMAGE 3.4_SSP2_M_CP.xlsx
IMAGE,3.4,SSP2-M,World,Secondary electricity,Nuclear,2100,12.916420,EJ/yr,World,Secondary Energy|Electricity|Nuclear,IMAGE 3.4_SSP2_M_CP.xlsx
IMAGE,3.4,SSP2-M,World,Secondary electricity,Hydro,2020,15.647039,EJ/yr,World,Secondary Energy|Electricity|Hydro,IMAGE 3.4_SSP2_M_CP.xlsx
IMAGE,3.4,SSP2-M,World,Secondary electricity,Hydro,2030,21.219871,EJ/yr,World,Secondary Energy|Electricity|Hydro,IMAGE 3.4_SSP2_M_CP.xlsx
IMAGE,3.4,SSP2-M,World,Secondary electricity,Hydro,2040,25.029040,EJ/yr,World,Secondary Energy|Electricity|Hydro,IMAGE 3.4_SSP2_M_CP.xlsx
IMAGE,3.4,SSP2-M,World,Secondary electricity,Hydro,2050,24.664261,EJ/yr,World,Secondary Energy|Electricity|Hydro,IMAGE 3.4_SSP2_M_CP.xlsx
IMAGE,3.4,SSP2-M,World,Secondary electricity,Hydro,2060,27.040479,EJ/yr,World,Secondary Energy|Electricity|Hydro,IMAGE 3.4_SSP2_M_CP.xlsx
IMAGE,3.4,SSP2-M,World,Secondary electricity,Hydro,2070,30.282039,EJ/yr,World,Secondary Energy|Electricity|Hydro,IMAGE 3.4_SSP2_M_CP.xlsx
IMAGE,3.4,SSP2-M,World,Secondary electricity,Hydro,2080,30.672460,EJ/yr,World,Secondary Energy|Electricity|Hydro,IMAGE 3.4_SSP2_M_CP.xlsx
IMAGE,3.4,SSP2-M,World,Secondary electricity,Hydro,2090,28.355351,EJ/yr,World,Secondary Energy|Electricity|Hydro,IMAGE 3.4_SSP2_M_CP.xlsx
IMAGE,3.4,SSP2-M,World,Secondary electricity,Hydro,2100,27.593540,EJ/yr,World,Secondary Energy|Electricity|Hydro,IMAGE 3.4_SSP2_M_CP.xlsx
IMAGE,3.4,SSP2-M,World,Secondary electricity,Solar,2020,3.023481,EJ/yr,World,Secondary Energy|Electricity|Solar|CSP; Secondary Energy|Electricity|Solar|PV|1; Secondary Energy|Electricity|Solar|PV|2,IMAGE 3.4_SSP2_M_CP.xlsx
IMAGE,3.4,SSP2-M,World,Secondary electricity,Solar,2030,18.284041,EJ/yr,World,Secondary Energy|Electricity|Solar|CSP; Secondary Energy|Electricity|Solar|PV|1; Secondary Energy|Electricity|Solar|PV|2,IMAGE 3.4_SSP2_M_CP.xlsx
IMAGE,3.4,SSP2-M,World,Secondary electricity,Solar,2040,43.621228,EJ/yr,World,Secondary Energy|Electricity|Solar|CSP; Secondary Energy|Electricity|Solar|PV|1; Secondary Energy|Electricity|Solar|PV|2,IMAGE 3.4_SSP2_M_CP.xlsx
IMAGE,3.4,SSP2-M,World,Secondary electricity,Solar,2050,70.651445,EJ/yr,World,Secondary Energy|Electricity|Solar|CSP; Secondary Energy|Electricity|Solar|PV|1; Secondary Energy|Electricity|Solar|PV|2,IMAGE 3.4_SSP2_M_CP.xlsx
IMAGE,3.4,SSP2-M,World,Secondary electricity,Solar,2060,93.378307,EJ/yr,World,Secondary Energy|Electricity|Solar|CSP; Secondary Energy|Electricity|Solar|PV|1; Secondary Energy|Electricity|Solar|PV|2,IMAGE 3.4_SSP2_M_CP.xlsx
IMAGE,3.4,SSP2-M,World,Secondary electricity,Solar,2070,122.945573,EJ/yr,World,Secondary Energy|Electricity|Solar|CSP; Secondary Energy|Electricity|Solar|PV|1; Secondary Energy|Electricity|Solar|PV|2,IMAGE 3.4_SSP2_M_CP.xlsx
IMAGE,3.4,SSP2-M,World,Secondary electricity,Solar,2080,153.858789,EJ/yr,World,Secondary Energy|Electricity|Solar|CSP; Secondary Energy|Electricity|Solar|PV|1; Secondary Energy|Electricity|Solar|PV|2,IMAGE 3.4_SSP2_M_CP.xlsx
IMAGE,3.4,SSP2-M,World,Secondary electricity,Solar,2090,175.103587,EJ/yr,World,Secondary Energy|Electricity|Solar|CSP; Secondary Energy|Electricity|Solar|PV|1; Secondary Energy|Electricity|Solar|PV|2,IMAGE 3.4_SSP2_M_CP.xlsx
IMAGE,3.4,SSP2-M,World,Secondary electricity,Solar,2100,193.099241,EJ/yr,World,Secondary Energy|Electricity|Solar|CSP; Secondary Energy|Electricity|Solar|PV|1; Secondary Energy|Electricity|Solar|PV|2,IMAGE 3.4_SSP2_M_CP.xlsx
IMAGE,3.4,SSP2-M,World,Secondary electricity,Wind,2020,5.762558,EJ/yr,World,Secondary Energy|Electricity|Wind|1; Secondary Energy|Electricity|Wind|2,IMAGE 3.4_SSP2_M_CP.xlsx
IMAGE,3.4,SSP2-M,World,Secondary electricity,Wind,2030,13.721538,EJ/yr,World,Secondary Energy|Electricity|Wind|1; Secondary Energy|Electricity|Wind|2,IMAGE 3.4_SSP2_M_CP.xlsx
IMAGE,3.4,SSP2-M,World,Secondary electricity,Wind,2040,24.049519,EJ/yr,World,Secondary Energy|Electricity|Wind|1; Secondary Energy|Electricity|Wind|2,IMAGE 3.4_SSP2_M_CP.xlsx
IMAGE,3.4,SSP2-M,World,Secondary electricity,Wind,2050,50.617230,EJ/yr,World,Secondary Energy|Electricity|Wind|1; Secondary Energy|Electricity|Wind|2,IMAGE 3.4_SSP2_M_CP.xlsx
IMAGE,3.4,SSP2-M,World,Secondary electricity,Wind,2060,69.052619,EJ/yr,World,Secondary Energy|Electricity|Wind|1; Secondary Energy|Electricity|Wind|2,IMAGE 3.4_SSP2_M_CP.xlsx
IMAGE,3.4,SSP2-M,World,Secondary electricity,Wind,2070,74.982699,EJ/yr,World,Secondary Energy|Electricity|Wind|1; Secondary Energy|Electricity|Wind|2,IMAGE 3.4_SSP2_M_CP.xlsx
IMAGE,3.4,SSP2-M,World,Secondary electricity,Wind,2080,81.451839,EJ/yr,World,Secondary Energy|Electricity|Wind|1; Secondary Energy|Electricity|Wind|2,IMAGE 3.4_SSP2_M_CP.xlsx
IMAGE,3.4,SSP2-M,World,Secondary electricity,Wind,2090,97.717426,EJ/yr,World,Secondary Energy|Electricity|Wind|1; Secondary Energy|Electricity|Wind|2,IMAGE 3.4_SSP2_M_CP.xlsx
IMAGE,3.4,SSP2-M,World,Secondary electricity,Wind,2100,113.048316,EJ/yr,World,Secondary Energy|Electricity|Wind|1; Secondary Energy|Electricity|Wind|2,IMAGE 3.4_SSP2_M_CP.xlsx
IMAGE,3.4,SSP2-M,World,Secondary electricity,Other,2020,0.376190,EJ/yr,World,Secondary Energy|Electricity|Geothermal; Secondary Energy|Electricity|Hydrogen; Secondary Energy|Electricity|Other; Secondary Energy|Electricity|Storage; Secondary Energy|Electricity|Wave,IMAGE 3.4_SSP2_M_CP.xlsx
IMAGE,3.4,SSP2-M,World,Secondary electricity,Other,2030,0.752299,EJ/yr,World,Secondary Energy|Electricity|Geothermal; Secondary Energy|Electricity|Hydrogen; Secondary Energy|Electricity|Other; Secondary Energy|Electricity|Storage; Secondary Energy|Electricity|Wave,IMAGE 3.4_SSP2_M_CP.xlsx
IMAGE,3.4,SSP2-M,World,Secondary electricity,Other,2040,4.285869,EJ/yr,World,Secondary Energy|Electricity|Geothermal; Secondary Energy|Electricity|Hydrogen; Secondary Energy|Electricity|Other; Secondary Energy|Electricity|Storage; Secondary Energy|Electricity|Wave,IMAGE 3.4_SSP2_M_CP.xlsx
IMAGE,3.4,SSP2-M,World,Secondary electricity,Other,2050,12.761620,EJ/yr,World,Secondary Energy|Electricity|Geothermal; Secondary Energy|Electricity|Hydrogen; Secondary Energy|Electricity|Other; Secondary Energy|Electricity|Storage; Secondary Energy|Electricity|Wave,IMAGE 3.4_SSP2_M_CP.xlsx
IMAGE,3.4,SSP2-M,World,Secondary electricity,Other,2060,19.723964,EJ/yr,World,Secondary Energy|Electricity|Geothermal; Secondary Energy|Electricity|Hydrogen; Secondary Energy|Electricity|Other; Secondary Energy|Electricity|Storage; Secondary Energy|Electricity|Wave,IMAGE 3.4_SSP2_M_CP.xlsx
IMAGE,3.4,SSP2-M,World,Secondary electricity,Other,2070,29.392457,EJ/yr,World,Secondary Energy|Electricity|Geothermal; Secondary Energy|Electricity|Hydrogen; Secondary Energy|Electricity|Other; Secondary Energy|Electricity|Storage; Secondary Energy|Electricity|Wave,IMAGE 3.4_SSP2_M_CP.xlsx
IMAGE,3.4,SSP2-M,World,Secondary electricity,Other,2080,39.453168,EJ/yr,World,Secondary Energy|Electricity|Geothermal; Secondary Energy|Electricity|Hydrogen; Secondary Energy|Electricity|Other; Secondary Energy|Electricity|Storage; Secondary Energy|Electricity|Wave,IMAGE 3.4_SSP2_M_CP.xlsx
IMAGE,3.4,SSP2-M,World,Secondary electricity,Other,2090,49.584097,EJ/yr,World,Secondary Energy|Electricity|Geothermal; Secondary Energy|Electricity|Hydrogen; Secondary Energy|Electricity|Other; Secondary Energy|Electricity|Storage; Secondary Energy|Electricity|Wave,IMAGE 3.4_SSP2_M_CP.xlsx
IMAGE,3.4,SSP2-M,World,Secondary electricity,Other,2100,57.029662,EJ/yr,World,Secondary Energy|Electricity|Geothermal; Secondary Energy|Electricity|Hydrogen; Secondary Energy|Electricity|Other; Secondary Energy|Electricity|Storage; Secondary Energy|Electricity|Wave,IMAGE 3.4_SSP2_M_CP.xlsx
IMAGE,3.4,SSP2-M,World,Final energy,Passenger transport,2020,58.632956,EJ/yr,World,Final Energy|Transportation|Passenger,IMAGE 3.4_SSP2_M_CP.xlsx
IMAGE,3.4,SSP2-M,World,Final energy,Passenger transport,2030,65.383574,EJ/yr,World,Final Energy|Transportation|Passenger,IMAGE 3.4_SSP2_M_CP.xlsx
IMAGE,3.4,SSP2-M,World,Final energy,Passenger transport,2040,63.534595,EJ/yr,World,Final Energy|Transportation|Passenger,IMAGE 3.4_SSP2_M_CP.xlsx
IMAGE,3.4,SSP2-M,World,Final energy,Passenger transport,2050,74.338133,EJ/yr,World,Final Energy|Transportation|Passenger,IMAGE 3.4_SSP2_M_CP.xlsx
IMAGE,3.4,SSP2-M,World,Final energy,Passenger transport,2060,83.331032,EJ/yr,World,Final Energy|Transportation|Passenger,IMAGE 3.4_SSP2_M_CP.xlsx
IMAGE,3.4,SSP2-M,World,Final energy,Passenger transport,2070,92.192269,EJ/yr,World,Final Energy|Transportation|Passenger,IMAGE 3.4_SSP2_M_CP.xlsx
IMAGE,3.4,SSP2-M,World,Final energy,Passenger transport,2080,97.972471,EJ/yr,World,Final Energy|Transportation|Passenger,IMAGE 3.4_SSP2_M_CP.xlsx
IMAGE,3.4,SSP2-M,World,Final energy,Passenger transport,2090,99.726423,EJ/yr,World,Final Energy|Transportation|Passenger,IMAGE 3.4_SSP2_M_CP.xlsx
IMAGE,3.4,SSP2-M,World,Final energy,Passenger transport,2100,101.832908,EJ/yr,World,Final Energy|Transportation|Passenger,IMAGE 3.4_SSP2_M_CP.xlsx
IMAGE,3.4,SSP2-M,World,Final energy,Freight transport,2020,34.590295,EJ/yr,World,Final Energy|Transportation|Freight,IMAGE 3.4_SSP2_M_CP.xlsx
IMAGE,3.4,SSP2-M,World,Final energy,Freight transport,2030,41.575765,EJ/yr,World,Final Energy|Transportation|Freight,IMAGE 3.4_SSP2_M_CP.xlsx
IMAGE,3.4,SSP2-M,World,Final energy,Freight transport,2040,39.464191,EJ/yr,World,Final Energy|Transportation|Freight,IMAGE 3.4_SSP2_M_CP.xlsx
IMAGE,3.4,SSP2-M,World,Final energy,Freight transport,2050,36.327501,EJ/yr,World,Final Energy|Transportation|Freight,IMAGE 3.4_SSP2_M_CP.xlsx
IMAGE,3.4,SSP2-M,World,Final energy,Freight transport,2060,37.177938,EJ/yr,World,Final Energy|Transportation|Freight,IMAGE 3.4_SSP2_M_CP.xlsx
IMAGE,3.4,SSP2-M,World,Final energy,Freight transport,2070,38.711122,EJ/yr,World,Final Energy|Transportation|Freight,IMAGE 3.4_SSP2_M_CP.xlsx
IMAGE,3.4,SSP2-M,World,Final energy,Freight transport,2080,38.900258,EJ/yr,World,Final Energy|Transportation|Freight,IMAGE 3.4_SSP2_M_CP.xlsx
IMAGE,3.4,SSP2-M,World,Final energy,Freight transport,2090,39.976339,EJ/yr,World,Final Energy|Transportation|Freight,IMAGE 3.4_SSP2_M_CP.xlsx
IMAGE,3.4,SSP2-M,World,Final energy,Freight transport,2100,41.012271,EJ/yr,World,Final Energy|Transportation|Freight,IMAGE 3.4_SSP2_M_CP.xlsx
IMAGE,3.4,SSP2-M,World,Final energy,Iron & steel,2020,20.749181,EJ/yr,World,Final Energy|Industry|Iron and Steel,IMAGE 3.4_SSP2_M_CP.xlsx
IMAGE,3.4,SSP2-M,World,Final energy,Iron & steel,2030,21.400830,EJ/yr,World,Final Energy|Industry|Iron and Steel,IMAGE 3.4_SSP2_M_CP.xlsx
IMAGE,3.4,SSP2-M,World,Final energy,Iron & steel,2040,20.047280,EJ/yr,World,Final Energy|Industry|Iron and Steel,IMAGE 3.4_SSP2_M_CP.xlsx
IMAGE,3.4,SSP2-M,World,Final energy,Iron & steel,2050,20.350560,EJ/yr,World,Final Energy|Industry|Iron and Steel,IMAGE 3.4_SSP2_M_CP.xlsx
IMAGE,3.4,SSP2-M,World,Final energy,Iron & steel,2060,23.463631,EJ/yr,World,Final Energy|Industry|Iron and Steel,IMAGE 3.4_SSP2_M_CP.xlsx
IMAGE,3.4,SSP2-M,World,Final energy,Iron & steel,2070,25.938291,EJ/yr,World,Final Energy|Industry|Iron and Steel,IMAGE 3.4_SSP2_M_CP.xlsx
IMAGE,3.4,SSP2-M,World,Final energy,Iron & steel,2080,27.376560,EJ/yr,World,Final Energy|Industry|Iron and Steel,IMAGE 3.4_SSP2_M_CP.xlsx
IMAGE,3.4,SSP2-M,World,Final energy,Iron & steel,2090,28.506690,EJ/yr,World,Final Energy|Industry|Iron and Steel,IMAGE 3.4_SSP2_M_CP.xlsx
IMAGE,3.4,SSP2-M,World,Final energy,Iron & steel,2100,28.864811,EJ/yr,World,Final Energy|Industry|Iron and Steel,IMAGE 3.4_SSP2_M_CP.xlsx
IMAGE,3.4,SSP2-M,World,Final energy,Space heating,2020,43.733359,EJ/yr,World,Final Energy|Residential|Space Heating; Final Energy|Commercial|Space Heating,IMAGE 3.4_SSP2_M_CP.xlsx
IMAGE,3.4,SSP2-M,World,Final energy,Space heating,2030,41.503969,EJ/yr,World,Final Energy|Residential|Space Heating; Final Energy|Commercial|Space Heating,IMAGE 3.4_SSP2_M_CP.xlsx
IMAGE,3.4,SSP2-M,World,Final energy,Space heating,2040,31.591760,EJ/yr,World,Final Energy|Residential|Space Heating; Final Energy|Commercial|Space Heating,IMAGE 3.4_SSP2_M_CP.xlsx
IMAGE,3.4,SSP2-M,World,Final energy,Space heating,2050,31.273990,EJ/yr,World,Final Energy|Residential|Space Heating; Final Energy|Commercial|Space Heating,IMAGE 3.4_SSP2_M_CP.xlsx
IMAGE,3.4,SSP2-M,World,Final energy,Space heating,2060,29.102975,EJ/yr,World,Final Energy|Residential|Space Heating; Final Energy|Commercial|Space Heating,IMAGE 3.4_SSP2_M_CP.xlsx
IMAGE,3.4,SSP2-M,World,Final energy,Space heating,2070,25.831812,EJ/yr,World,Final Energy|Residential|Space Heating; Final Energy|Commercial|Space Heating,IMAGE 3.4_SSP2_M_CP.xlsx
IMAGE,3.4,SSP2-M,World,Final energy,Space heating,2080,23.937206,EJ/yr,World,Final Energy|Residential|Space Heating; Final Energy|Commercial|Space Heating,IMAGE 3.4_SSP2_M_CP.xlsx
IMAGE,3.4,SSP2-M,World,Final energy,Space heating,2090,22.108228,EJ/yr,World,Final Energy|Residential|Space Heating; Final Energy|Commercial|Space Heating,IMAGE 3.4_SSP2_M_CP.xlsx
IMAGE,3.4,SSP2-M,World,Final energy,Space heating,2100,19.665318,EJ/yr,World,Final Energy|Residential|Space Heating; Final Energy|Commercial|Space Heating,IMAGE 3.4_SSP2_M_CP.xlsx
IMAGE,3.4,SSP2-M,Europe (WEU + CEU),Primary energy,Coal,2020,7.004245,EJ/yr,WEU; CEU,Primary Energy|Coal,IMAGE 3.4_SSP2_M_CP.xlsx
IMAGE,3.4,SSP2-M,Europe (WEU + CEU),Primary energy,Coal,2030,5.588222,EJ/yr,WEU; CEU,Primary Energy|Coal,IMAGE 3.4_SSP2_M_CP.xlsx
IMAGE,3.4,SSP2-M,Europe (WEU + CEU),Primary energy,Coal,2040,2.009470,EJ/yr,WEU; CEU,Primary Energy|Coal,IMAGE 3.4_SSP2_M_CP.xlsx
IMAGE,3.4,SSP2-M,Europe (WEU + CEU),Primary energy,Coal,2050,1.533046,EJ/yr,WEU; CEU,Primary Energy|Coal,IMAGE 3.4_SSP2_M_CP.xlsx
IMAGE,3.4,SSP2-M,Europe (WEU + CEU),Primary energy,Coal,2060,1.087568,EJ/yr,WEU; CEU,Primary Energy|Coal,IMAGE 3.4_SSP2_M_CP.xlsx
IMAGE,3.4,SSP2-M,Europe (WEU + CEU),Primary energy,Coal,2070,0.877991,EJ/yr,WEU; CEU,Primary Energy|Coal,IMAGE 3.4_SSP2_M_CP.xlsx
IMAGE,3.4,SSP2-M,Europe (WEU + CEU),Primary energy,Coal,2080,0.724065,EJ/yr,WEU; CEU,Primary Energy|Coal,IMAGE 3.4_SSP2_M_CP.xlsx
IMAGE,3.4,SSP2-M,Europe (WEU + CEU),Primary energy,Coal,2090,0.633071,EJ/yr,WEU; CEU,Primary Energy|Coal,IMAGE 3.4_SSP2_M_CP.xlsx
IMAGE,3.4,SSP2-M,Europe (WEU + CEU),Primary energy,Coal,2100,0.571337,EJ/yr,WEU; CEU,Primary Energy|Coal,IMAGE 3.4_SSP2_M_CP.xlsx
IMAGE,3.4,SSP2-M,Europe (WEU + CEU),Primary energy,Oil,2020,23.514783,EJ/yr,WEU; CEU,Primary Energy|Oil,IMAGE 3.4_SSP2_M_CP.xlsx
IMAGE,3.4,SSP2-M,Europe (WEU + CEU),Primary energy,Oil,2030,26.681463,EJ/yr,WEU; CEU,Primary Energy|Oil,IMAGE 3.4_SSP2_M_CP.xlsx
IMAGE,3.4,SSP2-M,Europe (WEU + CEU),Primary energy,Oil,2040,16.852212,EJ/yr,WEU; CEU,Primary Energy|Oil,IMAGE 3.4_SSP2_M_CP.xlsx
IMAGE,3.4,SSP2-M,Europe (WEU + CEU),Primary energy,Oil,2050,11.568881,EJ/yr,WEU; CEU,Primary Energy|Oil,IMAGE 3.4_SSP2_M_CP.xlsx
IMAGE,3.4,SSP2-M,Europe (WEU + CEU),Primary energy,Oil,2060,12.487711,EJ/yr,WEU; CEU,Primary Energy|Oil,IMAGE 3.4_SSP2_M_CP.xlsx
IMAGE,3.4,SSP2-M,Europe (WEU + CEU),Primary energy,Oil,2070,12.090054,EJ/yr,WEU; CEU,Primary Energy|Oil,IMAGE 3.4_SSP2_M_CP.xlsx
IMAGE,3.4,SSP2-M,Europe (WEU + CEU),Primary energy,Oil,2080,11.065723,EJ/yr,WEU; CEU,Primary Energy|Oil,IMAGE 3.4_SSP2_M_CP.xlsx
IMAGE,3.4,SSP2-M,Europe (WEU + CEU),Primary energy,Oil,2090,12.073126,EJ/yr,WEU; CEU,Primary Energy|Oil,IMAGE 3.4_SSP2_M_CP.xlsx
IMAGE,3.4,SSP2-M,Europe (WEU + CEU),Primary energy,Oil,2100,12.656848,EJ/yr,WEU; CEU,Primary Energy|Oil,IMAGE 3.4_SSP2_M_CP.xlsx
IMAGE,3.4,SSP2-M,Europe (WEU + CEU),Primary energy,Gas,2020,17.174200,EJ/yr,WEU; CEU,Primary Energy|Gas,IMAGE 3.4_SSP2_M_CP.xlsx
IMAGE,3.4,SSP2-M,Europe (WEU + CEU),Primary energy,Gas,2030,11.205983,EJ/yr,WEU; CEU,Primary Energy|Gas,IMAGE 3.4_SSP2_M_CP.xlsx
IMAGE,3.4,SSP2-M,Europe (WEU + CEU),Primary energy,Gas,2040,4.774392,EJ/yr,WEU; CEU,Primary Energy|Gas,IMAGE 3.4_SSP2_M_CP.xlsx
IMAGE,3.4,SSP2-M,Europe (WEU + CEU),Primary energy,Gas,2050,6.797415,EJ/yr,WEU; CEU,Primary Energy|Gas,IMAGE 3.4_SSP2_M_CP.xlsx
IMAGE,3.4,SSP2-M,Europe (WEU + CEU),Primary energy,Gas,2060,9.486099,EJ/yr,WEU; CEU,Primary Energy|Gas,IMAGE 3.4_SSP2_M_CP.xlsx
IMAGE,3.4,SSP2-M,Europe (WEU + CEU),Primary energy,Gas,2070,9.572487,EJ/yr,WEU; CEU,Primary Energy|Gas,IMAGE 3.4_SSP2_M_CP.xlsx
IMAGE,3.4,SSP2-M,Europe (WEU + CEU),Primary energy,Gas,2080,8.821043,EJ/yr,WEU; CEU,Primary Energy|Gas,IMAGE 3.4_SSP2_M_CP.xlsx
IMAGE,3.4,SSP2-M,Europe (WEU + CEU),Primary energy,Gas,2090,8.969151,EJ/yr,WEU; CEU,Primary Energy|Gas,IMAGE 3.4_SSP2_M_CP.xlsx
IMAGE,3.4,SSP2-M,Europe (WEU + CEU),Primary energy,Gas,2100,8.843676,EJ/yr,WEU; CEU,Primary Energy|Gas,IMAGE 3.4_SSP2_M_CP.xlsx
IMAGE,3.4,SSP2-M,Europe (WEU + CEU),Primary energy,Biomass,2020,8.008503,EJ/yr,WEU; CEU,Primary Energy|Biomass,IMAGE 3.4_SSP2_M_CP.xlsx
IMAGE,3.4,SSP2-M,Europe (WEU + CEU),Primary energy,Biomass,2030,9.903146,EJ/yr,WEU; CEU,Primary Energy|Biomass,IMAGE 3.4_SSP2_M_CP.xlsx
IMAGE,3.4,SSP2-M,Europe (WEU + CEU),Primary energy,Biomass,2040,8.145490,EJ/yr,WEU; CEU,Primary Energy|Biomass,IMAGE 3.4_SSP2_M_CP.xlsx
IMAGE,3.4,SSP2-M,Europe (WEU + CEU),Primary energy,Biomass,2050,10.512453,EJ/yr,WEU; CEU,Primary Energy|Biomass,IMAGE 3.4_SSP2_M_CP.xlsx
IMAGE,3.4,SSP2-M,Europe (WEU + CEU),Primary energy,Biomass,2060,9.136435,EJ/yr,WEU; CEU,Primary Energy|Biomass,IMAGE 3.4_SSP2_M_CP.xlsx
IMAGE,3.4,SSP2-M,Europe (WEU + CEU),Primary energy,Biomass,2070,8.919110,EJ/yr,WEU; CEU,Primary Energy|Biomass,IMAGE 3.4_SSP2_M_CP.xlsx
IMAGE,3.4,SSP2-M,Europe (WEU + CEU),Primary energy,Biomass,2080,8.970759,EJ/yr,WEU; CEU,Primary Energy|Biomass,IMAGE 3.4_SSP2_M_CP.xlsx
IMAGE,3.4,SSP2-M,Europe (WEU + CEU),Primary energy,Biomass,2090,8.821963,EJ/yr,WEU; CEU,Primary Energy|Biomass,IMAGE 3.4_SSP2_M_CP.xlsx
IMAGE,3.4,SSP2-M,Europe (WEU + CEU),Primary energy,Biomass,2100,9.421083,EJ/yr,WEU; CEU,Primary Energy|Biomass,IMAGE 3.4_SSP2_M_CP.xlsx
IMAGE,3.4,SSP2-M,Europe (WEU + CEU),Primary energy,Nuclear,2020,2.728134,EJ/yr,WEU; CEU,Primary Energy|Nuclear,IMAGE 3.4_SSP2_M_CP.xlsx
IMAGE,3.4,SSP2-M,Europe (WEU + CEU),Primary energy,Nuclear,2030,2.852258,EJ/yr,WEU; CEU,Primary Energy|Nuclear,IMAGE 3.4_SSP2_M_CP.xlsx
IMAGE,3.4,SSP2-M,Europe (WEU + CEU),Primary energy,Nuclear,2040,1.418965,EJ/yr,WEU; CEU,Primary Energy|Nuclear,IMAGE 3.4_SSP2_M_CP.xlsx
IMAGE,3.4,SSP2-M,Europe (WEU + CEU),Primary energy,Nuclear,2050,0.125267,EJ/yr,WEU; CEU,Primary Energy|Nuclear,IMAGE 3.4_SSP2_M_CP.xlsx
IMAGE,3.4,SSP2-M,Europe (WEU + CEU),Primary energy,Nuclear,2060,0.045425,EJ/yr,WEU; CEU,Primary Energy|Nuclear,IMAGE 3.4_SSP2_M_CP.xlsx
IMAGE,3.4,SSP2-M,Europe (WEU + CEU),Primary energy,Nuclear,2070,0.657222,EJ/yr,WEU; CEU,Primary Energy|Nuclear,IMAGE 3.4_SSP2_M_CP.xlsx
IMAGE,3.4,SSP2-M,Europe (WEU + CEU),Primary energy,Nuclear,2080,1.098777,EJ/yr,WEU; CEU,Primary Energy|Nuclear,IMAGE 3.4_SSP2_M_CP.xlsx
IMAGE,3.4,SSP2-M,Europe (WEU + CEU),Primary energy,Nuclear,2090,1.881972,EJ/yr,WEU; CEU,Primary Energy|Nuclear,IMAGE 3.4_SSP2_M_CP.xlsx
IMAGE,3.4,SSP2-M,Europe (WEU + CEU),Primary energy,Nuclear,2100,1.815925,EJ/yr,WEU; CEU,Primary Energy|Nuclear,IMAGE 3.4_SSP2_M_CP.xlsx
IMAGE,3.4,SSP2-M,Europe (WEU + CEU),Primary energy,Non-biomass renewables,2020,4.405185,EJ/yr,WEU; CEU,Primary Energy|Non-Biomass Renewables,IMAGE 3.4_SSP2_M_CP.xlsx
IMAGE,3.4,SSP2-M,Europe (WEU + CEU),Primary energy,Non-biomass renewables,2030,7.466935,EJ/yr,WEU; CEU,Primary Energy|Non-Biomass Renewables,IMAGE 3.4_SSP2_M_CP.xlsx
IMAGE,3.4,SSP2-M,Europe (WEU + CEU),Primary energy,Non-biomass renewables,2040,15.729441,EJ/yr,WEU; CEU,Primary Energy|Non-Biomass Renewables,IMAGE 3.4_SSP2_M_CP.xlsx
IMAGE,3.4,SSP2-M,Europe (WEU + CEU),Primary energy,Non-biomass renewables,2050,21.295184,EJ/yr,WEU; CEU,Primary Energy|Non-Biomass Renewables,IMAGE 3.4_SSP2_M_CP.xlsx
IMAGE,3.4,SSP2-M,Europe (WEU + CEU),Primary energy,Non-biomass renewables,2060,19.039593,EJ/yr,WEU; CEU,Primary Energy|Non-Biomass Renewables,IMAGE 3.4_SSP2_M_CP.xlsx
IMAGE,3.4,SSP2-M,Europe (WEU + CEU),Primary energy,Non-biomass renewables,2070,19.296669,EJ/yr,WEU; CEU,Primary Energy|Non-Biomass Renewables,IMAGE 3.4_SSP2_M_CP.xlsx
IMAGE,3.4,SSP2-M,Europe (WEU + CEU),Primary energy,Non-biomass renewables,2080,21.638237,EJ/yr,WEU; CEU,Primary Energy|Non-Biomass Renewables,IMAGE 3.4_SSP2_M_CP.xlsx
IMAGE,3.4,SSP2-M,Europe (WEU + CEU),Primary energy,Non-biomass renewables,2090,20.643422,EJ/yr,WEU; CEU,Primary Energy|Non-Biomass Renewables,IMAGE 3.4_SSP2_M_CP.xlsx
IMAGE,3.4,SSP2-M,Europe (WEU + CEU),Primary energy,Non-biomass renewables,2100,21.080659,EJ/yr,WEU; CEU,Primary Energy|Non-Biomass Renewables,IMAGE 3.4_SSP2_M_CP.xlsx
IMAGE,3.4,SSP2-M,Europe (WEU + CEU),Secondary electricity,Coal,2020,1.571970,EJ/yr,WEU; CEU,Secondary Energy|Electricity|Coal,IMAGE 3.4_SSP2_M_CP.xlsx
IMAGE,3.4,SSP2-M,Europe (WEU + CEU),Secondary electricity,Coal,2030,1.430824,EJ/yr,WEU; CEU,Secondary Energy|Electricity|Coal,IMAGE 3.4_SSP2_M_CP.xlsx
IMAGE,3.4,SSP2-M,Europe (WEU + CEU),Secondary electricity,Coal,2040,0.343206,EJ/yr,WEU; CEU,Secondary Energy|Electricity|Coal,IMAGE 3.4_SSP2_M_CP.xlsx
IMAGE,3.4,SSP2-M,Europe (WEU + CEU),Secondary electricity,Coal,2050,0.051553,EJ/yr,WEU; CEU,Secondary Energy|Electricity|Coal,IMAGE 3.4_SSP2_M_CP.xlsx
IMAGE,3.4,SSP2-M,Europe (WEU + CEU),Secondary electricity,Coal,2060,0.002586,EJ/yr,WEU; CEU,Secondary Energy|Electricity|Coal,IMAGE 3.4_SSP2_M_CP.xlsx
IMAGE,3.4,SSP2-M,Europe (WEU + CEU),Secondary electricity,Coal,2070,0.003601,EJ/yr,WEU; CEU,Secondary Energy|Electricity|Coal,IMAGE 3.4_SSP2_M_CP.xlsx
IMAGE,3.4,SSP2-M,Europe (WEU + CEU),Secondary electricity,Coal,2080,0.000000,EJ/yr,WEU; CEU,Secondary Energy|Electricity|Coal,IMAGE 3.4_SSP2_M_CP.xlsx
IMAGE,3.4,SSP2-M,Europe (WEU + CEU),Secondary electricity,Coal,2090,0.000000,EJ/yr,WEU; CEU,Secondary Energy|Electricity|Coal,IMAGE 3.4_SSP2_M_CP.xlsx
IMAGE,3.4,SSP2-M,Europe (WEU + CEU),Secondary electricity,Coal,2100,0.003821,EJ/yr,WEU; CEU,Secondary Energy|Electricity|Coal,IMAGE 3.4_SSP2_M_CP.xlsx
IMAGE,3.4,SSP2-M,Europe (WEU + CEU),Secondary electricity,Gas,2020,2.436005,EJ/yr,WEU; CEU,Secondary Energy|Electricity|Gas,IMAGE 3.4_SSP2_M_CP.xlsx
IMAGE,3.4,SSP2-M,Europe (WEU + CEU),Secondary electricity,Gas,2030,1.702287,EJ/yr,WEU; CEU,Secondary Energy|Electricity|Gas,IMAGE 3.4_SSP2_M_CP.xlsx
IMAGE,3.4,SSP2-M,Europe (WEU + CEU),Secondary electricity,Gas,2040,0.082280,EJ/yr,WEU; CEU,Secondary Energy|Electricity|Gas,IMAGE 3.4_SSP2_M_CP.xlsx
IMAGE,3.4,SSP2-M,Europe (WEU + CEU),Secondary electricity,Gas,2050,0.336649,EJ/yr,WEU; CEU,Secondary Energy|Electricity|Gas,IMAGE 3.4_SSP2_M_CP.xlsx
IMAGE,3.4,SSP2-M,Europe (WEU + CEU),Secondary electricity,Gas,2060,0.621567,EJ/yr,WEU; CEU,Secondary Energy|Electricity|Gas,IMAGE 3.4_SSP2_M_CP.xlsx
IMAGE,3.4,SSP2-M,Europe (WEU + CEU),Secondary electricity,Gas,2070,0.759168,EJ/yr,WEU; CEU,Secondary Energy|Electricity|Gas,IMAGE 3.4_SSP2_M_CP.xlsx
IMAGE,3.4,SSP2-M,Europe (WEU + CEU),Secondary electricity,Gas,2080,0.530375,EJ/yr,WEU; CEU,Secondary Energy|Electricity|Gas,IMAGE 3.4_SSP2_M_CP.xlsx
IMAGE,3.4,SSP2-M,Europe (WEU + CEU),Secondary electricity,Gas,2090,0.301786,EJ/yr,WEU; CEU,Secondary Energy|Electricity|Gas,IMAGE 3.4_SSP2_M_CP.xlsx
IMAGE,3.4,SSP2-M,Europe (WEU + CEU),Secondary electricity,Gas,2100,0.136891,EJ/yr,WEU; CEU,Secondary Energy|Electricity|Gas,IMAGE 3.4_SSP2_M_CP.xlsx
IMAGE,3.4,SSP2-M,Europe (WEU + CEU),Secondary electricity,Oil,2020,0.187311,EJ/yr,WEU; CEU,Secondary Energy|Electricity|Oil,IMAGE 3.4_SSP2_M_CP.xlsx
IMAGE,3.4,SSP2-M,Europe (WEU + CEU),Secondary electricity,Oil,2030,0.457973,EJ/yr,WEU; CEU,Secondary Energy|Electricity|Oil,IMAGE 3.4_SSP2_M_CP.xlsx
IMAGE,3.4,SSP2-M,Europe (WEU + CEU),Secondary electricity,Oil,2040,0.207980,EJ/yr,WEU; CEU,Secondary Energy|Electricity|Oil,IMAGE 3.4_SSP2_M_CP.xlsx
IMAGE,3.4,SSP2-M,Europe (WEU + CEU),Secondary electricity,Oil,2050,0.018402,EJ/yr,WEU; CEU,Secondary Energy|Electricity|Oil,IMAGE 3.4_SSP2_M_CP.xlsx
IMAGE,3.4,SSP2-M,Europe (WEU + CEU),Secondary electricity,Oil,2060,0.000017,EJ/yr,WEU; CEU,Secondary Energy|Electricity|Oil,IMAGE 3.4_SSP2_M_CP.xlsx
IMAGE,3.4,SSP2-M,Europe (WEU + CEU),Secondary electricity,Oil,2070,0.000564,EJ/yr,WEU; CEU,Secondary Energy|Electricity|Oil,IMAGE 3.4_SSP2_M_CP.xlsx
IMAGE,3.4,SSP2-M,Europe (WEU + CEU),Secondary electricity,Oil,2080,0.000000,EJ/yr,WEU; CEU,Secondary Energy|Electricity|Oil,IMAGE 3.4_SSP2_M_CP.xlsx
IMAGE,3.4,SSP2-M,Europe (WEU + CEU),Secondary electricity,Oil,2090,0.000000,EJ/yr,WEU; CEU,Secondary Energy|Electricity|Oil,IMAGE 3.4_SSP2_M_CP.xlsx
IMAGE,3.4,SSP2-M,Europe (WEU + CEU),Secondary electricity,Oil,2100,0.002640,EJ/yr,WEU; CEU,Secondary Energy|Electricity|Oil,IMAGE 3.4_SSP2_M_CP.xlsx
IMAGE,3.4,SSP2-M,Europe (WEU + CEU),Secondary electricity,Biomass,2020,0.833730,EJ/yr,WEU; CEU,Secondary Energy|Electricity|Biomass,IMAGE 3.4_SSP2_M_CP.xlsx
IMAGE,3.4,SSP2-M,Europe (WEU + CEU),Secondary electricity,Biomass,2030,1.279836,EJ/yr,WEU; CEU,Secondary Energy|Electricity|Biomass,IMAGE 3.4_SSP2_M_CP.xlsx
IMAGE,3.4,SSP2-M,Europe (WEU + CEU),Secondary electricity,Biomass,2040,0.434575,EJ/yr,WEU; CEU,Secondary Energy|Electricity|Biomass,IMAGE 3.4_SSP2_M_CP.xlsx
IMAGE,3.4,SSP2-M,Europe (WEU + CEU),Secondary electricity,Biomass,2050,0.191076,EJ/yr,WEU; CEU,Secondary Energy|Electricity|Biomass,IMAGE 3.4_SSP2_M_CP.xlsx
IMAGE,3.4,SSP2-M,Europe (WEU + CEU),Secondary electricity,Biomass,2060,0.116842,EJ/yr,WEU; CEU,Secondary Energy|Electricity|Biomass,IMAGE 3.4_SSP2_M_CP.xlsx
IMAGE,3.4,SSP2-M,Europe (WEU + CEU),Secondary electricity,Biomass,2070,0.218898,EJ/yr,WEU; CEU,Secondary Energy|Electricity|Biomass,IMAGE 3.4_SSP2_M_CP.xlsx
IMAGE,3.4,SSP2-M,Europe (WEU + CEU),Secondary electricity,Biomass,2080,0.587218,EJ/yr,WEU; CEU,Secondary Energy|Electricity|Biomass,IMAGE 3.4_SSP2_M_CP.xlsx
IMAGE,3.4,SSP2-M,Europe (WEU + CEU),Secondary electricity,Biomass,2090,0.595053,EJ/yr,WEU; CEU,Secondary Energy|Electricity|Biomass,IMAGE 3.4_SSP2_M_CP.xlsx
IMAGE,3.4,SSP2-M,Europe (WEU + CEU),Secondary electricity,Biomass,2100,0.910151,EJ/yr,WEU; CEU,Secondary Energy|Electricity|Biomass,IMAGE 3.4_SSP2_M_CP.xlsx
IMAGE,3.4,SSP2-M,Europe (WEU + CEU),Secondary electricity,Nuclear,2020,2.728134,EJ/yr,WEU; CEU,Secondary Energy|Electricity|Nuclear,IMAGE 3.4_SSP2_M_CP.xlsx
IMAGE,3.4,SSP2-M,Europe (WEU + CEU),Secondary electricity,Nuclear,2030,2.852257,EJ/yr,WEU; CEU,Secondary Energy|Electricity|Nuclear,IMAGE 3.4_SSP2_M_CP.xlsx
IMAGE,3.4,SSP2-M,Europe (WEU + CEU),Secondary electricity,Nuclear,2040,1.418965,EJ/yr,WEU; CEU,Secondary Energy|Electricity|Nuclear,IMAGE 3.4_SSP2_M_CP.xlsx
IMAGE,3.4,SSP2-M,Europe (WEU + CEU),Secondary electricity,Nuclear,2050,0.125267,EJ/yr,WEU; CEU,Secondary Energy|Electricity|Nuclear,IMAGE 3.4_SSP2_M_CP.xlsx
IMAGE,3.4,SSP2-M,Europe (WEU + CEU),Secondary electricity,Nuclear,2060,0.045425,EJ/yr,WEU; CEU,Secondary Energy|Electricity|Nuclear,IMAGE 3.4_SSP2_M_CP.xlsx
IMAGE,3.4,SSP2-M,Europe (WEU + CEU),Secondary electricity,Nuclear,2070,0.657222,EJ/yr,WEU; CEU,Secondary Energy|Electricity|Nuclear,IMAGE 3.4_SSP2_M_CP.xlsx
IMAGE,3.4,SSP2-M,Europe (WEU + CEU),Secondary electricity,Nuclear,2080,1.098777,EJ/yr,WEU; CEU,Secondary Energy|Electricity|Nuclear,IMAGE 3.4_SSP2_M_CP.xlsx
IMAGE,3.4,SSP2-M,Europe (WEU + CEU),Secondary electricity,Nuclear,2090,1.881972,EJ/yr,WEU; CEU,Secondary Energy|Electricity|Nuclear,IMAGE 3.4_SSP2_M_CP.xlsx
IMAGE,3.4,SSP2-M,Europe (WEU + CEU),Secondary electricity,Nuclear,2100,1.815925,EJ/yr,WEU; CEU,Secondary Energy|Electricity|Nuclear,IMAGE 3.4_SSP2_M_CP.xlsx
IMAGE,3.4,SSP2-M,Europe (WEU + CEU),Secondary electricity,Hydro,2020,2.049090,EJ/yr,WEU; CEU,Secondary Energy|Electricity|Hydro,IMAGE 3.4_SSP2_M_CP.xlsx
IMAGE,3.4,SSP2-M,Europe (WEU + CEU),Secondary electricity,Hydro,2030,2.317169,EJ/yr,WEU; CEU,Secondary Energy|Electricity|Hydro,IMAGE 3.4_SSP2_M_CP.xlsx
IMAGE,3.4,SSP2-M,Europe (WEU + CEU),Secondary electricity,Hydro,2040,2.754553,EJ/yr,WEU; CEU,Secondary Energy|Electricity|Hydro,IMAGE 3.4_SSP2_M_CP.xlsx
IMAGE,3.4,SSP2-M,Europe (WEU + CEU),Secondary electricity,Hydro,2050,1.202006,EJ/yr,WEU; CEU,Secondary Energy|Electricity|Hydro,IMAGE 3.4_SSP2_M_CP.xlsx
IMAGE,3.4,SSP2-M,Europe (WEU + CEU),Secondary electricity,Hydro,2060,2.115739,EJ/yr,WEU; CEU,Secondary Energy|Electricity|Hydro,IMAGE 3.4_SSP2_M_CP.xlsx
IMAGE,3.4,SSP2-M,Europe (WEU + CEU),Secondary electricity,Hydro,2070,2.605629,EJ/yr,WEU; CEU,Secondary Energy|Electricity|Hydro,IMAGE 3.4_SSP2_M_CP.xlsx
IMAGE,3.4,SSP2-M,Europe (WEU + CEU),Secondary electricity,Hydro,2080,2.542188,EJ/yr,WEU; CEU,Secondary Energy|Electricity|Hydro,IMAGE 3.4_SSP2_M_CP.xlsx
IMAGE,3.4,SSP2-M,Europe (WEU + CEU),Secondary electricity,Hydro,2090,2.492480,EJ/yr,WEU; CEU,Secondary Energy|Electricity|Hydro,IMAGE 3.4_SSP2_M_CP.xlsx
IMAGE,3.4,SSP2-M,Europe (WEU + CEU),Secondary electricity,Hydro,2100,2.464636,EJ/yr,WEU; CEU,Secondary Energy|Electricity|Hydro,IMAGE 3.4_SSP2_M_CP.xlsx
IMAGE,3.4,SSP2-M,Europe (WEU + CEU),Secondary electricity,Solar,2020,0.579181,EJ/yr,WEU; CEU,Secondary Energy|Electricity|Solar|CSP; Secondary Energy|Electricity|Solar|PV|1; Secondary Energy|Electricity|Solar|PV|2,IMAGE 3.4_SSP2_M_CP.xlsx
IMAGE,3.4,SSP2-M,Europe (WEU + CEU),Secondary electricity,Solar,2030,2.472327,EJ/yr,WEU; CEU,Secondary Energy|Electricity|Solar|CSP; Secondary Energy|Electricity|Solar|PV|1; Secondary Energy|Electricity|Solar|PV|2,IMAGE 3.4_SSP2_M_CP.xlsx
IMAGE,3.4,SSP2-M,Europe (WEU + CEU),Secondary electricity,Solar,2040,4.930349,EJ/yr,WEU; CEU,Secondary Energy|Electricity|Solar|CSP; Secondary Energy|Electricity|Solar|PV|1; Secondary Energy|Electricity|Solar|PV|2,IMAGE 3.4_SSP2_M_CP.xlsx
IMAGE,3.4,SSP2-M,Europe (WEU + CEU),Secondary electricity,Solar,2050,5.335410,EJ/yr,WEU; CEU,Secondary Energy|Electricity|Solar|CSP; Secondary Energy|Electricity|Solar|PV|1; Secondary Energy|Electricity|Solar|PV|2,IMAGE 3.4_SSP2_M_CP.xlsx
IMAGE,3.4,SSP2-M,Europe (WEU + CEU),Secondary electricity,Solar,2060,5.483490,EJ/yr,WEU; CEU,Secondary Energy|Electricity|Solar|CSP; Secondary Energy|Electricity|Solar|PV|1; Secondary Energy|Electricity|Solar|PV|2,IMAGE 3.4_SSP2_M_CP.xlsx
IMAGE,3.4,SSP2-M,Europe (WEU + CEU),Secondary electricity,Solar,2070,7.180182,EJ/yr,WEU; CEU,Secondary Energy|Electricity|Solar|CSP; Secondary Energy|Electricity|Solar|PV|1; Secondary Energy|Electricity|Solar|PV|2,IMAGE 3.4_SSP2_M_CP.xlsx
IMAGE,3.4,SSP2-M,Europe (WEU + CEU),Secondary electricity,Solar,2080,7.347112,EJ/yr,WEU; CEU,Secondary Energy|Electricity|Solar|CSP; Secondary Energy|Electricity|Solar|PV|1; Secondary Energy|Electricity|Solar|PV|2,IMAGE 3.4_SSP2_M_CP.xlsx
IMAGE,3.4,SSP2-M,Europe (WEU + CEU),Secondary electricity,Solar,2090,7.516841,EJ/yr,WEU; CEU,Secondary Energy|Electricity|Solar|CSP; Secondary Energy|Electricity|Solar|PV|1; Secondary Energy|Electricity|Solar|PV|2,IMAGE 3.4_SSP2_M_CP.xlsx
IMAGE,3.4,SSP2-M,Europe (WEU + CEU),Secondary electricity,Solar,2100,7.991616,EJ/yr,WEU; CEU,Secondary Energy|Electricity|Solar|CSP; Secondary Energy|Electricity|Solar|PV|1; Secondary Energy|Electricity|Solar|PV|2,IMAGE 3.4_SSP2_M_CP.xlsx
IMAGE,3.4,SSP2-M,Europe (WEU + CEU),Secondary electricity,Wind,2020,1.746864,EJ/yr,WEU; CEU,Secondary Energy|Electricity|Wind|1; Secondary Energy|Electricity|Wind|2,IMAGE 3.4_SSP2_M_CP.xlsx
IMAGE,3.4,SSP2-M,Europe (WEU + CEU),Secondary electricity,Wind,2030,2.641327,EJ/yr,WEU; CEU,Secondary Energy|Electricity|Wind|1; Secondary Energy|Electricity|Wind|2,IMAGE 3.4_SSP2_M_CP.xlsx
IMAGE,3.4,SSP2-M,Europe (WEU + CEU),Secondary electricity,Wind,2040,6.916442,EJ/yr,WEU; CEU,Secondary Energy|Electricity|Wind|1; Secondary Energy|Electricity|Wind|2,IMAGE 3.4_SSP2_M_CP.xlsx
IMAGE,3.4,SSP2-M,Europe (WEU + CEU),Secondary electricity,Wind,2050,10.733034,EJ/yr,WEU; CEU,Secondary Energy|Electricity|Wind|1; Secondary Energy|Electricity|Wind|2,IMAGE 3.4_SSP2_M_CP.xlsx
IMAGE,3.4,SSP2-M,Europe (WEU + CEU),Secondary electricity,Wind,2060,9.470671,EJ/yr,WEU; CEU,Secondary Energy|Electricity|Wind|1; Secondary Energy|Electricity|Wind|2,IMAGE 3.4_SSP2_M_CP.xlsx
IMAGE,3.4,SSP2-M,Europe (WEU + CEU),Secondary electricity,Wind,2070,8.274639,EJ/yr,WEU; CEU,Secondary Energy|Electricity|Wind|1; Secondary Energy|Electricity|Wind|2,IMAGE 3.4_SSP2_M_CP.xlsx
IMAGE,3.4,SSP2-M,Europe (WEU + CEU),Secondary electricity,Wind,2080,10.132627,EJ/yr,WEU; CEU,Secondary Energy|Electricity|Wind|1; Secondary Energy|Electricity|Wind|2,IMAGE 3.4_SSP2_M_CP.xlsx
IMAGE,3.4,SSP2-M,Europe (WEU + CEU),Secondary electricity,Wind,2090,9.378937,EJ/yr,WEU; CEU,Secondary Energy|Electricity|Wind|1; Secondary Energy|Electricity|Wind|2,IMAGE 3.4_SSP2_M_CP.xlsx
IMAGE,3.4,SSP2-M,Europe (WEU + CEU),Secondary electricity,Wind,2100,9.380558,EJ/yr,WEU; CEU,Secondary Energy|Electricity|Wind|1; Secondary Energy|Electricity|Wind|2,IMAGE 3.4_SSP2_M_CP.xlsx
IMAGE,3.4,SSP2-M,Europe (WEU + CEU),Secondary electricity,Other,2020,0.031391,EJ/yr,WEU; CEU,Secondary Energy|Electricity|Geothermal; Secondary Energy|Electricity|Hydrogen; Secondary Energy|Electricity|Other; Secondary Energy|Electricity|Storage; Secondary Energy|Electricity|Wave,IMAGE 3.4_SSP2_M_CP.xlsx
IMAGE,3.4,SSP2-M,Europe (WEU + CEU),Secondary electricity,Other,2030,0.042294,EJ/yr,WEU; CEU,Secondary Energy|Electricity|Geothermal; Secondary Energy|Electricity|Hydrogen; Secondary Energy|Electricity|Other; Secondary Energy|Electricity|Storage; Secondary Energy|Electricity|Wave,IMAGE 3.4_SSP2_M_CP.xlsx
IMAGE,3.4,SSP2-M,Europe (WEU + CEU),Secondary electricity,Other,2040,1.244266,EJ/yr,WEU; CEU,Secondary Energy|Electricity|Geothermal; Secondary Energy|Electricity|Hydrogen; Secondary Energy|Electricity|Other; Secondary Energy|Electricity|Storage; Secondary Energy|Electricity|Wave,IMAGE 3.4_SSP2_M_CP.xlsx
IMAGE,3.4,SSP2-M,Europe (WEU + CEU),Secondary electricity,Other,2050,1.064729,EJ/yr,WEU; CEU,Secondary Energy|Electricity|Geothermal; Secondary Energy|Electricity|Hydrogen; Secondary Energy|Electricity|Other; Secondary Energy|Electricity|Storage; Secondary Energy|Electricity|Wave,IMAGE 3.4_SSP2_M_CP.xlsx
IMAGE,3.4,SSP2-M,Europe (WEU + CEU),Secondary electricity,Other,2060,1.154869,EJ/yr,WEU; CEU,Secondary Energy|Electricity|Geothermal; Secondary Energy|Electricity|Hydrogen; Secondary Energy|Electricity|Other; Secondary Energy|Electricity|Storage; Secondary Energy|Electricity|Wave,IMAGE 3.4_SSP2_M_CP.xlsx
IMAGE,3.4,SSP2-M,Europe (WEU + CEU),Secondary electricity,Other,2070,2.137174,EJ/yr,WEU; CEU,Secondary Energy|Electricity|Geothermal; Secondary Energy|Electricity|Hydrogen; Secondary Energy|Electricity|Other; Secondary Energy|Electricity|Storage; Secondary Energy|Electricity|Wave,IMAGE 3.4_SSP2_M_CP.xlsx
IMAGE,3.4,SSP2-M,Europe (WEU + CEU),Secondary electricity,Other,2080,1.474837,EJ/yr,WEU; CEU,Secondary Energy|Electricity|Geothermal; Secondary Energy|Electricity|Hydrogen; Secondary Energy|Electricity|Other; Secondary Energy|Electricity|Storage; Secondary Energy|Electricity|Wave,IMAGE 3.4_SSP2_M_CP.xlsx
IMAGE,3.4,SSP2-M,Europe (WEU + CEU),Secondary electricity,Other,2090,1.859611,EJ/yr,WEU; CEU,Secondary Energy|Electricity|Geothermal; Secondary Energy|Electricity|Hydrogen; Secondary Energy|Electricity|Other; Secondary Energy|Electricity|Storage; Secondary Energy|Electricity|Wave,IMAGE 3.4_SSP2_M_CP.xlsx
IMAGE,3.4,SSP2-M,Europe (WEU + CEU),Secondary electricity,Other,2100,2.402784,EJ/yr,WEU; CEU,Secondary Energy|Electricity|Geothermal; Secondary Energy|Electricity|Hydrogen; Secondary Energy|Electricity|Other; Secondary Energy|Electricity|Storage; Secondary Energy|Electricity|Wave,IMAGE 3.4_SSP2_M_CP.xlsx
IMAGE,3.4,SSP2-M,Europe (WEU + CEU),Final energy,Passenger transport,2020,7.559552,EJ/yr,WEU; CEU,Final Energy|Transportation|Passenger,IMAGE 3.4_SSP2_M_CP.xlsx
IMAGE,3.4,SSP2-M,Europe (WEU + CEU),Final energy,Passenger transport,2030,7.586696,EJ/yr,WEU; CEU,Final Energy|Transportation|Passenger,IMAGE 3.4_SSP2_M_CP.xlsx
IMAGE,3.4,SSP2-M,Europe (WEU + CEU),Final energy,Passenger transport,2040,5.419084,EJ/yr,WEU; CEU,Final Energy|Transportation|Passenger,IMAGE 3.4_SSP2_M_CP.xlsx
IMAGE,3.4,SSP2-M,Europe (WEU + CEU),Final energy,Passenger transport,2050,4.716405,EJ/yr,WEU; CEU,Final Energy|Transportation|Passenger,IMAGE 3.4_SSP2_M_CP.xlsx
IMAGE,3.4,SSP2-M,Europe (WEU + CEU),Final energy,Passenger transport,2060,5.255197,EJ/yr,WEU; CEU,Final Energy|Transportation|Passenger,IMAGE 3.4_SSP2_M_CP.xlsx
IMAGE,3.4,SSP2-M,Europe (WEU + CEU),Final energy,Passenger transport,2070,5.357865,EJ/yr,WEU; CEU,Final Energy|Transportation|Passenger,IMAGE 3.4_SSP2_M_CP.xlsx
IMAGE,3.4,SSP2-M,Europe (WEU + CEU),Final energy,Passenger transport,2080,5.068801,EJ/yr,WEU; CEU,Final Energy|Transportation|Passenger,IMAGE 3.4_SSP2_M_CP.xlsx
IMAGE,3.4,SSP2-M,Europe (WEU + CEU),Final energy,Passenger transport,2090,5.151616,EJ/yr,WEU; CEU,Final Energy|Transportation|Passenger,IMAGE 3.4_SSP2_M_CP.xlsx
IMAGE,3.4,SSP2-M,Europe (WEU + CEU),Final energy,Passenger transport,2100,5.402236,EJ/yr,WEU; CEU,Final Energy|Transportation|Passenger,IMAGE 3.4_SSP2_M_CP.xlsx
IMAGE,3.4,SSP2-M,Europe (WEU + CEU),Final energy,Freight transport,2020,5.052950,EJ/yr,WEU; CEU,Final Energy|Transportation|Freight,IMAGE 3.4_SSP2_M_CP.xlsx
IMAGE,3.4,SSP2-M,Europe (WEU + CEU),Final energy,Freight transport,2030,5.551813,EJ/yr,WEU; CEU,Final Energy|Transportation|Freight,IMAGE 3.4_SSP2_M_CP.xlsx
IMAGE,3.4,SSP2-M,Europe (WEU + CEU),Final energy,Freight transport,2040,4.874833,EJ/yr,WEU; CEU,Final Energy|Transportation|Freight,IMAGE 3.4_SSP2_M_CP.xlsx
IMAGE,3.4,SSP2-M,Europe (WEU + CEU),Final energy,Freight transport,2050,4.529623,EJ/yr,WEU; CEU,Final Energy|Transportation|Freight,IMAGE 3.4_SSP2_M_CP.xlsx
IMAGE,3.4,SSP2-M,Europe (WEU + CEU),Final energy,Freight transport,2060,4.994204,EJ/yr,WEU; CEU,Final Energy|Transportation|Freight,IMAGE 3.4_SSP2_M_CP.xlsx
IMAGE,3.4,SSP2-M,Europe (WEU + CEU),Final energy,Freight transport,2070,4.916638,EJ/yr,WEU; CEU,Final Energy|Transportation|Freight,IMAGE 3.4_SSP2_M_CP.xlsx
IMAGE,3.4,SSP2-M,Europe (WEU + CEU),Final energy,Freight transport,2080,4.791855,EJ/yr,WEU; CEU,Final Energy|Transportation|Freight,IMAGE 3.4_SSP2_M_CP.xlsx
IMAGE,3.4,SSP2-M,Europe (WEU + CEU),Final energy,Freight transport,2090,5.076545,EJ/yr,WEU; CEU,Final Energy|Transportation|Freight,IMAGE 3.4_SSP2_M_CP.xlsx
IMAGE,3.4,SSP2-M,Europe (WEU + CEU),Final energy,Freight transport,2100,5.134741,EJ/yr,WEU; CEU,Final Energy|Transportation|Freight,IMAGE 3.4_SSP2_M_CP.xlsx
IMAGE,3.4,SSP2-M,Europe (WEU + CEU),Final energy,Iron & steel,2020,1.069185,EJ/yr,WEU; CEU,Final Energy|Industry|Iron and Steel,IMAGE 3.4_SSP2_M_CP.xlsx
IMAGE,3.4,SSP2-M,Europe (WEU + CEU),Final energy,Iron & steel,2030,0.873062,EJ/yr,WEU; CEU,Final Energy|Industry|Iron and Steel,IMAGE 3.4_SSP2_M_CP.xlsx
IMAGE,3.4,SSP2-M,Europe (WEU + CEU),Final energy,Iron & steel,2040,0.739510,EJ/yr,WEU; CEU,Final Energy|Industry|Iron and Steel,IMAGE 3.4_SSP2_M_CP.xlsx
IMAGE,3.4,SSP2-M,Europe (WEU + CEU),Final energy,Iron & steel,2050,0.705797,EJ/yr,WEU; CEU,Final Energy|Industry|Iron and Steel,IMAGE 3.4_SSP2_M_CP.xlsx
IMAGE,3.4,SSP2-M,Europe (WEU + CEU),Final energy,Iron & steel,2060,0.696106,EJ/yr,WEU; CEU,Final Energy|Industry|Iron and Steel,IMAGE 3.4_SSP2_M_CP.xlsx
IMAGE,3.4,SSP2-M,Europe (WEU + CEU),Final energy,Iron & steel,2070,0.732641,EJ/yr,WEU; CEU,Final Energy|Industry|Iron and Steel,IMAGE 3.4_SSP2_M_CP.xlsx
IMAGE,3.4,SSP2-M,Europe (WEU + CEU),Final energy,Iron & steel,2080,0.765188,EJ/yr,WEU; CEU,Final Energy|Industry|Iron and Steel,IMAGE 3.4_SSP2_M_CP.xlsx
IMAGE,3.4,SSP2-M,Europe (WEU + CEU),Final energy,Iron & steel,2090,0.804649,EJ/yr,WEU; CEU,Final Energy|Industry|Iron and Steel,IMAGE 3.4_SSP2_M_CP.xlsx
IMAGE,3.4,SSP2-M,Europe (WEU + CEU),Final energy,Iron & steel,2100,0.824454,EJ/yr,WEU; CEU,Final Energy|Industry|Iron and Steel,IMAGE 3.4_SSP2_M_CP.xlsx
IMAGE,3.4,SSP2-M,Europe (WEU + CEU),Final energy,Space heating,2020,9.814929,EJ/yr,WEU; CEU,Final Energy|Residential|Space Heating; Final Energy|Commercial|Space Heating,IMAGE 3.4_SSP2_M_CP.xlsx
IMAGE,3.4,SSP2-M,Europe (WEU + CEU),Final energy,Space heating,2030,7.562810,EJ/yr,WEU; CEU,Final Energy|Residential|Space Heating; Final Energy|Commercial|Space Heating,IMAGE 3.4_SSP2_M_CP.xlsx
IMAGE,3.4,SSP2-M,Europe (WEU + CEU),Final energy,Space heating,2040,2.695996,EJ/yr,WEU; CEU,Final Energy|Residential|Space Heating; Final Energy|Commercial|Space Heating,IMAGE 3.4_SSP2_M_CP.xlsx
IMAGE,3.4,SSP2-M,Europe (WEU + CEU),Final energy,Space heating,2050,2.154367,EJ/yr,WEU; CEU,Final Energy|Residential|Space Heating; Final Energy|Commercial|Space Heating,IMAGE 3.4_SSP2_M_CP.xlsx
IMAGE,3.4,SSP2-M,Europe (WEU + CEU),Final energy,Space heating,2060,1.587217,EJ/yr,WEU; CEU,Final Energy|Residential|Space Heating; Final Energy|Commercial|Space Heating,IMAGE 3.4_SSP2_M_CP.xlsx
IMAGE,3.4,SSP2-M,Europe (WEU + CEU),Final energy,Space heating,2070,1.175834,EJ/yr,WEU; CEU,Final Energy|Residential|Space Heating; Final Energy|Commercial|Space Heating,IMAGE 3.4_SSP2_M_CP.xlsx
IMAGE,3.4,SSP2-M,Europe (WEU + CEU),Final energy,Space heating,2080,1.070589,EJ/yr,WEU; CEU,Final Energy|Residential|Space Heating; Final Energy|Commercial|Space Heating,IMAGE 3.4_SSP2_M_CP.xlsx
IMAGE,3.4,SSP2-M,Europe (WEU + CEU),Final energy,Space heating,2090,1.036769,EJ/yr,WEU; CEU,Final Energy|Residential|Space Heating; Final Energy|Commercial|Space Heating,IMAGE 3.4_SSP2_M_CP.xlsx
IMAGE,3.4,SSP2-M,Europe (WEU + CEU),Final energy,Space heating,2100,0.964511,EJ/yr,WEU; CEU,Final Energy|Residential|Space Heating; Final Energy|Commercial|Space Heating,IMAGE 3.4_SSP2_M_CP.xlsx
IMAGE,3.4,SSP3-H,World,Primary energy,Coal,2020,157.408203,EJ/yr,World,Primary Energy|Coal,IMAGE 3.4_SSP3_H.xlsx
IMAGE,3.4,SSP3-H,World,Primary energy,Coal,2030,181.255500,EJ/yr,World,Primary Energy|Coal,IMAGE 3.4_SSP3_H.xlsx
IMAGE,3.4,SSP3-H,World,Primary energy,Coal,2040,188.214000,EJ/yr,World,Primary Energy|Coal,IMAGE 3.4_SSP3_H.xlsx
IMAGE,3.4,SSP3-H,World,Primary energy,Coal,2050,177.149406,EJ/yr,World,Primary Energy|Coal,IMAGE 3.4_SSP3_H.xlsx
IMAGE,3.4,SSP3-H,World,Primary energy,Coal,2060,163.053000,EJ/yr,World,Primary Energy|Coal,IMAGE 3.4_SSP3_H.xlsx
IMAGE,3.4,SSP3-H,World,Primary energy,Coal,2070,159.913500,EJ/yr,World,Primary Energy|Coal,IMAGE 3.4_SSP3_H.xlsx
IMAGE,3.4,SSP3-H,World,Primary energy,Coal,2080,146.295500,EJ/yr,World,Primary Energy|Coal,IMAGE 3.4_SSP3_H.xlsx
IMAGE,3.4,SSP3-H,World,Primary energy,Coal,2090,142.736094,EJ/yr,World,Primary Energy|Coal,IMAGE 3.4_SSP3_H.xlsx
IMAGE,3.4,SSP3-H,World,Primary energy,Coal,2100,143.883000,EJ/yr,World,Primary Energy|Coal,IMAGE 3.4_SSP3_H.xlsx
IMAGE,3.4,SSP3-H,World,Primary energy,Oil,2020,173.099703,EJ/yr,World,Primary Energy|Oil,IMAGE 3.4_SSP3_H.xlsx
IMAGE,3.4,SSP3-H,World,Primary energy,Oil,2030,216.328297,EJ/yr,World,Primary Energy|Oil,IMAGE 3.4_SSP3_H.xlsx
IMAGE,3.4,SSP3-H,World,Primary energy,Oil,2040,213.677203,EJ/yr,World,Primary Energy|Oil,IMAGE 3.4_SSP3_H.xlsx
IMAGE,3.4,SSP3-H,World,Primary energy,Oil,2050,215.661500,EJ/yr,World,Primary Energy|Oil,IMAGE 3.4_SSP3_H.xlsx
IMAGE,3.4,SSP3-H,World,Primary energy,Oil,2060,220.304000,EJ/yr,World,Primary Energy|Oil,IMAGE 3.4_SSP3_H.xlsx
IMAGE,3.4,SSP3-H,World,Primary energy,Oil,2070,223.029797,EJ/yr,World,Primary Energy|Oil,IMAGE 3.4_SSP3_H.xlsx
IMAGE,3.4,SSP3-H,World,Primary energy,Oil,2080,224.081406,EJ/yr,World,Primary Energy|Oil,IMAGE 3.4_SSP3_H.xlsx
IMAGE,3.4,SSP3-H,World,Primary energy,Oil,2090,221.544906,EJ/yr,World,Primary Energy|Oil,IMAGE 3.4_SSP3_H.xlsx
IMAGE,3.4,SSP3-H,World,Primary energy,Oil,2100,212.635594,EJ/yr,World,Primary Energy|Oil,IMAGE 3.4_SSP3_H.xlsx
IMAGE,3.4,SSP3-H,World,Primary energy,Gas,2020,135.354297,EJ/yr,World,Primary Energy|Gas,IMAGE 3.4_SSP3_H.xlsx
IMAGE,3.4,SSP3-H,World,Primary energy,Gas,2030,133.765906,EJ/yr,World,Primary Energy|Gas,IMAGE 3.4_SSP3_H.xlsx
IMAGE,3.4,SSP3-H,World,Primary energy,Gas,2040,147.157500,EJ/yr,World,Primary Energy|Gas,IMAGE 3.4_SSP3_H.xlsx
IMAGE,3.4,SSP3-H,World,Primary energy,Gas,2050,156.008297,EJ/yr,World,Primary Energy|Gas,IMAGE 3.4_SSP3_H.xlsx
IMAGE,3.4,SSP3-H,World,Primary energy,Gas,2060,167.611406,EJ/yr,World,Primary Energy|Gas,IMAGE 3.4_SSP3_H.xlsx
IMAGE,3.4,SSP3-H,World,Primary energy,Gas,2070,175.620094,EJ/yr,World,Primary Energy|Gas,IMAGE 3.4_SSP3_H.xlsx
IMAGE,3.4,SSP3-H,World,Primary energy,Gas,2080,192.345297,EJ/yr,World,Primary Energy|Gas,IMAGE 3.4_SSP3_H.xlsx
IMAGE,3.4,SSP3-H,World,Primary energy,Gas,2090,204.515094,EJ/yr,World,Primary Energy|Gas,IMAGE 3.4_SSP3_H.xlsx
IMAGE,3.4,SSP3-H,World,Primary energy,Gas,2100,211.312797,EJ/yr,World,Primary Energy|Gas,IMAGE 3.4_SSP3_H.xlsx
IMAGE,3.4,SSP3-H,World,Primary energy,Biomass,2020,54.885100,EJ/yr,World,Primary Energy|Biomass,IMAGE 3.4_SSP3_H.xlsx
IMAGE,3.4,SSP3-H,World,Primary energy,Biomass,2030,66.084080,EJ/yr,World,Primary Energy|Biomass,IMAGE 3.4_SSP3_H.xlsx
IMAGE,3.4,SSP3-H,World,Primary energy,Biomass,2040,75.841561,EJ/yr,World,Primary Energy|Biomass,IMAGE 3.4_SSP3_H.xlsx
IMAGE,3.4,SSP3-H,World,Primary energy,Biomass,2050,73.625871,EJ/yr,World,Primary Energy|Biomass,IMAGE 3.4_SSP3_H.xlsx
IMAGE,3.4,SSP3-H,World,Primary energy,Biomass,2060,65.478078,EJ/yr,World,Primary Energy|Biomass,IMAGE 3.4_SSP3_H.xlsx
IMAGE,3.4,SSP3-H,World,Primary energy,Biomass,2070,68.970750,EJ/yr,World,Primary Energy|Biomass,IMAGE 3.4_SSP3_H.xlsx
IMAGE,3.4,SSP3-H,World,Primary energy,Biomass,2080,75.585172,EJ/yr,World,Primary Energy|Biomass,IMAGE 3.4_SSP3_H.xlsx
IMAGE,3.4,SSP3-H,World,Primary energy,Biomass,2090,79.667061,EJ/yr,World,Primary Energy|Biomass,IMAGE 3.4_SSP3_H.xlsx
IMAGE,3.4,SSP3-H,World,Primary energy,Biomass,2100,82.617719,EJ/yr,World,Primary Energy|Biomass,IMAGE 3.4_SSP3_H.xlsx
IMAGE,3.4,SSP3-H,World,Primary energy,Nuclear,2020,9.635218,EJ/yr,World,Primary Energy|Nuclear,IMAGE 3.4_SSP3_H.xlsx
IMAGE,3.4,SSP3-H,World,Primary energy,Nuclear,2030,11.678230,EJ/yr,World,Primary Energy|Nuclear,IMAGE 3.4_SSP3_H.xlsx
IMAGE,3.4,SSP3-H,World,Primary energy,Nuclear,2040,15.458760,EJ/yr,World,Primary Energy|Nuclear,IMAGE 3.4_SSP3_H.xlsx
IMAGE,3.4,SSP3-H,World,Primary energy,Nuclear,2050,13.030050,EJ/yr,World,Primary Energy|Nuclear,IMAGE 3.4_SSP3_H.xlsx
IMAGE,3.4,SSP3-H,World,Primary energy,Nuclear,2060,14.200870,EJ/yr,World,Primary Energy|Nuclear,IMAGE 3.4_SSP3_H.xlsx
IMAGE,3.4,SSP3-H,World,Primary energy,Nuclear,2070,16.185180,EJ/yr,World,Primary Energy|Nuclear,IMAGE 3.4_SSP3_H.xlsx
IMAGE,3.4,SSP3-H,World,Primary energy,Nuclear,2080,21.031840,EJ/yr,World,Primary Energy|Nuclear,IMAGE 3.4_SSP3_H.xlsx
IMAGE,3.4,SSP3-H,World,Primary energy,Nuclear,2090,23.376471,EJ/yr,World,Primary Energy|Nuclear,IMAGE 3.4_SSP3_H.xlsx
IMAGE,3.4,SSP3-H,World,Primary energy,Nuclear,2100,24.653891,EJ/yr,World,Primary Energy|Nuclear,IMAGE 3.4_SSP3_H.xlsx
IMAGE,3.4,SSP3-H,World,Primary energy,Non-biomass renewables,2020,24.773921,EJ/yr,World,Primary Energy|Non-Biomass Renewables,IMAGE 3.4_SSP3_H.xlsx
IMAGE,3.4,SSP3-H,World,Primary energy,Non-biomass renewables,2030,53.097769,EJ/yr,World,Primary Energy|Non-Biomass Renewables,IMAGE 3.4_SSP3_H.xlsx
IMAGE,3.4,SSP3-H,World,Primary energy,Non-biomass renewables,2040,81.581768,EJ/yr,World,Primary Energy|Non-Biomass Renewables,IMAGE 3.4_SSP3_H.xlsx
IMAGE,3.4,SSP3-H,World,Primary energy,Non-biomass renewables,2050,121.318423,EJ/yr,World,Primary Energy|Non-Biomass Renewables,IMAGE 3.4_SSP3_H.xlsx
IMAGE,3.4,SSP3-H,World,Primary energy,Non-biomass renewables,2060,160.086606,EJ/yr,World,Primary Energy|Non-Biomass Renewables,IMAGE 3.4_SSP3_H.xlsx
IMAGE,3.4,SSP3-H,World,Primary energy,Non-biomass renewables,2070,192.713484,EJ/yr,World,Primary Energy|Non-Biomass Renewables,IMAGE 3.4_SSP3_H.xlsx
IMAGE,3.4,SSP3-H,World,Primary energy,Non-biomass renewables,2080,221.103624,EJ/yr,World,Primary Energy|Non-Biomass Renewables,IMAGE 3.4_SSP3_H.xlsx
IMAGE,3.4,SSP3-H,World,Primary energy,Non-biomass renewables,2090,252.940938,EJ/yr,World,Primary Energy|Non-Biomass Renewables,IMAGE 3.4_SSP3_H.xlsx
IMAGE,3.4,SSP3-H,World,Primary energy,Non-biomass renewables,2100,286.328403,EJ/yr,World,Primary Energy|Non-Biomass Renewables,IMAGE 3.4_SSP3_H.xlsx
IMAGE,3.4,SSP3-H,World,Secondary electricity,Coal,2020,34.086428,EJ/yr,World,Secondary Energy|Electricity|Coal,IMAGE 3.4_SSP3_H.xlsx
IMAGE,3.4,SSP3-H,World,Secondary electricity,Coal,2030,46.986375,EJ/yr,World,Secondary Energy|Electricity|Coal,IMAGE 3.4_SSP3_H.xlsx
IMAGE,3.4,SSP3-H,World,Secondary electricity,Coal,2040,50.911141,EJ/yr,World,Secondary Energy|Electricity|Coal,IMAGE 3.4_SSP3_H.xlsx
IMAGE,3.4,SSP3-H,World,Secondary electricity,Coal,2050,46.403579,EJ/yr,World,Secondary Energy|Electricity|Coal,IMAGE 3.4_SSP3_H.xlsx
IMAGE,3.4,SSP3-H,World,Secondary electricity,Coal,2060,34.835983,EJ/yr,World,Secondary Energy|Electricity|Coal,IMAGE 3.4_SSP3_H.xlsx
IMAGE,3.4,SSP3-H,World,Secondary electricity,Coal,2070,29.450662,EJ/yr,World,Secondary Energy|Electricity|Coal,IMAGE 3.4_SSP3_H.xlsx
IMAGE,3.4,SSP3-H,World,Secondary electricity,Coal,2080,22.347646,EJ/yr,World,Secondary Energy|Electricity|Coal,IMAGE 3.4_SSP3_H.xlsx
IMAGE,3.4,SSP3-H,World,Secondary electricity,Coal,2090,18.638006,EJ/yr,World,Secondary Energy|Electricity|Coal,IMAGE 3.4_SSP3_H.xlsx
IMAGE,3.4,SSP3-H,World,Secondary electricity,Coal,2100,16.716992,EJ/yr,World,Secondary Energy|Electricity|Coal,IMAGE 3.4_SSP3_H.xlsx
IMAGE,3.4,SSP3-H,World,Secondary electricity,Gas,2020,22.839445,EJ/yr,World,Secondary Energy|Electricity|Gas,IMAGE 3.4_SSP3_H.xlsx
IMAGE,3.4,SSP3-H,World,Secondary electricity,Gas,2030,22.328359,EJ/yr,World,Secondary Energy|Electricity|Gas,IMAGE 3.4_SSP3_H.xlsx
IMAGE,3.4,SSP3-H,World,Secondary electricity,Gas,2040,19.514791,EJ/yr,World,Secondary Energy|Electricity|Gas,IMAGE 3.4_SSP3_H.xlsx
IMAGE,3.4,SSP3-H,World,Secondary electricity,Gas,2050,15.959040,EJ/yr,World,Secondary Energy|Electricity|Gas,IMAGE 3.4_SSP3_H.xlsx
IMAGE,3.4,SSP3-H,World,Secondary electricity,Gas,2060,15.092146,EJ/yr,World,Secondary Energy|Electricity|Gas,IMAGE 3.4_SSP3_H.xlsx
IMAGE,3.4,SSP3-H,World,Secondary electricity,Gas,2070,16.905417,EJ/yr,World,Secondary Energy|Electricity|Gas,IMAGE 3.4_SSP3_H.xlsx
IMAGE,3.4,SSP3-H,World,Secondary electricity,Gas,2080,22.601401,EJ/yr,World,Secondary Energy|Electricity|Gas,IMAGE 3.4_SSP3_H.xlsx
IMAGE,3.4,SSP3-H,World,Secondary electricity,Gas,2090,25.372179,EJ/yr,World,Secondary Energy|Electricity|Gas,IMAGE 3.4_SSP3_H.xlsx
IMAGE,3.4,SSP3-H,World,Secondary electricity,Gas,2100,25.733816,EJ/yr,World,Secondary Energy|Electricity|Gas,IMAGE 3.4_SSP3_H.xlsx
IMAGE,3.4,SSP3-H,World,Secondary electricity,Oil,2020,2.405043,EJ/yr,World,Secondary Energy|Electricity|Oil,IMAGE 3.4_SSP3_H.xlsx
IMAGE,3.4,SSP3-H,World,Secondary electricity,Oil,2030,2.992310,EJ/yr,World,Secondary Energy|Electricity|Oil,IMAGE 3.4_SSP3_H.xlsx
IMAGE,3.4,SSP3-H,World,Secondary electricity,Oil,2040,1.022691,EJ/yr,World,Secondary Energy|Electricity|Oil,IMAGE 3.4_SSP3_H.xlsx
IMAGE,3.4,SSP3-H,World,Secondary electricity,Oil,2050,0.038858,EJ/yr,World,Secondary Energy|Electricity|Oil,IMAGE 3.4_SSP3_H.xlsx
IMAGE,3.4,SSP3-H,World,Secondary electricity,Oil,2060,0.014438,EJ/yr,World,Secondary Energy|Electricity|Oil,IMAGE 3.4_SSP3_H.xlsx
IMAGE,3.4,SSP3-H,World,Secondary electricity,Oil,2070,0.029871,EJ/yr,World,Secondary Energy|Electricity|Oil,IMAGE 3.4_SSP3_H.xlsx
IMAGE,3.4,SSP3-H,World,Secondary electricity,Oil,2080,0.013254,EJ/yr,World,Secondary Energy|Electricity|Oil,IMAGE 3.4_SSP3_H.xlsx
IMAGE,3.4,SSP3-H,World,Secondary electricity,Oil,2090,0.007217,EJ/yr,World,Secondary Energy|Electricity|Oil,IMAGE 3.4_SSP3_H.xlsx
IMAGE,3.4,SSP3-H,World,Secondary electricity,Oil,2100,0.013164,EJ/yr,World,Secondary Energy|Electricity|Oil,IMAGE 3.4_SSP3_H.xlsx
IMAGE,3.4,SSP3-H,World,Secondary electricity,Biomass,2020,2.466505,EJ/yr,World,Secondary Energy|Electricity|Biomass,IMAGE 3.4_SSP3_H.xlsx
IMAGE,3.4,SSP3-H,World,Secondary electricity,Biomass,2030,1.955436,EJ/yr,World,Secondary Energy|Electricity|Biomass,IMAGE 3.4_SSP3_H.xlsx
IMAGE,3.4,SSP3-H,World,Secondary electricity,Biomass,2040,1.304168,EJ/yr,World,Secondary Energy|Electricity|Biomass,IMAGE 3.4_SSP3_H.xlsx
IMAGE,3.4,SSP3-H,World,Secondary electricity,Biomass,2050,0.870349,EJ/yr,World,Secondary Energy|Electricity|Biomass,IMAGE 3.4_SSP3_H.xlsx
IMAGE,3.4,SSP3-H,World,Secondary electricity,Biomass,2060,0.803699,EJ/yr,World,Secondary Energy|Electricity|Biomass,IMAGE 3.4_SSP3_H.xlsx
IMAGE,3.4,SSP3-H,World,Secondary electricity,Biomass,2070,0.683620,EJ/yr,World,Secondary Energy|Electricity|Biomass,IMAGE 3.4_SSP3_H.xlsx
IMAGE,3.4,SSP3-H,World,Secondary electricity,Biomass,2080,0.313924,EJ/yr,World,Secondary Energy|Electricity|Biomass,IMAGE 3.4_SSP3_H.xlsx
IMAGE,3.4,SSP3-H,World,Secondary electricity,Biomass,2090,0.130100,EJ/yr,World,Secondary Energy|Electricity|Biomass,IMAGE 3.4_SSP3_H.xlsx
IMAGE,3.4,SSP3-H,World,Secondary electricity,Biomass,2100,0.107201,EJ/yr,World,Secondary Energy|Electricity|Biomass,IMAGE 3.4_SSP3_H.xlsx
IMAGE,3.4,SSP3-H,World,Secondary electricity,Nuclear,2020,9.635217,EJ/yr,World,Secondary Energy|Electricity|Nuclear,IMAGE 3.4_SSP3_H.xlsx
IMAGE,3.4,SSP3-H,World,Secondary electricity,Nuclear,2030,11.678230,EJ/yr,World,Secondary Energy|Electricity|Nuclear,IMAGE 3.4_SSP3_H.xlsx
IMAGE,3.4,SSP3-H,World,Secondary electricity,Nuclear,2040,15.458760,EJ/yr,World,Secondary Energy|Electricity|Nuclear,IMAGE 3.4_SSP3_H.xlsx
IMAGE,3.4,SSP3-H,World,Secondary electricity,Nuclear,2050,13.030050,EJ/yr,World,Secondary Energy|Electricity|Nuclear,IMAGE 3.4_SSP3_H.xlsx
IMAGE,3.4,SSP3-H,World,Secondary electricity,Nuclear,2060,14.200870,EJ/yr,World,Secondary Energy|Electricity|Nuclear,IMAGE 3.4_SSP3_H.xlsx
IMAGE,3.4,SSP3-H,World,Secondary electricity,Nuclear,2070,16.185180,EJ/yr,World,Secondary Energy|Electricity|Nuclear,IMAGE 3.4_SSP3_H.xlsx
IMAGE,3.4,SSP3-H,World,Secondary electricity,Nuclear,2080,21.031840,EJ/yr,World,Secondary Energy|Electricity|Nuclear,IMAGE 3.4_SSP3_H.xlsx
IMAGE,3.4,SSP3-H,World,Secondary electricity,Nuclear,2090,23.376470,EJ/yr,World,Secondary Energy|Electricity|Nuclear,IMAGE 3.4_SSP3_H.xlsx
IMAGE,3.4,SSP3-H,World,Secondary electricity,Nuclear,2100,24.653890,EJ/yr,World,Secondary Energy|Electricity|Nuclear,IMAGE 3.4_SSP3_H.xlsx
IMAGE,3.4,SSP3-H,World,Secondary electricity,Hydro,2020,15.647039,EJ/yr,World,Secondary Energy|Electricity|Hydro,IMAGE 3.4_SSP3_H.xlsx
IMAGE,3.4,SSP3-H,World,Secondary electricity,Hydro,2030,21.384641,EJ/yr,World,Secondary Energy|Electricity|Hydro,IMAGE 3.4_SSP3_H.xlsx
IMAGE,3.4,SSP3-H,World,Secondary electricity,Hydro,2040,22.880940,EJ/yr,World,Secondary Energy|Electricity|Hydro,IMAGE 3.4_SSP3_H.xlsx
IMAGE,3.4,SSP3-H,World,Secondary electricity,Hydro,2050,24.662430,EJ/yr,World,Secondary Energy|Electricity|Hydro,IMAGE 3.4_SSP3_H.xlsx
IMAGE,3.4,SSP3-H,World,Secondary electricity,Hydro,2060,22.744459,EJ/yr,World,Secondary Energy|Electricity|Hydro,IMAGE 3.4_SSP3_H.xlsx
IMAGE,3.4,SSP3-H,World,Secondary electricity,Hydro,2070,22.438300,EJ/yr,World,Secondary Energy|Electricity|Hydro,IMAGE 3.4_SSP3_H.xlsx
IMAGE,3.4,SSP3-H,World,Secondary electricity,Hydro,2080,22.937229,EJ/yr,World,Secondary Energy|Electricity|Hydro,IMAGE 3.4_SSP3_H.xlsx
IMAGE,3.4,SSP3-H,World,Secondary electricity,Hydro,2090,23.837540,EJ/yr,World,Secondary Energy|Electricity|Hydro,IMAGE 3.4_SSP3_H.xlsx
IMAGE,3.4,SSP3-H,World,Secondary electricity,Hydro,2100,24.085819,EJ/yr,World,Secondary Energy|Electricity|Hydro,IMAGE 3.4_SSP3_H.xlsx
IMAGE,3.4,SSP3-H,World,Secondary electricity,Solar,2020,3.023481,EJ/yr,World,Secondary Energy|Electricity|Solar|CSP; Secondary Energy|Electricity|Solar|PV|1; Secondary Energy|Electricity|Solar|PV|2,IMAGE 3.4_SSP3_H.xlsx
IMAGE,3.4,SSP3-H,World,Secondary electricity,Solar,2030,18.489703,EJ/yr,World,Secondary Energy|Electricity|Solar|CSP; Secondary Energy|Electricity|Solar|PV|1; Secondary Energy|Electricity|Solar|PV|2,IMAGE 3.4_SSP3_H.xlsx
IMAGE,3.4,SSP3-H,World,Secondary electricity,Solar,2040,38.462752,EJ/yr,World,Secondary Energy|Electricity|Solar|CSP; Secondary Energy|Electricity|Solar|PV|1; Secondary Energy|Electricity|Solar|PV|2,IMAGE 3.4_SSP3_H.xlsx
IMAGE,3.4,SSP3-H,World,Secondary electricity,Solar,2050,62.492244,EJ/yr,World,Secondary Energy|Electricity|Solar|CSP; Secondary Energy|Electricity|Solar|PV|1; Secondary Energy|Electricity|Solar|PV|2,IMAGE 3.4_SSP3_H.xlsx
IMAGE,3.4,SSP3-H,World,Secondary electricity,Solar,2060,77.295529,EJ/yr,World,Secondary Energy|Electricity|Solar|CSP; Secondary Energy|Electricity|Solar|PV|1; Secondary Energy|Electricity|Solar|PV|2,IMAGE 3.4_SSP3_H.xlsx
IMAGE,3.4,SSP3-H,World,Secondary electricity,Solar,2070,92.717372,EJ/yr,World,Secondary Energy|Electricity|Solar|CSP; Secondary Energy|Electricity|Solar|PV|1; Secondary Energy|Electricity|Solar|PV|2,IMAGE 3.4_SSP3_H.xlsx
IMAGE,3.4,SSP3-H,World,Secondary electricity,Solar,2080,106.457014,EJ/yr,World,Secondary Energy|Electricity|Solar|CSP; Secondary Energy|Electricity|Solar|PV|1; Secondary Energy|Electricity|Solar|PV|2,IMAGE 3.4_SSP3_H.xlsx
IMAGE,3.4,SSP3-H,World,Secondary electricity,Solar,2090,118.658956,EJ/yr,World,Secondary Energy|Electricity|Solar|CSP; Secondary Energy|Electricity|Solar|PV|1; Secondary Energy|Electricity|Solar|PV|2,IMAGE 3.4_SSP3_H.xlsx
IMAGE,3.4,SSP3-H,World,Secondary electricity,Solar,2100,129.381051,EJ/yr,World,Secondary Energy|Electricity|Solar|CSP; Secondary Energy|Electricity|Solar|PV|1; Secondary Energy|Electricity|Solar|PV|2,IMAGE 3.4_SSP3_H.xlsx
IMAGE,3.4,SSP3-H,World,Secondary electricity,Wind,2020,5.762558,EJ/yr,World,Secondary Energy|Electricity|Wind|1; Secondary Energy|Electricity|Wind|2,IMAGE 3.4_SSP3_H.xlsx
IMAGE,3.4,SSP3-H,World,Secondary electricity,Wind,2030,12.671353,EJ/yr,World,Secondary Energy|Electricity|Wind|1; Secondary Energy|Electricity|Wind|2,IMAGE 3.4_SSP3_H.xlsx
IMAGE,3.4,SSP3-H,World,Secondary electricity,Wind,2040,18.535730,EJ/yr,World,Secondary Energy|Electricity|Wind|1; Secondary Energy|Electricity|Wind|2,IMAGE 3.4_SSP3_H.xlsx
IMAGE,3.4,SSP3-H,World,Secondary electricity,Wind,2050,28.292018,EJ/yr,World,Secondary Energy|Electricity|Wind|1; Secondary Energy|Electricity|Wind|2,IMAGE 3.4_SSP3_H.xlsx
IMAGE,3.4,SSP3-H,World,Secondary electricity,Wind,2060,47.354204,EJ/yr,World,Secondary Energy|Electricity|Wind|1; Secondary Energy|Electricity|Wind|2,IMAGE 3.4_SSP3_H.xlsx
IMAGE,3.4,SSP3-H,World,Secondary electricity,Wind,2070,53.109439,EJ/yr,World,Secondary Energy|Electricity|Wind|1; Secondary Energy|Electricity|Wind|2,IMAGE 3.4_SSP3_H.xlsx
IMAGE,3.4,SSP3-H,World,Secondary electricity,Wind,2080,54.704991,EJ/yr,World,Secondary Energy|Electricity|Wind|1; Secondary Energy|Electricity|Wind|2,IMAGE 3.4_SSP3_H.xlsx
IMAGE,3.4,SSP3-H,World,Secondary electricity,Wind,2090,60.062421,EJ/yr,World,Secondary Energy|Electricity|Wind|1; Secondary Energy|Electricity|Wind|2,IMAGE 3.4_SSP3_H.xlsx
IMAGE,3.4,SSP3-H,World,Secondary electricity,Wind,2100,70.702049,EJ/yr,World,Secondary Energy|Electricity|Wind|1; Secondary Energy|Electricity|Wind|2,IMAGE 3.4_SSP3_H.xlsx
IMAGE,3.4,SSP3-H,World,Secondary electricity,Other,2020,0.376177,EJ/yr,World,Secondary Energy|Electricity|Geothermal; Secondary Energy|Electricity|Hydrogen; Secondary Energy|Electricity|Other; Secondary Energy|Electricity|Storage; Secondary Energy|Electricity|Wave,IMAGE 3.4_SSP3_H.xlsx
IMAGE,3.4,SSP3-H,World,Secondary electricity,Other,2030,0.756780,EJ/yr,World,Secondary Energy|Electricity|Geothermal; Secondary Energy|Electricity|Hydrogen; Secondary Energy|Electricity|Other; Secondary Energy|Electricity|Storage; Secondary Energy|Electricity|Wave,IMAGE 3.4_SSP3_H.xlsx
IMAGE,3.4,SSP3-H,World,Secondary electricity,Other,2040,2.515580,EJ/yr,World,Secondary Energy|Electricity|Geothermal; Secondary Energy|Electricity|Hydrogen; Secondary Energy|Electricity|Other; Secondary Energy|Electricity|Storage; Secondary Energy|Electricity|Wave,IMAGE 3.4_SSP3_H.xlsx
IMAGE,3.4,SSP3-H,World,Secondary electricity,Other,2050,8.691921,EJ/yr,World,Secondary Energy|Electricity|Geothermal; Secondary Energy|Electricity|Hydrogen; Secondary Energy|Electricity|Other; Secondary Energy|Electricity|Storage; Secondary Energy|Electricity|Wave,IMAGE 3.4_SSP3_H.xlsx
IMAGE,3.4,SSP3-H,World,Secondary electricity,Other,2060,16.945614,EJ/yr,World,Secondary Energy|Electricity|Geothermal; Secondary Energy|Electricity|Hydrogen; Secondary Energy|Electricity|Other; Secondary Energy|Electricity|Storage; Secondary Energy|Electricity|Wave,IMAGE 3.4_SSP3_H.xlsx
IMAGE,3.4,SSP3-H,World,Secondary electricity,Other,2070,22.179736,EJ/yr,World,Secondary Energy|Electricity|Geothermal; Secondary Energy|Electricity|Hydrogen; Secondary Energy|Electricity|Other; Secondary Energy|Electricity|Storage; Secondary Energy|Electricity|Wave,IMAGE 3.4_SSP3_H.xlsx
IMAGE,3.4,SSP3-H,World,Secondary electricity,Other,2080,26.581526,EJ/yr,World,Secondary Energy|Electricity|Geothermal; Secondary Energy|Electricity|Hydrogen; Secondary Energy|Electricity|Other; Secondary Energy|Electricity|Storage; Secondary Energy|Electricity|Wave,IMAGE 3.4_SSP3_H.xlsx
IMAGE,3.4,SSP3-H,World,Secondary electricity,Other,2090,30.189068,EJ/yr,World,Secondary Energy|Electricity|Geothermal; Secondary Energy|Electricity|Hydrogen; Secondary Energy|Electricity|Other; Secondary Energy|Electricity|Storage; Secondary Energy|Electricity|Wave,IMAGE 3.4_SSP3_H.xlsx
IMAGE,3.4,SSP3-H,World,Secondary electricity,Other,2100,33.983537,EJ/yr,World,Secondary Energy|Electricity|Geothermal; Secondary Energy|Electricity|Hydrogen; Secondary Energy|Electricity|Other; Secondary Energy|Electricity|Storage; Secondary Energy|Electricity|Wave,IMAGE 3.4_SSP3_H.xlsx
IMAGE,3.4,SSP3-H,World,Final energy,Passenger transport,2020,58.632978,EJ/yr,World,Final Energy|Transportation|Passenger,IMAGE 3.4_SSP3_H.xlsx
IMAGE,3.4,SSP3-H,World,Final energy,Passenger transport,2030,69.177852,EJ/yr,World,Final Energy|Transportation|Passenger,IMAGE 3.4_SSP3_H.xlsx
IMAGE,3.4,SSP3-H,World,Final energy,Passenger transport,2040,76.466758,EJ/yr,World,Final Energy|Transportation|Passenger,IMAGE 3.4_SSP3_H.xlsx
IMAGE,3.4,SSP3-H,World,Final energy,Passenger transport,2050,89.680443,EJ/yr,World,Final Energy|Transportation|Passenger,IMAGE 3.4_SSP3_H.xlsx
IMAGE,3.4,SSP3-H,World,Final energy,Passenger transport,2060,100.145304,EJ/yr,World,Final Energy|Transportation|Passenger,IMAGE 3.4_SSP3_H.xlsx
IMAGE,3.4,SSP3-H,World,Final energy,Passenger transport,2070,110.880245,EJ/yr,World,Final Energy|Transportation|Passenger,IMAGE 3.4_SSP3_H.xlsx
IMAGE,3.4,SSP3-H,World,Final energy,Passenger transport,2080,121.000991,EJ/yr,World,Final Energy|Transportation|Passenger,IMAGE 3.4_SSP3_H.xlsx
IMAGE,3.4,SSP3-H,World,Final energy,Passenger transport,2090,129.254723,EJ/yr,World,Final Energy|Transportation|Passenger,IMAGE 3.4_SSP3_H.xlsx
IMAGE,3.4,SSP3-H,World,Final energy,Passenger transport,2100,134.481227,EJ/yr,World,Final Energy|Transportation|Passenger,IMAGE 3.4_SSP3_H.xlsx
IMAGE,3.4,SSP3-H,World,Final energy,Freight transport,2020,34.590327,EJ/yr,World,Final Energy|Transportation|Freight,IMAGE 3.4_SSP3_H.xlsx
IMAGE,3.4,SSP3-H,World,Final energy,Freight transport,2030,44.138067,EJ/yr,World,Final Energy|Transportation|Freight,IMAGE 3.4_SSP3_H.xlsx
IMAGE,3.4,SSP3-H,World,Final energy,Freight transport,2040,44.455372,EJ/yr,World,Final Energy|Transportation|Freight,IMAGE 3.4_SSP3_H.xlsx
IMAGE,3.4,SSP3-H,World,Final energy,Freight transport,2050,41.673686,EJ/yr,World,Final Energy|Transportation|Freight,IMAGE 3.4_SSP3_H.xlsx
IMAGE,3.4,SSP3-H,World,Final energy,Freight transport,2060,41.704804,EJ/yr,World,Final Energy|Transportation|Freight,IMAGE 3.4_SSP3_H.xlsx
IMAGE,3.4,SSP3-H,World,Final energy,Freight transport,2070,42.418204,EJ/yr,World,Final Energy|Transportation|Freight,IMAGE 3.4_SSP3_H.xlsx
IMAGE,3.4,SSP3-H,World,Final energy,Freight transport,2080,42.812028,EJ/yr,World,Final Energy|Transportation|Freight,IMAGE 3.4_SSP3_H.xlsx
IMAGE,3.4,SSP3-H,World,Final energy,Freight transport,2090,43.000331,EJ/yr,World,Final Energy|Transportation|Freight,IMAGE 3.4_SSP3_H.xlsx
IMAGE,3.4,SSP3-H,World,Final energy,Freight transport,2100,42.515966,EJ/yr,World,Final Energy|Transportation|Freight,IMAGE 3.4_SSP3_H.xlsx
IMAGE,3.4,SSP3-H,World,Final energy,Iron & steel,2020,20.749181,EJ/yr,World,Final Energy|Industry|Iron and Steel,IMAGE 3.4_SSP3_H.xlsx
IMAGE,3.4,SSP3-H,World,Final energy,Iron & steel,2030,21.535271,EJ/yr,World,Final Energy|Industry|Iron and Steel,IMAGE 3.4_SSP3_H.xlsx
IMAGE,3.4,SSP3-H,World,Final energy,Iron & steel,2040,19.282999,EJ/yr,World,Final Energy|Industry|Iron and Steel,IMAGE 3.4_SSP3_H.xlsx
IMAGE,3.4,SSP3-H,World,Final energy,Iron & steel,2050,17.153520,EJ/yr,World,Final Energy|Industry|Iron and Steel,IMAGE 3.4_SSP3_H.xlsx
IMAGE,3.4,SSP3-H,World,Final energy,Iron & steel,2060,18.002180,EJ/yr,World,Final Energy|Industry|Iron and Steel,IMAGE 3.4_SSP3_H.xlsx
IMAGE,3.4,SSP3-H,World,Final energy,Iron & steel,2070,18.894830,EJ/yr,World,Final Energy|Industry|Iron and Steel,IMAGE 3.4_SSP3_H.xlsx
IMAGE,3.4,SSP3-H,World,Final energy,Iron & steel,2080,19.721501,EJ/yr,World,Final Energy|Industry|Iron and Steel,IMAGE 3.4_SSP3_H.xlsx
IMAGE,3.4,SSP3-H,World,Final energy,Iron & steel,2090,20.863789,EJ/yr,World,Final Energy|Industry|Iron and Steel,IMAGE 3.4_SSP3_H.xlsx
IMAGE,3.4,SSP3-H,World,Final energy,Iron & steel,2100,21.577550,EJ/yr,World,Final Energy|Industry|Iron and Steel,IMAGE 3.4_SSP3_H.xlsx
IMAGE,3.4,SSP3-H,World,Final energy,Space heating,2020,43.729081,EJ/yr,World,Final Energy|Residential|Space Heating; Final Energy|Commercial|Space Heating,IMAGE 3.4_SSP3_H.xlsx
IMAGE,3.4,SSP3-H,World,Final energy,Space heating,2030,44.593680,EJ/yr,World,Final Energy|Residential|Space Heating; Final Energy|Commercial|Space Heating,IMAGE 3.4_SSP3_H.xlsx
IMAGE,3.4,SSP3-H,World,Final energy,Space heating,2040,46.315071,EJ/yr,World,Final Energy|Residential|Space Heating; Final Energy|Commercial|Space Heating,IMAGE 3.4_SSP3_H.xlsx
IMAGE,3.4,SSP3-H,World,Final energy,Space heating,2050,49.509049,EJ/yr,World,Final Energy|Residential|Space Heating; Final Energy|Commercial|Space Heating,IMAGE 3.4_SSP3_H.xlsx
IMAGE,3.4,SSP3-H,World,Final energy,Space heating,2060,49.430991,EJ/yr,World,Final Energy|Residential|Space Heating; Final Energy|Commercial|Space Heating,IMAGE 3.4_SSP3_H.xlsx
IMAGE,3.4,SSP3-H,World,Final energy,Space heating,2070,47.087880,EJ/yr,World,Final Energy|Residential|Space Heating; Final Energy|Commercial|Space Heating,IMAGE 3.4_SSP3_H.xlsx
IMAGE,3.4,SSP3-H,World,Final energy,Space heating,2080,45.911889,EJ/yr,World,Final Energy|Residential|Space Heating; Final Energy|Commercial|Space Heating,IMAGE 3.4_SSP3_H.xlsx
IMAGE,3.4,SSP3-H,World,Final energy,Space heating,2090,44.840929,EJ/yr,World,Final Energy|Residential|Space Heating; Final Energy|Commercial|Space Heating,IMAGE 3.4_SSP3_H.xlsx
IMAGE,3.4,SSP3-H,World,Final energy,Space heating,2100,42.765050,EJ/yr,World,Final Energy|Residential|Space Heating; Final Energy|Commercial|Space Heating,IMAGE 3.4_SSP3_H.xlsx
IMAGE,3.4,SSP3-H,Europe (WEU + CEU),Primary energy,Coal,2020,7.004187,EJ/yr,WEU; CEU,Primary Energy|Coal,IMAGE 3.4_SSP3_H.xlsx
IMAGE,3.4,SSP3-H,Europe (WEU + CEU),Primary energy,Coal,2030,10.228917,EJ/yr,WEU; CEU,Primary Energy|Coal,IMAGE 3.4_SSP3_H.xlsx
IMAGE,3.4,SSP3-H,Europe (WEU + CEU),Primary energy,Coal,2040,9.385345,EJ/yr,WEU; CEU,Primary Energy|Coal,IMAGE 3.4_SSP3_H.xlsx
IMAGE,3.4,SSP3-H,Europe (WEU + CEU),Primary energy,Coal,2050,8.256560,EJ/yr,WEU; CEU,Primary Energy|Coal,IMAGE 3.4_SSP3_H.xlsx
IMAGE,3.4,SSP3-H,Europe (WEU + CEU),Primary energy,Coal,2060,7.164162,EJ/yr,WEU; CEU,Primary Energy|Coal,IMAGE 3.4_SSP3_H.xlsx
IMAGE,3.4,SSP3-H,Europe (WEU + CEU),Primary energy,Coal,2070,7.852007,EJ/yr,WEU; CEU,Primary Energy|Coal,IMAGE 3.4_SSP3_H.xlsx
IMAGE,3.4,SSP3-H,Europe (WEU + CEU),Primary energy,Coal,2080,8.803301,EJ/yr,WEU; CEU,Primary Energy|Coal,IMAGE 3.4_SSP3_H.xlsx
IMAGE,3.4,SSP3-H,Europe (WEU + CEU),Primary energy,Coal,2090,10.540956,EJ/yr,WEU; CEU,Primary Energy|Coal,IMAGE 3.4_SSP3_H.xlsx
IMAGE,3.4,SSP3-H,Europe (WEU + CEU),Primary energy,Coal,2100,11.346497,EJ/yr,WEU; CEU,Primary Energy|Coal,IMAGE 3.4_SSP3_H.xlsx
IMAGE,3.4,SSP3-H,Europe (WEU + CEU),Primary energy,Oil,2020,23.514863,EJ/yr,WEU; CEU,Primary Energy|Oil,IMAGE 3.4_SSP3_H.xlsx
IMAGE,3.4,SSP3-H,Europe (WEU + CEU),Primary energy,Oil,2030,28.325532,EJ/yr,WEU; CEU,Primary Energy|Oil,IMAGE 3.4_SSP3_H.xlsx
IMAGE,3.4,SSP3-H,Europe (WEU + CEU),Primary energy,Oil,2040,22.565458,EJ/yr,WEU; CEU,Primary Energy|Oil,IMAGE 3.4_SSP3_H.xlsx
IMAGE,3.4,SSP3-H,Europe (WEU + CEU),Primary energy,Oil,2050,17.780937,EJ/yr,WEU; CEU,Primary Energy|Oil,IMAGE 3.4_SSP3_H.xlsx
IMAGE,3.4,SSP3-H,Europe (WEU + CEU),Primary energy,Oil,2060,17.275284,EJ/yr,WEU; CEU,Primary Energy|Oil,IMAGE 3.4_SSP3_H.xlsx
IMAGE,3.4,SSP3-H,Europe (WEU + CEU),Primary energy,Oil,2070,17.173552,EJ/yr,WEU; CEU,Primary Energy|Oil,IMAGE 3.4_SSP3_H.xlsx
IMAGE,3.4,SSP3-H,Europe (WEU + CEU),Primary energy,Oil,2080,17.738518,EJ/yr,WEU; CEU,Primary Energy|Oil,IMAGE 3.4_SSP3_H.xlsx
IMAGE,3.4,SSP3-H,Europe (WEU + CEU),Primary energy,Oil,2090,18.275618,EJ/yr,WEU; CEU,Primary Energy|Oil,IMAGE 3.4_SSP3_H.xlsx
IMAGE,3.4,SSP3-H,Europe (WEU + CEU),Primary energy,Oil,2100,18.094755,EJ/yr,WEU; CEU,Primary Energy|Oil,IMAGE 3.4_SSP3_H.xlsx
IMAGE,3.4,SSP3-H,Europe (WEU + CEU),Primary energy,Gas,2020,17.172876,EJ/yr,WEU; CEU,Primary Energy|Gas,IMAGE 3.4_SSP3_H.xlsx
IMAGE,3.4,SSP3-H,Europe (WEU + CEU),Primary energy,Gas,2030,13.009826,EJ/yr,WEU; CEU,Primary Energy|Gas,IMAGE 3.4_SSP3_H.xlsx
IMAGE,3.4,SSP3-H,Europe (WEU + CEU),Primary energy,Gas,2040,12.873940,EJ/yr,WEU; CEU,Primary Energy|Gas,IMAGE 3.4_SSP3_H.xlsx
IMAGE,3.4,SSP3-H,Europe (WEU + CEU),Primary energy,Gas,2050,17.753298,EJ/yr,WEU; CEU,Primary Energy|Gas,IMAGE 3.4_SSP3_H.xlsx
IMAGE,3.4,SSP3-H,Europe (WEU + CEU),Primary energy,Gas,2060,19.595290,EJ/yr,WEU; CEU,Primary Energy|Gas,IMAGE 3.4_SSP3_H.xlsx
IMAGE,3.4,SSP3-H,Europe (WEU + CEU),Primary energy,Gas,2070,19.184857,EJ/yr,WEU; CEU,Primary Energy|Gas,IMAGE 3.4_SSP3_H.xlsx
IMAGE,3.4,SSP3-H,Europe (WEU + CEU),Primary energy,Gas,2080,17.971720,EJ/yr,WEU; CEU,Primary Energy|Gas,IMAGE 3.4_SSP3_H.xlsx
IMAGE,3.4,SSP3-H,Europe (WEU + CEU),Primary energy,Gas,2090,17.072410,EJ/yr,WEU; CEU,Primary Energy|Gas,IMAGE 3.4_SSP3_H.xlsx
IMAGE,3.4,SSP3-H,Europe (WEU + CEU),Primary energy,Gas,2100,15.723910,EJ/yr,WEU; CEU,Primary Energy|Gas,IMAGE 3.4_SSP3_H.xlsx
IMAGE,3.4,SSP3-H,Europe (WEU + CEU),Primary energy,Biomass,2020,8.008117,EJ/yr,WEU; CEU,Primary Energy|Biomass,IMAGE 3.4_SSP3_H.xlsx
IMAGE,3.4,SSP3-H,Europe (WEU + CEU),Primary energy,Biomass,2030,8.810610,EJ/yr,WEU; CEU,Primary Energy|Biomass,IMAGE 3.4_SSP3_H.xlsx
IMAGE,3.4,SSP3-H,Europe (WEU + CEU),Primary energy,Biomass,2040,8.339654,EJ/yr,WEU; CEU,Primary Energy|Biomass,IMAGE 3.4_SSP3_H.xlsx
IMAGE,3.4,SSP3-H,Europe (WEU + CEU),Primary energy,Biomass,2050,9.215654,EJ/yr,WEU; CEU,Primary Energy|Biomass,IMAGE 3.4_SSP3_H.xlsx
IMAGE,3.4,SSP3-H,Europe (WEU + CEU),Primary energy,Biomass,2060,6.648657,EJ/yr,WEU; CEU,Primary Energy|Biomass,IMAGE 3.4_SSP3_H.xlsx
IMAGE,3.4,SSP3-H,Europe (WEU + CEU),Primary energy,Biomass,2070,5.112814,EJ/yr,WEU; CEU,Primary Energy|Biomass,IMAGE 3.4_SSP3_H.xlsx
IMAGE,3.4,SSP3-H,Europe (WEU + CEU),Primary energy,Biomass,2080,5.079494,EJ/yr,WEU; CEU,Primary Energy|Biomass,IMAGE 3.4_SSP3_H.xlsx
IMAGE,3.4,SSP3-H,Europe (WEU + CEU),Primary energy,Biomass,2090,5.356814,EJ/yr,WEU; CEU,Primary Energy|Biomass,IMAGE 3.4_SSP3_H.xlsx
IMAGE,3.4,SSP3-H,Europe (WEU + CEU),Primary energy,Biomass,2100,5.545472,EJ/yr,WEU; CEU,Primary Energy|Biomass,IMAGE 3.4_SSP3_H.xlsx
IMAGE,3.4,SSP3-H,Europe (WEU + CEU),Primary energy,Nuclear,2020,2.728134,EJ/yr,WEU; CEU,Primary Energy|Nuclear,IMAGE 3.4_SSP3_H.xlsx
IMAGE,3.4,SSP3-H,Europe (WEU + CEU),Primary energy,Nuclear,2030,2.774930,EJ/yr,WEU; CEU,Primary Energy|Nuclear,IMAGE 3.4_SSP3_H.xlsx
IMAGE,3.4,SSP3-H,Europe (WEU + CEU),Primary energy,Nuclear,2040,1.667209,EJ/yr,WEU; CEU,Primary Energy|Nuclear,IMAGE 3.4_SSP3_H.xlsx
IMAGE,3.4,SSP3-H,Europe (WEU + CEU),Primary energy,Nuclear,2050,0.262381,EJ/yr,WEU; CEU,Primary Energy|Nuclear,IMAGE 3.4_SSP3_H.xlsx
IMAGE,3.4,SSP3-H,Europe (WEU + CEU),Primary energy,Nuclear,2060,0.309162,EJ/yr,WEU; CEU,Primary Energy|Nuclear,IMAGE 3.4_SSP3_H.xlsx
IMAGE,3.4,SSP3-H,Europe (WEU + CEU),Primary energy,Nuclear,2070,0.174074,EJ/yr,WEU; CEU,Primary Energy|Nuclear,IMAGE 3.4_SSP3_H.xlsx
IMAGE,3.4,SSP3-H,Europe (WEU + CEU),Primary energy,Nuclear,2080,0.198850,EJ/yr,WEU; CEU,Primary Energy|Nuclear,IMAGE 3.4_SSP3_H.xlsx
IMAGE,3.4,SSP3-H,Europe (WEU + CEU),Primary energy,Nuclear,2090,0.242043,EJ/yr,WEU; CEU,Primary Energy|Nuclear,IMAGE 3.4_SSP3_H.xlsx
IMAGE,3.4,SSP3-H,Europe (WEU + CEU),Primary energy,Nuclear,2100,0.128215,EJ/yr,WEU; CEU,Primary Energy|Nuclear,IMAGE 3.4_SSP3_H.xlsx
IMAGE,3.4,SSP3-H,Europe (WEU + CEU),Primary energy,Non-biomass renewables,2020,4.405185,EJ/yr,WEU; CEU,Primary Energy|Non-Biomass Renewables,IMAGE 3.4_SSP3_H.xlsx
IMAGE,3.4,SSP3-H,Europe (WEU + CEU),Primary energy,Non-biomass renewables,2030,6.701697,EJ/yr,WEU; CEU,Primary Energy|Non-Biomass Renewables,IMAGE 3.4_SSP3_H.xlsx
IMAGE,3.4,SSP3-H,Europe (WEU + CEU),Primary energy,Non-biomass renewables,2040,9.170817,EJ/yr,WEU; CEU,Primary Energy|Non-Biomass Renewables,IMAGE 3.4_SSP3_H.xlsx
IMAGE,3.4,SSP3-H,Europe (WEU + CEU),Primary energy,Non-biomass renewables,2050,11.427051,EJ/yr,WEU; CEU,Primary Energy|Non-Biomass Renewables,IMAGE 3.4_SSP3_H.xlsx
IMAGE,3.4,SSP3-H,Europe (WEU + CEU),Primary energy,Non-biomass renewables,2060,13.070055,EJ/yr,WEU; CEU,Primary Energy|Non-Biomass Renewables,IMAGE 3.4_SSP3_H.xlsx
IMAGE,3.4,SSP3-H,Europe (WEU + CEU),Primary energy,Non-biomass renewables,2070,14.902794,EJ/yr,WEU; CEU,Primary Energy|Non-Biomass Renewables,IMAGE 3.4_SSP3_H.xlsx
IMAGE,3.4,SSP3-H,Europe (WEU + CEU),Primary energy,Non-biomass renewables,2080,14.264012,EJ/yr,WEU; CEU,Primary Energy|Non-Biomass Renewables,IMAGE 3.4_SSP3_H.xlsx
IMAGE,3.4,SSP3-H,Europe (WEU + CEU),Primary energy,Non-biomass renewables,2090,13.317519,EJ/yr,WEU; CEU,Primary Energy|Non-Biomass Renewables,IMAGE 3.4_SSP3_H.xlsx
IMAGE,3.4,SSP3-H,Europe (WEU + CEU),Primary energy,Non-biomass renewables,2100,14.395828,EJ/yr,WEU; CEU,Primary Energy|Non-Biomass Renewables,IMAGE 3.4_SSP3_H.xlsx
IMAGE,3.4,SSP3-H,Europe (WEU + CEU),Secondary electricity,Coal,2020,1.571970,EJ/yr,WEU; CEU,Secondary Energy|Electricity|Coal,IMAGE 3.4_SSP3_H.xlsx
IMAGE,3.4,SSP3-H,Europe (WEU + CEU),Secondary electricity,Coal,2030,2.723656,EJ/yr,WEU; CEU,Secondary Energy|Electricity|Coal,IMAGE 3.4_SSP3_H.xlsx
IMAGE,3.4,SSP3-H,Europe (WEU + CEU),Secondary electricity,Coal,2040,2.374456,EJ/yr,WEU; CEU,Secondary Energy|Electricity|Coal,IMAGE 3.4_SSP3_H.xlsx
IMAGE,3.4,SSP3-H,Europe (WEU + CEU),Secondary electricity,Coal,2050,1.620094,EJ/yr,WEU; CEU,Secondary Energy|Electricity|Coal,IMAGE 3.4_SSP3_H.xlsx
IMAGE,3.4,SSP3-H,Europe (WEU + CEU),Secondary electricity,Coal,2060,0.608868,EJ/yr,WEU; CEU,Secondary Energy|Electricity|Coal,IMAGE 3.4_SSP3_H.xlsx
IMAGE,3.4,SSP3-H,Europe (WEU + CEU),Secondary electricity,Coal,2070,0.338467,EJ/yr,WEU; CEU,Secondary Energy|Electricity|Coal,IMAGE 3.4_SSP3_H.xlsx
IMAGE,3.4,SSP3-H,Europe (WEU + CEU),Secondary electricity,Coal,2080,0.169063,EJ/yr,WEU; CEU,Secondary Energy|Electricity|Coal,IMAGE 3.4_SSP3_H.xlsx
IMAGE,3.4,SSP3-H,Europe (WEU + CEU),Secondary electricity,Coal,2090,0.279265,EJ/yr,WEU; CEU,Secondary Energy|Electricity|Coal,IMAGE 3.4_SSP3_H.xlsx
IMAGE,3.4,SSP3-H,Europe (WEU + CEU),Secondary electricity,Coal,2100,0.239361,EJ/yr,WEU; CEU,Secondary Energy|Electricity|Coal,IMAGE 3.4_SSP3_H.xlsx
IMAGE,3.4,SSP3-H,Europe (WEU + CEU),Secondary electricity,Gas,2020,2.436005,EJ/yr,WEU; CEU,Secondary Energy|Electricity|Gas,IMAGE 3.4_SSP3_H.xlsx
IMAGE,3.4,SSP3-H,Europe (WEU + CEU),Secondary electricity,Gas,2030,1.846832,EJ/yr,WEU; CEU,Secondary Energy|Electricity|Gas,IMAGE 3.4_SSP3_H.xlsx
IMAGE,3.4,SSP3-H,Europe (WEU + CEU),Secondary electricity,Gas,2040,0.504830,EJ/yr,WEU; CEU,Secondary Energy|Electricity|Gas,IMAGE 3.4_SSP3_H.xlsx
IMAGE,3.4,SSP3-H,Europe (WEU + CEU),Secondary electricity,Gas,2050,0.526536,EJ/yr,WEU; CEU,Secondary Energy|Electricity|Gas,IMAGE 3.4_SSP3_H.xlsx
IMAGE,3.4,SSP3-H,Europe (WEU + CEU),Secondary electricity,Gas,2060,0.566803,EJ/yr,WEU; CEU,Secondary Energy|Electricity|Gas,IMAGE 3.4_SSP3_H.xlsx
IMAGE,3.4,SSP3-H,Europe (WEU + CEU),Secondary electricity,Gas,2070,0.107708,EJ/yr,WEU; CEU,Secondary Energy|Electricity|Gas,IMAGE 3.4_SSP3_H.xlsx
IMAGE,3.4,SSP3-H,Europe (WEU + CEU),Secondary electricity,Gas,2080,0.145409,EJ/yr,WEU; CEU,Secondary Energy|Electricity|Gas,IMAGE 3.4_SSP3_H.xlsx
IMAGE,3.4,SSP3-H,Europe (WEU + CEU),Secondary electricity,Gas,2090,0.623984,EJ/yr,WEU; CEU,Secondary Energy|Electricity|Gas,IMAGE 3.4_SSP3_H.xlsx
IMAGE,3.4,SSP3-H,Europe (WEU + CEU),Secondary electricity,Gas,2100,0.509428,EJ/yr,WEU; CEU,Secondary Energy|Electricity|Gas,IMAGE 3.4_SSP3_H.xlsx
IMAGE,3.4,SSP3-H,Europe (WEU + CEU),Secondary electricity,Oil,2020,0.187311,EJ/yr,WEU; CEU,Secondary Energy|Electricity|Oil,IMAGE 3.4_SSP3_H.xlsx
IMAGE,3.4,SSP3-H,Europe (WEU + CEU),Secondary electricity,Oil,2030,0.389204,EJ/yr,WEU; CEU,Secondary Energy|Electricity|Oil,IMAGE 3.4_SSP3_H.xlsx
IMAGE,3.4,SSP3-H,Europe (WEU + CEU),Secondary electricity,Oil,2040,0.215629,EJ/yr,WEU; CEU,Secondary Energy|Electricity|Oil,IMAGE 3.4_SSP3_H.xlsx
IMAGE,3.4,SSP3-H,Europe (WEU + CEU),Secondary electricity,Oil,2050,0.007266,EJ/yr,WEU; CEU,Secondary Energy|Electricity|Oil,IMAGE 3.4_SSP3_H.xlsx
IMAGE,3.4,SSP3-H,Europe (WEU + CEU),Secondary electricity,Oil,2060,0.006230,EJ/yr,WEU; CEU,Secondary Energy|Electricity|Oil,IMAGE 3.4_SSP3_H.xlsx
IMAGE,3.4,SSP3-H,Europe (WEU + CEU),Secondary electricity,Oil,2070,0.000000,EJ/yr,WEU; CEU,Secondary Energy|Electricity|Oil,IMAGE 3.4_SSP3_H.xlsx
IMAGE,3.4,SSP3-H,Europe (WEU + CEU),Secondary electricity,Oil,2080,0.000000,EJ/yr,WEU; CEU,Secondary Energy|Electricity|Oil,IMAGE 3.4_SSP3_H.xlsx
IMAGE,3.4,SSP3-H,Europe (WEU + CEU),Secondary electricity,Oil,2090,0.001780,EJ/yr,WEU; CEU,Secondary Energy|Electricity|Oil,IMAGE 3.4_SSP3_H.xlsx
IMAGE,3.4,SSP3-H,Europe (WEU + CEU),Secondary electricity,Oil,2100,0.000080,EJ/yr,WEU; CEU,Secondary Energy|Electricity|Oil,IMAGE 3.4_SSP3_H.xlsx
IMAGE,3.4,SSP3-H,Europe (WEU + CEU),Secondary electricity,Biomass,2020,0.833730,EJ/yr,WEU; CEU,Secondary Energy|Electricity|Biomass,IMAGE 3.4_SSP3_H.xlsx
IMAGE,3.4,SSP3-H,Europe (WEU + CEU),Secondary electricity,Biomass,2030,0.752233,EJ/yr,WEU; CEU,Secondary Energy|Electricity|Biomass,IMAGE 3.4_SSP3_H.xlsx
IMAGE,3.4,SSP3-H,Europe (WEU + CEU),Secondary electricity,Biomass,2040,0.444494,EJ/yr,WEU; CEU,Secondary Energy|Electricity|Biomass,IMAGE 3.4_SSP3_H.xlsx
IMAGE,3.4,SSP3-H,Europe (WEU + CEU),Secondary electricity,Biomass,2050,0.169488,EJ/yr,WEU; CEU,Secondary Energy|Electricity|Biomass,IMAGE 3.4_SSP3_H.xlsx
IMAGE,3.4,SSP3-H,Europe (WEU + CEU),Secondary electricity,Biomass,2060,0.033890,EJ/yr,WEU; CEU,Secondary Energy|Electricity|Biomass,IMAGE 3.4_SSP3_H.xlsx
IMAGE,3.4,SSP3-H,Europe (WEU + CEU),Secondary electricity,Biomass,2070,0.004229,EJ/yr,WEU; CEU,Secondary Energy|Electricity|Biomass,IMAGE 3.4_SSP3_H.xlsx
IMAGE,3.4,SSP3-H,Europe (WEU + CEU),Secondary electricity,Biomass,2080,0.000360,EJ/yr,WEU; CEU,Secondary Energy|Electricity|Biomass,IMAGE 3.4_SSP3_H.xlsx
IMAGE,3.4,SSP3-H,Europe (WEU + CEU),Secondary electricity,Biomass,2090,0.000310,EJ/yr,WEU; CEU,Secondary Energy|Electricity|Biomass,IMAGE 3.4_SSP3_H.xlsx
IMAGE,3.4,SSP3-H,Europe (WEU + CEU),Secondary electricity,Biomass,2100,0.001014,EJ/yr,WEU; CEU,Secondary Energy|Electricity|Biomass,IMAGE 3.4_SSP3_H.xlsx
IMAGE,3.4,SSP3-H,Europe (WEU + CEU),Secondary electricity,Nuclear,2020,2.728134,EJ/yr,WEU; CEU,Secondary Energy|Electricity|Nuclear,IMAGE 3.4_SSP3_H.xlsx
IMAGE,3.4,SSP3-H,Europe (WEU + CEU),Secondary electricity,Nuclear,2030,2.774930,EJ/yr,WEU; CEU,Secondary Energy|Electricity|Nuclear,IMAGE 3.4_SSP3_H.xlsx
IMAGE,3.4,SSP3-H,Europe (WEU + CEU),Secondary electricity,Nuclear,2040,1.667209,EJ/yr,WEU; CEU,Secondary Energy|Electricity|Nuclear,IMAGE 3.4_SSP3_H.xlsx
IMAGE,3.4,SSP3-H,Europe (WEU + CEU),Secondary electricity,Nuclear,2050,0.262381,EJ/yr,WEU; CEU,Secondary Energy|Electricity|Nuclear,IMAGE 3.4_SSP3_H.xlsx
IMAGE,3.4,SSP3-H,Europe (WEU + CEU),Secondary electricity,Nuclear,2060,0.309162,EJ/yr,WEU; CEU,Secondary Energy|Electricity|Nuclear,IMAGE 3.4_SSP3_H.xlsx
IMAGE,3.4,SSP3-H,Europe (WEU + CEU),Secondary electricity,Nuclear,2070,0.174074,EJ/yr,WEU; CEU,Secondary Energy|Electricity|Nuclear,IMAGE 3.4_SSP3_H.xlsx
IMAGE,3.4,SSP3-H,Europe (WEU + CEU),Secondary electricity,Nuclear,2080,0.198850,EJ/yr,WEU; CEU,Secondary Energy|Electricity|Nuclear,IMAGE 3.4_SSP3_H.xlsx
IMAGE,3.4,SSP3-H,Europe (WEU + CEU),Secondary electricity,Nuclear,2090,0.242043,EJ/yr,WEU; CEU,Secondary Energy|Electricity|Nuclear,IMAGE 3.4_SSP3_H.xlsx
IMAGE,3.4,SSP3-H,Europe (WEU + CEU),Secondary electricity,Nuclear,2100,0.128215,EJ/yr,WEU; CEU,Secondary Energy|Electricity|Nuclear,IMAGE 3.4_SSP3_H.xlsx
IMAGE,3.4,SSP3-H,Europe (WEU + CEU),Secondary electricity,Hydro,2020,2.049090,EJ/yr,WEU; CEU,Secondary Energy|Electricity|Hydro,IMAGE 3.4_SSP3_H.xlsx
IMAGE,3.4,SSP3-H,Europe (WEU + CEU),Secondary electricity,Hydro,2030,2.085951,EJ/yr,WEU; CEU,Secondary Energy|Electricity|Hydro,IMAGE 3.4_SSP3_H.xlsx
IMAGE,3.4,SSP3-H,Europe (WEU + CEU),Secondary electricity,Hydro,2040,2.335288,EJ/yr,WEU; CEU,Secondary Energy|Electricity|Hydro,IMAGE 3.4_SSP3_H.xlsx
IMAGE,3.4,SSP3-H,Europe (WEU + CEU),Secondary electricity,Hydro,2050,2.212126,EJ/yr,WEU; CEU,Secondary Energy|Electricity|Hydro,IMAGE 3.4_SSP3_H.xlsx
IMAGE,3.4,SSP3-H,Europe (WEU + CEU),Secondary electricity,Hydro,2060,1.542338,EJ/yr,WEU; CEU,Secondary Energy|Electricity|Hydro,IMAGE 3.4_SSP3_H.xlsx
IMAGE,3.4,SSP3-H,Europe (WEU + CEU),Secondary electricity,Hydro,2070,1.070818,EJ/yr,WEU; CEU,Secondary Energy|Electricity|Hydro,IMAGE 3.4_SSP3_H.xlsx
IMAGE,3.4,SSP3-H,Europe (WEU + CEU),Secondary electricity,Hydro,2080,1.680103,EJ/yr,WEU; CEU,Secondary Energy|Electricity|Hydro,IMAGE 3.4_SSP3_H.xlsx
IMAGE,3.4,SSP3-H,Europe (WEU + CEU),Secondary electricity,Hydro,2090,2.104123,EJ/yr,WEU; CEU,Secondary Energy|Electricity|Hydro,IMAGE 3.4_SSP3_H.xlsx
IMAGE,3.4,SSP3-H,Europe (WEU + CEU),Secondary electricity,Hydro,2100,1.830058,EJ/yr,WEU; CEU,Secondary Energy|Electricity|Hydro,IMAGE 3.4_SSP3_H.xlsx
IMAGE,3.4,SSP3-H,Europe (WEU + CEU),Secondary electricity,Solar,2020,0.579181,EJ/yr,WEU; CEU,Secondary Energy|Electricity|Solar|CSP; Secondary Energy|Electricity|Solar|PV|1; Secondary Energy|Electricity|Solar|PV|2,IMAGE 3.4_SSP3_H.xlsx
IMAGE,3.4,SSP3-H,Europe (WEU + CEU),Secondary electricity,Solar,2030,2.261892,EJ/yr,WEU; CEU,Secondary Energy|Electricity|Solar|CSP; Secondary Energy|Electricity|Solar|PV|1; Secondary Energy|Electricity|Solar|PV|2,IMAGE 3.4_SSP3_H.xlsx
IMAGE,3.4,SSP3-H,Europe (WEU + CEU),Secondary electricity,Solar,2040,3.833494,EJ/yr,WEU; CEU,Secondary Energy|Electricity|Solar|CSP; Secondary Energy|Electricity|Solar|PV|1; Secondary Energy|Electricity|Solar|PV|2,IMAGE 3.4_SSP3_H.xlsx
IMAGE,3.4,SSP3-H,Europe (WEU + CEU),Secondary electricity,Solar,2050,4.031058,EJ/yr,WEU; CEU,Secondary Energy|Electricity|Solar|CSP; Secondary Energy|Electricity|Solar|PV|1; Secondary Energy|Electricity|Solar|PV|2,IMAGE 3.4_SSP3_H.xlsx
IMAGE,3.4,SSP3-H,Europe (WEU + CEU),Secondary electricity,Solar,2060,4.208672,EJ/yr,WEU; CEU,Secondary Energy|Electricity|Solar|CSP; Secondary Energy|Electricity|Solar|PV|1; Secondary Energy|Electricity|Solar|PV|2,IMAGE 3.4_SSP3_H.xlsx
IMAGE,3.4,SSP3-H,Europe (WEU + CEU),Secondary electricity,Solar,2070,5.071936,EJ/yr,WEU; CEU,Secondary Energy|Electricity|Solar|CSP; Secondary Energy|Electricity|Solar|PV|1; Secondary Energy|Electricity|Solar|PV|2,IMAGE 3.4_SSP3_H.xlsx
IMAGE,3.4,SSP3-H,Europe (WEU + CEU),Secondary electricity,Solar,2080,5.189143,EJ/yr,WEU; CEU,Secondary Energy|Electricity|Solar|CSP; Secondary Energy|Electricity|Solar|PV|1; Secondary Energy|Electricity|Solar|PV|2,IMAGE 3.4_SSP3_H.xlsx
IMAGE,3.4,SSP3-H,Europe (WEU + CEU),Secondary electricity,Solar,2090,5.419524,EJ/yr,WEU; CEU,Secondary Energy|Electricity|Solar|CSP; Secondary Energy|Electricity|Solar|PV|1; Secondary Energy|Electricity|Solar|PV|2,IMAGE 3.4_SSP3_H.xlsx
IMAGE,3.4,SSP3-H,Europe (WEU + CEU),Secondary electricity,Solar,2100,5.406708,EJ/yr,WEU; CEU,Secondary Energy|Electricity|Solar|CSP; Secondary Energy|Electricity|Solar|PV|1; Secondary Energy|Electricity|Solar|PV|2,IMAGE 3.4_SSP3_H.xlsx
IMAGE,3.4,SSP3-H,Europe (WEU + CEU),Secondary electricity,Wind,2020,1.746864,EJ/yr,WEU; CEU,Secondary Energy|Electricity|Wind|1; Secondary Energy|Electricity|Wind|2,IMAGE 3.4_SSP3_H.xlsx
IMAGE,3.4,SSP3-H,Europe (WEU + CEU),Secondary electricity,Wind,2030,2.318012,EJ/yr,WEU; CEU,Secondary Energy|Electricity|Wind|1; Secondary Energy|Electricity|Wind|2,IMAGE 3.4_SSP3_H.xlsx
IMAGE,3.4,SSP3-H,Europe (WEU + CEU),Secondary electricity,Wind,2040,2.819481,EJ/yr,WEU; CEU,Secondary Energy|Electricity|Wind|1; Secondary Energy|Electricity|Wind|2,IMAGE 3.4_SSP3_H.xlsx
IMAGE,3.4,SSP3-H,Europe (WEU + CEU),Secondary electricity,Wind,2050,4.746302,EJ/yr,WEU; CEU,Secondary Energy|Electricity|Wind|1; Secondary Energy|Electricity|Wind|2,IMAGE 3.4_SSP3_H.xlsx
IMAGE,3.4,SSP3-H,Europe (WEU + CEU),Secondary electricity,Wind,2060,6.158216,EJ/yr,WEU; CEU,Secondary Energy|Electricity|Wind|1; Secondary Energy|Electricity|Wind|2,IMAGE 3.4_SSP3_H.xlsx
IMAGE,3.4,SSP3-H,Europe (WEU + CEU),Secondary electricity,Wind,2070,6.528229,EJ/yr,WEU; CEU,Secondary Energy|Electricity|Wind|1; Secondary Energy|Electricity|Wind|2,IMAGE 3.4_SSP3_H.xlsx
IMAGE,3.4,SSP3-H,Europe (WEU + CEU),Secondary electricity,Wind,2080,5.826378,EJ/yr,WEU; CEU,Secondary Energy|Electricity|Wind|1; Secondary Energy|Electricity|Wind|2,IMAGE 3.4_SSP3_H.xlsx
IMAGE,3.4,SSP3-H,Europe (WEU + CEU),Secondary electricity,Wind,2090,4.799788,EJ/yr,WEU; CEU,Secondary Energy|Electricity|Wind|1; Secondary Energy|Electricity|Wind|2,IMAGE 3.4_SSP3_H.xlsx
IMAGE,3.4,SSP3-H,Europe (WEU + CEU),Secondary electricity,Wind,2100,5.798046,EJ/yr,WEU; CEU,Secondary Energy|Electricity|Wind|1; Secondary Energy|Electricity|Wind|2,IMAGE 3.4_SSP3_H.xlsx
IMAGE,3.4,SSP3-H,Europe (WEU + CEU),Secondary electricity,Other,2020,0.031391,EJ/yr,WEU; CEU,Secondary Energy|Electricity|Geothermal; Secondary Energy|Electricity|Hydrogen; Secondary Energy|Electricity|Other; Secondary Energy|Electricity|Storage; Secondary Energy|Electricity|Wave,IMAGE 3.4_SSP3_H.xlsx
IMAGE,3.4,SSP3-H,Europe (WEU + CEU),Secondary electricity,Other,2030,0.042072,EJ/yr,WEU; CEU,Secondary Energy|Electricity|Geothermal; Secondary Energy|Electricity|Hydrogen; Secondary Energy|Electricity|Other; Secondary Energy|Electricity|Storage; Secondary Energy|Electricity|Wave,IMAGE 3.4_SSP3_H.xlsx
IMAGE,3.4,SSP3-H,Europe (WEU + CEU),Secondary electricity,Other,2040,0.253621,EJ/yr,WEU; CEU,Secondary Energy|Electricity|Geothermal; Secondary Energy|Electricity|Hydrogen; Secondary Energy|Electricity|Other; Secondary Energy|Electricity|Storage; Secondary Energy|Electricity|Wave,IMAGE 3.4_SSP3_H.xlsx
IMAGE,3.4,SSP3-H,Europe (WEU + CEU),Secondary electricity,Other,2050,0.537586,EJ/yr,WEU; CEU,Secondary Energy|Electricity|Geothermal; Secondary Energy|Electricity|Hydrogen; Secondary Energy|Electricity|Other; Secondary Energy|Electricity|Storage; Secondary Energy|Electricity|Wave,IMAGE 3.4_SSP3_H.xlsx
IMAGE,3.4,SSP3-H,Europe (WEU + CEU),Secondary electricity,Other,2060,0.851077,EJ/yr,WEU; CEU,Secondary Energy|Electricity|Geothermal; Secondary Energy|Electricity|Hydrogen; Secondary Energy|Electricity|Other; Secondary Energy|Electricity|Storage; Secondary Energy|Electricity|Wave,IMAGE 3.4_SSP3_H.xlsx
IMAGE,3.4,SSP3-H,Europe (WEU + CEU),Secondary electricity,Other,2070,1.212054,EJ/yr,WEU; CEU,Secondary Energy|Electricity|Geothermal; Secondary Energy|Electricity|Hydrogen; Secondary Energy|Electricity|Other; Secondary Energy|Electricity|Storage; Secondary Energy|Electricity|Wave,IMAGE 3.4_SSP3_H.xlsx
IMAGE,3.4,SSP3-H,Europe (WEU + CEU),Secondary electricity,Other,2080,1.379786,EJ/yr,WEU; CEU,Secondary Energy|Electricity|Geothermal; Secondary Energy|Electricity|Hydrogen; Secondary Energy|Electricity|Other; Secondary Energy|Electricity|Storage; Secondary Energy|Electricity|Wave,IMAGE 3.4_SSP3_H.xlsx
IMAGE,3.4,SSP3-H,Europe (WEU + CEU),Secondary electricity,Other,2090,1.293789,EJ/yr,WEU; CEU,Secondary Energy|Electricity|Geothermal; Secondary Energy|Electricity|Hydrogen; Secondary Energy|Electricity|Other; Secondary Energy|Electricity|Storage; Secondary Energy|Electricity|Wave,IMAGE 3.4_SSP3_H.xlsx
IMAGE,3.4,SSP3-H,Europe (WEU + CEU),Secondary electricity,Other,2100,1.394625,EJ/yr,WEU; CEU,Secondary Energy|Electricity|Geothermal; Secondary Energy|Electricity|Hydrogen; Secondary Energy|Electricity|Other; Secondary Energy|Electricity|Storage; Secondary Energy|Electricity|Wave,IMAGE 3.4_SSP3_H.xlsx
IMAGE,3.4,SSP3-H,Europe (WEU + CEU),Final energy,Passenger transport,2020,7.559574,EJ/yr,WEU; CEU,Final Energy|Transportation|Passenger,IMAGE 3.4_SSP3_H.xlsx
IMAGE,3.4,SSP3-H,Europe (WEU + CEU),Final energy,Passenger transport,2030,7.998288,EJ/yr,WEU; CEU,Final Energy|Transportation|Passenger,IMAGE 3.4_SSP3_H.xlsx
IMAGE,3.4,SSP3-H,Europe (WEU + CEU),Final energy,Passenger transport,2040,7.378819,EJ/yr,WEU; CEU,Final Energy|Transportation|Passenger,IMAGE 3.4_SSP3_H.xlsx
IMAGE,3.4,SSP3-H,Europe (WEU + CEU),Final energy,Passenger transport,2050,7.271589,EJ/yr,WEU; CEU,Final Energy|Transportation|Passenger,IMAGE 3.4_SSP3_H.xlsx
IMAGE,3.4,SSP3-H,Europe (WEU + CEU),Final energy,Passenger transport,2060,7.148023,EJ/yr,WEU; CEU,Final Energy|Transportation|Passenger,IMAGE 3.4_SSP3_H.xlsx
IMAGE,3.4,SSP3-H,Europe (WEU + CEU),Final energy,Passenger transport,2070,7.237056,EJ/yr,WEU; CEU,Final Energy|Transportation|Passenger,IMAGE 3.4_SSP3_H.xlsx
IMAGE,3.4,SSP3-H,Europe (WEU + CEU),Final energy,Passenger transport,2080,7.458147,EJ/yr,WEU; CEU,Final Energy|Transportation|Passenger,IMAGE 3.4_SSP3_H.xlsx
IMAGE,3.4,SSP3-H,Europe (WEU + CEU),Final energy,Passenger transport,2090,7.704036,EJ/yr,WEU; CEU,Final Energy|Transportation|Passenger,IMAGE 3.4_SSP3_H.xlsx
IMAGE,3.4,SSP3-H,Europe (WEU + CEU),Final energy,Passenger transport,2100,7.767778,EJ/yr,WEU; CEU,Final Energy|Transportation|Passenger,IMAGE 3.4_SSP3_H.xlsx
IMAGE,3.4,SSP3-H,Europe (WEU + CEU),Final energy,Freight transport,2020,5.052963,EJ/yr,WEU; CEU,Final Energy|Transportation|Freight,IMAGE 3.4_SSP3_H.xlsx
IMAGE,3.4,SSP3-H,Europe (WEU + CEU),Final energy,Freight transport,2030,5.903522,EJ/yr,WEU; CEU,Final Energy|Transportation|Freight,IMAGE 3.4_SSP3_H.xlsx
IMAGE,3.4,SSP3-H,Europe (WEU + CEU),Final energy,Freight transport,2040,5.333488,EJ/yr,WEU; CEU,Final Energy|Transportation|Freight,IMAGE 3.4_SSP3_H.xlsx
IMAGE,3.4,SSP3-H,Europe (WEU + CEU),Final energy,Freight transport,2050,4.695973,EJ/yr,WEU; CEU,Final Energy|Transportation|Freight,IMAGE 3.4_SSP3_H.xlsx
IMAGE,3.4,SSP3-H,Europe (WEU + CEU),Final energy,Freight transport,2060,4.653009,EJ/yr,WEU; CEU,Final Energy|Transportation|Freight,IMAGE 3.4_SSP3_H.xlsx
IMAGE,3.4,SSP3-H,Europe (WEU + CEU),Final energy,Freight transport,2070,4.708265,EJ/yr,WEU; CEU,Final Energy|Transportation|Freight,IMAGE 3.4_SSP3_H.xlsx
IMAGE,3.4,SSP3-H,Europe (WEU + CEU),Final energy,Freight transport,2080,4.882272,EJ/yr,WEU; CEU,Final Energy|Transportation|Freight,IMAGE 3.4_SSP3_H.xlsx
IMAGE,3.4,SSP3-H,Europe (WEU + CEU),Final energy,Freight transport,2090,4.952509,EJ/yr,WEU; CEU,Final Energy|Transportation|Freight,IMAGE 3.4_SSP3_H.xlsx
IMAGE,3.4,SSP3-H,Europe (WEU + CEU),Final energy,Freight transport,2100,4.925019,EJ/yr,WEU; CEU,Final Energy|Transportation|Freight,IMAGE 3.4_SSP3_H.xlsx
IMAGE,3.4,SSP3-H,Europe (WEU + CEU),Final energy,Iron & steel,2020,1.069185,EJ/yr,WEU; CEU,Final Energy|Industry|Iron and Steel,IMAGE 3.4_SSP3_H.xlsx
IMAGE,3.4,SSP3-H,Europe (WEU + CEU),Final energy,Iron & steel,2030,1.009957,EJ/yr,WEU; CEU,Final Energy|Industry|Iron and Steel,IMAGE 3.4_SSP3_H.xlsx
IMAGE,3.4,SSP3-H,Europe (WEU + CEU),Final energy,Iron & steel,2040,0.854640,EJ/yr,WEU; CEU,Final Energy|Industry|Iron and Steel,IMAGE 3.4_SSP3_H.xlsx
IMAGE,3.4,SSP3-H,Europe (WEU + CEU),Final energy,Iron & steel,2050,0.801838,EJ/yr,WEU; CEU,Final Energy|Industry|Iron and Steel,IMAGE 3.4_SSP3_H.xlsx
IMAGE,3.4,SSP3-H,Europe (WEU + CEU),Final energy,Iron & steel,2060,0.749628,EJ/yr,WEU; CEU,Final Energy|Industry|Iron and Steel,IMAGE 3.4_SSP3_H.xlsx
IMAGE,3.4,SSP3-H,Europe (WEU + CEU),Final energy,Iron & steel,2070,0.746843,EJ/yr,WEU; CEU,Final Energy|Industry|Iron and Steel,IMAGE 3.4_SSP3_H.xlsx
IMAGE,3.4,SSP3-H,Europe (WEU + CEU),Final energy,Iron & steel,2080,0.749089,EJ/yr,WEU; CEU,Final Energy|Industry|Iron and Steel,IMAGE 3.4_SSP3_H.xlsx
IMAGE,3.4,SSP3-H,Europe (WEU + CEU),Final energy,Iron & steel,2090,0.771465,EJ/yr,WEU; CEU,Final Energy|Industry|Iron and Steel,IMAGE 3.4_SSP3_H.xlsx
IMAGE,3.4,SSP3-H,Europe (WEU + CEU),Final energy,Iron & steel,2100,0.813753,EJ/yr,WEU; CEU,Final Energy|Industry|Iron and Steel,IMAGE 3.4_SSP3_H.xlsx
IMAGE,3.4,SSP3-H,Europe (WEU + CEU),Final energy,Space heating,2020,9.814526,EJ/yr,WEU; CEU,Final Energy|Residential|Space Heating; Final Energy|Commercial|Space Heating,IMAGE 3.4_SSP3_H.xlsx
IMAGE,3.4,SSP3-H,Europe (WEU + CEU),Final energy,Space heating,2030,8.918473,EJ/yr,WEU; CEU,Final Energy|Residential|Space Heating; Final Energy|Commercial|Space Heating,IMAGE 3.4_SSP3_H.xlsx
IMAGE,3.4,SSP3-H,Europe (WEU + CEU),Final energy,Space heating,2040,7.228026,EJ/yr,WEU; CEU,Final Energy|Residential|Space Heating; Final Energy|Commercial|Space Heating,IMAGE 3.4_SSP3_H.xlsx
IMAGE,3.4,SSP3-H,Europe (WEU + CEU),Final energy,Space heating,2050,8.379313,EJ/yr,WEU; CEU,Final Energy|Residential|Space Heating; Final Energy|Commercial|Space Heating,IMAGE 3.4_SSP3_H.xlsx
IMAGE,3.4,SSP3-H,Europe (WEU + CEU),Final energy,Space heating,2060,8.027477,EJ/yr,WEU; CEU,Final Energy|Residential|Space Heating; Final Energy|Commercial|Space Heating,IMAGE 3.4_SSP3_H.xlsx
IMAGE,3.4,SSP3-H,Europe (WEU + CEU),Final energy,Space heating,2070,7.769053,EJ/yr,WEU; CEU,Final Energy|Residential|Space Heating; Final Energy|Commercial|Space Heating,IMAGE 3.4_SSP3_H.xlsx
IMAGE,3.4,SSP3-H,Europe (WEU + CEU),Final energy,Space heating,2080,7.491867,EJ/yr,WEU; CEU,Final Energy|Residential|Space Heating; Final Energy|Commercial|Space Heating,IMAGE 3.4_SSP3_H.xlsx
IMAGE,3.4,SSP3-H,Europe (WEU + CEU),Final energy,Space heating,2090,7.282118,EJ/yr,WEU; CEU,Final Energy|Residential|Space Heating; Final Energy|Commercial|Space Heating,IMAGE 3.4_SSP3_H.xlsx
IMAGE,3.4,SSP3-H,Europe (WEU + CEU),Final energy,Space heating,2100,7.018537,EJ/yr,WEU; CEU,Final Energy|Residential|Space Heating; Final Energy|Commercial|Space Heating,IMAGE 3.4_SSP3_H.xlsx
