model,scenario,year,database_name,source_database,premise_version,case,technology,region,r10_mapping_status,activity_key,functional_unit,method_family,category,indicator,unit,calculation_timestamp,provenance_id,score
image,SSP1-L,2040,esd-ei312-cutoff-image-ssp1-l-2040,ecoinvent-3.12-cutoff,2.4.6,electricity,low-voltage electricity,CH,exact country within R10 Europe,"('esd-ei312-cutoff-image-ssp1-l-2040', 'd9dca551098041ca8b469806048293e7')",1 kWh low-voltage electricity,IPCC 2021,climate change,"GWP 100a, incl. H and bio CO2",kg CO2-Eq,2026-08-03T11:11:51.683086+00:00,"esd-ei312-cutoff-image-ssp1-l-2040:338987850328800522:GWP 100a, incl. H and bio CO2",0.07161831852503862
image,SSP1-L,2040,esd-ei312-cutoff-image-ssp1-l-2040,ecoinvent-3.12-cutoff,2.4.6,electricity,low-voltage electricity,CH,exact country within R10 Europe,"('esd-ei312-cutoff-image-ssp1-l-2040', 'd9dca551098041ca8b469806048293e7')",1 kWh low-voltage electricity,EF v3.1,material resources: metals/minerals,abiotic depletion potential (ADP): elements (ultimate reserves),kg Sb-Eq,2026-08-03T11:11:51.683086+00:00,esd-ei312-cutoff-image-ssp1-l-2040:338987850328800522:abiotic depletion potential (ADP): elements (ultimate reserves),3.7994153619162136e-06
image,SSP1-L,2040,esd-ei312-cutoff-image-ssp1-l-2040,ecoinvent-3.12-cutoff,2.4.6,electricity,low-voltage electricity,CH,exact country within R10 Europe,"('esd-ei312-cutoff-image-ssp1-l-2040', 'd9dca551098041ca8b469806048293e7')",1 kWh low-voltage electricity,EF v3.1,land use,soil quality index,dimensionless,2026-08-03T11:11:51.683086+00:00,esd-ei312-cutoff-image-ssp1-l-2040:338987850328800522:soil quality index,1.4018866758028408
image,SSP1-L,2040,esd-ei312-cutoff-image-ssp1-l-2040,ecoinvent-3.12-cutoff,2.4.6,electricity,low-voltage electricity,CH,exact country within R10 Europe,"('esd-ei312-cutoff-image-ssp1-l-2040', 'd9dca551098041ca8b469806048293e7')",1 kWh low-voltage electricity,EF v3.1,water use,user deprivation potential (deprivation-weighted water consumption),m3 world Eq deprived,2026-08-03T11:11:51.683086+00:00,esd-ei312-cutoff-image-ssp1-l-2040:338987850328800522:user deprivation potential (deprivation-weighted water consumption),0.1473413054436328
image,SSP1-L,2040,esd-ei312-cutoff-image-ssp1-l-2040,ecoinvent-3.12-cutoff,2.4.6,steel,low-alloyed steel market,WEU,approximate,"('esd-ei312-cutoff-image-ssp1-l-2040', 'ee6295509a0d424e8d4628cebbaffe0e')",1 kg low-alloyed steel,IPCC 2021,climate change,"GWP 100a, incl. H and bio CO2",kg CO2-Eq,2026-08-03T11:11:51.683086+00:00,"esd-ei312-cutoff-image-ssp1-l-2040:338987850328818761:GWP 100a, incl. H and bio CO2",0.7976911289706623
image,SSP1-L,2040,esd-ei312-cutoff-image-ssp1-l-2040,ecoinvent-3.12-cutoff,2.4.6,steel,low-alloyed steel market,WEU,approximate,"('esd-ei312-cutoff-image-ssp1-l-2040', 'ee6295509a0d424e8d4628cebbaffe0e')",1 kg low-alloyed steel,EF v3.1,material resources: metals/minerals,abiotic depletion potential (ADP): elements (ultimate reserves),kg Sb-Eq,2026-08-03T11:11:51.683086+00:00,esd-ei312-cutoff-image-ssp1-l-2040:338987850328818761:abiotic depletion potential (ADP): elements (ultimate reserves),5.253539600825044e-06
image,SSP1-L,2040,esd-ei312-cutoff-image-ssp1-l-2040,ecoinvent-3.12-cutoff,2.4.6,steel,low-alloyed steel market,WEU,approximate,"('esd-ei312-cutoff-image-ssp1-l-2040', 'ee6295509a0d424e8d4628cebbaffe0e')",1 kg low-alloyed steel,EF v3.1,land use,soil quality index,dimensionless,2026-08-03T11:11:51.683086+00:00,esd-ei312-cutoff-image-ssp1-l-2040:338987850328818761:soil quality index,3.5288939920421916
image,SSP1-L,2040,esd-ei312-cutoff-image-ssp1-l-2040,ecoinvent-3.12-cutoff,2.4.6,steel,low-alloyed steel market,WEU,approximate,"('esd-ei312-cutoff-image-ssp1-l-2040', 'ee6295509a0d424e8d4628cebbaffe0e')",1 kg low-alloyed steel,EF v3.1,water use,user deprivation potential (deprivation-weighted water consumption),m3 world Eq deprived,2026-08-03T11:11:51.683086+00:00,esd-ei312-cutoff-image-ssp1-l-2040:338987850328818761:user deprivation potential (deprivation-weighted water consumption),0.3231488279045158
image,SSP1-L,2040,esd-ei312-cutoff-image-ssp1-l-2040,ecoinvent-3.12-cutoff,2.4.6,passenger_cars,passenger-car transport market,WEU,approximate,"('esd-ei312-cutoff-image-ssp1-l-2040', 'a309cf6b0e754a4f85273481cd915641')",1 vehicle-km passenger-car transport,IPCC 2021,climate change,"GWP 100a, incl. H and bio CO2",kg CO2-Eq,2026-08-03T11:11:51.683086+00:00,"esd-ei312-cutoff-image-ssp1-l-2040:338987850328829646:GWP 100a, incl. H and bio CO2",0.14445510292835662
image,SSP1-L,2040,esd-ei312-cutoff-image-ssp1-l-2040,ecoinvent-3.12-cutoff,2.4.6,passenger_cars,passenger-car transport market,WEU,approximate,"('esd-ei312-cutoff-image-ssp1-l-2040', 'a309cf6b0e754a4f85273481cd915641')",1 vehicle-km passenger-car transport,EF v3.1,material resources: metals/minerals,abiotic depletion potential (ADP): elements (ultimate reserves),kg Sb-Eq,2026-08-03T11:11:51.683086+00:00,esd-ei312-cutoff-image-ssp1-l-2040:338987850328829646:abiotic depletion potential (ADP): elements (ultimate reserves),8.052105104997573e-06
image,SSP1-L,2040,esd-ei312-cutoff-image-ssp1-l-2040,ecoinvent-3.12-cutoff,2.4.6,passenger_cars,passenger-car transport market,WEU,approximate,"('esd-ei312-cutoff-image-ssp1-l-2040', 'a309cf6b0e754a4f85273481cd915641')",1 vehicle-km passenger-car transport,EF v3.1,land use,soil quality index,dimensionless,2026-08-03T11:11:51.683086+00:00,esd-ei312-cutoff-image-ssp1-l-2040:338987850328829646:soil quality index,2.5677635537706283
image,SSP1-L,2040,esd-ei312-cutoff-image-ssp1-l-2040,ecoinvent-3.12-cutoff,2.4.6,passenger_cars,passenger-car transport market,WEU,approximate,"('esd-ei312-cutoff-image-ssp1-l-2040', 'a309cf6b0e754a4f85273481cd915641')",1 vehicle-km passenger-car transport,EF v3.1,water use,user deprivation potential (deprivation-weighted water consumption),m3 world Eq deprived,2026-08-03T11:11:51.683086+00:00,esd-ei312-cutoff-image-ssp1-l-2040:338987850328829646:user deprivation potential (deprivation-weighted water consumption),0.07204546109333872
image,SSP1-L,2040,esd-ei312-cutoff-image-ssp1-l-2040,ecoinvent-3.12-cutoff,2.4.6,cement,unspecified cement market,CH,exact country within R10 Europe,"('esd-ei312-cutoff-image-ssp1-l-2040', '95f45ad37dbd4def9dd7825a1f215182')",1 kg unspecified cement,IPCC 2021,climate change,"GWP 100a, incl. H and bio CO2",kg CO2-Eq,2026-08-03T11:11:51.683086+00:00,"esd-ei312-cutoff-image-ssp1-l-2040:338987850328797645:GWP 100a, incl. H and bio CO2",0.6739931935093616
image,SSP1-L,2040,esd-ei312-cutoff-image-ssp1-l-2040,ecoinvent-3.12-cutoff,2.4.6,cement,unspecified cement market,CH,exact country within R10 Europe,"('esd-ei312-cutoff-image-ssp1-l-2040', '95f45ad37dbd4def9dd7825a1f215182')",1 kg unspecified cement,EF v3.1,material resources: metals/minerals,abiotic depletion potential (ADP): elements (ultimate reserves),kg Sb-Eq,2026-08-03T11:11:51.683086+00:00,esd-ei312-cutoff-image-ssp1-l-2040:338987850328797645:abiotic depletion potential (ADP): elements (ultimate reserves),2.0544537252064056e-06
image,SSP1-L,2040,esd-ei312-cutoff-image-ssp1-l-2040,ecoinvent-3.12-cutoff,2.4.6,cement,unspecified cement market,CH,exact country within R10 Europe,"('esd-ei312-cutoff-image-ssp1-l-2040', '95f45ad37dbd4def9dd7825a1f215182')",1 kg unspecified cement,EF v3.1,land use,soil quality index,dimensionless,2026-08-03T11:11:51.683086+00:00,esd-ei312-cutoff-image-ssp1-l-2040:338987850328797645:soil quality index,0.6866478081332729
image,SSP1-L,2040,esd-ei312-cutoff-image-ssp1-l-2040,ecoinvent-3.12-cutoff,2.4.6,cement,unspecified cement market,CH,exact country within R10 Europe,"('esd-ei312-cutoff-image-ssp1-l-2040', '95f45ad37dbd4def9dd7825a1f215182')",1 kg unspecified cement,EF v3.1,water use,user deprivation potential (deprivation-weighted water consumption),m3 world Eq deprived,2026-08-03T11:11:51.683086+00:00,esd-ei312-cutoff-image-ssp1-l-2040:338987850328797645:user deprivation potential (deprivation-weighted water consumption),0.06213115427430673
image,SSP1-L,2040,esd-ei312-cutoff-image-ssp1-l-2040,ecoinvent-3.12-cutoff,2.4.6,dac,sorbent-based DAC,WEU,approximate,"('esd-ei312-cutoff-image-ssp1-l-2040', '10072bf4d01e427492fa280777103c5c')",1 kg CO2 captured and durably stored,IPCC 2021,climate change,"GWP 100a, incl. H and bio CO2",kg CO2-Eq,2026-08-03T11:11:51.683086+00:00,"esd-ei312-cutoff-image-ssp1-l-2040:338987850328828682:GWP 100a, incl. H and bio CO2",-0.7361764252185121
image,SSP1-L,2040,esd-ei312-cutoff-image-ssp1-l-2040,ecoinvent-3.12-cutoff,2.4.6,dac,sorbent-based DAC,WEU,approximate,"('esd-ei312-cutoff-image-ssp1-l-2040', '10072bf4d01e427492fa280777103c5c')",1 kg CO2 captured and durably stored,EF v3.1,material resources: metals/minerals,abiotic depletion potential (ADP): elements (ultimate reserves),kg Sb-Eq,2026-08-03T11:11:51.683086+00:00,esd-ei312-cutoff-image-ssp1-l-2040:338987850328828682:abiotic depletion potential (ADP): elements (ultimate reserves),2.171757901163003e-06
image,SSP1-L,2040,esd-ei312-cutoff-image-ssp1-l-2040,ecoinvent-3.12-cutoff,2.4.6,dac,sorbent-based DAC,WEU,approximate,"('esd-ei312-cutoff-image-ssp1-l-2040', '10072bf4d01e427492fa280777103c5c')",1 kg CO2 captured and durably stored,EF v3.1,land use,soil quality index,dimensionless,2026-08-03T11:11:51.683086+00:00,esd-ei312-cutoff-image-ssp1-l-2040:338987850328828682:soil quality index,3.250594108149488
image,SSP1-L,2040,esd-ei312-cutoff-image-ssp1-l-2040,ecoinvent-3.12-cutoff,2.4.6,dac,sorbent-based DAC,WEU,approximate,"('esd-ei312-cutoff-image-ssp1-l-2040', '10072bf4d01e427492fa280777103c5c')",1 kg CO2 captured and durably stored,EF v3.1,water use,user deprivation potential (deprivation-weighted water consumption),m3 world Eq deprived,2026-08-03T11:11:51.683086+00:00,esd-ei312-cutoff-image-ssp1-l-2040:338987850328828682:user deprivation potential (deprivation-weighted water consumption),0.2377644733580696
image,SSP1-L,2040,esd-ei312-cutoff-image-ssp1-l-2040,ecoinvent-3.12-cutoff,2.4.6,dac,solvent-based DAC,WEU,approximate,"('esd-ei312-cutoff-image-ssp1-l-2040', 'bf994ba7b79246e98454877612729ade')",1 kg CO2 captured and durably stored,IPCC 2021,climate change,"GWP 100a, incl. H and bio CO2",kg CO2-Eq,2026-08-03T11:11:51.683086+00:00,"esd-ei312-cutoff-image-ssp1-l-2040:338987850328828466:GWP 100a, incl. H and bio CO2",-0.8053955400295953
image,SSP1-L,2040,esd-ei312-cutoff-image-ssp1-l-2040,ecoinvent-3.12-cutoff,2.4.6,dac,solvent-based DAC,WEU,approximate,"('esd-ei312-cutoff-image-ssp1-l-2040', 'bf994ba7b79246e98454877612729ade')",1 kg CO2 captured and durably stored,EF v3.1,material resources: metals/minerals,abiotic depletion potential (ADP): elements (ultimate reserves),kg Sb-Eq,2026-08-03T11:11:51.683086+00:00,esd-ei312-cutoff-image-ssp1-l-2040:338987850328828466:abiotic depletion potential (ADP): elements (ultimate reserves),1.3516551966976424e-06
image,SSP1-L,2040,esd-ei312-cutoff-image-ssp1-l-2040,ecoinvent-3.12-cutoff,2.4.6,dac,solvent-based DAC,WEU,approximate,"('esd-ei312-cutoff-image-ssp1-l-2040', 'bf994ba7b79246e98454877612729ade')",1 kg CO2 captured and durably stored,EF v3.1,land use,soil quality index,dimensionless,2026-08-03T11:11:51.683086+00:00,esd-ei312-cutoff-image-ssp1-l-2040:338987850328828466:soil quality index,2.284661050096762
image,SSP1-L,2040,esd-ei312-cutoff-image-ssp1-l-2040,ecoinvent-3.12-cutoff,2.4.6,dac,solvent-based DAC,WEU,approximate,"('esd-ei312-cutoff-image-ssp1-l-2040', 'bf994ba7b79246e98454877612729ade')",1 kg CO2 captured and durably stored,EF v3.1,water use,user deprivation potential (deprivation-weighted water consumption),m3 world Eq deprived,2026-08-03T11:11:51.683086+00:00,esd-ei312-cutoff-image-ssp1-l-2040:338987850328828466:user deprivation potential (deprivation-weighted water consumption),0.15602701428561824
image,SSP1-L,2060,esd-ei312-cutoff-image-ssp1-l-2060,ecoinvent-3.12-cutoff,2.4.6,electricity,low-voltage electricity,CH,exact country within R10 Europe,"('esd-ei312-cutoff-image-ssp1-l-2060', '5d68a29ca8274ae99ea8454a5f86d967')",1 kWh low-voltage electricity,IPCC 2021,climate change,"GWP 100a, incl. H and bio CO2",kg CO2-Eq,2026-08-03T11:11:51.683086+00:00,"esd-ei312-cutoff-image-ssp1-l-2060:338987850328851297:GWP 100a, incl. H and bio CO2",0.03252873886961197
image,SSP1-L,2060,esd-ei312-cutoff-image-ssp1-l-2060,ecoinvent-3.12-cutoff,2.4.6,electricity,low-voltage electricity,CH,exact country within R10 Europe,"('esd-ei312-cutoff-image-ssp1-l-2060', '5d68a29ca8274ae99ea8454a5f86d967')",1 kWh low-voltage electricity,EF v3.1,material resources: metals/minerals,abiotic depletion potential (ADP): elements (ultimate reserves),kg Sb-Eq,2026-08-03T11:11:51.683086+00:00,esd-ei312-cutoff-image-ssp1-l-2060:338987850328851297:abiotic depletion potential (ADP): elements (ultimate reserves),3.688142926138512e-06
image,SSP1-L,2060,esd-ei312-cutoff-image-ssp1-l-2060,ecoinvent-3.12-cutoff,2.4.6,electricity,low-voltage electricity,CH,exact country within R10 Europe,"('esd-ei312-cutoff-image-ssp1-l-2060', '5d68a29ca8274ae99ea8454a5f86d967')",1 kWh low-voltage electricity,EF v3.1,land use,soil quality index,dimensionless,2026-08-03T11:11:51.683086+00:00,esd-ei312-cutoff-image-ssp1-l-2060:338987850328851297:soil quality index,0.839808637255031
image,SSP1-L,2060,esd-ei312-cutoff-image-ssp1-l-2060,ecoinvent-3.12-cutoff,2.4.6,electricity,low-voltage electricity,CH,exact country within R10 Europe,"('esd-ei312-cutoff-image-ssp1-l-2060', '5d68a29ca8274ae99ea8454a5f86d967')",1 kWh low-voltage electricity,EF v3.1,water use,user deprivation potential (deprivation-weighted water consumption),m3 world Eq deprived,2026-08-03T11:11:51.683086+00:00,esd-ei312-cutoff-image-ssp1-l-2060:338987850328851297:user deprivation potential (deprivation-weighted water consumption),0.09560691095344666
image,SSP1-L,2060,esd-ei312-cutoff-image-ssp1-l-2060,ecoinvent-3.12-cutoff,2.4.6,steel,low-alloyed steel market,WEU,approximate,"('esd-ei312-cutoff-image-ssp1-l-2060', 'df4be681b1dc476492b49531512fd6a5')",1 kg low-alloyed steel,IPCC 2021,climate change,"GWP 100a, incl. H and bio CO2",kg CO2-Eq,2026-08-03T11:11:51.683086+00:00,"esd-ei312-cutoff-image-ssp1-l-2060:338987850328869536:GWP 100a, incl. H and bio CO2",0.4823157030247289
image,SSP1-L,2060,esd-ei312-cutoff-image-ssp1-l-2060,ecoinvent-3.12-cutoff,2.4.6,steel,low-alloyed steel market,WEU,approximate,"('esd-ei312-cutoff-image-ssp1-l-2060', 'df4be681b1dc476492b49531512fd6a5')",1 kg low-alloyed steel,EF v3.1,material resources: metals/minerals,abiotic depletion potential (ADP): elements (ultimate reserves),kg Sb-Eq,2026-08-03T11:11:51.683086+00:00,esd-ei312-cutoff-image-ssp1-l-2060:338987850328869536:abiotic depletion potential (ADP): elements (ultimate reserves),4.035770739850517e-06
image,SSP1-L,2060,esd-ei312-cutoff-image-ssp1-l-2060,ecoinvent-3.12-cutoff,2.4.6,steel,low-alloyed steel market,WEU,approximate,"('esd-ei312-cutoff-image-ssp1-l-2060', 'df4be681b1dc476492b49531512fd6a5')",1 kg low-alloyed steel,EF v3.1,land use,soil quality index,dimensionless,2026-08-03T11:11:51.683086+00:00,esd-ei312-cutoff-image-ssp1-l-2060:338987850328869536:soil quality index,2.582628423242335
image,SSP1-L,2060,esd-ei312-cutoff-image-ssp1-l-2060,ecoinvent-3.12-cutoff,2.4.6,steel,low-alloyed steel market,WEU,approximate,"('esd-ei312-cutoff-image-ssp1-l-2060', 'df4be681b1dc476492b49531512fd6a5')",1 kg low-alloyed steel,EF v3.1,water use,user deprivation potential (deprivation-weighted water consumption),m3 world Eq deprived,2026-08-03T11:11:51.683086+00:00,esd-ei312-cutoff-image-ssp1-l-2060:338987850328869536:user deprivation potential (deprivation-weighted water consumption),0.21758116199269925
image,SSP1-L,2060,esd-ei312-cutoff-image-ssp1-l-2060,ecoinvent-3.12-cutoff,2.4.6,passenger_cars,passenger-car transport market,WEU,approximate,"('esd-ei312-cutoff-image-ssp1-l-2060', '0c03a24fa02d4b36ad86c1d17c646125')",1 vehicle-km passenger-car transport,IPCC 2021,climate change,"GWP 100a, incl. H and bio CO2",kg CO2-Eq,2026-08-03T11:11:51.683086+00:00,"esd-ei312-cutoff-image-ssp1-l-2060:338987850328880429:GWP 100a, incl. H and bio CO2",0.06615619569342905
image,SSP1-L,2060,esd-ei312-cutoff-image-ssp1-l-2060,ecoinvent-3.12-cutoff,2.4.6,passenger_cars,passenger-car transport market,WEU,approximate,"('esd-ei312-cutoff-image-ssp1-l-2060', '0c03a24fa02d4b36ad86c1d17c646125')",1 vehicle-km passenger-car transport,EF v3.1,material resources: metals/minerals,abiotic depletion potential (ADP): elements (ultimate reserves),kg Sb-Eq,2026-08-03T11:11:51.683086+00:00,esd-ei312-cutoff-image-ssp1-l-2060:338987850328880429:abiotic depletion potential (ADP): elements (ultimate reserves),9.021768838249229e-06
image,SSP1-L,2060,esd-ei312-cutoff-image-ssp1-l-2060,ecoinvent-3.12-cutoff,2.4.6,passenger_cars,passenger-car transport market,WEU,approximate,"('esd-ei312-cutoff-image-ssp1-l-2060', '0c03a24fa02d4b36ad86c1d17c646125')",1 vehicle-km passenger-car transport,EF v3.1,land use,soil quality index,dimensionless,2026-08-03T11:11:51.683086+00:00,esd-ei312-cutoff-image-ssp1-l-2060:338987850328880429:soil quality index,2.0485136765105265
image,SSP1-L,2060,esd-ei312-cutoff-image-ssp1-l-2060,ecoinvent-3.12-cutoff,2.4.6,passenger_cars,passenger-car transport market,WEU,approximate,"('esd-ei312-cutoff-image-ssp1-l-2060', '0c03a24fa02d4b36ad86c1d17c646125')",1 vehicle-km passenger-car transport,EF v3.1,water use,user deprivation potential (deprivation-weighted water consumption),m3 world Eq deprived,2026-08-03T11:11:51.683086+00:00,esd-ei312-cutoff-image-ssp1-l-2060:338987850328880429:user deprivation potential (deprivation-weighted water consumption),0.06044436981326519
image,SSP1-L,2060,esd-ei312-cutoff-image-ssp1-l-2060,ecoinvent-3.12-cutoff,2.4.6,cement,unspecified cement market,CH,exact country within R10 Europe,"('esd-ei312-cutoff-image-ssp1-l-2060', '2c7784c9dec14f8b8c7e209916a34966')",1 kg unspecified cement,IPCC 2021,climate change,"GWP 100a, incl. H and bio CO2",kg CO2-Eq,2026-08-03T11:11:51.683086+00:00,"esd-ei312-cutoff-image-ssp1-l-2060:338987850328848420:GWP 100a, incl. H and bio CO2",0.40310811829456744
image,SSP1-L,2060,esd-ei312-cutoff-image-ssp1-l-2060,ecoinvent-3.12-cutoff,2.4.6,cement,unspecified cement market,CH,exact country within R10 Europe,"('esd-ei312-cutoff-image-ssp1-l-2060', '2c7784c9dec14f8b8c7e209916a34966')",1 kg unspecified cement,EF v3.1,material resources: metals/minerals,abiotic depletion potential (ADP): elements (ultimate reserves),kg Sb-Eq,2026-08-03T11:11:51.683086+00:00,esd-ei312-cutoff-image-ssp1-l-2060:338987850328848420:abiotic depletion potential (ADP): elements (ultimate reserves),2.3240053382905965e-06
image,SSP1-L,2060,esd-ei312-cutoff-image-ssp1-l-2060,ecoinvent-3.12-cutoff,2.4.6,cement,unspecified cement market,CH,exact country within R10 Europe,"('esd-ei312-cutoff-image-ssp1-l-2060', '2c7784c9dec14f8b8c7e209916a34966')",1 kg unspecified cement,EF v3.1,land use,soil quality index,dimensionless,2026-08-03T11:11:51.683086+00:00,esd-ei312-cutoff-image-ssp1-l-2060:338987850328848420:soil quality index,0.783356846436188
image,SSP1-L,2060,esd-ei312-cutoff-image-ssp1-l-2060,ecoinvent-3.12-cutoff,2.4.6,cement,unspecified cement market,CH,exact country within R10 Europe,"('esd-ei312-cutoff-image-ssp1-l-2060', '2c7784c9dec14f8b8c7e209916a34966')",1 kg unspecified cement,EF v3.1,water use,user deprivation potential (deprivation-weighted water consumption),m3 world Eq deprived,2026-08-03T11:11:51.683086+00:00,esd-ei312-cutoff-image-ssp1-l-2060:338987850328848420:user deprivation potential (deprivation-weighted water consumption),0.0699130081827995
image,SSP1-L,2060,esd-ei312-cutoff-image-ssp1-l-2060,ecoinvent-3.12-cutoff,2.4.6,dac,sorbent-based DAC,WEU,approximate,"('esd-ei312-cutoff-image-ssp1-l-2060', '7485f65f22384b73b9c152fb4bb82b91')",1 kg CO2 captured and durably stored,IPCC 2021,climate change,"GWP 100a, incl. H and bio CO2",kg CO2-Eq,2026-08-03T11:11:51.683086+00:00,"esd-ei312-cutoff-image-ssp1-l-2060:338987850328879459:GWP 100a, incl. H and bio CO2",-0.8635976969578886
image,SSP1-L,2060,esd-ei312-cutoff-image-ssp1-l-2060,ecoinvent-3.12-cutoff,2.4.6,dac,sorbent-based DAC,WEU,approximate,"('esd-ei312-cutoff-image-ssp1-l-2060', '7485f65f22384b73b9c152fb4bb82b91')",1 kg CO2 captured and durably stored,EF v3.1,material resources: metals/minerals,abiotic depletion potential (ADP): elements (ultimate reserves),kg Sb-Eq,2026-08-03T11:11:51.683086+00:00,esd-ei312-cutoff-image-ssp1-l-2060:338987850328879459:abiotic depletion potential (ADP): elements (ultimate reserves),2.3383274068577346e-06
image,SSP1-L,2060,esd-ei312-cutoff-image-ssp1-l-2060,ecoinvent-3.12-cutoff,2.4.6,dac,sorbent-based DAC,WEU,approximate,"('esd-ei312-cutoff-image-ssp1-l-2060', '7485f65f22384b73b9c152fb4bb82b91')",1 kg CO2 captured and durably stored,EF v3.1,land use,soil quality index,dimensionless,2026-08-03T11:11:51.683086+00:00,esd-ei312-cutoff-image-ssp1-l-2060:338987850328879459:soil quality index,3.0247092960381208
image,SSP1-L,2060,esd-ei312-cutoff-image-ssp1-l-2060,ecoinvent-3.12-cutoff,2.4.6,dac,sorbent-based DAC,WEU,approximate,"('esd-ei312-cutoff-image-ssp1-l-2060', '7485f65f22384b73b9c152fb4bb82b91')",1 kg CO2 captured and durably stored,EF v3.1,water use,user deprivation potential (deprivation-weighted water consumption),m3 world Eq deprived,2026-08-03T11:11:51.683086+00:00,esd-ei312-cutoff-image-ssp1-l-2060:338987850328879459:user deprivation potential (deprivation-weighted water consumption),0.16136754515867135
image,SSP1-L,2060,esd-ei312-cutoff-image-ssp1-l-2060,ecoinvent-3.12-cutoff,2.4.6,dac,solvent-based DAC,WEU,approximate,"('esd-ei312-cutoff-image-ssp1-l-2060', '84100cacce654736b160cb18631e4f6a')",1 kg CO2 captured and durably stored,IPCC 2021,climate change,"GWP 100a, incl. H and bio CO2",kg CO2-Eq,2026-08-03T11:11:51.683086+00:00,"esd-ei312-cutoff-image-ssp1-l-2060:338987850328879243:GWP 100a, incl. H and bio CO2",-0.900963748513601
image,SSP1-L,2060,esd-ei312-cutoff-image-ssp1-l-2060,ecoinvent-3.12-cutoff,2.4.6,dac,solvent-based DAC,WEU,approximate,"('esd-ei312-cutoff-image-ssp1-l-2060', '84100cacce654736b160cb18631e4f6a')",1 kg CO2 captured and durably stored,EF v3.1,material resources: metals/minerals,abiotic depletion potential (ADP): elements (ultimate reserves),kg Sb-Eq,2026-08-03T11:11:51.683086+00:00,esd-ei312-cutoff-image-ssp1-l-2060:338987850328879243:abiotic depletion potential (ADP): elements (ultimate reserves),1.4907262254535473e-06
image,SSP1-L,2060,esd-ei312-cutoff-image-ssp1-l-2060,ecoinvent-3.12-cutoff,2.4.6,dac,solvent-based DAC,WEU,approximate,"('esd-ei312-cutoff-image-ssp1-l-2060', '84100cacce654736b160cb18631e4f6a')",1 kg CO2 captured and durably stored,EF v3.1,land use,soil quality index,dimensionless,2026-08-03T11:11:51.683086+00:00,esd-ei312-cutoff-image-ssp1-l-2060:338987850328879243:soil quality index,2.2428688694987384
image,SSP1-L,2060,esd-ei312-cutoff-image-ssp1-l-2060,ecoinvent-3.12-cutoff,2.4.6,dac,solvent-based DAC,WEU,approximate,"('esd-ei312-cutoff-image-ssp1-l-2060', '84100cacce654736b160cb18631e4f6a')",1 kg CO2 captured and durably stored,EF v3.1,water use,user deprivation potential (deprivation-weighted water consumption),m3 world Eq deprived,2026-08-03T11:11:51.683086+00:00,esd-ei312-cutoff-image-ssp1-l-2060:338987850328879243:user deprivation potential (deprivation-weighted water consumption),0.10581401689259833
image,SSP2-M,2040,esd-ei312-cutoff-image-ssp2-m-2040,ecoinvent-3.12-cutoff,2.4.6,electricity,low-voltage electricity,CH,exact country within R10 Europe,"('esd-ei312-cutoff-image-ssp2-m-2040', '16bf3221c71041eb9f8c74b6f08d7064')",1 kWh low-voltage electricity,IPCC 2021,climate change,"GWP 100a, incl. H and bio CO2",kg CO2-Eq,2026-08-03T11:11:51.683086+00:00,"esd-ei312-cutoff-image-ssp2-m-2040:338987850328902080:GWP 100a, incl. H and bio CO2",0.046313503988226784
image,SSP2-M,2040,esd-ei312-cutoff-image-ssp2-m-2040,ecoinvent-3.12-cutoff,2.4.6,electricity,low-voltage electricity,CH,exact country within R10 Europe,"('esd-ei312-cutoff-image-ssp2-m-2040', '16bf3221c71041eb9f8c74b6f08d7064')",1 kWh low-voltage electricity,EF v3.1,material resources: metals/minerals,abiotic depletion potential (ADP): elements (ultimate reserves),kg Sb-Eq,2026-08-03T11:11:51.683086+00:00,esd-ei312-cutoff-image-ssp2-m-2040:338987850328902080:abiotic depletion potential (ADP): elements (ultimate reserves),3.854537100532499e-06
image,SSP2-M,2040,esd-ei312-cutoff-image-ssp2-m-2040,ecoinvent-3.12-cutoff,2.4.6,electricity,low-voltage electricity,CH,exact country within R10 Europe,"('esd-ei312-cutoff-image-ssp2-m-2040', '16bf3221c71041eb9f8c74b6f08d7064')",1 kWh low-voltage electricity,EF v3.1,land use,soil quality index,dimensionless,2026-08-03T11:11:51.683086+00:00,esd-ei312-cutoff-image-ssp2-m-2040:338987850328902080:soil quality index,1.315134327217959
image,SSP2-M,2040,esd-ei312-cutoff-image-ssp2-m-2040,ecoinvent-3.12-cutoff,2.4.6,electricity,low-voltage electricity,CH,exact country within R10 Europe,"('esd-ei312-cutoff-image-ssp2-m-2040', '16bf3221c71041eb9f8c74b6f08d7064')",1 kWh low-voltage electricity,EF v3.1,water use,user deprivation potential (deprivation-weighted water consumption),m3 world Eq deprived,2026-08-03T11:11:51.683086+00:00,esd-ei312-cutoff-image-ssp2-m-2040:338987850328902080:user deprivation potential (deprivation-weighted water consumption),0.14914072933991546
image,SSP2-M,2040,esd-ei312-cutoff-image-ssp2-m-2040,ecoinvent-3.12-cutoff,2.4.6,steel,low-alloyed steel market,WEU,approximate,"('esd-ei312-cutoff-image-ssp2-m-2040', 'f1734791f7fc4ef293c1100b5b082326')",1 kg low-alloyed steel,IPCC 2021,climate change,"GWP 100a, incl. H and bio CO2",kg CO2-Eq,2026-08-03T11:11:51.683086+00:00,"esd-ei312-cutoff-image-ssp2-m-2040:338987850328920319:GWP 100a, incl. H and bio CO2",1.071651814574634
image,SSP2-M,2040,esd-ei312-cutoff-image-ssp2-m-2040,ecoinvent-3.12-cutoff,2.4.6,steel,low-alloyed steel market,WEU,approximate,"('esd-ei312-cutoff-image-ssp2-m-2040', 'f1734791f7fc4ef293c1100b5b082326')",1 kg low-alloyed steel,EF v3.1,material resources: metals/minerals,abiotic depletion potential (ADP): elements (ultimate reserves),kg Sb-Eq,2026-08-03T11:11:51.683086+00:00,esd-ei312-cutoff-image-ssp2-m-2040:338987850328920319:abiotic depletion potential (ADP): elements (ultimate reserves),7.025380511594269e-06
image,SSP2-M,2040,esd-ei312-cutoff-image-ssp2-m-2040,ecoinvent-3.12-cutoff,2.4.6,steel,low-alloyed steel market,WEU,approximate,"('esd-ei312-cutoff-image-ssp2-m-2040', 'f1734791f7fc4ef293c1100b5b082326')",1 kg low-alloyed steel,EF v3.1,land use,soil quality index,dimensionless,2026-08-03T11:11:51.683086+00:00,esd-ei312-cutoff-image-ssp2-m-2040:338987850328920319:soil quality index,4.309528053150694
image,SSP2-M,2040,esd-ei312-cutoff-image-ssp2-m-2040,ecoinvent-3.12-cutoff,2.4.6,steel,low-alloyed steel market,WEU,approximate,"('esd-ei312-cutoff-image-ssp2-m-2040', 'f1734791f7fc4ef293c1100b5b082326')",1 kg low-alloyed steel,EF v3.1,water use,user deprivation potential (deprivation-weighted water consumption),m3 world Eq deprived,2026-08-03T11:11:51.683086+00:00,esd-ei312-cutoff-image-ssp2-m-2040:338987850328920319:user deprivation potential (deprivation-weighted water consumption),0.41704499024468206
image,SSP2-M,2040,esd-ei312-cutoff-image-ssp2-m-2040,ecoinvent-3.12-cutoff,2.4.6,passenger_cars,passenger-car transport market,WEU,approximate,"('esd-ei312-cutoff-image-ssp2-m-2040', '8d0eea37ca8c46b19ab212f06ce9543b')",1 vehicle-km passenger-car transport,IPCC 2021,climate change,"GWP 100a, incl. H and bio CO2",kg CO2-Eq,2026-08-03T11:11:51.683086+00:00,"esd-ei312-cutoff-image-ssp2-m-2040:338987850328931182:GWP 100a, incl. H and bio CO2",0.16313681869416613
image,SSP2-M,2040,esd-ei312-cutoff-image-ssp2-m-2040,ecoinvent-3.12-cutoff,2.4.6,passenger_cars,passenger-car transport market,WEU,approximate,"('esd-ei312-cutoff-image-ssp2-m-2040', '8d0eea37ca8c46b19ab212f06ce9543b')",1 vehicle-km passenger-car transport,EF v3.1,material resources: metals/minerals,abiotic depletion potential (ADP): elements (ultimate reserves),kg Sb-Eq,2026-08-03T11:11:51.683086+00:00,esd-ei312-cutoff-image-ssp2-m-2040:338987850328931182:abiotic depletion potential (ADP): elements (ultimate reserves),7.748290696431422e-06
image,SSP2-M,2040,esd-ei312-cutoff-image-ssp2-m-2040,ecoinvent-3.12-cutoff,2.4.6,passenger_cars,passenger-car transport market,WEU,approximate,"('esd-ei312-cutoff-image-ssp2-m-2040', '8d0eea37ca8c46b19ab212f06ce9543b')",1 vehicle-km passenger-car transport,EF v3.1,land use,soil quality index,dimensionless,2026-08-03T11:11:51.683086+00:00,esd-ei312-cutoff-image-ssp2-m-2040:338987850328931182:soil quality index,2.5679377156653005
image,SSP2-M,2040,esd-ei312-cutoff-image-ssp2-m-2040,ecoinvent-3.12-cutoff,2.4.6,passenger_cars,passenger-car transport market,WEU,approximate,"('esd-ei312-cutoff-image-ssp2-m-2040', '8d0eea37ca8c46b19ab212f06ce9543b')",1 vehicle-km passenger-car transport,EF v3.1,water use,user deprivation potential (deprivation-weighted water consumption),m3 world Eq deprived,2026-08-03T11:11:51.683086+00:00,esd-ei312-cutoff-image-ssp2-m-2040:338987850328931182:user deprivation potential (deprivation-weighted water consumption),0.06905399040524057
image,SSP2-M,2040,esd-ei312-cutoff-image-ssp2-m-2040,ecoinvent-3.12-cutoff,2.4.6,cement,unspecified cement market,CH,exact country within R10 Europe,"('esd-ei312-cutoff-image-ssp2-m-2040', '70566c7e450448648efda95ddc589c3e')",1 kg unspecified cement,IPCC 2021,climate change,"GWP 100a, incl. H and bio CO2",kg CO2-Eq,2026-08-03T11:11:51.683086+00:00,"esd-ei312-cutoff-image-ssp2-m-2040:338987850328899203:GWP 100a, incl. H and bio CO2",0.6816292800848278
image,SSP2-M,2040,esd-ei312-cutoff-image-ssp2-m-2040,ecoinvent-3.12-cutoff,2.4.6,cement,unspecified cement market,CH,exact country within R10 Europe,"('esd-ei312-cutoff-image-ssp2-m-2040', '70566c7e450448648efda95ddc589c3e')",1 kg unspecified cement,EF v3.1,material resources: metals/minerals,abiotic depletion potential (ADP): elements (ultimate reserves),kg Sb-Eq,2026-08-03T11:11:51.683086+00:00,esd-ei312-cutoff-image-ssp2-m-2040:338987850328899203:abiotic depletion potential (ADP): elements (ultimate reserves),2.053793236802701e-06
image,SSP2-M,2040,esd-ei312-cutoff-image-ssp2-m-2040,ecoinvent-3.12-cutoff,2.4.6,cement,unspecified cement market,CH,exact country within R10 Europe,"('esd-ei312-cutoff-image-ssp2-m-2040', '70566c7e450448648efda95ddc589c3e')",1 kg unspecified cement,EF v3.1,land use,soil quality index,dimensionless,2026-08-03T11:11:51.683086+00:00,esd-ei312-cutoff-image-ssp2-m-2040:338987850328899203:soil quality index,0.67939782630535
image,SSP2-M,2040,esd-ei312-cutoff-image-ssp2-m-2040,ecoinvent-3.12-cutoff,2.4.6,cement,unspecified cement market,CH,exact country within R10 Europe,"('esd-ei312-cutoff-image-ssp2-m-2040', '70566c7e450448648efda95ddc589c3e')",1 kg unspecified cement,EF v3.1,water use,user deprivation potential (deprivation-weighted water consumption),m3 world Eq deprived,2026-08-03T11:11:51.683086+00:00,esd-ei312-cutoff-image-ssp2-m-2040:338987850328899203:user deprivation potential (deprivation-weighted water consumption),0.06176883883740199
image,SSP2-M,2040,esd-ei312-cutoff-image-ssp2-m-2040,ecoinvent-3.12-cutoff,2.4.6,dac,sorbent-based DAC,WEU,approximate,"('esd-ei312-cutoff-image-ssp2-m-2040', '24bd728a40b941ccb90ac232737fec6e')",1 kg CO2 captured and durably stored,IPCC 2021,climate change,"GWP 100a, incl. H and bio CO2",kg CO2-Eq,2026-08-03T11:11:51.683086+00:00,"esd-ei312-cutoff-image-ssp2-m-2040:338987850328930239:GWP 100a, incl. H and bio CO2",-0.7752182845202046
image,SSP2-M,2040,esd-ei312-cutoff-image-ssp2-m-2040,ecoinvent-3.12-cutoff,2.4.6,dac,sorbent-based DAC,WEU,approximate,"('esd-ei312-cutoff-image-ssp2-m-2040', '24bd728a40b941ccb90ac232737fec6e')",1 kg CO2 captured and durably stored,EF v3.1,material resources: metals/minerals,abiotic depletion potential (ADP): elements (ultimate reserves),kg Sb-Eq,2026-08-03T11:11:51.683086+00:00,esd-ei312-cutoff-image-ssp2-m-2040:338987850328930239:abiotic depletion potential (ADP): elements (ultimate reserves),2.261359078052561e-06
image,SSP2-M,2040,esd-ei312-cutoff-image-ssp2-m-2040,ecoinvent-3.12-cutoff,2.4.6,dac,sorbent-based DAC,WEU,approximate,"('esd-ei312-cutoff-image-ssp2-m-2040', '24bd728a40b941ccb90ac232737fec6e')",1 kg CO2 captured and durably stored,EF v3.1,land use,soil quality index,dimensionless,2026-08-03T11:11:51.683086+00:00,esd-ei312-cutoff-image-ssp2-m-2040:338987850328930239:soil quality index,3.1597782020244183
image,SSP2-M,2040,esd-ei312-cutoff-image-ssp2-m-2040,ecoinvent-3.12-cutoff,2.4.6,dac,sorbent-based DAC,WEU,approximate,"('esd-ei312-cutoff-image-ssp2-m-2040', '24bd728a40b941ccb90ac232737fec6e')",1 kg CO2 captured and durably stored,EF v3.1,water use,user deprivation potential (deprivation-weighted water consumption),m3 world Eq deprived,2026-08-03T11:11:51.683086+00:00,esd-ei312-cutoff-image-ssp2-m-2040:338987850328930239:user deprivation potential (deprivation-weighted water consumption),0.24093691456546662
image,SSP2-M,2040,esd-ei312-cutoff-image-ssp2-m-2040,ecoinvent-3.12-cutoff,2.4.6,dac,solvent-based DAC,WEU,approximate,"('esd-ei312-cutoff-image-ssp2-m-2040', '734c434e319746bb8d042199f32214bc')",1 kg CO2 captured and durably stored,IPCC 2021,climate change,"GWP 100a, incl. H and bio CO2",kg CO2-Eq,2026-08-03T11:11:51.683086+00:00,"esd-ei312-cutoff-image-ssp2-m-2040:338987850328930023:GWP 100a, incl. H and bio CO2",-0.8294082971473739
image,SSP2-M,2040,esd-ei312-cutoff-image-ssp2-m-2040,ecoinvent-3.12-cutoff,2.4.6,dac,solvent-based DAC,WEU,approximate,"('esd-ei312-cutoff-image-ssp2-m-2040', '734c434e319746bb8d042199f32214bc')",1 kg CO2 captured and durably stored,EF v3.1,material resources: metals/minerals,abiotic depletion potential (ADP): elements (ultimate reserves),kg Sb-Eq,2026-08-03T11:11:51.683086+00:00,esd-ei312-cutoff-image-ssp2-m-2040:338987850328930023:abiotic depletion potential (ADP): elements (ultimate reserves),1.4054932358474656e-06
image,SSP2-M,2040,esd-ei312-cutoff-image-ssp2-m-2040,ecoinvent-3.12-cutoff,2.4.6,dac,solvent-based DAC,WEU,approximate,"('esd-ei312-cutoff-image-ssp2-m-2040', '734c434e319746bb8d042199f32214bc')",1 kg CO2 captured and durably stored,EF v3.1,land use,soil quality index,dimensionless,2026-08-03T11:11:51.683086+00:00,esd-ei312-cutoff-image-ssp2-m-2040:338987850328930023:soil quality index,2.226152417449525
image,SSP2-M,2040,esd-ei312-cutoff-image-ssp2-m-2040,ecoinvent-3.12-cutoff,2.4.6,dac,solvent-based DAC,WEU,approximate,"('esd-ei312-cutoff-image-ssp2-m-2040', '734c434e319746bb8d042199f32214bc')",1 kg CO2 captured and durably stored,EF v3.1,water use,user deprivation potential (deprivation-weighted water consumption),m3 world Eq deprived,2026-08-03T11:11:51.683086+00:00,esd-ei312-cutoff-image-ssp2-m-2040:338987850328930023:user deprivation potential (deprivation-weighted water consumption),0.15814161742776972
image,SSP2-M,2060,esd-ei312-cutoff-image-ssp2-m-2060,ecoinvent-3.12-cutoff,2.4.6,electricity,low-voltage electricity,CH,exact country within R10 Europe,"('esd-ei312-cutoff-image-ssp2-m-2060', '0c84bacec92f492f81974b5261d3dfa2')",1 kWh low-voltage electricity,IPCC 2021,climate change,"GWP 100a, incl. H and bio CO2",kg CO2-Eq,2026-08-03T11:11:51.683086+00:00,"esd-ei312-cutoff-image-ssp2-m-2060:338987850328952833:GWP 100a, incl. H and bio CO2",0.041574997870668214
image,SSP2-M,2060,esd-ei312-cutoff-image-ssp2-m-2060,ecoinvent-3.12-cutoff,2.4.6,electricity,low-voltage electricity,CH,exact country within R10 Europe,"('esd-ei312-cutoff-image-ssp2-m-2060', '0c84bacec92f492f81974b5261d3dfa2')",1 kWh low-voltage electricity,EF v3.1,material resources: metals/minerals,abiotic depletion potential (ADP): elements (ultimate reserves),kg Sb-Eq,2026-08-03T11:11:51.683086+00:00,esd-ei312-cutoff-image-ssp2-m-2060:338987850328952833:abiotic depletion potential (ADP): elements (ultimate reserves),4.00449056440022e-06
image,SSP2-M,2060,esd-ei312-cutoff-image-ssp2-m-2060,ecoinvent-3.12-cutoff,2.4.6,electricity,low-voltage electricity,CH,exact country within R10 Europe,"('esd-ei312-cutoff-image-ssp2-m-2060', '0c84bacec92f492f81974b5261d3dfa2')",1 kWh low-voltage electricity,EF v3.1,land use,soil quality index,dimensionless,2026-08-03T11:11:51.683086+00:00,esd-ei312-cutoff-image-ssp2-m-2060:338987850328952833:soil quality index,0.7449003210978371
image,SSP2-M,2060,esd-ei312-cutoff-image-ssp2-m-2060,ecoinvent-3.12-cutoff,2.4.6,electricity,low-voltage electricity,CH,exact country within R10 Europe,"('esd-ei312-cutoff-image-ssp2-m-2060', '0c84bacec92f492f81974b5261d3dfa2')",1 kWh low-voltage electricity,EF v3.1,water use,user deprivation potential (deprivation-weighted water consumption),m3 world Eq deprived,2026-08-03T11:11:51.683086+00:00,esd-ei312-cutoff-image-ssp2-m-2060:338987850328952833:user deprivation potential (deprivation-weighted water consumption),0.09612601506852127
image,SSP2-M,2060,esd-ei312-cutoff-image-ssp2-m-2060,ecoinvent-3.12-cutoff,2.4.6,steel,low-alloyed steel market,WEU,approximate,"('esd-ei312-cutoff-image-ssp2-m-2060', '0b467d6100f545e69aa17abe1cc5a0a4')",1 kg low-alloyed steel,IPCC 2021,climate change,"GWP 100a, incl. H and bio CO2",kg CO2-Eq,2026-08-03T11:11:51.683086+00:00,"esd-ei312-cutoff-image-ssp2-m-2060:338987850328971072:GWP 100a, incl. H and bio CO2",0.8949677628234772
image,SSP2-M,2060,esd-ei312-cutoff-image-ssp2-m-2060,ecoinvent-3.12-cutoff,2.4.6,steel,low-alloyed steel market,WEU,approximate,"('esd-ei312-cutoff-image-ssp2-m-2060', '0b467d6100f545e69aa17abe1cc5a0a4')",1 kg low-alloyed steel,EF v3.1,material resources: metals/minerals,abiotic depletion potential (ADP): elements (ultimate reserves),kg Sb-Eq,2026-08-03T11:11:51.683086+00:00,esd-ei312-cutoff-image-ssp2-m-2060:338987850328971072:abiotic depletion potential (ADP): elements (ultimate reserves),6.397118525802759e-06
image,SSP2-M,2060,esd-ei312-cutoff-image-ssp2-m-2060,ecoinvent-3.12-cutoff,2.4.6,steel,low-alloyed steel market,WEU,approximate,"('esd-ei312-cutoff-image-ssp2-m-2060', '0b467d6100f545e69aa17abe1cc5a0a4')",1 kg low-alloyed steel,EF v3.1,land use,soil quality index,dimensionless,2026-08-03T11:11:51.683086+00:00,esd-ei312-cutoff-image-ssp2-m-2060:338987850328971072:soil quality index,3.5949708333031105
image,SSP2-M,2060,esd-ei312-cutoff-image-ssp2-m-2060,ecoinvent-3.12-cutoff,2.4.6,steel,low-alloyed steel market,WEU,approximate,"('esd-ei312-cutoff-image-ssp2-m-2060', '0b467d6100f545e69aa17abe1cc5a0a4')",1 kg low-alloyed steel,EF v3.1,water use,user deprivation potential (deprivation-weighted water consumption),m3 world Eq deprived,2026-08-03T11:11:51.683086+00:00,esd-ei312-cutoff-image-ssp2-m-2060:338987850328971072:user deprivation potential (deprivation-weighted water consumption),0.3484163638178307
image,SSP2-M,2060,esd-ei312-cutoff-image-ssp2-m-2060,ecoinvent-3.12-cutoff,2.4.6,passenger_cars,passenger-car transport market,WEU,approximate,"('esd-ei312-cutoff-image-ssp2-m-2060', 'daf0d55adacb4138901c947bf693e1f6')",1 vehicle-km passenger-car transport,IPCC 2021,climate change,"GWP 100a, incl. H and bio CO2",kg CO2-Eq,2026-08-03T11:11:51.683086+00:00,"esd-ei312-cutoff-image-ssp2-m-2060:338987850328981938:GWP 100a, incl. H and bio CO2",0.121133304564888
image,SSP2-M,2060,esd-ei312-cutoff-image-ssp2-m-2060,ecoinvent-3.12-cutoff,2.4.6,passenger_cars,passenger-car transport market,WEU,approximate,"('esd-ei312-cutoff-image-ssp2-m-2060', 'daf0d55adacb4138901c947bf693e1f6')",1 vehicle-km passenger-car transport,EF v3.1,material resources: metals/minerals,abiotic depletion potential (ADP): elements (ultimate reserves),kg Sb-Eq,2026-08-03T11:11:51.683086+00:00,esd-ei312-cutoff-image-ssp2-m-2060:338987850328981938:abiotic depletion potential (ADP): elements (ultimate reserves),8.347865214943083e-06
image,SSP2-M,2060,esd-ei312-cutoff-image-ssp2-m-2060,ecoinvent-3.12-cutoff,2.4.6,passenger_cars,passenger-car transport market,WEU,approximate,"('esd-ei312-cutoff-image-ssp2-m-2060', 'daf0d55adacb4138901c947bf693e1f6')",1 vehicle-km passenger-car transport,EF v3.1,land use,soil quality index,dimensionless,2026-08-03T11:11:51.683086+00:00,esd-ei312-cutoff-image-ssp2-m-2060:338987850328981938:soil quality index,2.2167116000158913
image,SSP2-M,2060,esd-ei312-cutoff-image-ssp2-m-2060,ecoinvent-3.12-cutoff,2.4.6,passenger_cars,passenger-car transport market,WEU,approximate,"('esd-ei312-cutoff-image-ssp2-m-2060', 'daf0d55adacb4138901c947bf693e1f6')",1 vehicle-km passenger-car transport,EF v3.1,water use,user deprivation potential (deprivation-weighted water consumption),m3 world Eq deprived,2026-08-03T11:11:51.683086+00:00,esd-ei312-cutoff-image-ssp2-m-2060:338987850328981938:user deprivation potential (deprivation-weighted water consumption),0.05781265624459916
image,SSP2-M,2060,esd-ei312-cutoff-image-ssp2-m-2060,ecoinvent-3.12-cutoff,2.4.6,cement,unspecified cement market,CH,exact country within R10 Europe,"('esd-ei312-cutoff-image-ssp2-m-2060', '58b23b819993456693d4049a691484e6')",1 kg unspecified cement,IPCC 2021,climate change,"GWP 100a, incl. H and bio CO2",kg CO2-Eq,2026-08-03T11:11:51.683086+00:00,"esd-ei312-cutoff-image-ssp2-m-2060:338987850328949956:GWP 100a, incl. H and bio CO2",0.6863830617947604
image,SSP2-M,2060,esd-ei312-cutoff-image-ssp2-m-2060,ecoinvent-3.12-cutoff,2.4.6,cement,unspecified cement market,CH,exact country within R10 Europe,"('esd-ei312-cutoff-image-ssp2-m-2060', '58b23b819993456693d4049a691484e6')",1 kg unspecified cement,EF v3.1,material resources: metals/minerals,abiotic depletion potential (ADP): elements (ultimate reserves),kg Sb-Eq,2026-08-03T11:11:51.683086+00:00,esd-ei312-cutoff-image-ssp2-m-2060:338987850328949956:abiotic depletion potential (ADP): elements (ultimate reserves),2.0992558399280707e-06
image,SSP2-M,2060,esd-ei312-cutoff-image-ssp2-m-2060,ecoinvent-3.12-cutoff,2.4.6,cement,unspecified cement market,CH,exact country within R10 Europe,"('esd-ei312-cutoff-image-ssp2-m-2060', '58b23b819993456693d4049a691484e6')",1 kg unspecified cement,EF v3.1,land use,soil quality index,dimensionless,2026-08-03T11:11:51.683086+00:00,esd-ei312-cutoff-image-ssp2-m-2060:338987850328949956:soil quality index,0.6535951229782146
image,SSP2-M,2060,esd-ei312-cutoff-image-ssp2-m-2060,ecoinvent-3.12-cutoff,2.4.6,cement,unspecified cement market,CH,exact country within R10 Europe,"('esd-ei312-cutoff-image-ssp2-m-2060', '58b23b819993456693d4049a691484e6')",1 kg unspecified cement,EF v3.1,water use,user deprivation potential (deprivation-weighted water consumption),m3 world Eq deprived,2026-08-03T11:11:51.683086+00:00,esd-ei312-cutoff-image-ssp2-m-2060:338987850328949956:user deprivation potential (deprivation-weighted water consumption),0.05340441303762727
image,SSP2-M,2060,esd-ei312-cutoff-image-ssp2-m-2060,ecoinvent-3.12-cutoff,2.4.6,dac,sorbent-based DAC,WEU,approximate,"('esd-ei312-cutoff-image-ssp2-m-2060', '1e0296f9c0344f1e973587e2fe3b1683')",1 kg CO2 captured and durably stored,IPCC 2021,climate change,"GWP 100a, incl. H and bio CO2",kg CO2-Eq,2026-08-03T11:11:51.683086+00:00,"esd-ei312-cutoff-image-ssp2-m-2060:338987850328980995:GWP 100a, incl. H and bio CO2",-0.8568142181044572
image,SSP2-M,2060,esd-ei312-cutoff-image-ssp2-m-2060,ecoinvent-3.12-cutoff,2.4.6,dac,sorbent-based DAC,WEU,approximate,"('esd-ei312-cutoff-image-ssp2-m-2060', '1e0296f9c0344f1e973587e2fe3b1683')",1 kg CO2 captured and durably stored,EF v3.1,material resources: metals/minerals,abiotic depletion potential (ADP): elements (ultimate reserves),kg Sb-Eq,2026-08-03T11:11:51.683086+00:00,esd-ei312-cutoff-image-ssp2-m-2060:338987850328980995:abiotic depletion potential (ADP): elements (ultimate reserves),2.293406127990449e-06
image,SSP2-M,2060,esd-ei312-cutoff-image-ssp2-m-2060,ecoinvent-3.12-cutoff,2.4.6,dac,sorbent-based DAC,WEU,approximate,"('esd-ei312-cutoff-image-ssp2-m-2060', '1e0296f9c0344f1e973587e2fe3b1683')",1 kg CO2 captured and durably stored,EF v3.1,land use,soil quality index,dimensionless,2026-08-03T11:11:51.683086+00:00,esd-ei312-cutoff-image-ssp2-m-2060:338987850328980995:soil quality index,3.32812601122987
image,SSP2-M,2060,esd-ei312-cutoff-image-ssp2-m-2060,ecoinvent-3.12-cutoff,2.4.6,dac,sorbent-based DAC,WEU,approximate,"('esd-ei312-cutoff-image-ssp2-m-2060', '1e0296f9c0344f1e973587e2fe3b1683')",1 kg CO2 captured and durably stored,EF v3.1,water use,user deprivation potential (deprivation-weighted water consumption),m3 world Eq deprived,2026-08-03T11:11:51.683086+00:00,esd-ei312-cutoff-image-ssp2-m-2060:338987850328980995:user deprivation potential (deprivation-weighted water consumption),0.16404943874395767
image,SSP2-M,2060,esd-ei312-cutoff-image-ssp2-m-2060,ecoinvent-3.12-cutoff,2.4.6,dac,solvent-based DAC,WEU,approximate,"('esd-ei312-cutoff-image-ssp2-m-2060', '0aa0a364da5f48a4bd9dd270d04dc2f4')",1 kg CO2 captured and durably stored,IPCC 2021,climate change,"GWP 100a, incl. H and bio CO2",kg CO2-Eq,2026-08-03T11:11:51.683086+00:00,"esd-ei312-cutoff-image-ssp2-m-2060:338987850328980779:GWP 100a, incl. H and bio CO2",-0.894141210895415
image,SSP2-M,2060,esd-ei312-cutoff-image-ssp2-m-2060,ecoinvent-3.12-cutoff,2.4.6,dac,solvent-based DAC,WEU,approximate,"('esd-ei312-cutoff-image-ssp2-m-2060', '0aa0a364da5f48a4bd9dd270d04dc2f4')",1 kg CO2 captured and durably stored,EF v3.1,material resources: metals/minerals,abiotic depletion potential (ADP): elements (ultimate reserves),kg Sb-Eq,2026-08-03T11:11:51.683086+00:00,esd-ei312-cutoff-image-ssp2-m-2060:338987850328980779:abiotic depletion potential (ADP): elements (ultimate reserves),1.4427342736165497e-06
image,SSP2-M,2060,esd-ei312-cutoff-image-ssp2-m-2060,ecoinvent-3.12-cutoff,2.4.6,dac,solvent-based DAC,WEU,approximate,"('esd-ei312-cutoff-image-ssp2-m-2060', '0aa0a364da5f48a4bd9dd270d04dc2f4')",1 kg CO2 captured and durably stored,EF v3.1,land use,soil quality index,dimensionless,2026-08-03T11:11:51.683086+00:00,esd-ei312-cutoff-image-ssp2-m-2060:338987850328980779:soil quality index,2.4704317540795673
image,SSP2-M,2060,esd-ei312-cutoff-image-ssp2-m-2060,ecoinvent-3.12-cutoff,2.4.6,dac,solvent-based DAC,WEU,approximate,"('esd-ei312-cutoff-image-ssp2-m-2060', '0aa0a364da5f48a4bd9dd270d04dc2f4')",1 kg CO2 captured and durably stored,EF v3.1,water use,user deprivation potential (deprivation-weighted water consumption),m3 world Eq deprived,2026-08-03T11:11:51.683086+00:00,esd-ei312-cutoff-image-ssp2-m-2060:338987850328980779:user deprivation potential (deprivation-weighted water consumption),0.10753856811453891
image,SSP3-H,2040,esd-ei312-cutoff-image-ssp3-h-2040,ecoinvent-3.12-cutoff,2.4.6,electricity,low-voltage electricity,CH,exact country within R10 Europe,"('esd-ei312-cutoff-image-ssp3-h-2040', 'fa58d581bbae4b4e9159ddf2e78cc3f9')",1 kWh low-voltage electricity,IPCC 2021,climate change,"GWP 100a, incl. H and bio CO2",kg CO2-Eq,2026-08-03T11:11:51.683086+00:00,"esd-ei312-cutoff-image-ssp3-h-2040:338987850329003589:GWP 100a, incl. H and bio CO2",0.1799933724000699
image,SSP3-H,2040,esd-ei312-cutoff-image-ssp3-h-2040,ecoinvent-3.12-cutoff,2.4.6,electricity,low-voltage electricity,CH,exact country within R10 Europe,"('esd-ei312-cutoff-image-ssp3-h-2040', 'fa58d581bbae4b4e9159ddf2e78cc3f9')",1 kWh low-voltage electricity,EF v3.1,material resources: metals/minerals,abiotic depletion potential (ADP): elements (ultimate reserves),kg Sb-Eq,2026-08-03T11:11:51.683086+00:00,esd-ei312-cutoff-image-ssp3-h-2040:338987850329003589:abiotic depletion potential (ADP): elements (ultimate reserves),3.2944800385838994e-06
image,SSP3-H,2040,esd-ei312-cutoff-image-ssp3-h-2040,ecoinvent-3.12-cutoff,2.4.6,electricity,low-voltage electricity,CH,exact country within R10 Europe,"('esd-ei312-cutoff-image-ssp3-h-2040', 'fa58d581bbae4b4e9159ddf2e78cc3f9')",1 kWh low-voltage electricity,EF v3.1,land use,soil quality index,dimensionless,2026-08-03T11:11:51.683086+00:00,esd-ei312-cutoff-image-ssp3-h-2040:338987850329003589:soil quality index,1.6741700147230056
image,SSP3-H,2040,esd-ei312-cutoff-image-ssp3-h-2040,ecoinvent-3.12-cutoff,2.4.6,electricity,low-voltage electricity,CH,exact country within R10 Europe,"('esd-ei312-cutoff-image-ssp3-h-2040', 'fa58d581bbae4b4e9159ddf2e78cc3f9')",1 kWh low-voltage electricity,EF v3.1,water use,user deprivation potential (deprivation-weighted water consumption),m3 world Eq deprived,2026-08-03T11:11:51.683086+00:00,esd-ei312-cutoff-image-ssp3-h-2040:338987850329003589:user deprivation potential (deprivation-weighted water consumption),0.17479418690732915
image,SSP3-H,2040,esd-ei312-cutoff-image-ssp3-h-2040,ecoinvent-3.12-cutoff,2.4.6,steel,low-alloyed steel market,WEU,approximate,"('esd-ei312-cutoff-image-ssp3-h-2040', '01d1755969914f6fa23fbc18ed3a00f1')",1 kg low-alloyed steel,IPCC 2021,climate change,"GWP 100a, incl. H and bio CO2",kg CO2-Eq,2026-08-03T11:11:51.683086+00:00,"esd-ei312-cutoff-image-ssp3-h-2040:338987850329021828:GWP 100a, incl. H and bio CO2",1.3866347897943279
image,SSP3-H,2040,esd-ei312-cutoff-image-ssp3-h-2040,ecoinvent-3.12-cutoff,2.4.6,steel,low-alloyed steel market,WEU,approximate,"('esd-ei312-cutoff-image-ssp3-h-2040', '01d1755969914f6fa23fbc18ed3a00f1')",1 kg low-alloyed steel,EF v3.1,material resources: metals/minerals,abiotic depletion potential (ADP): elements (ultimate reserves),kg Sb-Eq,2026-08-03T11:11:51.683086+00:00,esd-ei312-cutoff-image-ssp3-h-2040:338987850329021828:abiotic depletion potential (ADP): elements (ultimate reserves),7.635195786558672e-06
image,SSP3-H,2040,esd-ei312-cutoff-image-ssp3-h-2040,ecoinvent-3.12-cutoff,2.4.6,steel,low-alloyed steel market,WEU,approximate,"('esd-ei312-cutoff-image-ssp3-h-2040', '01d1755969914f6fa23fbc18ed3a00f1')",1 kg low-alloyed steel,EF v3.1,land use,soil quality index,dimensionless,2026-08-03T11:11:51.683086+00:00,esd-ei312-cutoff-image-ssp3-h-2040:338987850329021828:soil quality index,4.984399542828533
image,SSP3-H,2040,esd-ei312-cutoff-image-ssp3-h-2040,ecoinvent-3.12-cutoff,2.4.6,steel,low-alloyed steel market,WEU,approximate,"('esd-ei312-cutoff-image-ssp3-h-2040', '01d1755969914f6fa23fbc18ed3a00f1')",1 kg low-alloyed steel,EF v3.1,water use,user deprivation potential (deprivation-weighted water consumption),m3 world Eq deprived,2026-08-03T11:11:51.683086+00:00,esd-ei312-cutoff-image-ssp3-h-2040:338987850329021828:user deprivation potential (deprivation-weighted water consumption),0.4784677532381127
image,SSP3-H,2040,esd-ei312-cutoff-image-ssp3-h-2040,ecoinvent-3.12-cutoff,2.4.6,passenger_cars,passenger-car transport market,WEU,approximate,"('esd-ei312-cutoff-image-ssp3-h-2040', '91f6107d90e14d0aac71d6e7f3701efd')",1 vehicle-km passenger-car transport,IPCC 2021,climate change,"GWP 100a, incl. H and bio CO2",kg CO2-Eq,2026-08-03T11:11:51.683086+00:00,"esd-ei312-cutoff-image-ssp3-h-2040:338987850329032691:GWP 100a, incl. H and bio CO2",0.2632155151243848
image,SSP3-H,2040,esd-ei312-cutoff-image-ssp3-h-2040,ecoinvent-3.12-cutoff,2.4.6,passenger_cars,passenger-car transport market,WEU,approximate,"('esd-ei312-cutoff-image-ssp3-h-2040', '91f6107d90e14d0aac71d6e7f3701efd')",1 vehicle-km passenger-car transport,EF v3.1,material resources: metals/minerals,abiotic depletion potential (ADP): elements (ultimate reserves),kg Sb-Eq,2026-08-03T11:11:51.683086+00:00,esd-ei312-cutoff-image-ssp3-h-2040:338987850329032691:abiotic depletion potential (ADP): elements (ultimate reserves),6.1877058164055306e-06
image,SSP3-H,2040,esd-ei312-cutoff-image-ssp3-h-2040,ecoinvent-3.12-cutoff,2.4.6,passenger_cars,passenger-car transport market,WEU,approximate,"('esd-ei312-cutoff-image-ssp3-h-2040', '91f6107d90e14d0aac71d6e7f3701efd')",1 vehicle-km passenger-car transport,EF v3.1,land use,soil quality index,dimensionless,2026-08-03T11:11:51.683086+00:00,esd-ei312-cutoff-image-ssp3-h-2040:338987850329032691:soil quality index,3.0664143370572017
image,SSP3-H,2040,esd-ei312-cutoff-image-ssp3-h-2040,ecoinvent-3.12-cutoff,2.4.6,passenger_cars,passenger-car transport market,WEU,approximate,"('esd-ei312-cutoff-image-ssp3-h-2040', '91f6107d90e14d0aac71d6e7f3701efd')",1 vehicle-km passenger-car transport,EF v3.1,water use,user deprivation potential (deprivation-weighted water consumption),m3 world Eq deprived,2026-08-03T11:11:51.683086+00:00,esd-ei312-cutoff-image-ssp3-h-2040:338987850329032691:user deprivation potential (deprivation-weighted water consumption),0.06249570091547775
image,SSP3-H,2040,esd-ei312-cutoff-image-ssp3-h-2040,ecoinvent-3.12-cutoff,2.4.6,cement,unspecified cement market,CH,exact country within R10 Europe,"('esd-ei312-cutoff-image-ssp3-h-2040', '9e834dc6532a48cc8791a725ab9cd1fb')",1 kg unspecified cement,IPCC 2021,climate change,"GWP 100a, incl. H and bio CO2",kg CO2-Eq,2026-08-03T11:11:51.683086+00:00,"esd-ei312-cutoff-image-ssp3-h-2040:338987850329000712:GWP 100a, incl. H and bio CO2",0.6893207310294979
image,SSP3-H,2040,esd-ei312-cutoff-image-ssp3-h-2040,ecoinvent-3.12-cutoff,2.4.6,cement,unspecified cement market,CH,exact country within R10 Europe,"('esd-ei312-cutoff-image-ssp3-h-2040', '9e834dc6532a48cc8791a725ab9cd1fb')",1 kg unspecified cement,EF v3.1,material resources: metals/minerals,abiotic depletion potential (ADP): elements (ultimate reserves),kg Sb-Eq,2026-08-03T11:11:51.683086+00:00,esd-ei312-cutoff-image-ssp3-h-2040:338987850329000712:abiotic depletion potential (ADP): elements (ultimate reserves),2.003054042247816e-06
image,SSP3-H,2040,esd-ei312-cutoff-image-ssp3-h-2040,ecoinvent-3.12-cutoff,2.4.6,cement,unspecified cement market,CH,exact country within R10 Europe,"('esd-ei312-cutoff-image-ssp3-h-2040', '9e834dc6532a48cc8791a725ab9cd1fb')",1 kg unspecified cement,EF v3.1,land use,soil quality index,dimensionless,2026-08-03T11:11:51.683086+00:00,esd-ei312-cutoff-image-ssp3-h-2040:338987850329000712:soil quality index,0.6786519781142162
image,SSP3-H,2040,esd-ei312-cutoff-image-ssp3-h-2040,ecoinvent-3.12-cutoff,2.4.6,cement,unspecified cement market,CH,exact country within R10 Europe,"('esd-ei312-cutoff-image-ssp3-h-2040', '9e834dc6532a48cc8791a725ab9cd1fb')",1 kg unspecified cement,EF v3.1,water use,user deprivation potential (deprivation-weighted water consumption),m3 world Eq deprived,2026-08-03T11:11:51.683086+00:00,esd-ei312-cutoff-image-ssp3-h-2040:338987850329000712:user deprivation potential (deprivation-weighted water consumption),0.06623345264409874
image,SSP3-H,2040,esd-ei312-cutoff-image-ssp3-h-2040,ecoinvent-3.12-cutoff,2.4.6,dac,sorbent-based DAC,WEU,approximate,"('esd-ei312-cutoff-image-ssp3-h-2040', 'c599176a1f82405b80457fac62cfcbbf')",1 kg CO2 captured and durably stored,IPCC 2021,climate change,"GWP 100a, incl. H and bio CO2",kg CO2-Eq,2026-08-03T11:11:51.683086+00:00,"esd-ei312-cutoff-image-ssp3-h-2040:338987850329031748:GWP 100a, incl. H and bio CO2",-0.5332067015783087
image,SSP3-H,2040,esd-ei312-cutoff-image-ssp3-h-2040,ecoinvent-3.12-cutoff,2.4.6,dac,sorbent-based DAC,WEU,approximate,"('esd-ei312-cutoff-image-ssp3-h-2040', 'c599176a1f82405b80457fac62cfcbbf')",1 kg CO2 captured and durably stored,EF v3.1,material resources: metals/minerals,abiotic depletion potential (ADP): elements (ultimate reserves),kg Sb-Eq,2026-08-03T11:11:51.683086+00:00,esd-ei312-cutoff-image-ssp3-h-2040:338987850329031748:abiotic depletion potential (ADP): elements (ultimate reserves),1.8393756240747515e-06
image,SSP3-H,2040,esd-ei312-cutoff-image-ssp3-h-2040,ecoinvent-3.12-cutoff,2.4.6,dac,sorbent-based DAC,WEU,approximate,"('esd-ei312-cutoff-image-ssp3-h-2040', 'c599176a1f82405b80457fac62cfcbbf')",1 kg CO2 captured and durably stored,EF v3.1,land use,soil quality index,dimensionless,2026-08-03T11:11:51.683086+00:00,esd-ei312-cutoff-image-ssp3-h-2040:338987850329031748:soil quality index,3.3391721740898146
image,SSP3-H,2040,esd-ei312-cutoff-image-ssp3-h-2040,ecoinvent-3.12-cutoff,2.4.6,dac,sorbent-based DAC,WEU,approximate,"('esd-ei312-cutoff-image-ssp3-h-2040', 'c599176a1f82405b80457fac62cfcbbf')",1 kg CO2 captured and durably stored,EF v3.1,water use,user deprivation potential (deprivation-weighted water consumption),m3 world Eq deprived,2026-08-03T11:11:51.683086+00:00,esd-ei312-cutoff-image-ssp3-h-2040:338987850329031748:user deprivation potential (deprivation-weighted water consumption),0.26012087477872503
image,SSP3-H,2040,esd-ei312-cutoff-image-ssp3-h-2040,ecoinvent-3.12-cutoff,2.4.6,dac,solvent-based DAC,WEU,approximate,"('esd-ei312-cutoff-image-ssp3-h-2040', '91fafe2dfcc941a0abb32d45e4b24efa')",1 kg CO2 captured and durably stored,IPCC 2021,climate change,"GWP 100a, incl. H and bio CO2",kg CO2-Eq,2026-08-03T11:11:51.683086+00:00,"esd-ei312-cutoff-image-ssp3-h-2040:338987850329031532:GWP 100a, incl. H and bio CO2",-0.6659522487957412
image,SSP3-H,2040,esd-ei312-cutoff-image-ssp3-h-2040,ecoinvent-3.12-cutoff,2.4.6,dac,solvent-based DAC,WEU,approximate,"('esd-ei312-cutoff-image-ssp3-h-2040', '91fafe2dfcc941a0abb32d45e4b24efa')",1 kg CO2 captured and durably stored,EF v3.1,material resources: metals/minerals,abiotic depletion potential (ADP): elements (ultimate reserves),kg Sb-Eq,2026-08-03T11:11:51.683086+00:00,esd-ei312-cutoff-image-ssp3-h-2040:338987850329031532:abiotic depletion potential (ADP): elements (ultimate reserves),1.1348030783212045e-06
image,SSP3-H,2040,esd-ei312-cutoff-image-ssp3-h-2040,ecoinvent-3.12-cutoff,2.4.6,dac,solvent-based DAC,WEU,approximate,"('esd-ei312-cutoff-image-ssp3-h-2040', '91fafe2dfcc941a0abb32d45e4b24efa')",1 kg CO2 captured and durably stored,EF v3.1,land use,soil quality index,dimensionless,2026-08-03T11:11:51.683086+00:00,esd-ei312-cutoff-image-ssp3-h-2040:338987850329031532:soil quality index,2.328629427261893
image,SSP3-H,2040,esd-ei312-cutoff-image-ssp3-h-2040,ecoinvent-3.12-cutoff,2.4.6,dac,solvent-based DAC,WEU,approximate,"('esd-ei312-cutoff-image-ssp3-h-2040', '91fafe2dfcc941a0abb32d45e4b24efa')",1 kg CO2 captured and durably stored,EF v3.1,water use,user deprivation potential (deprivation-weighted water consumption),m3 world Eq deprived,2026-08-03T11:11:51.683086+00:00,esd-ei312-cutoff-image-ssp3-h-2040:338987850329031532:user deprivation potential (deprivation-weighted water consumption),0.1701828703470336
image,SSP3-H,2060,esd-ei312-cutoff-image-ssp3-h-2060,ecoinvent-3.12-cutoff,2.4.6,electricity,low-voltage electricity,CH,exact country within R10 Europe,"('esd-ei312-cutoff-image-ssp3-h-2060', '81250e3ac9ec4876ab2ccc46ca9308a2')",1 kWh low-voltage electricity,IPCC 2021,climate change,"GWP 100a, incl. H and bio CO2",kg CO2-Eq,2026-08-03T11:11:51.683086+00:00,"esd-ei312-cutoff-image-ssp3-h-2060:338987850329054342:GWP 100a, incl. H and bio CO2",0.08060810832555171
image,SSP3-H,2060,esd-ei312-cutoff-image-ssp3-h-2060,ecoinvent-3.12-cutoff,2.4.6,electricity,low-voltage electricity,CH,exact country within R10 Europe,"('esd-ei312-cutoff-image-ssp3-h-2060', '81250e3ac9ec4876ab2ccc46ca9308a2')",1 kWh low-voltage electricity,EF v3.1,material resources: metals/minerals,abiotic depletion potential (ADP): elements (ultimate reserves),kg Sb-Eq,2026-08-03T11:11:51.683086+00:00,esd-ei312-cutoff-image-ssp3-h-2060:338987850329054342:abiotic depletion potential (ADP): elements (ultimate reserves),3.468660138284862e-06
image,SSP3-H,2060,esd-ei312-cutoff-image-ssp3-h-2060,ecoinvent-3.12-cutoff,2.4.6,electricity,low-voltage electricity,CH,exact country within R10 Europe,"('esd-ei312-cutoff-image-ssp3-h-2060', '81250e3ac9ec4876ab2ccc46ca9308a2')",1 kWh low-voltage electricity,EF v3.1,land use,soil quality index,dimensionless,2026-08-03T11:11:51.683086+00:00,esd-ei312-cutoff-image-ssp3-h-2060:338987850329054342:soil quality index,1.0642027843368735
image,SSP3-H,2060,esd-ei312-cutoff-image-ssp3-h-2060,ecoinvent-3.12-cutoff,2.4.6,electricity,low-voltage electricity,CH,exact country within R10 Europe,"('esd-ei312-cutoff-image-ssp3-h-2060', '81250e3ac9ec4876ab2ccc46ca9308a2')",1 kWh low-voltage electricity,EF v3.1,water use,user deprivation potential (deprivation-weighted water consumption),m3 world Eq deprived,2026-08-03T11:11:51.683086+00:00,esd-ei312-cutoff-image-ssp3-h-2060:338987850329054342:user deprivation potential (deprivation-weighted water consumption),0.10698959822653072
image,SSP3-H,2060,esd-ei312-cutoff-image-ssp3-h-2060,ecoinvent-3.12-cutoff,2.4.6,steel,low-alloyed steel market,WEU,approximate,"('esd-ei312-cutoff-image-ssp3-h-2060', 'f126504afa7144a9a27e09d013c81b81')",1 kg low-alloyed steel,IPCC 2021,climate change,"GWP 100a, incl. H and bio CO2",kg CO2-Eq,2026-08-03T11:11:51.683086+00:00,"esd-ei312-cutoff-image-ssp3-h-2060:338987850329072581:GWP 100a, incl. H and bio CO2",1.0359960934476982
image,SSP3-H,2060,esd-ei312-cutoff-image-ssp3-h-2060,ecoinvent-3.12-cutoff,2.4.6,steel,low-alloyed steel market,WEU,approximate,"('esd-ei312-cutoff-image-ssp3-h-2060', 'f126504afa7144a9a27e09d013c81b81')",1 kg low-alloyed steel,EF v3.1,material resources: metals/minerals,abiotic depletion potential (ADP): elements (ultimate reserves),kg Sb-Eq,2026-08-03T11:11:51.683086+00:00,esd-ei312-cutoff-image-ssp3-h-2060:338987850329072581:abiotic depletion potential (ADP): elements (ultimate reserves),6.43102885544761e-06
image,SSP3-H,2060,esd-ei312-cutoff-image-ssp3-h-2060,ecoinvent-3.12-cutoff,2.4.6,steel,low-alloyed steel market,WEU,approximate,"('esd-ei312-cutoff-image-ssp3-h-2060', 'f126504afa7144a9a27e09d013c81b81')",1 kg low-alloyed steel,EF v3.1,land use,soil quality index,dimensionless,2026-08-03T11:11:51.683086+00:00,esd-ei312-cutoff-image-ssp3-h-2060:338987850329072581:soil quality index,3.9262039995799087
image,SSP3-H,2060,esd-ei312-cutoff-image-ssp3-h-2060,ecoinvent-3.12-cutoff,2.4.6,steel,low-alloyed steel market,WEU,approximate,"('esd-ei312-cutoff-image-ssp3-h-2060', 'f126504afa7144a9a27e09d013c81b81')",1 kg low-alloyed steel,EF v3.1,water use,user deprivation potential (deprivation-weighted water consumption),m3 world Eq deprived,2026-08-03T11:11:51.683086+00:00,esd-ei312-cutoff-image-ssp3-h-2060:338987850329072581:user deprivation potential (deprivation-weighted water consumption),0.3670433809611073
image,SSP3-H,2060,esd-ei312-cutoff-image-ssp3-h-2060,ecoinvent-3.12-cutoff,2.4.6,passenger_cars,passenger-car transport market,WEU,approximate,"('esd-ei312-cutoff-image-ssp3-h-2060', '7fd76ca587384a0e987c2db53b5cc1e0')",1 vehicle-km passenger-car transport,IPCC 2021,climate change,"GWP 100a, incl. H and bio CO2",kg CO2-Eq,2026-08-03T11:11:51.683086+00:00,"esd-ei312-cutoff-image-ssp3-h-2060:338987850329083447:GWP 100a, incl. H and bio CO2",0.24513548827791617
image,SSP3-H,2060,esd-ei312-cutoff-image-ssp3-h-2060,ecoinvent-3.12-cutoff,2.4.6,passenger_cars,passenger-car transport market,WEU,approximate,"('esd-ei312-cutoff-image-ssp3-h-2060', '7fd76ca587384a0e987c2db53b5cc1e0')",1 vehicle-km passenger-car transport,EF v3.1,material resources: metals/minerals,abiotic depletion potential (ADP): elements (ultimate reserves),kg Sb-Eq,2026-08-03T11:11:51.683086+00:00,esd-ei312-cutoff-image-ssp3-h-2060:338987850329083447:abiotic depletion potential (ADP): elements (ultimate reserves),6.357281679026308e-06
image,SSP3-H,2060,esd-ei312-cutoff-image-ssp3-h-2060,ecoinvent-3.12-cutoff,2.4.6,passenger_cars,passenger-car transport market,WEU,approximate,"('esd-ei312-cutoff-image-ssp3-h-2060', '7fd76ca587384a0e987c2db53b5cc1e0')",1 vehicle-km passenger-car transport,EF v3.1,land use,soil quality index,dimensionless,2026-08-03T11:11:51.683086+00:00,esd-ei312-cutoff-image-ssp3-h-2060:338987850329083447:soil quality index,2.59761061219143
image,SSP3-H,2060,esd-ei312-cutoff-image-ssp3-h-2060,ecoinvent-3.12-cutoff,2.4.6,passenger_cars,passenger-car transport market,WEU,approximate,"('esd-ei312-cutoff-image-ssp3-h-2060', '7fd76ca587384a0e987c2db53b5cc1e0')",1 vehicle-km passenger-car transport,EF v3.1,water use,user deprivation potential (deprivation-weighted water consumption),m3 world Eq deprived,2026-08-03T11:11:51.683086+00:00,esd-ei312-cutoff-image-ssp3-h-2060:338987850329083447:user deprivation potential (deprivation-weighted water consumption),0.04539164951331229
image,SSP3-H,2060,esd-ei312-cutoff-image-ssp3-h-2060,ecoinvent-3.12-cutoff,2.4.6,cement,unspecified cement market,CH,exact country within R10 Europe,"('esd-ei312-cutoff-image-ssp3-h-2060', '2dabfcb0ffea49479aca0b6008382999')",1 kg unspecified cement,IPCC 2021,climate change,"GWP 100a, incl. H and bio CO2",kg CO2-Eq,2026-08-03T11:11:51.683086+00:00,"esd-ei312-cutoff-image-ssp3-h-2060:338987850329051465:GWP 100a, incl. H and bio CO2",0.6772077590454796
image,SSP3-H,2060,esd-ei312-cutoff-image-ssp3-h-2060,ecoinvent-3.12-cutoff,2.4.6,cement,unspecified cement market,CH,exact country within R10 Europe,"('esd-ei312-cutoff-image-ssp3-h-2060', '2dabfcb0ffea49479aca0b6008382999')",1 kg unspecified cement,EF v3.1,material resources: metals/minerals,abiotic depletion potential (ADP): elements (ultimate reserves),kg Sb-Eq,2026-08-03T11:11:51.683086+00:00,esd-ei312-cutoff-image-ssp3-h-2060:338987850329051465:abiotic depletion potential (ADP): elements (ultimate reserves),2.0466304607627345e-06
image,SSP3-H,2060,esd-ei312-cutoff-image-ssp3-h-2060,ecoinvent-3.12-cutoff,2.4.6,cement,unspecified cement market,CH,exact country within R10 Europe,"('esd-ei312-cutoff-image-ssp3-h-2060', '2dabfcb0ffea49479aca0b6008382999')",1 kg unspecified cement,EF v3.1,land use,soil quality index,dimensionless,2026-08-03T11:11:51.683086+00:00,esd-ei312-cutoff-image-ssp3-h-2060:338987850329051465:soil quality index,0.6072245543834401
image,SSP3-H,2060,esd-ei312-cutoff-image-ssp3-h-2060,ecoinvent-3.12-cutoff,2.4.6,cement,unspecified cement market,CH,exact country within R10 Europe,"('esd-ei312-cutoff-image-ssp3-h-2060', '2dabfcb0ffea49479aca0b6008382999')",1 kg unspecified cement,EF v3.1,water use,user deprivation potential (deprivation-weighted water consumption),m3 world Eq deprived,2026-08-03T11:11:51.683086+00:00,esd-ei312-cutoff-image-ssp3-h-2060:338987850329051465:user deprivation potential (deprivation-weighted water consumption),0.058607419590377435
image,SSP3-H,2060,esd-ei312-cutoff-image-ssp3-h-2060,ecoinvent-3.12-cutoff,2.4.6,dac,sorbent-based DAC,WEU,approximate,"('esd-ei312-cutoff-image-ssp3-h-2060', 'ccdd9e1d04a64204b9b90f7fe6c175e3')",1 kg CO2 captured and durably stored,IPCC 2021,climate change,"GWP 100a, incl. H and bio CO2",kg CO2-Eq,2026-08-03T11:11:51.683086+00:00,"esd-ei312-cutoff-image-ssp3-h-2060:338987850329082504:GWP 100a, incl. H and bio CO2",-0.6640233175288173
image,SSP3-H,2060,esd-ei312-cutoff-image-ssp3-h-2060,ecoinvent-3.12-cutoff,2.4.6,dac,sorbent-based DAC,WEU,approximate,"('esd-ei312-cutoff-image-ssp3-h-2060', 'ccdd9e1d04a64204b9b90f7fe6c175e3')",1 kg CO2 captured and durably stored,EF v3.1,material resources: metals/minerals,abiotic depletion potential (ADP): elements (ultimate reserves),kg Sb-Eq,2026-08-03T11:11:51.683086+00:00,esd-ei312-cutoff-image-ssp3-h-2060:338987850329082504:abiotic depletion potential (ADP): elements (ultimate reserves),2.2510109807484016e-06
image,SSP3-H,2060,esd-ei312-cutoff-image-ssp3-h-2060,ecoinvent-3.12-cutoff,2.4.6,dac,sorbent-based DAC,WEU,approximate,"('esd-ei312-cutoff-image-ssp3-h-2060', 'ccdd9e1d04a64204b9b90f7fe6c175e3')",1 kg CO2 captured and durably stored,EF v3.1,land use,soil quality index,dimensionless,2026-08-03T11:11:51.683086+00:00,esd-ei312-cutoff-image-ssp3-h-2060:338987850329082504:soil quality index,2.1289524609441712
image,SSP3-H,2060,esd-ei312-cutoff-image-ssp3-h-2060,ecoinvent-3.12-cutoff,2.4.6,dac,sorbent-based DAC,WEU,approximate,"('esd-ei312-cutoff-image-ssp3-h-2060', 'ccdd9e1d04a64204b9b90f7fe6c175e3')",1 kg CO2 captured and durably stored,EF v3.1,water use,user deprivation potential (deprivation-weighted water consumption),m3 world Eq deprived,2026-08-03T11:11:51.683086+00:00,esd-ei312-cutoff-image-ssp3-h-2060:338987850329082504:user deprivation potential (deprivation-weighted water consumption),0.16781897882875843
image,SSP3-H,2060,esd-ei312-cutoff-image-ssp3-h-2060,ecoinvent-3.12-cutoff,2.4.6,dac,solvent-based DAC,WEU,approximate,"('esd-ei312-cutoff-image-ssp3-h-2060', 'd995f1e6197c448992136612a6b38be2')",1 kg CO2 captured and durably stored,IPCC 2021,climate change,"GWP 100a, incl. H and bio CO2",kg CO2-Eq,2026-08-03T11:11:51.683086+00:00,"esd-ei312-cutoff-image-ssp3-h-2060:338987850329082288:GWP 100a, incl. H and bio CO2",-0.7531177593107292
image,SSP3-H,2060,esd-ei312-cutoff-image-ssp3-h-2060,ecoinvent-3.12-cutoff,2.4.6,dac,solvent-based DAC,WEU,approximate,"('esd-ei312-cutoff-image-ssp3-h-2060', 'd995f1e6197c448992136612a6b38be2')",1 kg CO2 captured and durably stored,EF v3.1,material resources: metals/minerals,abiotic depletion potential (ADP): elements (ultimate reserves),kg Sb-Eq,2026-08-03T11:11:51.683086+00:00,esd-ei312-cutoff-image-ssp3-h-2060:338987850329082288:abiotic depletion potential (ADP): elements (ultimate reserves),1.4186696978659611e-06
image,SSP3-H,2060,esd-ei312-cutoff-image-ssp3-h-2060,ecoinvent-3.12-cutoff,2.4.6,dac,solvent-based DAC,WEU,approximate,"('esd-ei312-cutoff-image-ssp3-h-2060', 'd995f1e6197c448992136612a6b38be2')",1 kg CO2 captured and durably stored,EF v3.1,land use,soil quality index,dimensionless,2026-08-03T11:11:51.683086+00:00,esd-ei312-cutoff-image-ssp3-h-2060:338987850329082288:soil quality index,1.5222992660962746
image,SSP3-H,2060,esd-ei312-cutoff-image-ssp3-h-2060,ecoinvent-3.12-cutoff,2.4.6,dac,solvent-based DAC,WEU,approximate,"('esd-ei312-cutoff-image-ssp3-h-2060', 'd995f1e6197c448992136612a6b38be2')",1 kg CO2 captured and durably stored,EF v3.1,water use,user deprivation potential (deprivation-weighted water consumption),m3 world Eq deprived,2026-08-03T11:11:51.683086+00:00,esd-ei312-cutoff-image-ssp3-h-2060:338987850329082288:user deprivation potential (deprivation-weighted water consumption),0.11042385252389632
image,SSP2-VLHO,2040,esd-ei312-cutoff-image-ssp2-vlho-2040,ecoinvent-3.12-cutoff,2.4.6,electricity,low-voltage electricity,CH,exact country within R10 Europe,"('esd-ei312-cutoff-image-ssp2-vlho-2040', 'f700bcde39e74da9aa1a2092344f8aac')",1 kWh low-voltage electricity,IPCC 2021,climate change,"GWP 100a, incl. H and bio CO2",kg CO2-Eq,2026-08-03T11:11:51.683086+00:00,"esd-ei312-cutoff-image-ssp2-vlho-2040:338987850329105098:GWP 100a, incl. H and bio CO2",0.043779979176160964
image,SSP2-VLHO,2040,esd-ei312-cutoff-image-ssp2-vlho-2040,ecoinvent-3.12-cutoff,2.4.6,electricity,low-voltage electricity,CH,exact country within R10 Europe,"('esd-ei312-cutoff-image-ssp2-vlho-2040', 'f700bcde39e74da9aa1a2092344f8aac')",1 kWh low-voltage electricity,EF v3.1,material resources: metals/minerals,abiotic depletion potential (ADP): elements (ultimate reserves),kg Sb-Eq,2026-08-03T11:11:51.683086+00:00,esd-ei312-cutoff-image-ssp2-vlho-2040:338987850329105098:abiotic depletion potential (ADP): elements (ultimate reserves),3.8556935241957375e-06
image,SSP2-VLHO,2040,esd-ei312-cutoff-image-ssp2-vlho-2040,ecoinvent-3.12-cutoff,2.4.6,electricity,low-voltage electricity,CH,exact country within R10 Europe,"('esd-ei312-cutoff-image-ssp2-vlho-2040', 'f700bcde39e74da9aa1a2092344f8aac')",1 kWh low-voltage electricity,EF v3.1,land use,soil quality index,dimensionless,2026-08-03T11:11:51.683086+00:00,esd-ei312-cutoff-image-ssp2-vlho-2040:338987850329105098:soil quality index,1.3027351088866226
image,SSP2-VLHO,2040,esd-ei312-cutoff-image-ssp2-vlho-2040,ecoinvent-3.12-cutoff,2.4.6,electricity,low-voltage electricity,CH,exact country within R10 Europe,"('esd-ei312-cutoff-image-ssp2-vlho-2040', 'f700bcde39e74da9aa1a2092344f8aac')",1 kWh low-voltage electricity,EF v3.1,water use,user deprivation potential (deprivation-weighted water consumption),m3 world Eq deprived,2026-08-03T11:11:51.683086+00:00,esd-ei312-cutoff-image-ssp2-vlho-2040:338987850329105098:user deprivation potential (deprivation-weighted water consumption),0.1489740949430082
image,SSP2-VLHO,2040,esd-ei312-cutoff-image-ssp2-vlho-2040,ecoinvent-3.12-cutoff,2.4.6,steel,low-alloyed steel market,WEU,approximate,"('esd-ei312-cutoff-image-ssp2-vlho-2040', '825069dd8d0b4d6e8f2758ef49d6c9de')",1 kg low-alloyed steel,IPCC 2021,climate change,"GWP 100a, incl. H and bio CO2",kg CO2-Eq,2026-08-03T11:11:51.683086+00:00,"esd-ei312-cutoff-image-ssp2-vlho-2040:338987850329123337:GWP 100a, incl. H and bio CO2",1.0683075467335332
image,SSP2-VLHO,2040,esd-ei312-cutoff-image-ssp2-vlho-2040,ecoinvent-3.12-cutoff,2.4.6,steel,low-alloyed steel market,WEU,approximate,"('esd-ei312-cutoff-image-ssp2-vlho-2040', '825069dd8d0b4d6e8f2758ef49d6c9de')",1 kg low-alloyed steel,EF v3.1,material resources: metals/minerals,abiotic depletion potential (ADP): elements (ultimate reserves),kg Sb-Eq,2026-08-03T11:11:51.683086+00:00,esd-ei312-cutoff-image-ssp2-vlho-2040:338987850329123337:abiotic depletion potential (ADP): elements (ultimate reserves),7.027442605868564e-06
image,SSP2-VLHO,2040,esd-ei312-cutoff-image-ssp2-vlho-2040,ecoinvent-3.12-cutoff,2.4.6,steel,low-alloyed steel market,WEU,approximate,"('esd-ei312-cutoff-image-ssp2-vlho-2040', '825069dd8d0b4d6e8f2758ef49d6c9de')",1 kg low-alloyed steel,EF v3.1,land use,soil quality index,dimensionless,2026-08-03T11:11:51.683086+00:00,esd-ei312-cutoff-image-ssp2-vlho-2040:338987850329123337:soil quality index,4.309527852882406
image,SSP2-VLHO,2040,esd-ei312-cutoff-image-ssp2-vlho-2040,ecoinvent-3.12-cutoff,2.4.6,steel,low-alloyed steel market,WEU,approximate,"('esd-ei312-cutoff-image-ssp2-vlho-2040', '825069dd8d0b4d6e8f2758ef49d6c9de')",1 kg low-alloyed steel,EF v3.1,water use,user deprivation potential (deprivation-weighted water consumption),m3 world Eq deprived,2026-08-03T11:11:51.683086+00:00,esd-ei312-cutoff-image-ssp2-vlho-2040:338987850329123337:user deprivation potential (deprivation-weighted water consumption),0.4166722894135539
image,SSP2-VLHO,2040,esd-ei312-cutoff-image-ssp2-vlho-2040,ecoinvent-3.12-cutoff,2.4.6,passenger_cars,passenger-car transport market,WEU,approximate,"('esd-ei312-cutoff-image-ssp2-vlho-2040', '9e4bc51fb1c7471c85a7ff3284a87809')",1 vehicle-km passenger-car transport,IPCC 2021,climate change,"GWP 100a, incl. H and bio CO2",kg CO2-Eq,2026-08-03T11:11:51.683086+00:00,"esd-ei312-cutoff-image-ssp2-vlho-2040:338987850329134204:GWP 100a, incl. H and bio CO2",0.16056724881768286
image,SSP2-VLHO,2040,esd-ei312-cutoff-image-ssp2-vlho-2040,ecoinvent-3.12-cutoff,2.4.6,passenger_cars,passenger-car transport market,WEU,approximate,"('esd-ei312-cutoff-image-ssp2-vlho-2040', '9e4bc51fb1c7471c85a7ff3284a87809')",1 vehicle-km passenger-car transport,EF v3.1,material resources: metals/minerals,abiotic depletion potential (ADP): elements (ultimate reserves),kg Sb-Eq,2026-08-03T11:11:51.683086+00:00,esd-ei312-cutoff-image-ssp2-vlho-2040:338987850329134204:abiotic depletion potential (ADP): elements (ultimate reserves),7.750722887877615e-06
image,SSP2-VLHO,2040,esd-ei312-cutoff-image-ssp2-vlho-2040,ecoinvent-3.12-cutoff,2.4.6,passenger_cars,passenger-car transport market,WEU,approximate,"('esd-ei312-cutoff-image-ssp2-vlho-2040', '9e4bc51fb1c7471c85a7ff3284a87809')",1 vehicle-km passenger-car transport,EF v3.1,land use,soil quality index,dimensionless,2026-08-03T11:11:51.683086+00:00,esd-ei312-cutoff-image-ssp2-vlho-2040:338987850329134204:soil quality index,2.644858106671599
image,SSP2-VLHO,2040,esd-ei312-cutoff-image-ssp2-vlho-2040,ecoinvent-3.12-cutoff,2.4.6,passenger_cars,passenger-car transport market,WEU,approximate,"('esd-ei312-cutoff-image-ssp2-vlho-2040', '9e4bc51fb1c7471c85a7ff3284a87809')",1 vehicle-km passenger-car transport,EF v3.1,water use,user deprivation potential (deprivation-weighted water consumption),m3 world Eq deprived,2026-08-03T11:11:51.683086+00:00,esd-ei312-cutoff-image-ssp2-vlho-2040:338987850329134204:user deprivation potential (deprivation-weighted water consumption),0.06977681692145817
image,SSP2-VLHO,2040,esd-ei312-cutoff-image-ssp2-vlho-2040,ecoinvent-3.12-cutoff,2.4.6,cement,unspecified cement market,CH,exact country within R10 Europe,"('esd-ei312-cutoff-image-ssp2-vlho-2040', '35b1a803df194f5d8b0de7fcda7bc07b')",1 kg unspecified cement,IPCC 2021,climate change,"GWP 100a, incl. H and bio CO2",kg CO2-Eq,2026-08-03T11:11:51.683086+00:00,"esd-ei312-cutoff-image-ssp2-vlho-2040:338987850329102221:GWP 100a, incl. H and bio CO2",0.6762868945125913
image,SSP2-VLHO,2040,esd-ei312-cutoff-image-ssp2-vlho-2040,ecoinvent-3.12-cutoff,2.4.6,cement,unspecified cement market,CH,exact country within R10 Europe,"('esd-ei312-cutoff-image-ssp2-vlho-2040', '35b1a803df194f5d8b0de7fcda7bc07b')",1 kg unspecified cement,EF v3.1,material resources: metals/minerals,abiotic depletion potential (ADP): elements (ultimate reserves),kg Sb-Eq,2026-08-03T11:11:51.683086+00:00,esd-ei312-cutoff-image-ssp2-vlho-2040:338987850329102221:abiotic depletion potential (ADP): elements (ultimate reserves),2.056792613064561e-06
image,SSP2-VLHO,2040,esd-ei312-cutoff-image-ssp2-vlho-2040,ecoinvent-3.12-cutoff,2.4.6,cement,unspecified cement market,CH,exact country within R10 Europe,"('esd-ei312-cutoff-image-ssp2-vlho-2040', '35b1a803df194f5d8b0de7fcda7bc07b')",1 kg unspecified cement,EF v3.1,land use,soil quality index,dimensionless,2026-08-03T11:11:51.683086+00:00,esd-ei312-cutoff-image-ssp2-vlho-2040:338987850329102221:soil quality index,0.6804815519213314
image,SSP2-VLHO,2040,esd-ei312-cutoff-image-ssp2-vlho-2040,ecoinvent-3.12-cutoff,2.4.6,cement,unspecified cement market,CH,exact country within R10 Europe,"('esd-ei312-cutoff-image-ssp2-vlho-2040', '35b1a803df194f5d8b0de7fcda7bc07b')",1 kg unspecified cement,EF v3.1,water use,user deprivation potential (deprivation-weighted water consumption),m3 world Eq deprived,2026-08-03T11:11:51.683086+00:00,esd-ei312-cutoff-image-ssp2-vlho-2040:338987850329102221:user deprivation potential (deprivation-weighted water consumption),0.06235258367596059
image,SSP2-VLHO,2040,esd-ei312-cutoff-image-ssp2-vlho-2040,ecoinvent-3.12-cutoff,2.4.6,dac,sorbent-based DAC,WEU,approximate,"('esd-ei312-cutoff-image-ssp2-vlho-2040', '1ba8d7e71d7049f4bfeb3fe6baea06a5')",1 kg CO2 captured and durably stored,IPCC 2021,climate change,"GWP 100a, incl. H and bio CO2",kg CO2-Eq,2026-08-03T11:11:51.683086+00:00,"esd-ei312-cutoff-image-ssp2-vlho-2040:338987850329133257:GWP 100a, incl. H and bio CO2",-0.7816705562263802
image,SSP2-VLHO,2040,esd-ei312-cutoff-image-ssp2-vlho-2040,ecoinvent-3.12-cutoff,2.4.6,dac,sorbent-based DAC,WEU,approximate,"('esd-ei312-cutoff-image-ssp2-vlho-2040', '1ba8d7e71d7049f4bfeb3fe6baea06a5')",1 kg CO2 captured and durably stored,EF v3.1,material resources: metals/minerals,abiotic depletion potential (ADP): elements (ultimate reserves),kg Sb-Eq,2026-08-03T11:11:51.683086+00:00,esd-ei312-cutoff-image-ssp2-vlho-2040:338987850329133257:abiotic depletion potential (ADP): elements (ultimate reserves),2.262402365244737e-06
image,SSP2-VLHO,2040,esd-ei312-cutoff-image-ssp2-vlho-2040,ecoinvent-3.12-cutoff,2.4.6,dac,sorbent-based DAC,WEU,approximate,"('esd-ei312-cutoff-image-ssp2-vlho-2040', '1ba8d7e71d7049f4bfeb3fe6baea06a5')",1 kg CO2 captured and durably stored,EF v3.1,land use,soil quality index,dimensionless,2026-08-03T11:11:51.683086+00:00,esd-ei312-cutoff-image-ssp2-vlho-2040:338987850329133257:soil quality index,3.1865916398396763
image,SSP2-VLHO,2040,esd-ei312-cutoff-image-ssp2-vlho-2040,ecoinvent-3.12-cutoff,2.4.6,dac,sorbent-based DAC,WEU,approximate,"('esd-ei312-cutoff-image-ssp2-vlho-2040', '1ba8d7e71d7049f4bfeb3fe6baea06a5')",1 kg CO2 captured and durably stored,EF v3.1,water use,user deprivation potential (deprivation-weighted water consumption),m3 world Eq deprived,2026-08-03T11:11:51.683086+00:00,esd-ei312-cutoff-image-ssp2-vlho-2040:338987850329133257:user deprivation potential (deprivation-weighted water consumption),0.24073971248371281
image,SSP2-VLHO,2040,esd-ei312-cutoff-image-ssp2-vlho-2040,ecoinvent-3.12-cutoff,2.4.6,dac,solvent-based DAC,WEU,approximate,"('esd-ei312-cutoff-image-ssp2-vlho-2040', 'c9d149d51428403e92a862764b8f9ee4')",1 kg CO2 captured and durably stored,IPCC 2021,climate change,"GWP 100a, incl. H and bio CO2",kg CO2-Eq,2026-08-03T11:11:51.683086+00:00,"esd-ei312-cutoff-image-ssp2-vlho-2040:338987850329133041:GWP 100a, incl. H and bio CO2",-0.8339130360156362
image,SSP2-VLHO,2040,esd-ei312-cutoff-image-ssp2-vlho-2040,ecoinvent-3.12-cutoff,2.4.6,dac,solvent-based DAC,WEU,approximate,"('esd-ei312-cutoff-image-ssp2-vlho-2040', 'c9d149d51428403e92a862764b8f9ee4')",1 kg CO2 captured and durably stored,EF v3.1,material resources: metals/minerals,abiotic depletion potential (ADP): elements (ultimate reserves),kg Sb-Eq,2026-08-03T11:11:51.683086+00:00,esd-ei312-cutoff-image-ssp2-vlho-2040:338987850329133041:abiotic depletion potential (ADP): elements (ultimate reserves),1.406318388826797e-06
image,SSP2-VLHO,2040,esd-ei312-cutoff-image-ssp2-vlho-2040,ecoinvent-3.12-cutoff,2.4.6,dac,solvent-based DAC,WEU,approximate,"('esd-ei312-cutoff-image-ssp2-vlho-2040', 'c9d149d51428403e92a862764b8f9ee4')",1 kg CO2 captured and durably stored,EF v3.1,land use,soil quality index,dimensionless,2026-08-03T11:11:51.683086+00:00,esd-ei312-cutoff-image-ssp2-vlho-2040:338987850329133041:soil quality index,2.249035739029287
image,SSP2-VLHO,2040,esd-ei312-cutoff-image-ssp2-vlho-2040,ecoinvent-3.12-cutoff,2.4.6,dac,solvent-based DAC,WEU,approximate,"('esd-ei312-cutoff-image-ssp2-vlho-2040', 'c9d149d51428403e92a862764b8f9ee4')",1 kg CO2 captured and durably stored,EF v3.1,water use,user deprivation potential (deprivation-weighted water consumption),m3 world Eq deprived,2026-08-03T11:11:51.683086+00:00,esd-ei312-cutoff-image-ssp2-vlho-2040:338987850329133041:user deprivation potential (deprivation-weighted water consumption),0.1580218970373124
image,SSP2-VLHO,2060,esd-ei312-cutoff-image-ssp2-vlho-2060,ecoinvent-3.12-cutoff,2.4.6,electricity,low-voltage electricity,CH,exact country within R10 Europe,"('esd-ei312-cutoff-image-ssp2-vlho-2060', 'd22d35749228462c9df89c73661371d1')",1 kWh low-voltage electricity,IPCC 2021,climate change,"GWP 100a, incl. H and bio CO2",kg CO2-Eq,2026-08-03T11:11:51.683086+00:00,"esd-ei312-cutoff-image-ssp2-vlho-2060:338987850329155855:GWP 100a, incl. H and bio CO2",-0.054810107636243575
image,SSP2-VLHO,2060,esd-ei312-cutoff-image-ssp2-vlho-2060,ecoinvent-3.12-cutoff,2.4.6,electricity,low-voltage electricity,CH,exact country within R10 Europe,"('esd-ei312-cutoff-image-ssp2-vlho-2060', 'd22d35749228462c9df89c73661371d1')",1 kWh low-voltage electricity,EF v3.1,material resources: metals/minerals,abiotic depletion potential (ADP): elements (ultimate reserves),kg Sb-Eq,2026-08-03T11:11:51.683086+00:00,esd-ei312-cutoff-image-ssp2-vlho-2060:338987850329155855:abiotic depletion potential (ADP): elements (ultimate reserves),3.5524357296092737e-06
image,SSP2-VLHO,2060,esd-ei312-cutoff-image-ssp2-vlho-2060,ecoinvent-3.12-cutoff,2.4.6,electricity,low-voltage electricity,CH,exact country within R10 Europe,"('esd-ei312-cutoff-image-ssp2-vlho-2060', 'd22d35749228462c9df89c73661371d1')",1 kWh low-voltage electricity,EF v3.1,land use,soil quality index,dimensionless,2026-08-03T11:11:51.683086+00:00,esd-ei312-cutoff-image-ssp2-vlho-2060:338987850329155855:soil quality index,1.8319854639125888
image,SSP2-VLHO,2060,esd-ei312-cutoff-image-ssp2-vlho-2060,ecoinvent-3.12-cutoff,2.4.6,electricity,low-voltage electricity,CH,exact country within R10 Europe,"('esd-ei312-cutoff-image-ssp2-vlho-2060', 'd22d35749228462c9df89c73661371d1')",1 kWh low-voltage electricity,EF v3.1,water use,user deprivation potential (deprivation-weighted water consumption),m3 world Eq deprived,2026-08-03T11:11:51.683086+00:00,esd-ei312-cutoff-image-ssp2-vlho-2060:338987850329155855:user deprivation potential (deprivation-weighted water consumption),0.09383924938297153
image,SSP2-VLHO,2060,esd-ei312-cutoff-image-ssp2-vlho-2060,ecoinvent-3.12-cutoff,2.4.6,steel,low-alloyed steel market,WEU,approximate,"('esd-ei312-cutoff-image-ssp2-vlho-2060', 'e70a6d85556f411092ee4f54207fcdd8')",1 kg low-alloyed steel,IPCC 2021,climate change,"GWP 100a, incl. H and bio CO2",kg CO2-Eq,2026-08-03T11:11:51.683086+00:00,"esd-ei312-cutoff-image-ssp2-vlho-2060:338987850329174094:GWP 100a, incl. H and bio CO2",0.5207326365992204
image,SSP2-VLHO,2060,esd-ei312-cutoff-image-ssp2-vlho-2060,ecoinvent-3.12-cutoff,2.4.6,steel,low-alloyed steel market,WEU,approximate,"('esd-ei312-cutoff-image-ssp2-vlho-2060', 'e70a6d85556f411092ee4f54207fcdd8')",1 kg low-alloyed steel,EF v3.1,material resources: metals/minerals,abiotic depletion potential (ADP): elements (ultimate reserves),kg Sb-Eq,2026-08-03T11:11:51.683086+00:00,esd-ei312-cutoff-image-ssp2-vlho-2060:338987850329174094:abiotic depletion potential (ADP): elements (ultimate reserves),8.163181865215371e-06
image,SSP2-VLHO,2060,esd-ei312-cutoff-image-ssp2-vlho-2060,ecoinvent-3.12-cutoff,2.4.6,steel,low-alloyed steel market,WEU,approximate,"('esd-ei312-cutoff-image-ssp2-vlho-2060', 'e70a6d85556f411092ee4f54207fcdd8')",1 kg low-alloyed steel,EF v3.1,land use,soil quality index,dimensionless,2026-08-03T11:11:51.683086+00:00,esd-ei312-cutoff-image-ssp2-vlho-2060:338987850329174094:soil quality index,5.70726484559295
image,SSP2-VLHO,2060,esd-ei312-cutoff-image-ssp2-vlho-2060,ecoinvent-3.12-cutoff,2.4.6,steel,low-alloyed steel market,WEU,approximate,"('esd-ei312-cutoff-image-ssp2-vlho-2060', 'e70a6d85556f411092ee4f54207fcdd8')",1 kg low-alloyed steel,EF v3.1,water use,user deprivation potential (deprivation-weighted water consumption),m3 world Eq deprived,2026-08-03T11:11:51.683086+00:00,esd-ei312-cutoff-image-ssp2-vlho-2060:338987850329174094:user deprivation potential (deprivation-weighted water consumption),0.36962804712284625
image,SSP2-VLHO,2060,esd-ei312-cutoff-image-ssp2-vlho-2060,ecoinvent-3.12-cutoff,2.4.6,passenger_cars,passenger-car transport market,WEU,approximate,"('esd-ei312-cutoff-image-ssp2-vlho-2060', '4741680abe3445daa234f1b3da4caaa8')",1 vehicle-km passenger-car transport,IPCC 2021,climate change,"GWP 100a, incl. H and bio CO2",kg CO2-Eq,2026-08-03T11:11:51.683086+00:00,"esd-ei312-cutoff-image-ssp2-vlho-2060:338987850329184987:GWP 100a, incl. H and bio CO2",0.06906540784003581
image,SSP2-VLHO,2060,esd-ei312-cutoff-image-ssp2-vlho-2060,ecoinvent-3.12-cutoff,2.4.6,passenger_cars,passenger-car transport market,WEU,approximate,"('esd-ei312-cutoff-image-ssp2-vlho-2060', '4741680abe3445daa234f1b3da4caaa8')",1 vehicle-km passenger-car transport,EF v3.1,material resources: metals/minerals,abiotic depletion potential (ADP): elements (ultimate reserves),kg Sb-Eq,2026-08-03T11:11:51.683086+00:00,esd-ei312-cutoff-image-ssp2-vlho-2060:338987850329184987:abiotic depletion potential (ADP): elements (ultimate reserves),8.385860730193549e-06
image,SSP2-VLHO,2060,esd-ei312-cutoff-image-ssp2-vlho-2060,ecoinvent-3.12-cutoff,2.4.6,passenger_cars,passenger-car transport market,WEU,approximate,"('esd-ei312-cutoff-image-ssp2-vlho-2060', '4741680abe3445daa234f1b3da4caaa8')",1 vehicle-km passenger-car transport,EF v3.1,land use,soil quality index,dimensionless,2026-08-03T11:11:51.683086+00:00,esd-ei312-cutoff-image-ssp2-vlho-2060:338987850329184987:soil quality index,3.251157131222663
image,SSP2-VLHO,2060,esd-ei312-cutoff-image-ssp2-vlho-2060,ecoinvent-3.12-cutoff,2.4.6,passenger_cars,passenger-car transport market,WEU,approximate,"('esd-ei312-cutoff-image-ssp2-vlho-2060', '4741680abe3445daa234f1b3da4caaa8')",1 vehicle-km passenger-car transport,EF v3.1,water use,user deprivation potential (deprivation-weighted water consumption),m3 world Eq deprived,2026-08-03T11:11:51.683086+00:00,esd-ei312-cutoff-image-ssp2-vlho-2060:338987850329184987:user deprivation potential (deprivation-weighted water consumption),0.06122545095700127
image,SSP2-VLHO,2060,esd-ei312-cutoff-image-ssp2-vlho-2060,ecoinvent-3.12-cutoff,2.4.6,cement,unspecified cement market,CH,exact country within R10 Europe,"('esd-ei312-cutoff-image-ssp2-vlho-2060', '6ad013dc623f49088f7c8ed4709887f5')",1 kg unspecified cement,IPCC 2021,climate change,"GWP 100a, incl. H and bio CO2",kg CO2-Eq,2026-08-03T11:11:51.683086+00:00,"esd-ei312-cutoff-image-ssp2-vlho-2060:338987850329152978:GWP 100a, incl. H and bio CO2",0.13476029702713654
image,SSP2-VLHO,2060,esd-ei312-cutoff-image-ssp2-vlho-2060,ecoinvent-3.12-cutoff,2.4.6,cement,unspecified cement market,CH,exact country within R10 Europe,"('esd-ei312-cutoff-image-ssp2-vlho-2060', '6ad013dc623f49088f7c8ed4709887f5')",1 kg unspecified cement,EF v3.1,material resources: metals/minerals,abiotic depletion potential (ADP): elements (ultimate reserves),kg Sb-Eq,2026-08-03T11:11:51.683086+00:00,esd-ei312-cutoff-image-ssp2-vlho-2060:338987850329152978:abiotic depletion potential (ADP): elements (ultimate reserves),2.560041438565118e-06
image,SSP2-VLHO,2060,esd-ei312-cutoff-image-ssp2-vlho-2060,ecoinvent-3.12-cutoff,2.4.6,cement,unspecified cement market,CH,exact country within R10 Europe,"('esd-ei312-cutoff-image-ssp2-vlho-2060', '6ad013dc623f49088f7c8ed4709887f5')",1 kg unspecified cement,EF v3.1,land use,soil quality index,dimensionless,2026-08-03T11:11:51.683086+00:00,esd-ei312-cutoff-image-ssp2-vlho-2060:338987850329152978:soil quality index,1.4464967701702938
image,SSP2-VLHO,2060,esd-ei312-cutoff-image-ssp2-vlho-2060,ecoinvent-3.12-cutoff,2.4.6,cement,unspecified cement market,CH,exact country within R10 Europe,"('esd-ei312-cutoff-image-ssp2-vlho-2060', '6ad013dc623f49088f7c8ed4709887f5')",1 kg unspecified cement,EF v3.1,water use,user deprivation potential (deprivation-weighted water consumption),m3 world Eq deprived,2026-08-03T11:11:51.683086+00:00,esd-ei312-cutoff-image-ssp2-vlho-2060:338987850329152978:user deprivation potential (deprivation-weighted water consumption),0.14857097954484452
image,SSP2-VLHO,2060,esd-ei312-cutoff-image-ssp2-vlho-2060,ecoinvent-3.12-cutoff,2.4.6,dac,sorbent-based DAC,WEU,approximate,"('esd-ei312-cutoff-image-ssp2-vlho-2060', '1202899b5c174a899db119d12b48191b')",1 kg CO2 captured and durably stored,IPCC 2021,climate change,"GWP 100a, incl. H and bio CO2",kg CO2-Eq,2026-08-03T11:11:51.683086+00:00,"esd-ei312-cutoff-image-ssp2-vlho-2060:338987850329184017:GWP 100a, incl. H and bio CO2",-1.0245553530594749
image,SSP2-VLHO,2060,esd-ei312-cutoff-image-ssp2-vlho-2060,ecoinvent-3.12-cutoff,2.4.6,dac,sorbent-based DAC,WEU,approximate,"('esd-ei312-cutoff-image-ssp2-vlho-2060', '1202899b5c174a899db119d12b48191b')",1 kg CO2 captured and durably stored,EF v3.1,material resources: metals/minerals,abiotic depletion potential (ADP): elements (ultimate reserves),kg Sb-Eq,2026-08-03T11:11:51.683086+00:00,esd-ei312-cutoff-image-ssp2-vlho-2060:338987850329184017:abiotic depletion potential (ADP): elements (ultimate reserves),2.290361213486318e-06
image,SSP2-VLHO,2060,esd-ei312-cutoff-image-ssp2-vlho-2060,ecoinvent-3.12-cutoff,2.4.6,dac,sorbent-based DAC,WEU,approximate,"('esd-ei312-cutoff-image-ssp2-vlho-2060', '1202899b5c174a899db119d12b48191b')",1 kg CO2 captured and durably stored,EF v3.1,land use,soil quality index,dimensionless,2026-08-03T11:11:51.683086+00:00,esd-ei312-cutoff-image-ssp2-vlho-2060:338987850329184017:soil quality index,4.363728148609937
image,SSP2-VLHO,2060,esd-ei312-cutoff-image-ssp2-vlho-2060,ecoinvent-3.12-cutoff,2.4.6,dac,sorbent-based DAC,WEU,approximate,"('esd-ei312-cutoff-image-ssp2-vlho-2060', '1202899b5c174a899db119d12b48191b')",1 kg CO2 captured and durably stored,EF v3.1,water use,user deprivation potential (deprivation-weighted water consumption),m3 world Eq deprived,2026-08-03T11:11:51.683086+00:00,esd-ei312-cutoff-image-ssp2-vlho-2060:338987850329184017:user deprivation potential (deprivation-weighted water consumption),0.16725409178974804
image,SSP2-VLHO,2060,esd-ei312-cutoff-image-ssp2-vlho-2060,ecoinvent-3.12-cutoff,2.4.6,dac,solvent-based DAC,WEU,approximate,"('esd-ei312-cutoff-image-ssp2-vlho-2060', '236ab95c52b4415da158e0cb845fff70')",1 kg CO2 captured and durably stored,IPCC 2021,climate change,"GWP 100a, incl. H and bio CO2",kg CO2-Eq,2026-08-03T11:11:51.683086+00:00,"esd-ei312-cutoff-image-ssp2-vlho-2060:338987850329183801:GWP 100a, incl. H and bio CO2",-1.010837088702596
image,SSP2-VLHO,2060,esd-ei312-cutoff-image-ssp2-vlho-2060,ecoinvent-3.12-cutoff,2.4.6,dac,solvent-based DAC,WEU,approximate,"('esd-ei312-cutoff-image-ssp2-vlho-2060', '236ab95c52b4415da158e0cb845fff70')",1 kg CO2 captured and durably stored,EF v3.1,material resources: metals/minerals,abiotic depletion potential (ADP): elements (ultimate reserves),kg Sb-Eq,2026-08-03T11:11:51.683086+00:00,esd-ei312-cutoff-image-ssp2-vlho-2060:338987850329183801:abiotic depletion potential (ADP): elements (ultimate reserves),1.4655546101705188e-06
image,SSP2-VLHO,2060,esd-ei312-cutoff-image-ssp2-vlho-2060,ecoinvent-3.12-cutoff,2.4.6,dac,solvent-based DAC,WEU,approximate,"('esd-ei312-cutoff-image-ssp2-vlho-2060', '236ab95c52b4415da158e0cb845fff70')",1 kg CO2 captured and durably stored,EF v3.1,land use,soil quality index,dimensionless,2026-08-03T11:11:51.683086+00:00,esd-ei312-cutoff-image-ssp2-vlho-2060:338987850329183801:soil quality index,3.085876246353468
image,SSP2-VLHO,2060,esd-ei312-cutoff-image-ssp2-vlho-2060,ecoinvent-3.12-cutoff,2.4.6,dac,solvent-based DAC,WEU,approximate,"('esd-ei312-cutoff-image-ssp2-vlho-2060', '236ab95c52b4415da158e0cb845fff70')",1 kg CO2 captured and durably stored,EF v3.1,water use,user deprivation potential (deprivation-weighted water consumption),m3 world Eq deprived,2026-08-03T11:11:51.683086+00:00,esd-ei312-cutoff-image-ssp2-vlho-2060:338987850329183801:user deprivation potential (deprivation-weighted water consumption),0.11106211896139176
image,SSP1-L,2020,esd-ei312-cutoff-image-ssp1-l-2020,ecoinvent-3.12-cutoff,2.4.6,electricity,low-voltage electricity,CH,exact country within R10 Europe,"('esd-ei312-cutoff-image-ssp1-l-2020', 'a806be078184442b9ad7e4db2517ca6a')",1 kWh low-voltage electricity,IPCC 2021,climate change,"GWP 100a, incl. H and bio CO2",kg CO2-Eq,2026-08-03T11:48:27.202015+00:00,"esd-ei312-cutoff-image-ssp1-l-2020:338987850329206638:GWP 100a, incl. H and bio CO2",0.2508192477997371
image,SSP1-L,2020,esd-ei312-cutoff-image-ssp1-l-2020,ecoinvent-3.12-cutoff,2.4.6,electricity,low-voltage electricity,CH,exact country within R10 Europe,"('esd-ei312-cutoff-image-ssp1-l-2020', 'a806be078184442b9ad7e4db2517ca6a')",1 kWh low-voltage electricity,EF v3.1,material resources: metals/minerals,abiotic depletion potential (ADP): elements (ultimate reserves),kg Sb-Eq,2026-08-03T11:48:27.202015+00:00,esd-ei312-cutoff-image-ssp1-l-2020:338987850329206638:abiotic depletion potential (ADP): elements (ultimate reserves),2.5115283379074105e-06
image,SSP1-L,2020,esd-ei312-cutoff-image-ssp1-l-2020,ecoinvent-3.12-cutoff,2.4.6,electricity,low-voltage electricity,CH,exact country within R10 Europe,"('esd-ei312-cutoff-image-ssp1-l-2020', 'a806be078184442b9ad7e4db2517ca6a')",1 kWh low-voltage electricity,EF v3.1,land use,soil quality index,dimensionless,2026-08-03T11:48:27.202015+00:00,esd-ei312-cutoff-image-ssp1-l-2020:338987850329206638:soil quality index,1.6478394399589527
image,SSP1-L,2020,esd-ei312-cutoff-image-ssp1-l-2020,ecoinvent-3.12-cutoff,2.4.6,electricity,low-voltage electricity,CH,exact country within R10 Europe,"('esd-ei312-cutoff-image-ssp1-l-2020', 'a806be078184442b9ad7e4db2517ca6a')",1 kWh low-voltage electricity,EF v3.1,water use,user deprivation potential (deprivation-weighted water consumption),m3 world Eq deprived,2026-08-03T11:48:27.202015+00:00,esd-ei312-cutoff-image-ssp1-l-2020:338987850329206638:user deprivation potential (deprivation-weighted water consumption),0.18230747913731946
image,SSP1-L,2020,esd-ei312-cutoff-image-ssp1-l-2020,ecoinvent-3.12-cutoff,2.4.6,steel,low-alloyed steel market,WEU,approximate,"('esd-ei312-cutoff-image-ssp1-l-2020', 'e234955cd5cb4fd9a8da4c29977c7a20')",1 kg low-alloyed steel,IPCC 2021,climate change,"GWP 100a, incl. H and bio CO2",kg CO2-Eq,2026-08-03T11:48:27.202015+00:00,"esd-ei312-cutoff-image-ssp1-l-2020:338987850329224877:GWP 100a, incl. H and bio CO2",1.4053526108344392
image,SSP1-L,2020,esd-ei312-cutoff-image-ssp1-l-2020,ecoinvent-3.12-cutoff,2.4.6,steel,low-alloyed steel market,WEU,approximate,"('esd-ei312-cutoff-image-ssp1-l-2020', 'e234955cd5cb4fd9a8da4c29977c7a20')",1 kg low-alloyed steel,EF v3.1,material resources: metals/minerals,abiotic depletion potential (ADP): elements (ultimate reserves),kg Sb-Eq,2026-08-03T11:48:27.202015+00:00,esd-ei312-cutoff-image-ssp1-l-2020:338987850329224877:abiotic depletion potential (ADP): elements (ultimate reserves),7.269809296484373e-06
image,SSP1-L,2020,esd-ei312-cutoff-image-ssp1-l-2020,ecoinvent-3.12-cutoff,2.4.6,steel,low-alloyed steel market,WEU,approximate,"('esd-ei312-cutoff-image-ssp1-l-2020', 'e234955cd5cb4fd9a8da4c29977c7a20')",1 kg low-alloyed steel,EF v3.1,land use,soil quality index,dimensionless,2026-08-03T11:48:27.202015+00:00,esd-ei312-cutoff-image-ssp1-l-2020:338987850329224877:soil quality index,4.675984651681856
image,SSP1-L,2020,esd-ei312-cutoff-image-ssp1-l-2020,ecoinvent-3.12-cutoff,2.4.6,steel,low-alloyed steel market,WEU,approximate,"('esd-ei312-cutoff-image-ssp1-l-2020', 'e234955cd5cb4fd9a8da4c29977c7a20')",1 kg low-alloyed steel,EF v3.1,water use,user deprivation potential (deprivation-weighted water consumption),m3 world Eq deprived,2026-08-03T11:48:27.202015+00:00,esd-ei312-cutoff-image-ssp1-l-2020:338987850329224877:user deprivation potential (deprivation-weighted water consumption),0.4463132028496502
image,SSP1-L,2020,esd-ei312-cutoff-image-ssp1-l-2020,ecoinvent-3.12-cutoff,2.4.6,passenger_cars,passenger-car transport market,WEU,approximate,"('esd-ei312-cutoff-image-ssp1-l-2020', '3329493daae24a6f9457836ca000504d')",1 vehicle-km passenger-car transport,IPCC 2021,climate change,"GWP 100a, incl. H and bio CO2",kg CO2-Eq,2026-08-03T11:48:27.202015+00:00,"esd-ei312-cutoff-image-ssp1-l-2020:338987850329235728:GWP 100a, incl. H and bio CO2",0.303369273193561
image,SSP1-L,2020,esd-ei312-cutoff-image-ssp1-l-2020,ecoinvent-3.12-cutoff,2.4.6,passenger_cars,passenger-car transport market,WEU,approximate,"('esd-ei312-cutoff-image-ssp1-l-2020', '3329493daae24a6f9457836ca000504d')",1 vehicle-km passenger-car transport,EF v3.1,material resources: metals/minerals,abiotic depletion potential (ADP): elements (ultimate reserves),kg Sb-Eq,2026-08-03T11:48:27.202015+00:00,esd-ei312-cutoff-image-ssp1-l-2020:338987850329235728:abiotic depletion potential (ADP): elements (ultimate reserves),5.848389558674754e-06
image,SSP1-L,2020,esd-ei312-cutoff-image-ssp1-l-2020,ecoinvent-3.12-cutoff,2.4.6,passenger_cars,passenger-car transport market,WEU,approximate,"('esd-ei312-cutoff-image-ssp1-l-2020', '3329493daae24a6f9457836ca000504d')",1 vehicle-km passenger-car transport,EF v3.1,land use,soil quality index,dimensionless,2026-08-03T11:48:27.202015+00:00,esd-ei312-cutoff-image-ssp1-l-2020:338987850329235728:soil quality index,2.450310383304128
image,SSP1-L,2020,esd-ei312-cutoff-image-ssp1-l-2020,ecoinvent-3.12-cutoff,2.4.6,passenger_cars,passenger-car transport market,WEU,approximate,"('esd-ei312-cutoff-image-ssp1-l-2020', '3329493daae24a6f9457836ca000504d')",1 vehicle-km passenger-car transport,EF v3.1,water use,user deprivation potential (deprivation-weighted water consumption),m3 world Eq deprived,2026-08-03T11:48:27.202015+00:00,esd-ei312-cutoff-image-ssp1-l-2020:338987850329235728:user deprivation potential (deprivation-weighted water consumption),0.057489144167815254
image,SSP1-L,2020,esd-ei312-cutoff-image-ssp1-l-2020,ecoinvent-3.12-cutoff,2.4.6,cement,unspecified cement market,CH,exact country within R10 Europe,"('esd-ei312-cutoff-image-ssp1-l-2020', '7b8af082824b46d8a4a45169f27bd0b2')",1 kg unspecified cement,IPCC 2021,climate change,"GWP 100a, incl. H and bio CO2",kg CO2-Eq,2026-08-03T11:48:27.202015+00:00,"esd-ei312-cutoff-image-ssp1-l-2020:338987850329203761:GWP 100a, incl. H and bio CO2",0.7578146903786918
image,SSP1-L,2020,esd-ei312-cutoff-image-ssp1-l-2020,ecoinvent-3.12-cutoff,2.4.6,cement,unspecified cement market,CH,exact country within R10 Europe,"('esd-ei312-cutoff-image-ssp1-l-2020', '7b8af082824b46d8a4a45169f27bd0b2')",1 kg unspecified cement,EF v3.1,material resources: metals/minerals,abiotic depletion potential (ADP): elements (ultimate reserves),kg Sb-Eq,2026-08-03T11:48:27.202015+00:00,esd-ei312-cutoff-image-ssp1-l-2020:338987850329203761:abiotic depletion potential (ADP): elements (ultimate reserves),2.0104657754737422e-06
image,SSP1-L,2020,esd-ei312-cutoff-image-ssp1-l-2020,ecoinvent-3.12-cutoff,2.4.6,cement,unspecified cement market,CH,exact country within R10 Europe,"('esd-ei312-cutoff-image-ssp1-l-2020', '7b8af082824b46d8a4a45169f27bd0b2')",1 kg unspecified cement,EF v3.1,land use,soil quality index,dimensionless,2026-08-03T11:48:27.202015+00:00,esd-ei312-cutoff-image-ssp1-l-2020:338987850329203761:soil quality index,0.8488546462843679
image,SSP1-L,2020,esd-ei312-cutoff-image-ssp1-l-2020,ecoinvent-3.12-cutoff,2.4.6,cement,unspecified cement market,CH,exact country within R10 Europe,"('esd-ei312-cutoff-image-ssp1-l-2020', '7b8af082824b46d8a4a45169f27bd0b2')",1 kg unspecified cement,EF v3.1,water use,user deprivation potential (deprivation-weighted water consumption),m3 world Eq deprived,2026-08-03T11:48:27.202015+00:00,esd-ei312-cutoff-image-ssp1-l-2020:338987850329203761:user deprivation potential (deprivation-weighted water consumption),0.057631670383496765
image,SSP1-L,2020,esd-ei312-cutoff-image-ssp1-l-2020,ecoinvent-3.12-cutoff,2.4.6,dac,sorbent-based DAC,WEU,approximate,"('esd-ei312-cutoff-image-ssp1-l-2020', 'd3d20840335741dbb1465d747ac5f372')",1 kg CO2 captured and durably stored,IPCC 2021,climate change,"GWP 100a, incl. H and bio CO2",kg CO2-Eq,2026-08-03T11:48:27.202015+00:00,"esd-ei312-cutoff-image-ssp1-l-2020:338987850329234785:GWP 100a, incl. H and bio CO2",-0.4619107614782022
image,SSP1-L,2020,esd-ei312-cutoff-image-ssp1-l-2020,ecoinvent-3.12-cutoff,2.4.6,dac,sorbent-based DAC,WEU,approximate,"('esd-ei312-cutoff-image-ssp1-l-2020', 'd3d20840335741dbb1465d747ac5f372')",1 kg CO2 captured and durably stored,EF v3.1,material resources: metals/minerals,abiotic depletion potential (ADP): elements (ultimate reserves),kg Sb-Eq,2026-08-03T11:48:27.202015+00:00,esd-ei312-cutoff-image-ssp1-l-2020:338987850329234785:abiotic depletion potential (ADP): elements (ultimate reserves),9.351029597777181e-07
image,SSP1-L,2020,esd-ei312-cutoff-image-ssp1-l-2020,ecoinvent-3.12-cutoff,2.4.6,dac,sorbent-based DAC,WEU,approximate,"('esd-ei312-cutoff-image-ssp1-l-2020', 'd3d20840335741dbb1465d747ac5f372')",1 kg CO2 captured and durably stored,EF v3.1,land use,soil quality index,dimensionless,2026-08-03T11:48:27.202015+00:00,esd-ei312-cutoff-image-ssp1-l-2020:338987850329234785:soil quality index,2.8253846683689403
image,SSP1-L,2020,esd-ei312-cutoff-image-ssp1-l-2020,ecoinvent-3.12-cutoff,2.4.6,dac,sorbent-based DAC,WEU,approximate,"('esd-ei312-cutoff-image-ssp1-l-2020', 'd3d20840335741dbb1465d747ac5f372')",1 kg CO2 captured and durably stored,EF v3.1,water use,user deprivation potential (deprivation-weighted water consumption),m3 world Eq deprived,2026-08-03T11:48:27.202015+00:00,esd-ei312-cutoff-image-ssp1-l-2020:338987850329234785:user deprivation potential (deprivation-weighted water consumption),0.25699860460396584
image,SSP1-L,2020,esd-ei312-cutoff-image-ssp1-l-2020,ecoinvent-3.12-cutoff,2.4.6,dac,solvent-based DAC,WEU,approximate,"('esd-ei312-cutoff-image-ssp1-l-2020', 'c85af4a441bf49ea8f1fe371148dad3e')",1 kg CO2 captured and durably stored,IPCC 2021,climate change,"GWP 100a, incl. H and bio CO2",kg CO2-Eq,2026-08-03T11:48:27.202015+00:00,"esd-ei312-cutoff-image-ssp1-l-2020:338987850329234569:GWP 100a, incl. H and bio CO2",-0.6202454258822074
image,SSP1-L,2020,esd-ei312-cutoff-image-ssp1-l-2020,ecoinvent-3.12-cutoff,2.4.6,dac,solvent-based DAC,WEU,approximate,"('esd-ei312-cutoff-image-ssp1-l-2020', 'c85af4a441bf49ea8f1fe371148dad3e')",1 kg CO2 captured and durably stored,EF v3.1,material resources: metals/minerals,abiotic depletion potential (ADP): elements (ultimate reserves),kg Sb-Eq,2026-08-03T11:48:27.202015+00:00,esd-ei312-cutoff-image-ssp1-l-2020:338987850329234569:abiotic depletion potential (ADP): elements (ultimate reserves),5.33770870344966e-07
image,SSP1-L,2020,esd-ei312-cutoff-image-ssp1-l-2020,ecoinvent-3.12-cutoff,2.4.6,dac,solvent-based DAC,WEU,approximate,"('esd-ei312-cutoff-image-ssp1-l-2020', 'c85af4a441bf49ea8f1fe371148dad3e')",1 kg CO2 captured and durably stored,EF v3.1,land use,soil quality index,dimensionless,2026-08-03T11:48:27.202015+00:00,esd-ei312-cutoff-image-ssp1-l-2020:338987850329234569:soil quality index,1.9185570866509996
image,SSP1-L,2020,esd-ei312-cutoff-image-ssp1-l-2020,ecoinvent-3.12-cutoff,2.4.6,dac,solvent-based DAC,WEU,approximate,"('esd-ei312-cutoff-image-ssp1-l-2020', 'c85af4a441bf49ea8f1fe371148dad3e')",1 kg CO2 captured and durably stored,EF v3.1,water use,user deprivation potential (deprivation-weighted water consumption),m3 world Eq deprived,2026-08-03T11:48:27.202015+00:00,esd-ei312-cutoff-image-ssp1-l-2020:338987850329234569:user deprivation potential (deprivation-weighted water consumption),0.1672288877376951
image,SSP2-M,2020,esd-ei312-cutoff-image-ssp2-m-2020,ecoinvent-3.12-cutoff,2.4.6,electricity,low-voltage electricity,CH,exact country within R10 Europe,"('esd-ei312-cutoff-image-ssp2-m-2020', '43bf1b0829a84086a4238552d8b53885')",1 kWh low-voltage electricity,IPCC 2021,climate change,"GWP 100a, incl. H and bio CO2",kg CO2-Eq,2026-08-03T11:48:27.202015+00:00,"esd-ei312-cutoff-image-ssp2-m-2020:338987850329257379:GWP 100a, incl. H and bio CO2",0.2508192478004856
image,SSP2-M,2020,esd-ei312-cutoff-image-ssp2-m-2020,ecoinvent-3.12-cutoff,2.4.6,electricity,low-voltage electricity,CH,exact country within R10 Europe,"('esd-ei312-cutoff-image-ssp2-m-2020', '43bf1b0829a84086a4238552d8b53885')",1 kWh low-voltage electricity,EF v3.1,material resources: metals/minerals,abiotic depletion potential (ADP): elements (ultimate reserves),kg Sb-Eq,2026-08-03T11:48:27.202015+00:00,esd-ei312-cutoff-image-ssp2-m-2020:338987850329257379:abiotic depletion potential (ADP): elements (ultimate reserves),2.511528337909263e-06
image,SSP2-M,2020,esd-ei312-cutoff-image-ssp2-m-2020,ecoinvent-3.12-cutoff,2.4.6,electricity,low-voltage electricity,CH,exact country within R10 Europe,"('esd-ei312-cutoff-image-ssp2-m-2020', '43bf1b0829a84086a4238552d8b53885')",1 kWh low-voltage electricity,EF v3.1,land use,soil quality index,dimensionless,2026-08-03T11:48:27.202015+00:00,esd-ei312-cutoff-image-ssp2-m-2020:338987850329257379:soil quality index,1.6478394399609186
image,SSP2-M,2020,esd-ei312-cutoff-image-ssp2-m-2020,ecoinvent-3.12-cutoff,2.4.6,electricity,low-voltage electricity,CH,exact country within R10 Europe,"('esd-ei312-cutoff-image-ssp2-m-2020', '43bf1b0829a84086a4238552d8b53885')",1 kWh low-voltage electricity,EF v3.1,water use,user deprivation potential (deprivation-weighted water consumption),m3 world Eq deprived,2026-08-03T11:48:27.202015+00:00,esd-ei312-cutoff-image-ssp2-m-2020:338987850329257379:user deprivation potential (deprivation-weighted water consumption),0.18230747913754544
image,SSP2-M,2020,esd-ei312-cutoff-image-ssp2-m-2020,ecoinvent-3.12-cutoff,2.4.6,steel,low-alloyed steel market,WEU,approximate,"('esd-ei312-cutoff-image-ssp2-m-2020', 'f07bf28504ca4ecf9e924172292c2592')",1 kg low-alloyed steel,IPCC 2021,climate change,"GWP 100a, incl. H and bio CO2",kg CO2-Eq,2026-08-03T11:48:27.202015+00:00,"esd-ei312-cutoff-image-ssp2-m-2020:338987850329275618:GWP 100a, incl. H and bio CO2",1.4053526108374135
image,SSP2-M,2020,esd-ei312-cutoff-image-ssp2-m-2020,ecoinvent-3.12-cutoff,2.4.6,steel,low-alloyed steel market,WEU,approximate,"('esd-ei312-cutoff-image-ssp2-m-2020', 'f07bf28504ca4ecf9e924172292c2592')",1 kg low-alloyed steel,EF v3.1,material resources: metals/minerals,abiotic depletion potential (ADP): elements (ultimate reserves),kg Sb-Eq,2026-08-03T11:48:27.202015+00:00,esd-ei312-cutoff-image-ssp2-m-2020:338987850329275618:abiotic depletion potential (ADP): elements (ultimate reserves),7.269809296491624e-06
image,SSP2-M,2020,esd-ei312-cutoff-image-ssp2-m-2020,ecoinvent-3.12-cutoff,2.4.6,steel,low-alloyed steel market,WEU,approximate,"('esd-ei312-cutoff-image-ssp2-m-2020', 'f07bf28504ca4ecf9e924172292c2592')",1 kg low-alloyed steel,EF v3.1,land use,soil quality index,dimensionless,2026-08-03T11:48:27.202015+00:00,esd-ei312-cutoff-image-ssp2-m-2020:338987850329275618:soil quality index,4.675984651689615
image,SSP2-M,2020,esd-ei312-cutoff-image-ssp2-m-2020,ecoinvent-3.12-cutoff,2.4.6,steel,low-alloyed steel market,WEU,approximate,"('esd-ei312-cutoff-image-ssp2-m-2020', 'f07bf28504ca4ecf9e924172292c2592')",1 kg low-alloyed steel,EF v3.1,water use,user deprivation potential (deprivation-weighted water consumption),m3 world Eq deprived,2026-08-03T11:48:27.202015+00:00,esd-ei312-cutoff-image-ssp2-m-2020:338987850329275618:user deprivation potential (deprivation-weighted water consumption),0.44631320285054304
image,SSP2-M,2020,esd-ei312-cutoff-image-ssp2-m-2020,ecoinvent-3.12-cutoff,2.4.6,passenger_cars,passenger-car transport market,WEU,approximate,"('esd-ei312-cutoff-image-ssp2-m-2020', '6756b135e23547cb9634aaaff3ed896b')",1 vehicle-km passenger-car transport,IPCC 2021,climate change,"GWP 100a, incl. H and bio CO2",kg CO2-Eq,2026-08-03T11:48:27.202015+00:00,"esd-ei312-cutoff-image-ssp2-m-2020:338987850329286469:GWP 100a, incl. H and bio CO2",0.30336927319653517
image,SSP2-M,2020,esd-ei312-cutoff-image-ssp2-m-2020,ecoinvent-3.12-cutoff,2.4.6,passenger_cars,passenger-car transport market,WEU,approximate,"('esd-ei312-cutoff-image-ssp2-m-2020', '6756b135e23547cb9634aaaff3ed896b')",1 vehicle-km passenger-car transport,EF v3.1,material resources: metals/minerals,abiotic depletion potential (ADP): elements (ultimate reserves),kg Sb-Eq,2026-08-03T11:48:27.202015+00:00,esd-ei312-cutoff-image-ssp2-m-2020:338987850329286469:abiotic depletion potential (ADP): elements (ultimate reserves),5.8483895586811706e-06
image,SSP2-M,2020,esd-ei312-cutoff-image-ssp2-m-2020,ecoinvent-3.12-cutoff,2.4.6,passenger_cars,passenger-car transport market,WEU,approximate,"('esd-ei312-cutoff-image-ssp2-m-2020', '6756b135e23547cb9634aaaff3ed896b')",1 vehicle-km passenger-car transport,EF v3.1,land use,soil quality index,dimensionless,2026-08-03T11:48:27.202015+00:00,esd-ei312-cutoff-image-ssp2-m-2020:338987850329286469:soil quality index,2.4503103833117326
image,SSP2-M,2020,esd-ei312-cutoff-image-ssp2-m-2020,ecoinvent-3.12-cutoff,2.4.6,passenger_cars,passenger-car transport market,WEU,approximate,"('esd-ei312-cutoff-image-ssp2-m-2020', '6756b135e23547cb9634aaaff3ed896b')",1 vehicle-km passenger-car transport,EF v3.1,water use,user deprivation potential (deprivation-weighted water consumption),m3 world Eq deprived,2026-08-03T11:48:27.202015+00:00,esd-ei312-cutoff-image-ssp2-m-2020:338987850329286469:user deprivation potential (deprivation-weighted water consumption),0.05748914416867184
image,SSP2-M,2020,esd-ei312-cutoff-image-ssp2-m-2020,ecoinvent-3.12-cutoff,2.4.6,cement,unspecified cement market,CH,exact country within R10 Europe,"('esd-ei312-cutoff-image-ssp2-m-2020', '31b441eef6834c3a847409efdef2b038')",1 kg unspecified cement,IPCC 2021,climate change,"GWP 100a, incl. H and bio CO2",kg CO2-Eq,2026-08-03T11:48:27.202015+00:00,"esd-ei312-cutoff-image-ssp2-m-2020:338987850329254502:GWP 100a, incl. H and bio CO2",0.757814690379399
image,SSP2-M,2020,esd-ei312-cutoff-image-ssp2-m-2020,ecoinvent-3.12-cutoff,2.4.6,cement,unspecified cement market,CH,exact country within R10 Europe,"('esd-ei312-cutoff-image-ssp2-m-2020', '31b441eef6834c3a847409efdef2b038')",1 kg unspecified cement,EF v3.1,material resources: metals/minerals,abiotic depletion potential (ADP): elements (ultimate reserves),kg Sb-Eq,2026-08-03T11:48:27.202015+00:00,esd-ei312-cutoff-image-ssp2-m-2020:338987850329254502:abiotic depletion potential (ADP): elements (ultimate reserves),2.0104657754755193e-06
image,SSP2-M,2020,esd-ei312-cutoff-image-ssp2-m-2020,ecoinvent-3.12-cutoff,2.4.6,cement,unspecified cement market,CH,exact country within R10 Europe,"('esd-ei312-cutoff-image-ssp2-m-2020', '31b441eef6834c3a847409efdef2b038')",1 kg unspecified cement,EF v3.1,land use,soil quality index,dimensionless,2026-08-03T11:48:27.202015+00:00,esd-ei312-cutoff-image-ssp2-m-2020:338987850329254502:soil quality index,0.8488546462862212
image,SSP2-M,2020,esd-ei312-cutoff-image-ssp2-m-2020,ecoinvent-3.12-cutoff,2.4.6,cement,unspecified cement market,CH,exact country within R10 Europe,"('esd-ei312-cutoff-image-ssp2-m-2020', '31b441eef6834c3a847409efdef2b038')",1 kg unspecified cement,EF v3.1,water use,user deprivation potential (deprivation-weighted water consumption),m3 world Eq deprived,2026-08-03T11:48:27.202015+00:00,esd-ei312-cutoff-image-ssp2-m-2020:338987850329254502:user deprivation potential (deprivation-weighted water consumption),0.057631670383711545
image,SSP2-M,2020,esd-ei312-cutoff-image-ssp2-m-2020,ecoinvent-3.12-cutoff,2.4.6,dac,sorbent-based DAC,WEU,approximate,"('esd-ei312-cutoff-image-ssp2-m-2020', '0cadecf273304e6c908dcd8d1173b42a')",1 kg CO2 captured and durably stored,IPCC 2021,climate change,"GWP 100a, incl. H and bio CO2",kg CO2-Eq,2026-08-03T11:48:27.202015+00:00,"esd-ei312-cutoff-image-ssp2-m-2020:338987850329285526:GWP 100a, incl. H and bio CO2",-0.4619107614762997
image,SSP2-M,2020,esd-ei312-cutoff-image-ssp2-m-2020,ecoinvent-3.12-cutoff,2.4.6,dac,sorbent-based DAC,WEU,approximate,"('esd-ei312-cutoff-image-ssp2-m-2020', '0cadecf273304e6c908dcd8d1173b42a')",1 kg CO2 captured and durably stored,EF v3.1,material resources: metals/minerals,abiotic depletion potential (ADP): elements (ultimate reserves),kg Sb-Eq,2026-08-03T11:48:27.202015+00:00,esd-ei312-cutoff-image-ssp2-m-2020:338987850329285526:abiotic depletion potential (ADP): elements (ultimate reserves),9.351029597821451e-07
image,SSP2-M,2020,esd-ei312-cutoff-image-ssp2-m-2020,ecoinvent-3.12-cutoff,2.4.6,dac,sorbent-based DAC,WEU,approximate,"('esd-ei312-cutoff-image-ssp2-m-2020', '0cadecf273304e6c908dcd8d1173b42a')",1 kg CO2 captured and durably stored,EF v3.1,land use,soil quality index,dimensionless,2026-08-03T11:48:27.202015+00:00,esd-ei312-cutoff-image-ssp2-m-2020:338987850329285526:soil quality index,2.8253846683738506
image,SSP2-M,2020,esd-ei312-cutoff-image-ssp2-m-2020,ecoinvent-3.12-cutoff,2.4.6,dac,sorbent-based DAC,WEU,approximate,"('esd-ei312-cutoff-image-ssp2-m-2020', '0cadecf273304e6c908dcd8d1173b42a')",1 kg CO2 captured and durably stored,EF v3.1,water use,user deprivation potential (deprivation-weighted water consumption),m3 world Eq deprived,2026-08-03T11:48:27.202015+00:00,esd-ei312-cutoff-image-ssp2-m-2020:338987850329285526:user deprivation potential (deprivation-weighted water consumption),0.2569986046045277
image,SSP2-M,2020,esd-ei312-cutoff-image-ssp2-m-2020,ecoinvent-3.12-cutoff,2.4.6,dac,solvent-based DAC,WEU,approximate,"('esd-ei312-cutoff-image-ssp2-m-2020', '9bdc0829efa848028a52aa57c5083aa3')",1 kg CO2 captured and durably stored,IPCC 2021,climate change,"GWP 100a, incl. H and bio CO2",kg CO2-Eq,2026-08-03T11:48:27.202015+00:00,"esd-ei312-cutoff-image-ssp2-m-2020:338987850329285310:GWP 100a, incl. H and bio CO2",-0.6202454258810632
image,SSP2-M,2020,esd-ei312-cutoff-image-ssp2-m-2020,ecoinvent-3.12-cutoff,2.4.6,dac,solvent-based DAC,WEU,approximate,"('esd-ei312-cutoff-image-ssp2-m-2020', '9bdc0829efa848028a52aa57c5083aa3')",1 kg CO2 captured and durably stored,EF v3.1,material resources: metals/minerals,abiotic depletion potential (ADP): elements (ultimate reserves),kg Sb-Eq,2026-08-03T11:48:27.202015+00:00,esd-ei312-cutoff-image-ssp2-m-2020:338987850329285310:abiotic depletion potential (ADP): elements (ultimate reserves),5.337708703476664e-07
image,SSP2-M,2020,esd-ei312-cutoff-image-ssp2-m-2020,ecoinvent-3.12-cutoff,2.4.6,dac,solvent-based DAC,WEU,approximate,"('esd-ei312-cutoff-image-ssp2-m-2020', '9bdc0829efa848028a52aa57c5083aa3')",1 kg CO2 captured and durably stored,EF v3.1,land use,soil quality index,dimensionless,2026-08-03T11:48:27.202015+00:00,esd-ei312-cutoff-image-ssp2-m-2020:338987850329285310:soil quality index,1.9185570866539794
image,SSP2-M,2020,esd-ei312-cutoff-image-ssp2-m-2020,ecoinvent-3.12-cutoff,2.4.6,dac,solvent-based DAC,WEU,approximate,"('esd-ei312-cutoff-image-ssp2-m-2020', '9bdc0829efa848028a52aa57c5083aa3')",1 kg CO2 captured and durably stored,EF v3.1,water use,user deprivation potential (deprivation-weighted water consumption),m3 world Eq deprived,2026-08-03T11:48:27.202015+00:00,esd-ei312-cutoff-image-ssp2-m-2020:338987850329285310:user deprivation potential (deprivation-weighted water consumption),0.16722888773803443
image,SSP3-H,2020,esd-ei312-cutoff-image-ssp3-h-2020,ecoinvent-3.12-cutoff,2.4.6,electricity,low-voltage electricity,CH,exact country within R10 Europe,"('esd-ei312-cutoff-image-ssp3-h-2020', 'da67804763b145849eb593b14c2951df')",1 kWh low-voltage electricity,IPCC 2021,climate change,"GWP 100a, incl. H and bio CO2",kg CO2-Eq,2026-08-03T11:48:27.202015+00:00,"esd-ei312-cutoff-image-ssp3-h-2020:338987850329308120:GWP 100a, incl. H and bio CO2",0.25082056160757954
image,SSP3-H,2020,esd-ei312-cutoff-image-ssp3-h-2020,ecoinvent-3.12-cutoff,2.4.6,electricity,low-voltage electricity,CH,exact country within R10 Europe,"('esd-ei312-cutoff-image-ssp3-h-2020', 'da67804763b145849eb593b14c2951df')",1 kWh low-voltage electricity,EF v3.1,material resources: metals/minerals,abiotic depletion potential (ADP): elements (ultimate reserves),kg Sb-Eq,2026-08-03T11:48:27.202015+00:00,esd-ei312-cutoff-image-ssp3-h-2020:338987850329308120:abiotic depletion potential (ADP): elements (ultimate reserves),2.5115237126182884e-06
image,SSP3-H,2020,esd-ei312-cutoff-image-ssp3-h-2020,ecoinvent-3.12-cutoff,2.4.6,electricity,low-voltage electricity,CH,exact country within R10 Europe,"('esd-ei312-cutoff-image-ssp3-h-2020', 'da67804763b145849eb593b14c2951df')",1 kWh low-voltage electricity,EF v3.1,land use,soil quality index,dimensionless,2026-08-03T11:48:27.202015+00:00,esd-ei312-cutoff-image-ssp3-h-2020:338987850329308120:soil quality index,1.6478008927070422
image,SSP3-H,2020,esd-ei312-cutoff-image-ssp3-h-2020,ecoinvent-3.12-cutoff,2.4.6,electricity,low-voltage electricity,CH,exact country within R10 Europe,"('esd-ei312-cutoff-image-ssp3-h-2020', 'da67804763b145849eb593b14c2951df')",1 kWh low-voltage electricity,EF v3.1,water use,user deprivation potential (deprivation-weighted water consumption),m3 world Eq deprived,2026-08-03T11:48:27.202015+00:00,esd-ei312-cutoff-image-ssp3-h-2020:338987850329308120:user deprivation potential (deprivation-weighted water consumption),0.18230744354107317
image,SSP3-H,2020,esd-ei312-cutoff-image-ssp3-h-2020,ecoinvent-3.12-cutoff,2.4.6,steel,low-alloyed steel market,WEU,approximate,"('esd-ei312-cutoff-image-ssp3-h-2020', '8116dc6e4b354b27a1f57abd4e30e491')",1 kg low-alloyed steel,IPCC 2021,climate change,"GWP 100a, incl. H and bio CO2",kg CO2-Eq,2026-08-03T11:48:27.202015+00:00,"esd-ei312-cutoff-image-ssp3-h-2020:338987850329326359:GWP 100a, incl. H and bio CO2",1.405410700291781
image,SSP3-H,2020,esd-ei312-cutoff-image-ssp3-h-2020,ecoinvent-3.12-cutoff,2.4.6,steel,low-alloyed steel market,WEU,approximate,"('esd-ei312-cutoff-image-ssp3-h-2020', '8116dc6e4b354b27a1f57abd4e30e491')",1 kg low-alloyed steel,EF v3.1,material resources: metals/minerals,abiotic depletion potential (ADP): elements (ultimate reserves),kg Sb-Eq,2026-08-03T11:48:27.202015+00:00,esd-ei312-cutoff-image-ssp3-h-2020:338987850329326359:abiotic depletion potential (ADP): elements (ultimate reserves),7.269662999879954e-06
image,SSP3-H,2020,esd-ei312-cutoff-image-ssp3-h-2020,ecoinvent-3.12-cutoff,2.4.6,steel,low-alloyed steel market,WEU,approximate,"('esd-ei312-cutoff-image-ssp3-h-2020', '8116dc6e4b354b27a1f57abd4e30e491')",1 kg low-alloyed steel,EF v3.1,land use,soil quality index,dimensionless,2026-08-03T11:48:27.202015+00:00,esd-ei312-cutoff-image-ssp3-h-2020:338987850329326359:soil quality index,4.675289860623041
image,SSP3-H,2020,esd-ei312-cutoff-image-ssp3-h-2020,ecoinvent-3.12-cutoff,2.4.6,steel,low-alloyed steel market,WEU,approximate,"('esd-ei312-cutoff-image-ssp3-h-2020', '8116dc6e4b354b27a1f57abd4e30e491')",1 kg low-alloyed steel,EF v3.1,water use,user deprivation potential (deprivation-weighted water consumption),m3 world Eq deprived,2026-08-03T11:48:27.202015+00:00,esd-ei312-cutoff-image-ssp3-h-2020:338987850329326359:user deprivation potential (deprivation-weighted water consumption),0.4463135544243576
image,SSP3-H,2020,esd-ei312-cutoff-image-ssp3-h-2020,ecoinvent-3.12-cutoff,2.4.6,passenger_cars,passenger-car transport market,WEU,approximate,"('esd-ei312-cutoff-image-ssp3-h-2020', '3624f55d8b3d40e9a0ebb36651a5b9c9')",1 vehicle-km passenger-car transport,IPCC 2021,climate change,"GWP 100a, incl. H and bio CO2",kg CO2-Eq,2026-08-03T11:48:27.202015+00:00,"esd-ei312-cutoff-image-ssp3-h-2020:338987850329337210:GWP 100a, incl. H and bio CO2",0.3033765429905511
image,SSP3-H,2020,esd-ei312-cutoff-image-ssp3-h-2020,ecoinvent-3.12-cutoff,2.4.6,passenger_cars,passenger-car transport market,WEU,approximate,"('esd-ei312-cutoff-image-ssp3-h-2020', '3624f55d8b3d40e9a0ebb36651a5b9c9')",1 vehicle-km passenger-car transport,EF v3.1,material resources: metals/minerals,abiotic depletion potential (ADP): elements (ultimate reserves),kg Sb-Eq,2026-08-03T11:48:27.202015+00:00,esd-ei312-cutoff-image-ssp3-h-2020:338987850329337210:abiotic depletion potential (ADP): elements (ultimate reserves),5.848365636770522e-06
image,SSP3-H,2020,esd-ei312-cutoff-image-ssp3-h-2020,ecoinvent-3.12-cutoff,2.4.6,passenger_cars,passenger-car transport market,WEU,approximate,"('esd-ei312-cutoff-image-ssp3-h-2020', '3624f55d8b3d40e9a0ebb36651a5b9c9')",1 vehicle-km passenger-car transport,EF v3.1,land use,soil quality index,dimensionless,2026-08-03T11:48:27.202015+00:00,esd-ei312-cutoff-image-ssp3-h-2020:338987850329337210:soil quality index,2.45033434756986
image,SSP3-H,2020,esd-ei312-cutoff-image-ssp3-h-2020,ecoinvent-3.12-cutoff,2.4.6,passenger_cars,passenger-car transport market,WEU,approximate,"('esd-ei312-cutoff-image-ssp3-h-2020', '3624f55d8b3d40e9a0ebb36651a5b9c9')",1 vehicle-km passenger-car transport,EF v3.1,water use,user deprivation potential (deprivation-weighted water consumption),m3 world Eq deprived,2026-08-03T11:48:27.202015+00:00,esd-ei312-cutoff-image-ssp3-h-2020:338987850329337210:user deprivation potential (deprivation-weighted water consumption),0.05749442758436319
image,SSP3-H,2020,esd-ei312-cutoff-image-ssp3-h-2020,ecoinvent-3.12-cutoff,2.4.6,cement,unspecified cement market,CH,exact country within R10 Europe,"('esd-ei312-cutoff-image-ssp3-h-2020', '6093e35cafdf429283f66c18b942234a')",1 kg unspecified cement,IPCC 2021,climate change,"GWP 100a, incl. H and bio CO2",kg CO2-Eq,2026-08-03T11:48:27.202015+00:00,"esd-ei312-cutoff-image-ssp3-h-2020:338987850329305243:GWP 100a, incl. H and bio CO2",0.757818305978516
image,SSP3-H,2020,esd-ei312-cutoff-image-ssp3-h-2020,ecoinvent-3.12-cutoff,2.4.6,cement,unspecified cement market,CH,exact country within R10 Europe,"('esd-ei312-cutoff-image-ssp3-h-2020', '6093e35cafdf429283f66c18b942234a')",1 kg unspecified cement,EF v3.1,material resources: metals/minerals,abiotic depletion potential (ADP): elements (ultimate reserves),kg Sb-Eq,2026-08-03T11:48:27.202015+00:00,esd-ei312-cutoff-image-ssp3-h-2020:338987850329305243:abiotic depletion potential (ADP): elements (ultimate reserves),2.0104606366379886e-06
image,SSP3-H,2020,esd-ei312-cutoff-image-ssp3-h-2020,ecoinvent-3.12-cutoff,2.4.6,cement,unspecified cement market,CH,exact country within R10 Europe,"('esd-ei312-cutoff-image-ssp3-h-2020', '6093e35cafdf429283f66c18b942234a')",1 kg unspecified cement,EF v3.1,land use,soil quality index,dimensionless,2026-08-03T11:48:27.202015+00:00,esd-ei312-cutoff-image-ssp3-h-2020:338987850329305243:soil quality index,0.8488165220419215
image,SSP3-H,2020,esd-ei312-cutoff-image-ssp3-h-2020,ecoinvent-3.12-cutoff,2.4.6,cement,unspecified cement market,CH,exact country within R10 Europe,"('esd-ei312-cutoff-image-ssp3-h-2020', '6093e35cafdf429283f66c18b942234a')",1 kg unspecified cement,EF v3.1,water use,user deprivation potential (deprivation-weighted water consumption),m3 world Eq deprived,2026-08-03T11:48:27.202015+00:00,esd-ei312-cutoff-image-ssp3-h-2020:338987850329305243:user deprivation potential (deprivation-weighted water consumption),0.057631890050866906
image,SSP3-H,2020,esd-ei312-cutoff-image-ssp3-h-2020,ecoinvent-3.12-cutoff,2.4.6,dac,sorbent-based DAC,WEU,approximate,"('esd-ei312-cutoff-image-ssp3-h-2020', '5849e94e0a104c078921e51577595258')",1 kg CO2 captured and durably stored,IPCC 2021,climate change,"GWP 100a, incl. H and bio CO2",kg CO2-Eq,2026-08-03T11:48:27.202015+00:00,"esd-ei312-cutoff-image-ssp3-h-2020:338987850329336267:GWP 100a, incl. H and bio CO2",-0.4619082117445519
image,SSP3-H,2020,esd-ei312-cutoff-image-ssp3-h-2020,ecoinvent-3.12-cutoff,2.4.6,dac,sorbent-based DAC,WEU,approximate,"('esd-ei312-cutoff-image-ssp3-h-2020', '5849e94e0a104c078921e51577595258')",1 kg CO2 captured and durably stored,EF v3.1,material resources: metals/minerals,abiotic depletion potential (ADP): elements (ultimate reserves),kg Sb-Eq,2026-08-03T11:48:27.202015+00:00,esd-ei312-cutoff-image-ssp3-h-2020:338987850329336267:abiotic depletion potential (ADP): elements (ultimate reserves),9.350945273756294e-07
image,SSP3-H,2020,esd-ei312-cutoff-image-ssp3-h-2020,ecoinvent-3.12-cutoff,2.4.6,dac,sorbent-based DAC,WEU,approximate,"('esd-ei312-cutoff-image-ssp3-h-2020', '5849e94e0a104c078921e51577595258')",1 kg CO2 captured and durably stored,EF v3.1,land use,soil quality index,dimensionless,2026-08-03T11:48:27.202015+00:00,esd-ei312-cutoff-image-ssp3-h-2020:338987850329336267:soil quality index,2.8253165238185742
image,SSP3-H,2020,esd-ei312-cutoff-image-ssp3-h-2020,ecoinvent-3.12-cutoff,2.4.6,dac,sorbent-based DAC,WEU,approximate,"('esd-ei312-cutoff-image-ssp3-h-2020', '5849e94e0a104c078921e51577595258')",1 kg CO2 captured and durably stored,EF v3.1,water use,user deprivation potential (deprivation-weighted water consumption),m3 world Eq deprived,2026-08-03T11:48:27.202015+00:00,esd-ei312-cutoff-image-ssp3-h-2020:338987850329336267:user deprivation potential (deprivation-weighted water consumption),0.2569986081446973
image,SSP3-H,2020,esd-ei312-cutoff-image-ssp3-h-2020,ecoinvent-3.12-cutoff,2.4.6,dac,solvent-based DAC,WEU,approximate,"('esd-ei312-cutoff-image-ssp3-h-2020', '2bcc30af53c644648db48edc84ec32ae')",1 kg CO2 captured and durably stored,IPCC 2021,climate change,"GWP 100a, incl. H and bio CO2",kg CO2-Eq,2026-08-03T11:48:27.202015+00:00,"esd-ei312-cutoff-image-ssp3-h-2020:338987850329336051:GWP 100a, incl. H and bio CO2",-0.6202417008287373
image,SSP3-H,2020,esd-ei312-cutoff-image-ssp3-h-2020,ecoinvent-3.12-cutoff,2.4.6,dac,solvent-based DAC,WEU,approximate,"('esd-ei312-cutoff-image-ssp3-h-2020', '2bcc30af53c644648db48edc84ec32ae')",1 kg CO2 captured and durably stored,EF v3.1,material resources: metals/minerals,abiotic depletion potential (ADP): elements (ultimate reserves),kg Sb-Eq,2026-08-03T11:48:27.202015+00:00,esd-ei312-cutoff-image-ssp3-h-2020:338987850329336051:abiotic depletion potential (ADP): elements (ultimate reserves),5.337578936130252e-07
image,SSP3-H,2020,esd-ei312-cutoff-image-ssp3-h-2020,ecoinvent-3.12-cutoff,2.4.6,dac,solvent-based DAC,WEU,approximate,"('esd-ei312-cutoff-image-ssp3-h-2020', '2bcc30af53c644648db48edc84ec32ae')",1 kg CO2 captured and durably stored,EF v3.1,land use,soil quality index,dimensionless,2026-08-03T11:48:27.202015+00:00,esd-ei312-cutoff-image-ssp3-h-2020:338987850329336051:soil quality index,1.9184932681063442
image,SSP3-H,2020,esd-ei312-cutoff-image-ssp3-h-2020,ecoinvent-3.12-cutoff,2.4.6,dac,solvent-based DAC,WEU,approximate,"('esd-ei312-cutoff-image-ssp3-h-2020', '2bcc30af53c644648db48edc84ec32ae')",1 kg CO2 captured and durably stored,EF v3.1,water use,user deprivation potential (deprivation-weighted water consumption),m3 world Eq deprived,2026-08-03T11:48:27.202015+00:00,esd-ei312-cutoff-image-ssp3-h-2020:338987850329336051:user deprivation potential (deprivation-weighted water consumption),0.16722894299411864
image,SSP2-VLHO,2020,esd-ei312-cutoff-image-ssp2-vlho-2020,ecoinvent-3.12-cutoff,2.4.6,electricity,low-voltage electricity,CH,exact country within R10 Europe,"('esd-ei312-cutoff-image-ssp2-vlho-2020', '2ab621fd282c4dfe83145985dabf0582')",1 kWh low-voltage electricity,IPCC 2021,climate change,"GWP 100a, incl. H and bio CO2",kg CO2-Eq,2026-08-03T11:48:27.202015+00:00,"esd-ei312-cutoff-image-ssp2-vlho-2020:338987850329358861:GWP 100a, incl. H and bio CO2",0.2508192478004856
image,SSP2-VLHO,2020,esd-ei312-cutoff-image-ssp2-vlho-2020,ecoinvent-3.12-cutoff,2.4.6,electricity,low-voltage electricity,CH,exact country within R10 Europe,"('esd-ei312-cutoff-image-ssp2-vlho-2020', '2ab621fd282c4dfe83145985dabf0582')",1 kWh low-voltage electricity,EF v3.1,material resources: metals/minerals,abiotic depletion potential (ADP): elements (ultimate reserves),kg Sb-Eq,2026-08-03T11:48:27.202015+00:00,esd-ei312-cutoff-image-ssp2-vlho-2020:338987850329358861:abiotic depletion potential (ADP): elements (ultimate reserves),2.511528337909263e-06
image,SSP2-VLHO,2020,esd-ei312-cutoff-image-ssp2-vlho-2020,ecoinvent-3.12-cutoff,2.4.6,electricity,low-voltage electricity,CH,exact country within R10 Europe,"('esd-ei312-cutoff-image-ssp2-vlho-2020', '2ab621fd282c4dfe83145985dabf0582')",1 kWh low-voltage electricity,EF v3.1,land use,soil quality index,dimensionless,2026-08-03T11:48:27.202015+00:00,esd-ei312-cutoff-image-ssp2-vlho-2020:338987850329358861:soil quality index,1.6478394399609186
image,SSP2-VLHO,2020,esd-ei312-cutoff-image-ssp2-vlho-2020,ecoinvent-3.12-cutoff,2.4.6,electricity,low-voltage electricity,CH,exact country within R10 Europe,"('esd-ei312-cutoff-image-ssp2-vlho-2020', '2ab621fd282c4dfe83145985dabf0582')",1 kWh low-voltage electricity,EF v3.1,water use,user deprivation potential (deprivation-weighted water consumption),m3 world Eq deprived,2026-08-03T11:48:27.202015+00:00,esd-ei312-cutoff-image-ssp2-vlho-2020:338987850329358861:user deprivation potential (deprivation-weighted water consumption),0.18230747913754544
image,SSP2-VLHO,2020,esd-ei312-cutoff-image-ssp2-vlho-2020,ecoinvent-3.12-cutoff,2.4.6,steel,low-alloyed steel market,WEU,approximate,"('esd-ei312-cutoff-image-ssp2-vlho-2020', 'e421b87477ff4393972eedd5cb510938')",1 kg low-alloyed steel,IPCC 2021,climate change,"GWP 100a, incl. H and bio CO2",kg CO2-Eq,2026-08-03T11:48:27.202015+00:00,"esd-ei312-cutoff-image-ssp2-vlho-2020:338987850329377100:GWP 100a, incl. H and bio CO2",1.4053526108374135
image,SSP2-VLHO,2020,esd-ei312-cutoff-image-ssp2-vlho-2020,ecoinvent-3.12-cutoff,2.4.6,steel,low-alloyed steel market,WEU,approximate,"('esd-ei312-cutoff-image-ssp2-vlho-2020', 'e421b87477ff4393972eedd5cb510938')",1 kg low-alloyed steel,EF v3.1,material resources: metals/minerals,abiotic depletion potential (ADP): elements (ultimate reserves),kg Sb-Eq,2026-08-03T11:48:27.202015+00:00,esd-ei312-cutoff-image-ssp2-vlho-2020:338987850329377100:abiotic depletion potential (ADP): elements (ultimate reserves),7.269809296491624e-06
image,SSP2-VLHO,2020,esd-ei312-cutoff-image-ssp2-vlho-2020,ecoinvent-3.12-cutoff,2.4.6,steel,low-alloyed steel market,WEU,approximate,"('esd-ei312-cutoff-image-ssp2-vlho-2020', 'e421b87477ff4393972eedd5cb510938')",1 kg low-alloyed steel,EF v3.1,land use,soil quality index,dimensionless,2026-08-03T11:48:27.202015+00:00,esd-ei312-cutoff-image-ssp2-vlho-2020:338987850329377100:soil quality index,4.675984651689615
image,SSP2-VLHO,2020,esd-ei312-cutoff-image-ssp2-vlho-2020,ecoinvent-3.12-cutoff,2.4.6,steel,low-alloyed steel market,WEU,approximate,"('esd-ei312-cutoff-image-ssp2-vlho-2020', 'e421b87477ff4393972eedd5cb510938')",1 kg low-alloyed steel,EF v3.1,water use,user deprivation potential (deprivation-weighted water consumption),m3 world Eq deprived,2026-08-03T11:48:27.202015+00:00,esd-ei312-cutoff-image-ssp2-vlho-2020:338987850329377100:user deprivation potential (deprivation-weighted water consumption),0.44631320285054304
image,SSP2-VLHO,2020,esd-ei312-cutoff-image-ssp2-vlho-2020,ecoinvent-3.12-cutoff,2.4.6,passenger_cars,passenger-car transport market,WEU,approximate,"('esd-ei312-cutoff-image-ssp2-vlho-2020', '06460e3615994cc9bee03ffe9db36754')",1 vehicle-km passenger-car transport,IPCC 2021,climate change,"GWP 100a, incl. H and bio CO2",kg CO2-Eq,2026-08-03T11:48:27.202015+00:00,"esd-ei312-cutoff-image-ssp2-vlho-2020:338987850329387951:GWP 100a, incl. H and bio CO2",0.30336927319653517
image,SSP2-VLHO,2020,esd-ei312-cutoff-image-ssp2-vlho-2020,ecoinvent-3.12-cutoff,2.4.6,passenger_cars,passenger-car transport market,WEU,approximate,"('esd-ei312-cutoff-image-ssp2-vlho-2020', '06460e3615994cc9bee03ffe9db36754')",1 vehicle-km passenger-car transport,EF v3.1,material resources: metals/minerals,abiotic depletion potential (ADP): elements (ultimate reserves),kg Sb-Eq,2026-08-03T11:48:27.202015+00:00,esd-ei312-cutoff-image-ssp2-vlho-2020:338987850329387951:abiotic depletion potential (ADP): elements (ultimate reserves),5.8483895586811706e-06
image,SSP2-VLHO,2020,esd-ei312-cutoff-image-ssp2-vlho-2020,ecoinvent-3.12-cutoff,2.4.6,passenger_cars,passenger-car transport market,WEU,approximate,"('esd-ei312-cutoff-image-ssp2-vlho-2020', '06460e3615994cc9bee03ffe9db36754')",1 vehicle-km passenger-car transport,EF v3.1,land use,soil quality index,dimensionless,2026-08-03T11:48:27.202015+00:00,esd-ei312-cutoff-image-ssp2-vlho-2020:338987850329387951:soil quality index,2.4503103833117326
image,SSP2-VLHO,2020,esd-ei312-cutoff-image-ssp2-vlho-2020,ecoinvent-3.12-cutoff,2.4.6,passenger_cars,passenger-car transport market,WEU,approximate,"('esd-ei312-cutoff-image-ssp2-vlho-2020', '06460e3615994cc9bee03ffe9db36754')",1 vehicle-km passenger-car transport,EF v3.1,water use,user deprivation potential (deprivation-weighted water consumption),m3 world Eq deprived,2026-08-03T11:48:27.202015+00:00,esd-ei312-cutoff-image-ssp2-vlho-2020:338987850329387951:user deprivation potential (deprivation-weighted water consumption),0.05748914416867184
image,SSP2-VLHO,2020,esd-ei312-cutoff-image-ssp2-vlho-2020,ecoinvent-3.12-cutoff,2.4.6,cement,unspecified cement market,CH,exact country within R10 Europe,"('esd-ei312-cutoff-image-ssp2-vlho-2020', '6ce9c5f3a0b2495f84ff803e0549e726')",1 kg unspecified cement,IPCC 2021,climate change,"GWP 100a, incl. H and bio CO2",kg CO2-Eq,2026-08-03T11:48:27.202015+00:00,"esd-ei312-cutoff-image-ssp2-vlho-2020:338987850329355984:GWP 100a, incl. H and bio CO2",0.757814690379399
image,SSP2-VLHO,2020,esd-ei312-cutoff-image-ssp2-vlho-2020,ecoinvent-3.12-cutoff,2.4.6,cement,unspecified cement market,CH,exact country within R10 Europe,"('esd-ei312-cutoff-image-ssp2-vlho-2020', '6ce9c5f3a0b2495f84ff803e0549e726')",1 kg unspecified cement,EF v3.1,material resources: metals/minerals,abiotic depletion potential (ADP): elements (ultimate reserves),kg Sb-Eq,2026-08-03T11:48:27.202015+00:00,esd-ei312-cutoff-image-ssp2-vlho-2020:338987850329355984:abiotic depletion potential (ADP): elements (ultimate reserves),2.0104657754755193e-06
image,SSP2-VLHO,2020,esd-ei312-cutoff-image-ssp2-vlho-2020,ecoinvent-3.12-cutoff,2.4.6,cement,unspecified cement market,CH,exact country within R10 Europe,"('esd-ei312-cutoff-image-ssp2-vlho-2020', '6ce9c5f3a0b2495f84ff803e0549e726')",1 kg unspecified cement,EF v3.1,land use,soil quality index,dimensionless,2026-08-03T11:48:27.202015+00:00,esd-ei312-cutoff-image-ssp2-vlho-2020:338987850329355984:soil quality index,0.8488546462862212
image,SSP2-VLHO,2020,esd-ei312-cutoff-image-ssp2-vlho-2020,ecoinvent-3.12-cutoff,2.4.6,cement,unspecified cement market,CH,exact country within R10 Europe,"('esd-ei312-cutoff-image-ssp2-vlho-2020', '6ce9c5f3a0b2495f84ff803e0549e726')",1 kg unspecified cement,EF v3.1,water use,user deprivation potential (deprivation-weighted water consumption),m3 world Eq deprived,2026-08-03T11:48:27.202015+00:00,esd-ei312-cutoff-image-ssp2-vlho-2020:338987850329355984:user deprivation potential (deprivation-weighted water consumption),0.057631670383711545
image,SSP2-VLHO,2020,esd-ei312-cutoff-image-ssp2-vlho-2020,ecoinvent-3.12-cutoff,2.4.6,dac,sorbent-based DAC,WEU,approximate,"('esd-ei312-cutoff-image-ssp2-vlho-2020', 'da437fa7cf054f04b54b1b957fb4d1e2')",1 kg CO2 captured and durably stored,IPCC 2021,climate change,"GWP 100a, incl. H and bio CO2",kg CO2-Eq,2026-08-03T11:48:27.202015+00:00,"esd-ei312-cutoff-image-ssp2-vlho-2020:338987850329387008:GWP 100a, incl. H and bio CO2",-0.4619107614762997
image,SSP2-VLHO,2020,esd-ei312-cutoff-image-ssp2-vlho-2020,ecoinvent-3.12-cutoff,2.4.6,dac,sorbent-based DAC,WEU,approximate,"('esd-ei312-cutoff-image-ssp2-vlho-2020', 'da437fa7cf054f04b54b1b957fb4d1e2')",1 kg CO2 captured and durably stored,EF v3.1,material resources: metals/minerals,abiotic depletion potential (ADP): elements (ultimate reserves),kg Sb-Eq,2026-08-03T11:48:27.202015+00:00,esd-ei312-cutoff-image-ssp2-vlho-2020:338987850329387008:abiotic depletion potential (ADP): elements (ultimate reserves),9.351029597821451e-07
image,SSP2-VLHO,2020,esd-ei312-cutoff-image-ssp2-vlho-2020,ecoinvent-3.12-cutoff,2.4.6,dac,sorbent-based DAC,WEU,approximate,"('esd-ei312-cutoff-image-ssp2-vlho-2020', 'da437fa7cf054f04b54b1b957fb4d1e2')",1 kg CO2 captured and durably stored,EF v3.1,land use,soil quality index,dimensionless,2026-08-03T11:48:27.202015+00:00,esd-ei312-cutoff-image-ssp2-vlho-2020:338987850329387008:soil quality index,2.8253846683738506
image,SSP2-VLHO,2020,esd-ei312-cutoff-image-ssp2-vlho-2020,ecoinvent-3.12-cutoff,2.4.6,dac,sorbent-based DAC,WEU,approximate,"('esd-ei312-cutoff-image-ssp2-vlho-2020', 'da437fa7cf054f04b54b1b957fb4d1e2')",1 kg CO2 captured and durably stored,EF v3.1,water use,user deprivation potential (deprivation-weighted water consumption),m3 world Eq deprived,2026-08-03T11:48:27.202015+00:00,esd-ei312-cutoff-image-ssp2-vlho-2020:338987850329387008:user deprivation potential (deprivation-weighted water consumption),0.2569986046045277
image,SSP2-VLHO,2020,esd-ei312-cutoff-image-ssp2-vlho-2020,ecoinvent-3.12-cutoff,2.4.6,dac,solvent-based DAC,WEU,approximate,"('esd-ei312-cutoff-image-ssp2-vlho-2020', 'd5530ff18e9b410d914dd52be5fe11f5')",1 kg CO2 captured and durably stored,IPCC 2021,climate change,"GWP 100a, incl. H and bio CO2",kg CO2-Eq,2026-08-03T11:48:27.202015+00:00,"esd-ei312-cutoff-image-ssp2-vlho-2020:338987850329386792:GWP 100a, incl. H and bio CO2",-0.6202454258810632
image,SSP2-VLHO,2020,esd-ei312-cutoff-image-ssp2-vlho-2020,ecoinvent-3.12-cutoff,2.4.6,dac,solvent-based DAC,WEU,approximate,"('esd-ei312-cutoff-image-ssp2-vlho-2020', 'd5530ff18e9b410d914dd52be5fe11f5')",1 kg CO2 captured and durably stored,EF v3.1,material resources: metals/minerals,abiotic depletion potential (ADP): elements (ultimate reserves),kg Sb-Eq,2026-08-03T11:48:27.202015+00:00,esd-ei312-cutoff-image-ssp2-vlho-2020:338987850329386792:abiotic depletion potential (ADP): elements (ultimate reserves),5.337708703476664e-07
image,SSP2-VLHO,2020,esd-ei312-cutoff-image-ssp2-vlho-2020,ecoinvent-3.12-cutoff,2.4.6,dac,solvent-based DAC,WEU,approximate,"('esd-ei312-cutoff-image-ssp2-vlho-2020', 'd5530ff18e9b410d914dd52be5fe11f5')",1 kg CO2 captured and durably stored,EF v3.1,land use,soil quality index,dimensionless,2026-08-03T11:48:27.202015+00:00,esd-ei312-cutoff-image-ssp2-vlho-2020:338987850329386792:soil quality index,1.9185570866539794
image,SSP2-VLHO,2020,esd-ei312-cutoff-image-ssp2-vlho-2020,ecoinvent-3.12-cutoff,2.4.6,dac,solvent-based DAC,WEU,approximate,"('esd-ei312-cutoff-image-ssp2-vlho-2020', 'd5530ff18e9b410d914dd52be5fe11f5')",1 kg CO2 captured and durably stored,EF v3.1,water use,user deprivation potential (deprivation-weighted water consumption),m3 world Eq deprived,2026-08-03T11:48:27.202015+00:00,esd-ei312-cutoff-image-ssp2-vlho-2020:338987850329386792:user deprivation potential (deprivation-weighted water consumption),0.16722888773803443
